month,event_id,device_id,person_id,event_timestamp,install_timestamp,event_name,level_value,revenue_usd,day_since_install
2025-10,EVT-202510-CF4983149A7D-0001,SYN-202510-DCF4983149A7D,SYN-202510-PCF4983149A7D,2025-10-01 01:48:48,2025-10-01 01:47:48,session_start,0,0.0,0
2025-10,EVT-202510-FF2366326311-0001,SYN-202510-DFF2366326311,SYN-202510-PFF2366326311,2025-10-01 02:22:43,2025-10-01 02:21:43,session_start,0,0.0,0
2025-10,EVT-202510-FF2366326311-0003,SYN-202510-DFF2366326311,SYN-202510-PFF2366326311,2025-10-01 02:28:43,2025-10-01 02:21:43,level_completed,1,0.0,0
2025-10,EVT-202510-FF2366326311-0009,SYN-202510-DFF2366326311,SYN-202510-PFF2366326311,2025-10-01 02:29:43,2025-10-01 02:21:43,level_completed,1,0.0,0
2025-10,EVT-202510-FF2366326311-0013,SYN-202510-DFF2366326311,SYN-202510-PFF2366326311,2025-10-01 02:32:43,2025-10-01 02:21:43,level_completed,1,0.0,0
2025-10,EVT-202510-FF2366326311-0006,SYN-202510-DFF2366326311,SYN-202510-PFF2366326311,2025-10-01 02:35:43,2025-10-01 02:21:43,level_completed,1,0.0,0
2025-10,EVT-202510-FF2366326311-0011,SYN-202510-DFF2366326311,SYN-202510-PFF2366326311,2025-10-01 02:36:43,2025-10-01 02:21:43,level_completed,1,0.0,0
2025-10,EVT-202510-FF2366326311-0017,SYN-202510-DFF2366326311,SYN-202510-PFF2366326311,2025-10-01 02:37:43,2025-10-01 02:21:43,ad_impression,0,0.0169,0
2025-10,EVT-202510-FF2366326311-0015,SYN-202510-DFF2366326311,SYN-202510-PFF2366326311,2025-10-01 02:39:43,2025-10-01 02:21:43,level_completed,1,0.0,0
2025-10,EVT-202510-FF2366326311-0007,SYN-202510-DFF2366326311,SYN-202510-PFF2366326311,2025-10-01 02:51:43,2025-10-01 02:21:43,level_completed,1,0.0,0
2025-10,EVT-202510-FF2366326311-0004,SYN-202510-DFF2366326311,SYN-202510-PFF2366326311,2025-10-01 02:53:43,2025-10-01 02:21:43,level_completed,1,0.0,0
2025-10,EVT-202510-CF4983149A7D-0002,SYN-202510-DCF4983149A7D,SYN-202510-PCF4983149A7D,2025-10-01 02:55:00,2025-10-01 01:47:48,session_start,0,0.0,0
2025-10,EVT-202510-FF2366326311-0019,SYN-202510-DFF2366326311,SYN-202510-PFF2366326311,2025-10-01 03:07:43,2025-10-01 02:21:43,ad_impression,0,0.0169,0
2025-10,EVT-202510-FF2366326311-0014,SYN-202510-DFF2366326311,SYN-202510-PFF2366326311,2025-10-01 03:16:43,2025-10-01 02:21:43,level_completed,1,0.0,0
2025-10,EVT-202510-FF2366326311-0002,SYN-202510-DFF2366326311,SYN-202510-PFF2366326311,2025-10-01 03:20:43,2025-10-01 02:21:43,level_completed,1,0.0,0
2025-10,EVT-202510-FF2366326311-0010,SYN-202510-DFF2366326311,SYN-202510-PFF2366326311,2025-10-01 03:20:43,2025-10-01 02:21:43,level_completed,1,0.0,0
2025-10,EVT-202510-FF2366326311-0016,SYN-202510-DFF2366326311,SYN-202510-PFF2366326311,2025-10-01 03:21:43,2025-10-01 02:21:43,ad_impression,0,0.0169,0
2025-10,EVT-202510-FF2366326311-0012,SYN-202510-DFF2366326311,SYN-202510-PFF2366326311,2025-10-01 03:26:43,2025-10-01 02:21:43,level_completed,1,0.0,0
2025-10,EVT-202510-FF2366326311-0018,SYN-202510-DFF2366326311,SYN-202510-PFF2366326311,2025-10-01 03:26:43,2025-10-01 02:21:43,ad_impression,0,0.0169,0
2025-10,EVT-202510-FF2366326311-0008,SYN-202510-DFF2366326311,SYN-202510-PFF2366326311,2025-10-01 03:32:43,2025-10-01 02:21:43,level_completed,1,0.0,0
2025-10,EVT-202510-FF2366326311-0005,SYN-202510-DFF2366326311,SYN-202510-PFF2366326311,2025-10-01 03:39:43,2025-10-01 02:21:43,level_completed,1,0.0,0
2025-10,EVT-202510-CF4983149A7D-0004,SYN-202510-DCF4983149A7D,SYN-202510-PCF4983149A7D,2025-10-01 03:43:00,2025-10-01 01:47:48,level_completed,1,0.0,0
2025-10,EVT-202510-0398F246D8BC-0001,SYN-202510-D0398F246D8BC,SYN-202510-P0398F246D8BC,2025-10-01 04:51:07,2025-10-01 04:50:07,session_start,0,0.0,0
2025-10,EVT-202510-0398F246D8BC-0003,SYN-202510-D0398F246D8BC,SYN-202510-P0398F246D8BC,2025-10-01 04:53:07,2025-10-01 04:50:07,level_completed,1,0.0,0
2025-10,EVT-202510-0398F246D8BC-0004,SYN-202510-D0398F246D8BC,SYN-202510-P0398F246D8BC,2025-10-01 04:53:07,2025-10-01 04:50:07,level_completed,1,0.0,0
2025-10,EVT-202510-0398F246D8BC-0002,SYN-202510-D0398F246D8BC,SYN-202510-P0398F246D8BC,2025-10-01 04:58:07,2025-10-01 04:50:07,level_completed,1,0.0,0
2025-10,EVT-202510-0398F246D8BC-0005,SYN-202510-D0398F246D8BC,SYN-202510-P0398F246D8BC,2025-10-01 05:32:07,2025-10-01 04:50:07,ad_impression,0,0.2081,0
2025-10,EVT-202510-D1241BB45A6D-0001,SYN-202510-DD1241BB45A6D,SYN-202510-PD1241BB45A6D,2025-10-01 05:58:00,2025-10-01 02:46:53,session_start,0,0.0,0
2025-10,EVT-202510-DEE1747D7D6B-0001,SYN-202510-DDEE1747D7D6B,SYN-202510-PDEE1747D7D6B,2025-10-01 06:24:43,2025-10-01 06:23:43,session_start,0,0.0,0
2025-10,EVT-202510-DEE1747D7D6B-0002,SYN-202510-DDEE1747D7D6B,SYN-202510-PDEE1747D7D6B,2025-10-01 06:24:43,2025-10-01 06:23:43,session_start,0,0.0,0
2025-10,EVT-202510-DEE1747D7D6B-0003,SYN-202510-DDEE1747D7D6B,SYN-202510-PDEE1747D7D6B,2025-10-01 06:24:43,2025-10-01 06:23:43,session_start,0,0.0,0
2025-10,EVT-202510-DEE1747D7D6B-0042,SYN-202510-DDEE1747D7D6B,SYN-202510-PDEE1747D7D6B,2025-10-01 06:27:43,2025-10-01 06:23:43,level_completed,1,0.0,0
2025-10,EVT-202510-D1241BB45A6D-0002,SYN-202510-DD1241BB45A6D,SYN-202510-PD1241BB45A6D,2025-10-01 06:28:00,2025-10-01 02:46:53,level_completed,1,0.0,0
2025-10,EVT-202510-DEE1747D7D6B-0036,SYN-202510-DDEE1747D7D6B,SYN-202510-PDEE1747D7D6B,2025-10-01 06:31:43,2025-10-01 06:23:43,level_completed,1,0.0,0
2025-10,EVT-202510-DEE1747D7D6B-0037,SYN-202510-DDEE1747D7D6B,SYN-202510-PDEE1747D7D6B,2025-10-01 06:32:43,2025-10-01 06:23:43,level_completed,1,0.0,0
2025-10,EVT-202510-DEE1747D7D6B-0130,SYN-202510-DDEE1747D7D6B,SYN-202510-PDEE1747D7D6B,2025-10-01 06:34:43,2025-10-01 06:23:43,ad_impression,0,0.0063,0
2025-10,EVT-202510-DEE1747D7D6B-0087,SYN-202510-DDEE1747D7D6B,SYN-202510-PDEE1747D7D6B,2025-10-01 06:36:43,2025-10-01 06:23:43,level_completed,1,0.0,0
2025-10,EVT-202510-DEE1747D7D6B-0157,SYN-202510-DDEE1747D7D6B,SYN-202510-PDEE1747D7D6B,2025-10-01 06:36:43,2025-10-01 06:23:43,ad_impression,0,0.0063,0
2025-10,EVT-202510-DEE1747D7D6B-0104,SYN-202510-DDEE1747D7D6B,SYN-202510-PDEE1747D7D6B,2025-10-01 06:37:43,2025-10-01 06:23:43,level_completed,1,0.0,0
2025-10,EVT-202510-DEE1747D7D6B-0082,SYN-202510-DDEE1747D7D6B,SYN-202510-PDEE1747D7D6B,2025-10-01 06:38:43,2025-10-01 06:23:43,level_completed,1,0.0,0
2025-10,EVT-202510-DEE1747D7D6B-0127,SYN-202510-DDEE1747D7D6B,SYN-202510-PDEE1747D7D6B,2025-10-01 06:42:43,2025-10-01 06:23:43,ad_impression,0,0.0063,0
2025-10,EVT-202510-DEE1747D7D6B-0044,SYN-202510-DDEE1747D7D6B,SYN-202510-PDEE1747D7D6B,2025-10-01 06:43:43,2025-10-01 06:23:43,level_completed,1,0.0,0
2025-10,EVT-202510-DEE1747D7D6B-0047,SYN-202510-DDEE1747D7D6B,SYN-202510-PDEE1747D7D6B,2025-10-01 06:45:43,2025-10-01 06:23:43,level_completed,1,0.0,0
2025-10,EVT-202510-DEE1747D7D6B-0105,SYN-202510-DDEE1747D7D6B,SYN-202510-PDEE1747D7D6B,2025-10-01 06:45:43,2025-10-01 06:23:43,level_completed,1,0.0,0
2025-10,EVT-202510-DEE1747D7D6B-0129,SYN-202510-DDEE1747D7D6B,SYN-202510-PDEE1747D7D6B,2025-10-01 06:46:43,2025-10-01 06:23:43,ad_impression,0,0.0063,0
2025-10,EVT-202510-DEE1747D7D6B-0010,SYN-202510-DDEE1747D7D6B,SYN-202510-PDEE1747D7D6B,2025-10-01 06:47:43,2025-10-01 06:23:43,level_completed,1,0.0,0
2025-10,EVT-202510-DEE1747D7D6B-0053,SYN-202510-DDEE1747D7D6B,SYN-202510-PDEE1747D7D6B,2025-10-01 06:47:43,2025-10-01 06:23:43,level_completed,1,0.0,0
2025-10,EVT-202510-DEE1747D7D6B-0124,SYN-202510-DDEE1747D7D6B,SYN-202510-PDEE1747D7D6B,2025-10-01 06:47:43,2025-10-01 06:23:43,ad_impression,0,0.0063,0
2025-10,EVT-202510-DEE1747D7D6B-0011,SYN-202510-DDEE1747D7D6B,SYN-202510-PDEE1747D7D6B,2025-10-01 06:48:43,2025-10-01 06:23:43,level_completed,1,0.0,0
2025-10,EVT-202510-DEE1747D7D6B-0049,SYN-202510-DDEE1747D7D6B,SYN-202510-PDEE1747D7D6B,2025-10-01 06:48:43,2025-10-01 06:23:43,level_completed,1,0.0,0
2025-10,EVT-202510-DEE1747D7D6B-0109,SYN-202510-DDEE1747D7D6B,SYN-202510-PDEE1747D7D6B,2025-10-01 06:52:43,2025-10-01 06:23:43,level_completed,1,0.0,0
2025-10,EVT-202510-DEE1747D7D6B-0078,SYN-202510-DDEE1747D7D6B,SYN-202510-PDEE1747D7D6B,2025-10-01 06:54:43,2025-10-01 06:23:43,level_completed,1,0.0,0
2025-10,EVT-202510-DEE1747D7D6B-0126,SYN-202510-DDEE1747D7D6B,SYN-202510-PDEE1747D7D6B,2025-10-01 06:58:43,2025-10-01 06:23:43,ad_impression,0,0.0063,0
2025-10,EVT-202510-DEE1747D7D6B-0014,SYN-202510-DDEE1747D7D6B,SYN-202510-PDEE1747D7D6B,2025-10-01 07:03:43,2025-10-01 06:23:43,level_completed,1,0.0,0
2025-10,EVT-202510-DEE1747D7D6B-0086,SYN-202510-DDEE1747D7D6B,SYN-202510-PDEE1747D7D6B,2025-10-01 07:03:43,2025-10-01 06:23:43,level_completed,1,0.0,0
2025-10,EVT-202510-DEE1747D7D6B-0019,SYN-202510-DDEE1747D7D6B,SYN-202510-PDEE1747D7D6B,2025-10-01 07:04:43,2025-10-01 06:23:43,level_completed,1,0.0,0
2025-10,EVT-202510-DEE1747D7D6B-0076,SYN-202510-DDEE1747D7D6B,SYN-202510-PDEE1747D7D6B,2025-10-01 07:05:43,2025-10-01 06:23:43,level_completed,1,0.0,0
2025-10,EVT-202510-DEE1747D7D6B-0118,SYN-202510-DDEE1747D7D6B,SYN-202510-PDEE1747D7D6B,2025-10-01 07:05:43,2025-10-01 06:23:43,level_completed,1,0.0,0
2025-10,EVT-202510-DEE1747D7D6B-0084,SYN-202510-DDEE1747D7D6B,SYN-202510-PDEE1747D7D6B,2025-10-01 07:07:43,2025-10-01 06:23:43,level_completed,1,0.0,0
2025-10,EVT-202510-DEE1747D7D6B-0095,SYN-202510-DDEE1747D7D6B,SYN-202510-PDEE1747D7D6B,2025-10-01 07:09:43,2025-10-01 06:23:43,level_completed,1,0.0,0
2025-10,EVT-202510-DEE1747D7D6B-0057,SYN-202510-DDEE1747D7D6B,SYN-202510-PDEE1747D7D6B,2025-10-01 07:11:43,2025-10-01 06:23:43,level_completed,1,0.0,0
2025-10,EVT-202510-DEE1747D7D6B-0069,SYN-202510-DDEE1747D7D6B,SYN-202510-PDEE1747D7D6B,2025-10-01 07:11:43,2025-10-01 06:23:43,level_completed,1,0.0,0
2025-10,EVT-202510-DEE1747D7D6B-0054,SYN-202510-DDEE1747D7D6B,SYN-202510-PDEE1747D7D6B,2025-10-01 07:12:43,2025-10-01 06:23:43,level_completed,1,0.0,0
2025-10,EVT-202510-DEE1747D7D6B-0135,SYN-202510-DDEE1747D7D6B,SYN-202510-PDEE1747D7D6B,2025-10-01 07:13:43,2025-10-01 06:23:43,ad_impression,0,0.0063,0
2025-10,EVT-202510-DEE1747D7D6B-0023,SYN-202510-DDEE1747D7D6B,SYN-202510-PDEE1747D7D6B,2025-10-01 07:16:43,2025-10-01 06:23:43,level_completed,1,0.0,0
2025-10,EVT-202510-DEE1747D7D6B-0024,SYN-202510-DDEE1747D7D6B,SYN-202510-PDEE1747D7D6B,2025-10-01 07:16:43,2025-10-01 06:23:43,level_completed,1,0.0,0
2025-10,EVT-202510-DEE1747D7D6B-0058,SYN-202510-DDEE1747D7D6B,SYN-202510-PDEE1747D7D6B,2025-10-01 07:16:43,2025-10-01 06:23:43,level_completed,1,0.0,0
2025-10,EVT-202510-DEE1747D7D6B-0116,SYN-202510-DDEE1747D7D6B,SYN-202510-PDEE1747D7D6B,2025-10-01 07:16:43,2025-10-01 06:23:43,level_completed,1,0.0,0
2025-10,EVT-202510-DEE1747D7D6B-0033,SYN-202510-DDEE1747D7D6B,SYN-202510-PDEE1747D7D6B,2025-10-01 07:19:43,2025-10-01 06:23:43,level_completed,1,0.0,0
2025-10,EVT-202510-DEE1747D7D6B-0083,SYN-202510-DDEE1747D7D6B,SYN-202510-PDEE1747D7D6B,2025-10-01 07:19:43,2025-10-01 06:23:43,level_completed,1,0.0,0
2025-10,EVT-202510-DEE1747D7D6B-0125,SYN-202510-DDEE1747D7D6B,SYN-202510-PDEE1747D7D6B,2025-10-01 07:19:43,2025-10-01 06:23:43,ad_impression,0,0.0063,0
2025-10,EVT-202510-DEE1747D7D6B-0150,SYN-202510-DDEE1747D7D6B,SYN-202510-PDEE1747D7D6B,2025-10-01 07:19:43,2025-10-01 06:23:43,ad_impression,0,0.0063,0
2025-10,EVT-202510-DEE1747D7D6B-0038,SYN-202510-DDEE1747D7D6B,SYN-202510-PDEE1747D7D6B,2025-10-01 07:20:43,2025-10-01 06:23:43,level_completed,1,0.0,0
2025-10,EVT-202510-DEE1747D7D6B-0099,SYN-202510-DDEE1747D7D6B,SYN-202510-PDEE1747D7D6B,2025-10-01 07:20:43,2025-10-01 06:23:43,level_completed,1,0.0,0
2025-10,EVT-202510-DEE1747D7D6B-0132,SYN-202510-DDEE1747D7D6B,SYN-202510-PDEE1747D7D6B,2025-10-01 07:20:43,2025-10-01 06:23:43,ad_impression,0,0.0063,0
2025-10,EVT-202510-DEE1747D7D6B-0046,SYN-202510-DDEE1747D7D6B,SYN-202510-PDEE1747D7D6B,2025-10-01 07:21:43,2025-10-01 06:23:43,level_completed,1,0.0,0
2025-10,EVT-202510-DEE1747D7D6B-0079,SYN-202510-DDEE1747D7D6B,SYN-202510-PDEE1747D7D6B,2025-10-01 07:24:43,2025-10-01 06:23:43,level_completed,1,0.0,0
2025-10,EVT-202510-DEE1747D7D6B-0085,SYN-202510-DDEE1747D7D6B,SYN-202510-PDEE1747D7D6B,2025-10-01 07:24:43,2025-10-01 06:23:43,level_completed,1,0.0,0
2025-10,EVT-202510-DEE1747D7D6B-0113,SYN-202510-DDEE1747D7D6B,SYN-202510-PDEE1747D7D6B,2025-10-01 07:26:43,2025-10-01 06:23:43,level_completed,1,0.0,0
2025-10,EVT-202510-DEE1747D7D6B-0102,SYN-202510-DDEE1747D7D6B,SYN-202510-PDEE1747D7D6B,2025-10-01 07:27:43,2025-10-01 06:23:43,level_completed,1,0.0,0
2025-10,EVT-202510-DEE1747D7D6B-0119,SYN-202510-DDEE1747D7D6B,SYN-202510-PDEE1747D7D6B,2025-10-01 07:27:43,2025-10-01 06:23:43,level_completed,1,0.0,0
2025-10,EVT-202510-DEE1747D7D6B-0075,SYN-202510-DDEE1747D7D6B,SYN-202510-PDEE1747D7D6B,2025-10-01 07:29:43,2025-10-01 06:23:43,level_completed,1,0.0,0
2025-10,EVT-202510-DEE1747D7D6B-0015,SYN-202510-DDEE1747D7D6B,SYN-202510-PDEE1747D7D6B,2025-10-01 07:32:43,2025-10-01 06:23:43,level_completed,1,0.0,0
2025-10,EVT-202510-DEE1747D7D6B-0115,SYN-202510-DDEE1747D7D6B,SYN-202510-PDEE1747D7D6B,2025-10-01 07:34:43,2025-10-01 06:23:43,level_completed,1,0.0,0
2025-10,EVT-202510-DEE1747D7D6B-0032,SYN-202510-DDEE1747D7D6B,SYN-202510-PDEE1747D7D6B,2025-10-01 07:37:43,2025-10-01 06:23:43,level_completed,1,0.0,0
2025-10,EVT-202510-DEE1747D7D6B-0134,SYN-202510-DDEE1747D7D6B,SYN-202510-PDEE1747D7D6B,2025-10-01 07:44:43,2025-10-01 06:23:43,ad_impression,0,0.0063,0
2025-10,EVT-202510-DEE1747D7D6B-0144,SYN-202510-DDEE1747D7D6B,SYN-202510-PDEE1747D7D6B,2025-10-01 07:49:43,2025-10-01 06:23:43,ad_impression,0,0.0063,0
2025-10,EVT-202510-B2791408167B-0001,SYN-202510-DB2791408167B,SYN-202510-PB2791408167B,2025-10-01 08:40:22,2025-10-01 08:39:22,session_start,0,0.0,0
2025-10,EVT-202510-B2791408167B-0014,SYN-202510-DB2791408167B,SYN-202510-PB2791408167B,2025-10-01 08:44:22,2025-10-01 08:39:22,level_completed,1,0.0,0
2025-10,EVT-202510-B2791408167B-0003,SYN-202510-DB2791408167B,SYN-202510-PB2791408167B,2025-10-01 08:45:22,2025-10-01 08:39:22,level_completed,1,0.0,0
2025-10,EVT-202510-B2791408167B-0013,SYN-202510-DB2791408167B,SYN-202510-PB2791408167B,2025-10-01 08:47:22,2025-10-01 08:39:22,level_completed,1,0.0,0
2025-10,EVT-202510-B2791408167B-0002,SYN-202510-DB2791408167B,SYN-202510-PB2791408167B,2025-10-01 08:51:22,2025-10-01 08:39:22,level_completed,1,0.0,0
2025-10,EVT-202510-B2791408167B-0008,SYN-202510-DB2791408167B,SYN-202510-PB2791408167B,2025-10-01 08:55:22,2025-10-01 08:39:22,level_completed,1,0.0,0
2025-10,EVT-202510-B2791408167B-0010,SYN-202510-DB2791408167B,SYN-202510-PB2791408167B,2025-10-01 08:59:22,2025-10-01 08:39:22,level_completed,1,0.0,0
2025-10,EVT-202510-B2791408167B-0015,SYN-202510-DB2791408167B,SYN-202510-PB2791408167B,2025-10-01 09:03:22,2025-10-01 08:39:22,level_completed,1,0.0,0
2025-10,EVT-202510-B2791408167B-0012,SYN-202510-DB2791408167B,SYN-202510-PB2791408167B,2025-10-01 09:05:22,2025-10-01 08:39:22,level_completed,1,0.0,0
2025-10,EVT-202510-B2791408167B-0018,SYN-202510-DB2791408167B,SYN-202510-PB2791408167B,2025-10-01 09:07:22,2025-10-01 08:39:22,ad_impression,0,0.0905,0
2025-10,EVT-202510-B2791408167B-0005,SYN-202510-DB2791408167B,SYN-202510-PB2791408167B,2025-10-01 09:10:22,2025-10-01 08:39:22,level_completed,1,0.0,0
2025-10,EVT-202510-B2791408167B-0007,SYN-202510-DB2791408167B,SYN-202510-PB2791408167B,2025-10-01 09:13:22,2025-10-01 08:39:22,level_completed,1,0.0,0
2025-10,EVT-202510-B2791408167B-0009,SYN-202510-DB2791408167B,SYN-202510-PB2791408167B,2025-10-01 09:19:22,2025-10-01 08:39:22,level_completed,1,0.0,0
2025-10,EVT-202510-B2791408167B-0011,SYN-202510-DB2791408167B,SYN-202510-PB2791408167B,2025-10-01 09:21:22,2025-10-01 08:39:22,level_completed,1,0.0,0
2025-10,EVT-202510-B2791408167B-0004,SYN-202510-DB2791408167B,SYN-202510-PB2791408167B,2025-10-01 09:27:22,2025-10-01 08:39:22,level_completed,1,0.0,0
2025-10,EVT-202510-B2791408167B-0006,SYN-202510-DB2791408167B,SYN-202510-PB2791408167B,2025-10-01 09:35:22,2025-10-01 08:39:22,level_completed,1,0.0,0
2025-10,EVT-202510-7704ED0111AA-0001,SYN-202510-D7704ED0111AA,SYN-202510-P7704ED0111AA,2025-10-01 09:36:00,2025-10-01 05:57:44,session_start,0,0.0,0
2025-10,EVT-202510-B2791408167B-0017,SYN-202510-DB2791408167B,SYN-202510-PB2791408167B,2025-10-01 09:43:22,2025-10-01 08:39:22,ad_impression,0,0.0905,0
2025-10,EVT-202510-B2791408167B-0016,SYN-202510-DB2791408167B,SYN-202510-PB2791408167B,2025-10-01 09:51:22,2025-10-01 08:39:22,ad_impression,0,0.0905,0
2025-10,EVT-202510-7704ED0111AA-0012,SYN-202510-D7704ED0111AA,SYN-202510-P7704ED0111AA,2025-10-01 10:29:00,2025-10-01 05:57:44,level_completed,1,0.0,0
2025-10,EVT-202510-3AAFFF8A2948-0001,SYN-202510-D3AAFFF8A2948,SYN-202510-P3AAFFF8A2948,2025-10-01 10:29:19,2025-10-01 10:28:19,session_start,0,0.0,0
2025-10,EVT-202510-81DB46A914AB-0001,SYN-202510-D81DB46A914AB,SYN-202510-P81DB46A914AB,2025-10-01 10:35:00,2025-10-01 03:31:45,session_start,0,0.0,0
2025-10,EVT-202510-7704ED0111AA-0019,SYN-202510-D7704ED0111AA,SYN-202510-P7704ED0111AA,2025-10-01 10:54:00,2025-10-01 05:57:44,level_completed,1,0.0,0
2025-10,EVT-202510-0CD0955BCE5A-0001,SYN-202510-D0CD0955BCE5A,SYN-202510-P0CD0955BCE5A,2025-10-01 10:55:00,2025-10-01 07:12:16,session_start,0,0.0,0
2025-10,EVT-202510-636FC2C0E3A7-0001,SYN-202510-D636FC2C0E3A7,SYN-202510-P636FC2C0E3A7,2025-10-01 11:00:48,2025-10-01 10:59:48,session_start,0,0.0,0
2025-10,EVT-202510-636FC2C0E3A7-0006,SYN-202510-D636FC2C0E3A7,SYN-202510-P636FC2C0E3A7,2025-10-01 11:06:48,2025-10-01 10:59:48,level_completed,1,0.0,0
2025-10,EVT-202510-0CD0955BCE5A-0073,SYN-202510-D0CD0955BCE5A,SYN-202510-P0CD0955BCE5A,2025-10-01 11:08:00,2025-10-01 07:12:16,ad_impression,0,0.0166,0
2025-10,EVT-202510-81DB46A914AB-0003,SYN-202510-D81DB46A914AB,SYN-202510-P81DB46A914AB,2025-10-01 11:08:00,2025-10-01 03:31:45,level_completed,1,0.0,0
2025-10,EVT-202510-636FC2C0E3A7-0011,SYN-202510-D636FC2C0E3A7,SYN-202510-P636FC2C0E3A7,2025-10-01 11:08:48,2025-10-01 10:59:48,level_completed,1,0.0,0
2025-10,EVT-202510-0CD0955BCE5A-0010,SYN-202510-D0CD0955BCE5A,SYN-202510-P0CD0955BCE5A,2025-10-01 11:12:00,2025-10-01 07:12:16,level_completed,1,0.0,0
2025-10,EVT-202510-636FC2C0E3A7-0004,SYN-202510-D636FC2C0E3A7,SYN-202510-P636FC2C0E3A7,2025-10-01 11:12:48,2025-10-01 10:59:48,level_completed,1,0.0,0
2025-10,EVT-202510-0CD0955BCE5A-0059,SYN-202510-D0CD0955BCE5A,SYN-202510-P0CD0955BCE5A,2025-10-01 11:13:00,2025-10-01 07:12:16,level_completed,1,0.0,0
2025-10,EVT-202510-1904353128A3-0001,SYN-202510-D1904353128A3,SYN-202510-P1904353128A3,2025-10-01 11:18:00,2025-10-01 01:41:59,session_start,0,0.0,0
2025-10,EVT-202510-3AAFFF8A2948-0003,SYN-202510-D3AAFFF8A2948,SYN-202510-P3AAFFF8A2948,2025-10-01 11:18:19,2025-10-01 10:28:19,level_completed,1,0.0,0
2025-10,EVT-202510-1904353128A3-0002,SYN-202510-D1904353128A3,SYN-202510-P1904353128A3,2025-10-01 11:22:00,2025-10-01 01:41:59,level_completed,1,0.0,0
2025-10,EVT-202510-636FC2C0E3A7-0014,SYN-202510-D636FC2C0E3A7,SYN-202510-P636FC2C0E3A7,2025-10-01 11:23:48,2025-10-01 10:59:48,level_completed,1,0.0,0
2025-10,EVT-202510-FF6FFBB45560-0001,SYN-202510-DFF6FFBB45560,SYN-202510-PFF6FFBB45560,2025-10-01 11:24:50,2025-10-01 11:23:50,session_start,0,0.0,0
2025-10,EVT-202510-FF6FFBB45560-0002,SYN-202510-DFF6FFBB45560,SYN-202510-PFF6FFBB45560,2025-10-01 11:24:50,2025-10-01 11:23:50,session_start,0,0.0,0
2025-10,EVT-202510-0CD0955BCE5A-0062,SYN-202510-D0CD0955BCE5A,SYN-202510-P0CD0955BCE5A,2025-10-01 11:25:00,2025-10-01 07:12:16,level_completed,1,0.0,0
2025-10,EVT-202510-81DB46A914AB-0005,SYN-202510-D81DB46A914AB,SYN-202510-P81DB46A914AB,2025-10-01 11:25:00,2025-10-01 03:31:45,level_completed,1,0.0,0
2025-10,EVT-202510-636FC2C0E3A7-0010,SYN-202510-D636FC2C0E3A7,SYN-202510-P636FC2C0E3A7,2025-10-01 11:25:48,2025-10-01 10:59:48,level_completed,1,0.0,0
2025-10,EVT-202510-FF6FFBB45560-0006,SYN-202510-DFF6FFBB45560,SYN-202510-PFF6FFBB45560,2025-10-01 11:28:50,2025-10-01 11:23:50,level_completed,1,0.0,0
2025-10,EVT-202510-0CD0955BCE5A-0058,SYN-202510-D0CD0955BCE5A,SYN-202510-P0CD0955BCE5A,2025-10-01 11:29:00,2025-10-01 07:12:16,level_completed,1,0.0,0
2025-10,EVT-202510-636FC2C0E3A7-0003,SYN-202510-D636FC2C0E3A7,SYN-202510-P636FC2C0E3A7,2025-10-01 11:34:48,2025-10-01 10:59:48,level_completed,1,0.0,0
2025-10,EVT-202510-3AAFFF8A2948-0002,SYN-202510-D3AAFFF8A2948,SYN-202510-P3AAFFF8A2948,2025-10-01 11:35:19,2025-10-01 10:28:19,level_completed,1,0.0,0
2025-10,EVT-202510-636FC2C0E3A7-0002,SYN-202510-D636FC2C0E3A7,SYN-202510-P636FC2C0E3A7,2025-10-01 11:35:48,2025-10-01 10:59:48,level_completed,1,0.0,0
2025-10,EVT-202510-81DB46A914AB-0004,SYN-202510-D81DB46A914AB,SYN-202510-P81DB46A914AB,2025-10-01 11:36:00,2025-10-01 03:31:45,level_completed,1,0.0,0
2025-10,EVT-202510-3AAFFF8A2948-0004,SYN-202510-D3AAFFF8A2948,SYN-202510-P3AAFFF8A2948,2025-10-01 11:36:19,2025-10-01 10:28:19,level_completed,1,0.0,0
2025-10,EVT-202510-1904353128A3-0005,SYN-202510-D1904353128A3,SYN-202510-P1904353128A3,2025-10-01 11:37:00,2025-10-01 01:41:59,level_completed,1,0.0,0
2025-10,EVT-202510-636FC2C0E3A7-0012,SYN-202510-D636FC2C0E3A7,SYN-202510-P636FC2C0E3A7,2025-10-01 11:37:48,2025-10-01 10:59:48,level_completed,1,0.0,0
2025-10,EVT-202510-FF6FFBB45560-0012,SYN-202510-DFF6FFBB45560,SYN-202510-PFF6FFBB45560,2025-10-01 11:37:50,2025-10-01 11:23:50,level_completed,1,0.0,0
2025-10,EVT-202510-3AAFFF8A2948-0005,SYN-202510-D3AAFFF8A2948,SYN-202510-P3AAFFF8A2948,2025-10-01 11:40:19,2025-10-01 10:28:19,level_completed,1,0.0,0
2025-10,EVT-202510-0CD0955BCE5A-0014,SYN-202510-D0CD0955BCE5A,SYN-202510-P0CD0955BCE5A,2025-10-01 11:43:00,2025-10-01 07:12:16,level_completed,1,0.0,0
2025-10,EVT-202510-0CD0955BCE5A-0078,SYN-202510-D0CD0955BCE5A,SYN-202510-P0CD0955BCE5A,2025-10-01 11:44:00,2025-10-01 07:12:16,ad_impression,0,0.0166,0
2025-10,EVT-202510-1904353128A3-0003,SYN-202510-D1904353128A3,SYN-202510-P1904353128A3,2025-10-01 11:45:00,2025-10-01 01:41:59,level_completed,1,0.0,0
2025-10,EVT-202510-636FC2C0E3A7-0015,SYN-202510-D636FC2C0E3A7,SYN-202510-P636FC2C0E3A7,2025-10-01 11:50:48,2025-10-01 10:59:48,ad_impression,0,0.1274,0
2025-10,EVT-202510-FF6FFBB45560-0011,SYN-202510-DFF6FFBB45560,SYN-202510-PFF6FFBB45560,2025-10-01 11:50:50,2025-10-01 11:23:50,level_completed,1,0.0,0
2025-10,EVT-202510-636FC2C0E3A7-0007,SYN-202510-D636FC2C0E3A7,SYN-202510-P636FC2C0E3A7,2025-10-01 11:52:48,2025-10-01 10:59:48,level_completed,1,0.0,0
2025-10,EVT-202510-91B65F8F6D53-0001,SYN-202510-D91B65F8F6D53,SYN-202510-P91B65F8F6D53,2025-10-01 11:52:59,2025-10-01 11:51:59,session_start,0,0.0,0
2025-10,EVT-202510-636FC2C0E3A7-0005,SYN-202510-D636FC2C0E3A7,SYN-202510-P636FC2C0E3A7,2025-10-01 11:54:48,2025-10-01 10:59:48,level_completed,1,0.0,0
2025-10,EVT-202510-91B65F8F6D53-0019,SYN-202510-D91B65F8F6D53,SYN-202510-P91B65F8F6D53,2025-10-01 11:56:59,2025-10-01 11:51:59,level_completed,1,0.0,0
2025-10,EVT-202510-0CD0955BCE5A-0020,SYN-202510-D0CD0955BCE5A,SYN-202510-P0CD0955BCE5A,2025-10-01 11:57:00,2025-10-01 07:12:16,level_completed,1,0.0,0
2025-10,EVT-202510-0CD0955BCE5A-0075,SYN-202510-D0CD0955BCE5A,SYN-202510-P0CD0955BCE5A,2025-10-01 11:57:00,2025-10-01 07:12:16,ad_impression,0,0.0166,0
2025-10,EVT-202510-0CD0955BCE5A-0072,SYN-202510-D0CD0955BCE5A,SYN-202510-P0CD0955BCE5A,2025-10-01 11:58:00,2025-10-01 07:12:16,ad_impression,0,0.0166,0
2025-10,EVT-202510-91B65F8F6D53-0002,SYN-202510-D91B65F8F6D53,SYN-202510-P91B65F8F6D53,2025-10-01 11:58:00,2025-10-01 11:51:59,session_start,0,0.0,0
2025-10,EVT-202510-91B65F8F6D53-0025,SYN-202510-D91B65F8F6D53,SYN-202510-P91B65F8F6D53,2025-10-01 11:59:59,2025-10-01 11:51:59,level_completed,1,0.0,0
2025-10,EVT-202510-0CD0955BCE5A-0063,SYN-202510-D0CD0955BCE5A,SYN-202510-P0CD0955BCE5A,2025-10-01 12:03:00,2025-10-01 07:12:16,level_completed,1,0.0,0
2025-10,EVT-202510-0CD0955BCE5A-0071,SYN-202510-D0CD0955BCE5A,SYN-202510-P0CD0955BCE5A,2025-10-01 12:04:00,2025-10-01 07:12:16,ad_impression,0,0.0166,0
2025-10,EVT-202510-91B65F8F6D53-0024,SYN-202510-D91B65F8F6D53,SYN-202510-P91B65F8F6D53,2025-10-01 12:06:00,2025-10-01 11:51:59,level_completed,1,0.0,0
2025-10,EVT-202510-0CD0955BCE5A-0055,SYN-202510-D0CD0955BCE5A,SYN-202510-P0CD0955BCE5A,2025-10-01 12:07:00,2025-10-01 07:12:16,level_completed,1,0.0,0
2025-10,EVT-202510-636FC2C0E3A7-0009,SYN-202510-D636FC2C0E3A7,SYN-202510-P636FC2C0E3A7,2025-10-01 12:07:48,2025-10-01 10:59:48,level_completed,1,0.0,0
2025-10,EVT-202510-0CD0955BCE5A-0050,SYN-202510-D0CD0955BCE5A,SYN-202510-P0CD0955BCE5A,2025-10-01 12:08:00,2025-10-01 07:12:16,level_completed,1,0.0,0
2025-10,EVT-202510-0CD0955BCE5A-0085,SYN-202510-D0CD0955BCE5A,SYN-202510-P0CD0955BCE5A,2025-10-01 12:09:00,2025-10-01 07:12:16,ad_impression,0,0.0166,0
2025-10,EVT-202510-91B65F8F6D53-0034,SYN-202510-D91B65F8F6D53,SYN-202510-P91B65F8F6D53,2025-10-01 12:11:00,2025-10-01 11:51:59,level_completed,1,0.0,0
2025-10,EVT-202510-FF6FFBB45560-0010,SYN-202510-DFF6FFBB45560,SYN-202510-PFF6FFBB45560,2025-10-01 12:12:50,2025-10-01 11:23:50,level_completed,1,0.0,0
2025-10,EVT-202510-91B65F8F6D53-0048,SYN-202510-D91B65F8F6D53,SYN-202510-P91B65F8F6D53,2025-10-01 12:12:59,2025-10-01 11:51:59,level_completed,1,0.0,0
2025-10,EVT-202510-1904353128A3-0007,SYN-202510-D1904353128A3,SYN-202510-P1904353128A3,2025-10-01 12:13:00,2025-10-01 01:41:59,level_completed,1,0.0,0
2025-10,EVT-202510-636FC2C0E3A7-0008,SYN-202510-D636FC2C0E3A7,SYN-202510-P636FC2C0E3A7,2025-10-01 12:13:48,2025-10-01 10:59:48,level_completed,1,0.0,0
2025-10,EVT-202510-0CD0955BCE5A-0064,SYN-202510-D0CD0955BCE5A,SYN-202510-P0CD0955BCE5A,2025-10-01 12:16:00,2025-10-01 07:12:16,ad_impression,0,0.0166,0
2025-10,EVT-202510-91B65F8F6D53-0007,SYN-202510-D91B65F8F6D53,SYN-202510-P91B65F8F6D53,2025-10-01 12:16:59,2025-10-01 11:51:59,level_completed,1,0.0,0
2025-10,EVT-202510-91B65F8F6D53-0049,SYN-202510-D91B65F8F6D53,SYN-202510-P91B65F8F6D53,2025-10-01 12:16:59,2025-10-01 11:51:59,level_completed,1,0.0,0
2025-10,EVT-202510-91B65F8F6D53-0054,SYN-202510-D91B65F8F6D53,SYN-202510-P91B65F8F6D53,2025-10-01 12:17:00,2025-10-01 11:51:59,ad_impression,0,0.035,0
2025-10,EVT-202510-91B65F8F6D53-0016,SYN-202510-D91B65F8F6D53,SYN-202510-P91B65F8F6D53,2025-10-01 12:19:00,2025-10-01 11:51:59,level_completed,1,0.0,0
2025-10,EVT-202510-636FC2C0E3A7-0013,SYN-202510-D636FC2C0E3A7,SYN-202510-P636FC2C0E3A7,2025-10-01 12:19:48,2025-10-01 10:59:48,level_completed,1,0.0,0
2025-10,EVT-202510-FF6FFBB45560-0007,SYN-202510-DFF6FFBB45560,SYN-202510-PFF6FFBB45560,2025-10-01 12:23:50,2025-10-01 11:23:50,level_completed,1,0.0,0
2025-10,EVT-202510-91B65F8F6D53-0040,SYN-202510-D91B65F8F6D53,SYN-202510-P91B65F8F6D53,2025-10-01 12:24:59,2025-10-01 11:51:59,level_completed,1,0.0,0
2025-10,EVT-202510-91B65F8F6D53-0029,SYN-202510-D91B65F8F6D53,SYN-202510-P91B65F8F6D53,2025-10-01 12:26:59,2025-10-01 11:51:59,level_completed,1,0.0,0
2025-10,EVT-202510-91B65F8F6D53-0006,SYN-202510-D91B65F8F6D53,SYN-202510-P91B65F8F6D53,2025-10-01 12:29:59,2025-10-01 11:51:59,level_completed,1,0.0,0
2025-10,EVT-202510-91B65F8F6D53-0028,SYN-202510-D91B65F8F6D53,SYN-202510-P91B65F8F6D53,2025-10-01 12:29:59,2025-10-01 11:51:59,level_completed,1,0.0,0
2025-10,EVT-202510-1904353128A3-0006,SYN-202510-D1904353128A3,SYN-202510-P1904353128A3,2025-10-01 12:31:00,2025-10-01 01:41:59,level_completed,1,0.0,0
2025-10,EVT-202510-1904353128A3-0004,SYN-202510-D1904353128A3,SYN-202510-P1904353128A3,2025-10-01 12:35:00,2025-10-01 01:41:59,level_completed,1,0.0,0
2025-10,EVT-202510-FF6FFBB45560-0008,SYN-202510-DFF6FFBB45560,SYN-202510-PFF6FFBB45560,2025-10-01 12:36:50,2025-10-01 11:23:50,level_completed,1,0.0,0
2025-10,EVT-202510-91B65F8F6D53-0037,SYN-202510-D91B65F8F6D53,SYN-202510-P91B65F8F6D53,2025-10-01 12:37:00,2025-10-01 11:51:59,level_completed,1,0.0,0
2025-10,EVT-202510-91B65F8F6D53-0047,SYN-202510-D91B65F8F6D53,SYN-202510-P91B65F8F6D53,2025-10-01 12:40:00,2025-10-01 11:51:59,level_completed,1,0.0,0
2025-10,EVT-202510-FF6FFBB45560-0005,SYN-202510-DFF6FFBB45560,SYN-202510-PFF6FFBB45560,2025-10-01 12:42:50,2025-10-01 11:23:50,level_completed,1,0.0,0
2025-10,EVT-202510-91B65F8F6D53-0035,SYN-202510-D91B65F8F6D53,SYN-202510-P91B65F8F6D53,2025-10-01 12:44:59,2025-10-01 11:51:59,level_completed,1,0.0,0
2025-10,EVT-202510-91B65F8F6D53-0023,SYN-202510-D91B65F8F6D53,SYN-202510-P91B65F8F6D53,2025-10-01 12:45:00,2025-10-01 11:51:59,level_completed,1,0.0,0
2025-10,EVT-202510-0CD0955BCE5A-0002,SYN-202510-D0CD0955BCE5A,SYN-202510-P0CD0955BCE5A,2025-10-01 12:49:00,2025-10-01 07:12:16,session_start,0,0.0,0
2025-10,EVT-202510-5D76614FC056-0001,SYN-202510-D5D76614FC056,SYN-202510-P5D76614FC056,2025-10-01 12:49:40,2025-10-01 12:48:40,session_start,0,0.0,0
2025-10,EVT-202510-5D76614FC056-0002,SYN-202510-D5D76614FC056,SYN-202510-P5D76614FC056,2025-10-01 12:49:40,2025-10-01 12:48:40,session_start,0,0.0,0
2025-10,EVT-202510-91B65F8F6D53-0036,SYN-202510-D91B65F8F6D53,SYN-202510-P91B65F8F6D53,2025-10-01 12:49:59,2025-10-01 11:51:59,level_completed,1,0.0,0
2025-10,EVT-202510-0CD0955BCE5A-0018,SYN-202510-D0CD0955BCE5A,SYN-202510-P0CD0955BCE5A,2025-10-01 12:52:00,2025-10-01 07:12:16,level_completed,1,0.0,0
2025-10,EVT-202510-91B65F8F6D53-0031,SYN-202510-D91B65F8F6D53,SYN-202510-P91B65F8F6D53,2025-10-01 12:53:00,2025-10-01 11:51:59,level_completed,1,0.0,0
2025-10,EVT-202510-5D76614FC056-0060,SYN-202510-D5D76614FC056,SYN-202510-P5D76614FC056,2025-10-01 12:54:40,2025-10-01 12:48:40,ad_impression,0,0.0052,0
2025-10,EVT-202510-5D76614FC056-0061,SYN-202510-D5D76614FC056,SYN-202510-P5D76614FC056,2025-10-01 12:54:40,2025-10-01 12:48:40,ad_impression,0,0.0052,0
2025-10,EVT-202510-91B65F8F6D53-0032,SYN-202510-D91B65F8F6D53,SYN-202510-P91B65F8F6D53,2025-10-01 12:54:59,2025-10-01 11:51:59,level_completed,1,0.0,0
2025-10,EVT-202510-0CD0955BCE5A-0074,SYN-202510-D0CD0955BCE5A,SYN-202510-P0CD0955BCE5A,2025-10-01 12:55:00,2025-10-01 07:12:16,ad_impression,0,0.0166,0
2025-10,EVT-202510-0CD0955BCE5A-0052,SYN-202510-D0CD0955BCE5A,SYN-202510-P0CD0955BCE5A,2025-10-01 12:57:00,2025-10-01 07:12:16,level_completed,1,0.0,0
2025-10,EVT-202510-91B65F8F6D53-0020,SYN-202510-D91B65F8F6D53,SYN-202510-P91B65F8F6D53,2025-10-01 12:57:00,2025-10-01 11:51:59,level_completed,1,0.0,0
2025-10,EVT-202510-91B65F8F6D53-0052,SYN-202510-D91B65F8F6D53,SYN-202510-P91B65F8F6D53,2025-10-01 12:57:00,2025-10-01 11:51:59,level_completed,1,0.0,0
2025-10,EVT-202510-5D76614FC056-0007,SYN-202510-D5D76614FC056,SYN-202510-P5D76614FC056,2025-10-01 12:59:40,2025-10-01 12:48:40,level_completed,1,0.0,0
2025-10,EVT-202510-91B65F8F6D53-0045,SYN-202510-D91B65F8F6D53,SYN-202510-P91B65F8F6D53,2025-10-01 13:00:59,2025-10-01 11:51:59,level_completed,1,0.0,0
2025-10,EVT-202510-5D76614FC056-0046,SYN-202510-D5D76614FC056,SYN-202510-P5D76614FC056,2025-10-01 13:03:40,2025-10-01 12:48:40,ad_impression,0,0.0052,0
2025-10,EVT-202510-0CD0955BCE5A-0034,SYN-202510-D0CD0955BCE5A,SYN-202510-P0CD0955BCE5A,2025-10-01 13:05:00,2025-10-01 07:12:16,level_completed,1,0.0,0
2025-10,EVT-202510-91B65F8F6D53-0030,SYN-202510-D91B65F8F6D53,SYN-202510-P91B65F8F6D53,2025-10-01 13:06:00,2025-10-01 11:51:59,level_completed,1,0.0,0
2025-10,EVT-202510-5D76614FC056-0008,SYN-202510-D5D76614FC056,SYN-202510-P5D76614FC056,2025-10-01 13:08:40,2025-10-01 12:48:40,level_completed,1,0.0,0
2025-10,EVT-202510-91B65F8F6D53-0044,SYN-202510-D91B65F8F6D53,SYN-202510-P91B65F8F6D53,2025-10-01 13:10:00,2025-10-01 11:51:59,level_completed,1,0.0,0
2025-10,EVT-202510-79293B362BD6-0001,SYN-202510-D79293B362BD6,SYN-202510-P79293B362BD6,2025-10-01 13:12:00,2025-10-01 05:52:05,session_start,0,0.0,0
2025-10,EVT-202510-91B65F8F6D53-0018,SYN-202510-D91B65F8F6D53,SYN-202510-P91B65F8F6D53,2025-10-01 13:13:00,2025-10-01 11:51:59,level_completed,1,0.0,0
2025-10,EVT-202510-0CD0955BCE5A-0042,SYN-202510-D0CD0955BCE5A,SYN-202510-P0CD0955BCE5A,2025-10-01 13:14:00,2025-10-01 07:12:16,level_completed,1,0.0,0
2025-10,EVT-202510-79293B362BD6-0016,SYN-202510-D79293B362BD6,SYN-202510-P79293B362BD6,2025-10-01 13:14:00,2025-10-01 05:52:05,level_completed,1,0.0,0
2025-10,EVT-202510-79293B362BD6-0047,SYN-202510-D79293B362BD6,SYN-202510-P79293B362BD6,2025-10-01 13:15:00,2025-10-01 05:52:05,ad_impression,0,0.0201,0
2025-10,EVT-202510-79293B362BD6-0030,SYN-202510-D79293B362BD6,SYN-202510-P79293B362BD6,2025-10-01 13:16:00,2025-10-01 05:52:05,level_completed,1,0.0,0
2025-10,EVT-202510-5D76614FC056-0059,SYN-202510-D5D76614FC056,SYN-202510-P5D76614FC056,2025-10-01 13:17:40,2025-10-01 12:48:40,ad_impression,0,0.0052,0
2025-10,EVT-202510-0CD0955BCE5A-0046,SYN-202510-D0CD0955BCE5A,SYN-202510-P0CD0955BCE5A,2025-10-01 13:18:00,2025-10-01 07:12:16,level_completed,1,0.0,0
2025-10,EVT-202510-0CD0955BCE5A-0048,SYN-202510-D0CD0955BCE5A,SYN-202510-P0CD0955BCE5A,2025-10-01 13:20:00,2025-10-01 07:12:16,level_completed,1,0.0,0
2025-10,EVT-202510-5D76614FC056-0029,SYN-202510-D5D76614FC056,SYN-202510-P5D76614FC056,2025-10-01 13:20:40,2025-10-01 12:48:40,level_completed,1,0.0,0
2025-10,EVT-202510-0CD0955BCE5A-0030,SYN-202510-D0CD0955BCE5A,SYN-202510-P0CD0955BCE5A,2025-10-01 13:22:00,2025-10-01 07:12:16,level_completed,1,0.0,0
2025-10,EVT-202510-79293B362BD6-0028,SYN-202510-D79293B362BD6,SYN-202510-P79293B362BD6,2025-10-01 13:22:00,2025-10-01 05:52:05,level_completed,1,0.0,0
2025-10,EVT-202510-5D76614FC056-0023,SYN-202510-D5D76614FC056,SYN-202510-P5D76614FC056,2025-10-01 13:23:40,2025-10-01 12:48:40,level_completed,1,0.0,0
2025-10,EVT-202510-79293B362BD6-0057,SYN-202510-D79293B362BD6,SYN-202510-P79293B362BD6,2025-10-01 13:24:00,2025-10-01 05:52:05,ad_impression,0,0.0201,0
2025-10,EVT-202510-79293B362BD6-0055,SYN-202510-D79293B362BD6,SYN-202510-P79293B362BD6,2025-10-01 13:25:00,2025-10-01 05:52:05,ad_impression,0,0.0201,0
2025-10,EVT-202510-79293B362BD6-0056,SYN-202510-D79293B362BD6,SYN-202510-P79293B362BD6,2025-10-01 13:27:00,2025-10-01 05:52:05,ad_impression,0,0.0201,0
2025-10,EVT-202510-5D76614FC056-0050,SYN-202510-D5D76614FC056,SYN-202510-P5D76614FC056,2025-10-01 13:28:40,2025-10-01 12:48:40,ad_impression,0,0.0052,0
2025-10,EVT-202510-0CD0955BCE5A-0019,SYN-202510-D0CD0955BCE5A,SYN-202510-P0CD0955BCE5A,2025-10-01 13:29:00,2025-10-01 07:12:16,level_completed,1,0.0,0
2025-10,EVT-202510-5D76614FC056-0025,SYN-202510-D5D76614FC056,SYN-202510-P5D76614FC056,2025-10-01 13:29:40,2025-10-01 12:48:40,level_completed,1,0.0,0
2025-10,EVT-202510-79293B362BD6-0027,SYN-202510-D79293B362BD6,SYN-202510-P79293B362BD6,2025-10-01 13:30:00,2025-10-01 05:52:05,level_completed,1,0.0,0
2025-10,EVT-202510-79293B362BD6-0050,SYN-202510-D79293B362BD6,SYN-202510-P79293B362BD6,2025-10-01 13:30:00,2025-10-01 05:52:05,ad_impression,0,0.0201,0
2025-10,EVT-202510-0CD0955BCE5A-0068,SYN-202510-D0CD0955BCE5A,SYN-202510-P0CD0955BCE5A,2025-10-01 13:34:00,2025-10-01 07:12:16,ad_impression,0,0.0166,0
2025-10,EVT-202510-0CD0955BCE5A-0033,SYN-202510-D0CD0955BCE5A,SYN-202510-P0CD0955BCE5A,2025-10-01 13:35:00,2025-10-01 07:12:16,level_completed,1,0.0,0
2025-10,EVT-202510-79293B362BD6-0017,SYN-202510-D79293B362BD6,SYN-202510-P79293B362BD6,2025-10-01 13:40:00,2025-10-01 05:52:05,level_completed,1,0.0,0
2025-10,EVT-202510-79293B362BD6-0019,SYN-202510-D79293B362BD6,SYN-202510-P79293B362BD6,2025-10-01 13:44:00,2025-10-01 05:52:05,level_completed,1,0.0,0
2025-10,EVT-202510-79293B362BD6-0025,SYN-202510-D79293B362BD6,SYN-202510-P79293B362BD6,2025-10-01 13:45:00,2025-10-01 05:52:05,level_completed,1,0.0,0
2025-10,EVT-202510-0CD0955BCE5A-0040,SYN-202510-D0CD0955BCE5A,SYN-202510-P0CD0955BCE5A,2025-10-01 13:46:00,2025-10-01 07:12:16,level_completed,1,0.0,0
2025-10,EVT-202510-0CD0955BCE5A-0012,SYN-202510-D0CD0955BCE5A,SYN-202510-P0CD0955BCE5A,2025-10-01 13:48:00,2025-10-01 07:12:16,level_completed,1,0.0,0
2025-10,EVT-202510-0CD0955BCE5A-0066,SYN-202510-D0CD0955BCE5A,SYN-202510-P0CD0955BCE5A,2025-10-01 13:48:00,2025-10-01 07:12:16,ad_impression,0,0.0166,0
2025-10,EVT-202510-79293B362BD6-0044,SYN-202510-D79293B362BD6,SYN-202510-P79293B362BD6,2025-10-01 13:50:00,2025-10-01 05:52:05,level_completed,1,0.0,0
2025-10,EVT-202510-0CD0955BCE5A-0006,SYN-202510-D0CD0955BCE5A,SYN-202510-P0CD0955BCE5A,2025-10-01 13:54:00,2025-10-01 07:12:16,level_completed,1,0.0,0
2025-10,EVT-202510-5D76614FC056-0011,SYN-202510-D5D76614FC056,SYN-202510-P5D76614FC056,2025-10-01 13:55:40,2025-10-01 12:48:40,level_completed,1,0.0,0
2025-10,EVT-202510-5D76614FC056-0032,SYN-202510-D5D76614FC056,SYN-202510-P5D76614FC056,2025-10-01 13:56:40,2025-10-01 12:48:40,level_completed,1,0.0,0
2025-10,EVT-202510-5D76614FC056-0038,SYN-202510-D5D76614FC056,SYN-202510-P5D76614FC056,2025-10-01 13:56:40,2025-10-01 12:48:40,level_completed,1,0.0,0
2025-10,EVT-202510-9A04055BD018-0001,SYN-202510-D9A04055BD018,SYN-202510-P9A04055BD018,2025-10-01 13:58:00,2025-10-01 04:51:07,session_start,0,0.0,0
2025-10,EVT-202510-0CD0955BCE5A-0016,SYN-202510-D0CD0955BCE5A,SYN-202510-P0CD0955BCE5A,2025-10-01 13:59:00,2025-10-01 07:12:16,level_completed,1,0.0,0
2025-10,EVT-202510-913D681D9F30-0001,SYN-202510-D913D681D9F30,SYN-202510-P913D681D9F30,2025-10-01 14:00:00,2025-10-01 08:10:14,session_start,0,0.0,0
2025-10,EVT-202510-5D76614FC056-0052,SYN-202510-D5D76614FC056,SYN-202510-P5D76614FC056,2025-10-01 14:03:40,2025-10-01 12:48:40,ad_impression,0,0.0052,0
2025-10,EVT-202510-5D76614FC056-0019,SYN-202510-D5D76614FC056,SYN-202510-P5D76614FC056,2025-10-01 14:09:40,2025-10-01 12:48:40,level_completed,1,0.0,0
2025-10,EVT-202510-79293B362BD6-0006,SYN-202510-D79293B362BD6,SYN-202510-P79293B362BD6,2025-10-01 14:13:00,2025-10-01 05:52:05,level_completed,1,0.0,0
2025-10,EVT-202510-79293B362BD6-0023,SYN-202510-D79293B362BD6,SYN-202510-P79293B362BD6,2025-10-01 14:14:00,2025-10-01 05:52:05,level_completed,1,0.0,0
2025-10,EVT-202510-79293B362BD6-0042,SYN-202510-D79293B362BD6,SYN-202510-P79293B362BD6,2025-10-01 14:15:00,2025-10-01 05:52:05,level_completed,1,0.0,0
2025-10,EVT-202510-79293B362BD6-0010,SYN-202510-D79293B362BD6,SYN-202510-P79293B362BD6,2025-10-01 14:17:00,2025-10-01 05:52:05,level_completed,1,0.0,0
2025-10,EVT-202510-79293B362BD6-0022,SYN-202510-D79293B362BD6,SYN-202510-P79293B362BD6,2025-10-01 14:18:00,2025-10-01 05:52:05,level_completed,1,0.0,0
2025-10,EVT-202510-79293B362BD6-0031,SYN-202510-D79293B362BD6,SYN-202510-P79293B362BD6,2025-10-01 14:18:00,2025-10-01 05:52:05,level_completed,1,0.0,0
2025-10,EVT-202510-7704ED0111AA-0002,SYN-202510-D7704ED0111AA,SYN-202510-P7704ED0111AA,2025-10-01 14:28:00,2025-10-01 05:57:44,session_start,0,0.0,0
2025-10,EVT-202510-79293B362BD6-0026,SYN-202510-D79293B362BD6,SYN-202510-P79293B362BD6,2025-10-01 14:30:00,2025-10-01 05:52:05,level_completed,1,0.0,0
2025-10,EVT-202510-79293B362BD6-0033,SYN-202510-D79293B362BD6,SYN-202510-P79293B362BD6,2025-10-01 14:30:00,2025-10-01 05:52:05,level_completed,1,0.0,0
2025-10,EVT-202510-79293B362BD6-0052,SYN-202510-D79293B362BD6,SYN-202510-P79293B362BD6,2025-10-01 14:34:00,2025-10-01 05:52:05,ad_impression,0,0.0201,0
2025-10,EVT-202510-7704ED0111AA-0003,SYN-202510-D7704ED0111AA,SYN-202510-P7704ED0111AA,2025-10-01 14:39:00,2025-10-01 05:57:44,session_start,0,0.0,0
2025-10,EVT-202510-5D76614FC056-0003,SYN-202510-D5D76614FC056,SYN-202510-P5D76614FC056,2025-10-01 14:43:00,2025-10-01 12:48:40,session_start,0,0.0,0
2025-10,EVT-202510-9A04055BD018-0014,SYN-202510-D9A04055BD018,SYN-202510-P9A04055BD018,2025-10-01 14:43:00,2025-10-01 04:51:07,level_completed,1,0.0,0
2025-10,EVT-202510-913D681D9F30-0002,SYN-202510-D913D681D9F30,SYN-202510-P913D681D9F30,2025-10-01 14:45:00,2025-10-01 08:10:14,level_completed,1,0.0,0
2025-10,EVT-202510-9A04055BD018-0004,SYN-202510-D9A04055BD018,SYN-202510-P9A04055BD018,2025-10-01 14:45:00,2025-10-01 04:51:07,level_completed,1,0.0,0
2025-10,EVT-202510-7704ED0111AA-0011,SYN-202510-D7704ED0111AA,SYN-202510-P7704ED0111AA,2025-10-01 14:46:00,2025-10-01 05:57:44,level_completed,1,0.0,0
2025-10,EVT-202510-7704ED0111AA-0018,SYN-202510-D7704ED0111AA,SYN-202510-P7704ED0111AA,2025-10-01 14:47:00,2025-10-01 05:57:44,level_completed,1,0.0,0
2025-10,EVT-202510-5D76614FC056-0056,SYN-202510-D5D76614FC056,SYN-202510-P5D76614FC056,2025-10-01 14:48:00,2025-10-01 12:48:40,ad_impression,0,0.0052,0
2025-10,EVT-202510-79293B362BD6-0002,SYN-202510-D79293B362BD6,SYN-202510-P79293B362BD6,2025-10-01 14:50:00,2025-10-01 05:52:05,session_start,0,0.0,0
2025-10,EVT-202510-5D76614FC056-0020,SYN-202510-D5D76614FC056,SYN-202510-P5D76614FC056,2025-10-01 14:53:00,2025-10-01 12:48:40,level_completed,1,0.0,0
2025-10,EVT-202510-5D76614FC056-0037,SYN-202510-D5D76614FC056,SYN-202510-P5D76614FC056,2025-10-01 14:53:00,2025-10-01 12:48:40,level_completed,1,0.0,0
2025-10,EVT-202510-5D76614FC056-0026,SYN-202510-D5D76614FC056,SYN-202510-P5D76614FC056,2025-10-01 15:02:00,2025-10-01 12:48:40,level_completed,1,0.0,0
2025-10,EVT-202510-79293B362BD6-0004,SYN-202510-D79293B362BD6,SYN-202510-P79293B362BD6,2025-10-01 15:02:00,2025-10-01 05:52:05,level_completed,1,0.0,0
2025-10,EVT-202510-79293B362BD6-0046,SYN-202510-D79293B362BD6,SYN-202510-P79293B362BD6,2025-10-01 15:02:00,2025-10-01 05:52:05,level_completed,1,0.0,0
2025-10,EVT-202510-79293B362BD6-0034,SYN-202510-D79293B362BD6,SYN-202510-P79293B362BD6,2025-10-01 15:05:00,2025-10-01 05:52:05,level_completed,1,0.0,0
2025-10,EVT-202510-AA14D45B98B6-0001,SYN-202510-DAA14D45B98B6,SYN-202510-PAA14D45B98B6,2025-10-01 15:07:59,2025-10-01 15:06:59,session_start,0,0.0,0
2025-10,EVT-202510-AA14D45B98B6-0002,SYN-202510-DAA14D45B98B6,SYN-202510-PAA14D45B98B6,2025-10-01 15:07:59,2025-10-01 15:06:59,session_start,0,0.0,0
2025-10,EVT-202510-913D681D9F30-0003,SYN-202510-D913D681D9F30,SYN-202510-P913D681D9F30,2025-10-01 15:09:00,2025-10-01 08:10:14,level_completed,1,0.0,0
2025-10,EVT-202510-79293B362BD6-0045,SYN-202510-D79293B362BD6,SYN-202510-P79293B362BD6,2025-10-01 15:10:00,2025-10-01 05:52:05,level_completed,1,0.0,0
2025-10,EVT-202510-79293B362BD6-0020,SYN-202510-D79293B362BD6,SYN-202510-P79293B362BD6,2025-10-01 15:11:00,2025-10-01 05:52:05,level_completed,1,0.0,0
2025-10,EVT-202510-79293B362BD6-0039,SYN-202510-D79293B362BD6,SYN-202510-P79293B362BD6,2025-10-01 15:11:00,2025-10-01 05:52:05,level_completed,1,0.0,0
2025-10,EVT-202510-AA14D45B98B6-0044,SYN-202510-DAA14D45B98B6,SYN-202510-PAA14D45B98B6,2025-10-01 15:11:59,2025-10-01 15:06:59,level_completed,1,0.0,0
2025-10,EVT-202510-79293B362BD6-0007,SYN-202510-D79293B362BD6,SYN-202510-P79293B362BD6,2025-10-01 15:14:00,2025-10-01 05:52:05,level_completed,1,0.0,0
2025-10,EVT-202510-AA14D45B98B6-0035,SYN-202510-DAA14D45B98B6,SYN-202510-PAA14D45B98B6,2025-10-01 15:14:59,2025-10-01 15:06:59,level_completed,1,0.0,0
2025-10,EVT-202510-79293B362BD6-0005,SYN-202510-D79293B362BD6,SYN-202510-P79293B362BD6,2025-10-01 15:15:00,2025-10-01 05:52:05,level_completed,1,0.0,0
2025-10,EVT-202510-AA14D45B98B6-0008,SYN-202510-DAA14D45B98B6,SYN-202510-PAA14D45B98B6,2025-10-01 15:16:59,2025-10-01 15:06:59,level_completed,1,0.0,0
2025-10,EVT-202510-AA14D45B98B6-0050,SYN-202510-DAA14D45B98B6,SYN-202510-PAA14D45B98B6,2025-10-01 15:17:59,2025-10-01 15:06:59,ad_impression,0,0.0211,0
2025-10,EVT-202510-5D76614FC056-0054,SYN-202510-D5D76614FC056,SYN-202510-P5D76614FC056,2025-10-01 15:18:00,2025-10-01 12:48:40,ad_impression,0,0.0052,0
2025-10,EVT-202510-AA14D45B98B6-0029,SYN-202510-DAA14D45B98B6,SYN-202510-PAA14D45B98B6,2025-10-01 15:19:59,2025-10-01 15:06:59,level_completed,1,0.0,0
2025-10,EVT-202510-AA14D45B98B6-0036,SYN-202510-DAA14D45B98B6,SYN-202510-PAA14D45B98B6,2025-10-01 15:20:59,2025-10-01 15:06:59,level_completed,1,0.0,0
2025-10,EVT-202510-7704ED0111AA-0013,SYN-202510-D7704ED0111AA,SYN-202510-P7704ED0111AA,2025-10-01 15:21:00,2025-10-01 05:57:44,level_completed,1,0.0,0
2025-10,EVT-202510-AA14D45B98B6-0004,SYN-202510-DAA14D45B98B6,SYN-202510-PAA14D45B98B6,2025-10-01 15:21:59,2025-10-01 15:06:59,level_completed,1,0.0,0
2025-10,EVT-202510-79293B362BD6-0009,SYN-202510-D79293B362BD6,SYN-202510-P79293B362BD6,2025-10-01 15:23:00,2025-10-01 05:52:05,level_completed,1,0.0,0
2025-10,EVT-202510-79293B362BD6-0008,SYN-202510-D79293B362BD6,SYN-202510-P79293B362BD6,2025-10-01 15:25:00,2025-10-01 05:52:05,level_completed,1,0.0,0
2025-10,EVT-202510-79293B362BD6-0021,SYN-202510-D79293B362BD6,SYN-202510-P79293B362BD6,2025-10-01 15:25:00,2025-10-01 05:52:05,level_completed,1,0.0,0
2025-10,EVT-202510-AA14D45B98B6-0056,SYN-202510-DAA14D45B98B6,SYN-202510-PAA14D45B98B6,2025-10-01 15:28:59,2025-10-01 15:06:59,ad_impression,0,0.0211,0
2025-10,EVT-202510-79293B362BD6-0036,SYN-202510-D79293B362BD6,SYN-202510-P79293B362BD6,2025-10-01 15:30:00,2025-10-01 05:52:05,level_completed,1,0.0,0
2025-10,EVT-202510-79293B362BD6-0058,SYN-202510-D79293B362BD6,SYN-202510-P79293B362BD6,2025-10-01 15:33:00,2025-10-01 05:52:05,ad_impression,0,0.0201,0
2025-10,EVT-202510-AA14D45B98B6-0017,SYN-202510-DAA14D45B98B6,SYN-202510-PAA14D45B98B6,2025-10-01 15:34:59,2025-10-01 15:06:59,level_completed,1,0.0,0
2025-10,EVT-202510-7704ED0111AA-0016,SYN-202510-D7704ED0111AA,SYN-202510-P7704ED0111AA,2025-10-01 15:35:00,2025-10-01 05:57:44,level_completed,1,0.0,0
2025-10,EVT-202510-79293B362BD6-0015,SYN-202510-D79293B362BD6,SYN-202510-P79293B362BD6,2025-10-01 15:35:00,2025-10-01 05:52:05,level_completed,1,0.0,0
2025-10,EVT-202510-AA14D45B98B6-0032,SYN-202510-DAA14D45B98B6,SYN-202510-PAA14D45B98B6,2025-10-01 15:35:59,2025-10-01 15:06:59,level_completed,1,0.0,0
2025-10,EVT-202510-79293B362BD6-0038,SYN-202510-D79293B362BD6,SYN-202510-P79293B362BD6,2025-10-01 15:36:00,2025-10-01 05:52:05,level_completed,1,0.0,0
2025-10,EVT-202510-AA14D45B98B6-0041,SYN-202510-DAA14D45B98B6,SYN-202510-PAA14D45B98B6,2025-10-01 15:37:59,2025-10-01 15:06:59,level_completed,1,0.0,0
2025-10,EVT-202510-AA14D45B98B6-0018,SYN-202510-DAA14D45B98B6,SYN-202510-PAA14D45B98B6,2025-10-01 15:38:59,2025-10-01 15:06:59,level_completed,1,0.0,0
2025-10,EVT-202510-5D76614FC056-0041,SYN-202510-D5D76614FC056,SYN-202510-P5D76614FC056,2025-10-01 15:39:00,2025-10-01 12:48:40,ad_impression,0,0.0052,0
2025-10,EVT-202510-79293B362BD6-0043,SYN-202510-D79293B362BD6,SYN-202510-P79293B362BD6,2025-10-01 15:39:00,2025-10-01 05:52:05,level_completed,1,0.0,0
2025-10,EVT-202510-AA14D45B98B6-0028,SYN-202510-DAA14D45B98B6,SYN-202510-PAA14D45B98B6,2025-10-01 15:40:59,2025-10-01 15:06:59,level_completed,1,0.0,0
2025-10,EVT-202510-AA14D45B98B6-0019,SYN-202510-DAA14D45B98B6,SYN-202510-PAA14D45B98B6,2025-10-01 15:42:59,2025-10-01 15:06:59,level_completed,1,0.0,0
2025-10,EVT-202510-AA14D45B98B6-0048,SYN-202510-DAA14D45B98B6,SYN-202510-PAA14D45B98B6,2025-10-01 15:42:59,2025-10-01 15:06:59,ad_impression,0,0.0211,0
2025-10,EVT-202510-AA14D45B98B6-0053,SYN-202510-DAA14D45B98B6,SYN-202510-PAA14D45B98B6,2025-10-01 15:42:59,2025-10-01 15:06:59,ad_impression,0,0.0211,0
2025-10,EVT-202510-79293B362BD6-0024,SYN-202510-D79293B362BD6,SYN-202510-P79293B362BD6,2025-10-01 15:44:00,2025-10-01 05:52:05,level_completed,1,0.0,0
2025-10,EVT-202510-79293B362BD6-0048,SYN-202510-D79293B362BD6,SYN-202510-P79293B362BD6,2025-10-01 15:44:00,2025-10-01 05:52:05,ad_impression,0,0.0201,0
2025-10,EVT-202510-AA14D45B98B6-0011,SYN-202510-DAA14D45B98B6,SYN-202510-PAA14D45B98B6,2025-10-01 15:44:59,2025-10-01 15:06:59,level_completed,1,0.0,0
2025-10,EVT-202510-5D76614FC056-0028,SYN-202510-D5D76614FC056,SYN-202510-P5D76614FC056,2025-10-01 15:45:00,2025-10-01 12:48:40,level_completed,1,0.0,0
2025-10,EVT-202510-AA14D45B98B6-0007,SYN-202510-DAA14D45B98B6,SYN-202510-PAA14D45B98B6,2025-10-01 15:45:59,2025-10-01 15:06:59,level_completed,1,0.0,0
2025-10,EVT-202510-7704ED0111AA-0014,SYN-202510-D7704ED0111AA,SYN-202510-P7704ED0111AA,2025-10-01 15:46:00,2025-10-01 05:57:44,level_completed,1,0.0,0
2025-10,EVT-202510-AA14D45B98B6-0045,SYN-202510-DAA14D45B98B6,SYN-202510-PAA14D45B98B6,2025-10-01 15:46:59,2025-10-01 15:06:59,level_completed,1,0.0,0
2025-10,EVT-202510-AA14D45B98B6-0052,SYN-202510-DAA14D45B98B6,SYN-202510-PAA14D45B98B6,2025-10-01 15:46:59,2025-10-01 15:06:59,ad_impression,0,0.0211,0
2025-10,EVT-202510-AA14D45B98B6-0038,SYN-202510-DAA14D45B98B6,SYN-202510-PAA14D45B98B6,2025-10-01 15:47:59,2025-10-01 15:06:59,level_completed,1,0.0,0
2025-10,EVT-202510-8F8D65B1E016-0001,SYN-202510-D8F8D65B1E016,SYN-202510-P8F8D65B1E016,2025-10-01 15:49:00,2025-10-01 06:00:49,session_start,0,0.0,0
2025-10,EVT-202510-79293B362BD6-0032,SYN-202510-D79293B362BD6,SYN-202510-P79293B362BD6,2025-10-01 15:50:00,2025-10-01 05:52:05,level_completed,1,0.0,0
2025-10,EVT-202510-7704ED0111AA-0021,SYN-202510-D7704ED0111AA,SYN-202510-P7704ED0111AA,2025-10-01 15:52:00,2025-10-01 05:57:44,ad_impression,0,0.0711,0
2025-10,EVT-202510-79293B362BD6-0013,SYN-202510-D79293B362BD6,SYN-202510-P79293B362BD6,2025-10-01 15:53:00,2025-10-01 05:52:05,level_completed,1,0.0,0
2025-10,EVT-202510-AA14D45B98B6-0030,SYN-202510-DAA14D45B98B6,SYN-202510-PAA14D45B98B6,2025-10-01 15:53:59,2025-10-01 15:06:59,level_completed,1,0.0,0
2025-10,EVT-202510-79293B362BD6-0035,SYN-202510-D79293B362BD6,SYN-202510-P79293B362BD6,2025-10-01 15:54:00,2025-10-01 05:52:05,level_completed,1,0.0,0
2025-10,EVT-202510-8F8D65B1E016-0012,SYN-202510-D8F8D65B1E016,SYN-202510-P8F8D65B1E016,2025-10-01 15:54:00,2025-10-01 06:00:49,level_completed,1,0.0,0
2025-10,EVT-202510-8F8D65B1E016-0014,SYN-202510-D8F8D65B1E016,SYN-202510-P8F8D65B1E016,2025-10-01 15:54:00,2025-10-01 06:00:49,level_completed,1,0.0,0
2025-10,EVT-202510-79293B362BD6-0051,SYN-202510-D79293B362BD6,SYN-202510-P79293B362BD6,2025-10-01 15:55:00,2025-10-01 05:52:05,ad_impression,0,0.0201,0
2025-10,EVT-202510-AA14D45B98B6-0026,SYN-202510-DAA14D45B98B6,SYN-202510-PAA14D45B98B6,2025-10-01 15:55:59,2025-10-01 15:06:59,level_completed,1,0.0,0
2025-10,EVT-202510-8F8D65B1E016-0015,SYN-202510-D8F8D65B1E016,SYN-202510-P8F8D65B1E016,2025-10-01 15:56:00,2025-10-01 06:00:49,level_completed,1,0.0,0
2025-10,EVT-202510-8F8D65B1E016-0002,SYN-202510-D8F8D65B1E016,SYN-202510-P8F8D65B1E016,2025-10-01 15:57:00,2025-10-01 06:00:49,level_completed,1,0.0,0
2025-10,EVT-202510-8F8D65B1E016-0007,SYN-202510-D8F8D65B1E016,SYN-202510-P8F8D65B1E016,2025-10-01 15:57:00,2025-10-01 06:00:49,level_completed,1,0.0,0
2025-10,EVT-202510-5D76614FC056-0047,SYN-202510-D5D76614FC056,SYN-202510-P5D76614FC056,2025-10-01 15:58:00,2025-10-01 12:48:40,ad_impression,0,0.0052,0
2025-10,EVT-202510-7704ED0111AA-0017,SYN-202510-D7704ED0111AA,SYN-202510-P7704ED0111AA,2025-10-01 15:58:00,2025-10-01 05:57:44,level_completed,1,0.0,0
2025-10,EVT-202510-8F8D65B1E016-0003,SYN-202510-D8F8D65B1E016,SYN-202510-P8F8D65B1E016,2025-10-01 15:59:00,2025-10-01 06:00:49,level_completed,1,0.0,0
2025-10,EVT-202510-AA14D45B98B6-0020,SYN-202510-DAA14D45B98B6,SYN-202510-PAA14D45B98B6,2025-10-01 15:59:59,2025-10-01 15:06:59,level_completed,1,0.0,0
2025-10,EVT-202510-AA14D45B98B6-0013,SYN-202510-DAA14D45B98B6,SYN-202510-PAA14D45B98B6,2025-10-01 16:00:59,2025-10-01 15:06:59,level_completed,1,0.0,0
2025-10,EVT-202510-5D76614FC056-0012,SYN-202510-D5D76614FC056,SYN-202510-P5D76614FC056,2025-10-01 16:01:00,2025-10-01 12:48:40,level_completed,1,0.0,0
2025-10,EVT-202510-5D76614FC056-0042,SYN-202510-D5D76614FC056,SYN-202510-P5D76614FC056,2025-10-01 16:01:00,2025-10-01 12:48:40,ad_impression,0,0.0052,0
2025-10,EVT-202510-AA14D45B98B6-0010,SYN-202510-DAA14D45B98B6,SYN-202510-PAA14D45B98B6,2025-10-01 16:01:59,2025-10-01 15:06:59,level_completed,1,0.0,0
2025-10,EVT-202510-79293B362BD6-0014,SYN-202510-D79293B362BD6,SYN-202510-P79293B362BD6,2025-10-01 16:03:00,2025-10-01 05:52:05,level_completed,1,0.0,0
2025-10,EVT-202510-79293B362BD6-0049,SYN-202510-D79293B362BD6,SYN-202510-P79293B362BD6,2025-10-01 16:03:00,2025-10-01 05:52:05,ad_impression,0,0.0201,0
2025-10,EVT-202510-AA14D45B98B6-0042,SYN-202510-DAA14D45B98B6,SYN-202510-PAA14D45B98B6,2025-10-01 16:03:59,2025-10-01 15:06:59,level_completed,1,0.0,0
2025-10,EVT-202510-AA14D45B98B6-0043,SYN-202510-DAA14D45B98B6,SYN-202510-PAA14D45B98B6,2025-10-01 16:03:59,2025-10-01 15:06:59,level_completed,1,0.0,0
2025-10,EVT-202510-AA14D45B98B6-0046,SYN-202510-DAA14D45B98B6,SYN-202510-PAA14D45B98B6,2025-10-01 16:03:59,2025-10-01 15:06:59,level_completed,1,0.0,0
2025-10,EVT-202510-8F8D65B1E016-0004,SYN-202510-D8F8D65B1E016,SYN-202510-P8F8D65B1E016,2025-10-01 16:04:00,2025-10-01 06:00:49,level_completed,1,0.0,0
2025-10,EVT-202510-8F8D65B1E016-0005,SYN-202510-D8F8D65B1E016,SYN-202510-P8F8D65B1E016,2025-10-01 16:06:00,2025-10-01 06:00:49,level_completed,1,0.0,0
2025-10,EVT-202510-AA14D45B98B6-0009,SYN-202510-DAA14D45B98B6,SYN-202510-PAA14D45B98B6,2025-10-01 16:07:59,2025-10-01 15:06:59,level_completed,1,0.0,0
2025-10,EVT-202510-AA14D45B98B6-0033,SYN-202510-DAA14D45B98B6,SYN-202510-PAA14D45B98B6,2025-10-01 16:07:59,2025-10-01 15:06:59,level_completed,1,0.0,0
2025-10,EVT-202510-AA14D45B98B6-0021,SYN-202510-DAA14D45B98B6,SYN-202510-PAA14D45B98B6,2025-10-01 16:08:59,2025-10-01 15:06:59,level_completed,1,0.0,0
2025-10,EVT-202510-79293B362BD6-0029,SYN-202510-D79293B362BD6,SYN-202510-P79293B362BD6,2025-10-01 16:10:00,2025-10-01 05:52:05,level_completed,1,0.0,0
2025-10,EVT-202510-AA14D45B98B6-0051,SYN-202510-DAA14D45B98B6,SYN-202510-PAA14D45B98B6,2025-10-01 16:14:59,2025-10-01 15:06:59,ad_impression,0,0.0211,0
2025-10,EVT-202510-AA14D45B98B6-0034,SYN-202510-DAA14D45B98B6,SYN-202510-PAA14D45B98B6,2025-10-01 16:15:59,2025-10-01 15:06:59,level_completed,1,0.0,0
2025-10,EVT-202510-8F8D65B1E016-0011,SYN-202510-D8F8D65B1E016,SYN-202510-P8F8D65B1E016,2025-10-01 16:16:00,2025-10-01 06:00:49,level_completed,1,0.0,0
2025-10,EVT-202510-AA14D45B98B6-0031,SYN-202510-DAA14D45B98B6,SYN-202510-PAA14D45B98B6,2025-10-01 16:16:59,2025-10-01 15:06:59,level_completed,1,0.0,0
2025-10,EVT-202510-8F8D65B1E016-0018,SYN-202510-D8F8D65B1E016,SYN-202510-P8F8D65B1E016,2025-10-01 16:17:00,2025-10-01 06:00:49,ad_impression,0,0.2618,0
2025-10,EVT-202510-8F8D65B1E016-0017,SYN-202510-D8F8D65B1E016,SYN-202510-P8F8D65B1E016,2025-10-01 16:21:00,2025-10-01 06:00:49,level_completed,1,0.0,0
2025-10,EVT-202510-8F8D65B1E016-0009,SYN-202510-D8F8D65B1E016,SYN-202510-P8F8D65B1E016,2025-10-01 16:22:00,2025-10-01 06:00:49,level_completed,1,0.0,0
2025-10,EVT-202510-AA14D45B98B6-0047,SYN-202510-DAA14D45B98B6,SYN-202510-PAA14D45B98B6,2025-10-01 16:22:59,2025-10-01 15:06:59,level_completed,1,0.0,0
2025-10,EVT-202510-AA14D45B98B6-0040,SYN-202510-DAA14D45B98B6,SYN-202510-PAA14D45B98B6,2025-10-01 16:26:59,2025-10-01 15:06:59,level_completed,1,0.0,0
2025-10,EVT-202510-AA14D45B98B6-0003,SYN-202510-DAA14D45B98B6,SYN-202510-PAA14D45B98B6,2025-10-01 16:28:00,2025-10-01 15:06:59,session_start,0,0.0,0
2025-10,EVT-202510-EA8E4F34168F-0001,SYN-202510-DEA8E4F34168F,SYN-202510-PEA8E4F34168F,2025-10-01 16:28:07,2025-10-01 16:27:07,session_start,0,0.0,0
2025-10,EVT-202510-AA14D45B98B6-0012,SYN-202510-DAA14D45B98B6,SYN-202510-PAA14D45B98B6,2025-10-01 16:30:00,2025-10-01 15:06:59,level_completed,1,0.0,0
2025-10,EVT-202510-AA14D45B98B6-0054,SYN-202510-DAA14D45B98B6,SYN-202510-PAA14D45B98B6,2025-10-01 16:32:59,2025-10-01 15:06:59,ad_impression,0,0.0211,0
2025-10,EVT-202510-AA14D45B98B6-0055,SYN-202510-DAA14D45B98B6,SYN-202510-PAA14D45B98B6,2025-10-01 16:35:00,2025-10-01 15:06:59,ad_impression,0,0.0211,0
2025-10,EVT-202510-8F8D65B1E016-0019,SYN-202510-D8F8D65B1E016,SYN-202510-P8F8D65B1E016,2025-10-01 16:37:00,2025-10-01 06:00:49,ad_impression,0,0.2618,0
2025-10,EVT-202510-AA14D45B98B6-0037,SYN-202510-DAA14D45B98B6,SYN-202510-PAA14D45B98B6,2025-10-01 16:39:00,2025-10-01 15:06:59,level_completed,1,0.0,0
2025-10,EVT-202510-8F8D65B1E016-0016,SYN-202510-D8F8D65B1E016,SYN-202510-P8F8D65B1E016,2025-10-01 16:40:00,2025-10-01 06:00:49,level_completed,1,0.0,0
2025-10,EVT-202510-8F8D65B1E016-0006,SYN-202510-D8F8D65B1E016,SYN-202510-P8F8D65B1E016,2025-10-01 16:41:00,2025-10-01 06:00:49,level_completed,1,0.0,0
2025-10,EVT-202510-8F8D65B1E016-0010,SYN-202510-D8F8D65B1E016,SYN-202510-P8F8D65B1E016,2025-10-01 16:41:00,2025-10-01 06:00:49,level_completed,1,0.0,0
2025-10,EVT-202510-AA14D45B98B6-0015,SYN-202510-DAA14D45B98B6,SYN-202510-PAA14D45B98B6,2025-10-01 16:41:00,2025-10-01 15:06:59,level_completed,1,0.0,0
2025-10,EVT-202510-AA14D45B98B6-0016,SYN-202510-DAA14D45B98B6,SYN-202510-PAA14D45B98B6,2025-10-01 16:42:00,2025-10-01 15:06:59,level_completed,1,0.0,0
2025-10,EVT-202510-8F8D65B1E016-0013,SYN-202510-D8F8D65B1E016,SYN-202510-P8F8D65B1E016,2025-10-01 16:43:00,2025-10-01 06:00:49,level_completed,1,0.0,0
2025-10,EVT-202510-AA14D45B98B6-0005,SYN-202510-DAA14D45B98B6,SYN-202510-PAA14D45B98B6,2025-10-01 16:45:00,2025-10-01 15:06:59,level_completed,1,0.0,0
2025-10,EVT-202510-EA8E4F34168F-0005,SYN-202510-DEA8E4F34168F,SYN-202510-PEA8E4F34168F,2025-10-01 16:47:07,2025-10-01 16:27:07,level_completed,1,0.0,0
2025-10,EVT-202510-AA14D45B98B6-0049,SYN-202510-DAA14D45B98B6,SYN-202510-PAA14D45B98B6,2025-10-01 16:49:00,2025-10-01 15:06:59,ad_impression,0,0.0211,0
2025-10,EVT-202510-8F8D65B1E016-0008,SYN-202510-D8F8D65B1E016,SYN-202510-P8F8D65B1E016,2025-10-01 16:50:00,2025-10-01 06:00:49,level_completed,1,0.0,0
2025-10,EVT-202510-AA14D45B98B6-0023,SYN-202510-DAA14D45B98B6,SYN-202510-PAA14D45B98B6,2025-10-01 16:50:00,2025-10-01 15:06:59,level_completed,1,0.0,0
2025-10,EVT-202510-E3E6A833812D-0001,SYN-202510-DE3E6A833812D,SYN-202510-PE3E6A833812D,2025-10-01 16:55:21,2025-10-01 16:54:21,session_start,0,0.0,0
2025-10,EVT-202510-E3E6A833812D-0002,SYN-202510-DE3E6A833812D,SYN-202510-PE3E6A833812D,2025-10-01 16:55:21,2025-10-01 16:54:21,session_start,0,0.0,0
2025-10,EVT-202510-AA14D45B98B6-0039,SYN-202510-DAA14D45B98B6,SYN-202510-PAA14D45B98B6,2025-10-01 16:56:00,2025-10-01 15:06:59,level_completed,1,0.0,0
2025-10,EVT-202510-AA14D45B98B6-0006,SYN-202510-DAA14D45B98B6,SYN-202510-PAA14D45B98B6,2025-10-01 16:59:00,2025-10-01 15:06:59,level_completed,1,0.0,0
2025-10,EVT-202510-AA14D45B98B6-0024,SYN-202510-DAA14D45B98B6,SYN-202510-PAA14D45B98B6,2025-10-01 17:02:00,2025-10-01 15:06:59,level_completed,1,0.0,0
2025-10,EVT-202510-8F8D65B1E016-0020,SYN-202510-D8F8D65B1E016,SYN-202510-P8F8D65B1E016,2025-10-01 17:04:00,2025-10-01 06:00:49,ad_impression,0,0.2618,0
2025-10,EVT-202510-8F8D65B1E016-0021,SYN-202510-D8F8D65B1E016,SYN-202510-P8F8D65B1E016,2025-10-01 17:06:00,2025-10-01 06:00:49,ad_impression,0,0.2618,0
2025-10,EVT-202510-EA8E4F34168F-0004,SYN-202510-DEA8E4F34168F,SYN-202510-PEA8E4F34168F,2025-10-01 17:08:07,2025-10-01 16:27:07,level_completed,1,0.0,0
2025-10,EVT-202510-EA8E4F34168F-0002,SYN-202510-DEA8E4F34168F,SYN-202510-PEA8E4F34168F,2025-10-01 17:25:07,2025-10-01 16:27:07,level_completed,1,0.0,0
2025-10,EVT-202510-AA14D45B98B6-0022,SYN-202510-DAA14D45B98B6,SYN-202510-PAA14D45B98B6,2025-10-01 17:29:00,2025-10-01 15:06:59,level_completed,1,0.0,0
2025-10,EVT-202510-69FC3DB3D0F2-0001,SYN-202510-D69FC3DB3D0F2,SYN-202510-P69FC3DB3D0F2,2025-10-01 17:32:34,2025-10-01 17:31:34,session_start,0,0.0,0
2025-10,EVT-202510-69FC3DB3D0F2-0002,SYN-202510-D69FC3DB3D0F2,SYN-202510-P69FC3DB3D0F2,2025-10-01 17:32:34,2025-10-01 17:31:34,session_start,0,0.0,0
2025-10,EVT-202510-90248BDD5480-0001,SYN-202510-D90248BDD5480,SYN-202510-P90248BDD5480,2025-10-01 17:34:59,2025-10-01 17:33:59,session_start,0,0.0,0
2025-10,EVT-202510-EA8E4F34168F-0003,SYN-202510-DEA8E4F34168F,SYN-202510-PEA8E4F34168F,2025-10-01 17:37:07,2025-10-01 16:27:07,level_completed,1,0.0,0
2025-10,EVT-202510-AA14D45B98B6-0027,SYN-202510-DAA14D45B98B6,SYN-202510-PAA14D45B98B6,2025-10-01 17:39:00,2025-10-01 15:06:59,level_completed,1,0.0,0
2025-10,EVT-202510-E3E6A833812D-0004,SYN-202510-DE3E6A833812D,SYN-202510-PE3E6A833812D,2025-10-01 17:42:21,2025-10-01 16:54:21,ad_impression,0,0.0611,0
2025-10,EVT-202510-AA14D45B98B6-0014,SYN-202510-DAA14D45B98B6,SYN-202510-PAA14D45B98B6,2025-10-01 17:43:00,2025-10-01 15:06:59,level_completed,1,0.0,0
2025-10,EVT-202510-AA14D45B98B6-0025,SYN-202510-DAA14D45B98B6,SYN-202510-PAA14D45B98B6,2025-10-01 17:45:00,2025-10-01 15:06:59,level_completed,1,0.0,0
2025-10,EVT-202510-90248BDD5480-0002,SYN-202510-D90248BDD5480,SYN-202510-P90248BDD5480,2025-10-01 17:45:59,2025-10-01 17:33:59,level_completed,1,0.0,0
2025-10,EVT-202510-5D76614FC056-0004,SYN-202510-D5D76614FC056,SYN-202510-P5D76614FC056,2025-10-01 17:49:00,2025-10-01 12:48:40,session_start,0,0.0,0
2025-10,EVT-202510-90248BDD5480-0004,SYN-202510-D90248BDD5480,SYN-202510-P90248BDD5480,2025-10-01 17:52:59,2025-10-01 17:33:59,level_completed,1,0.0,0
2025-10,EVT-202510-5D76614FC056-0022,SYN-202510-D5D76614FC056,SYN-202510-P5D76614FC056,2025-10-01 17:59:00,2025-10-01 12:48:40,level_completed,1,0.0,0
2025-10,EVT-202510-90248BDD5480-0003,SYN-202510-D90248BDD5480,SYN-202510-P90248BDD5480,2025-10-01 18:06:59,2025-10-01 17:33:59,level_completed,1,0.0,0
2025-10,EVT-202510-E3E6A833812D-0003,SYN-202510-DE3E6A833812D,SYN-202510-PE3E6A833812D,2025-10-01 18:11:21,2025-10-01 16:54:21,level_completed,1,0.0,0
2025-10,EVT-202510-5D76614FC056-0016,SYN-202510-D5D76614FC056,SYN-202510-P5D76614FC056,2025-10-01 18:13:00,2025-10-01 12:48:40,level_completed,1,0.0,0
2025-10,EVT-202510-B7ADA1DD013E-0001,SYN-202510-DB7ADA1DD013E,SYN-202510-PB7ADA1DD013E,2025-10-01 18:17:00,2025-10-01 17:08:04,session_start,0,0.0,0
2025-10,EVT-202510-5D76614FC056-0058,SYN-202510-D5D76614FC056,SYN-202510-P5D76614FC056,2025-10-01 18:18:00,2025-10-01 12:48:40,ad_impression,0,0.0052,0
2025-10,EVT-202510-69FC3DB3D0F2-0005,SYN-202510-D69FC3DB3D0F2,SYN-202510-P69FC3DB3D0F2,2025-10-01 18:18:34,2025-10-01 17:31:34,level_completed,1,0.0,0
2025-10,EVT-202510-5D76614FC056-0014,SYN-202510-D5D76614FC056,SYN-202510-P5D76614FC056,2025-10-01 18:19:00,2025-10-01 12:48:40,level_completed,1,0.0,0
2025-10,EVT-202510-90248BDD5480-0006,SYN-202510-D90248BDD5480,SYN-202510-P90248BDD5480,2025-10-01 18:21:59,2025-10-01 17:33:59,level_completed,1,0.0,0
2025-10,EVT-202510-69FC3DB3D0F2-0007,SYN-202510-D69FC3DB3D0F2,SYN-202510-P69FC3DB3D0F2,2025-10-01 18:26:34,2025-10-01 17:31:34,ad_impression,0,0.028,0
2025-10,EVT-202510-5D76614FC056-0021,SYN-202510-D5D76614FC056,SYN-202510-P5D76614FC056,2025-10-01 18:28:00,2025-10-01 12:48:40,level_completed,1,0.0,0
2025-10,EVT-202510-FF6FFBB45560-0003,SYN-202510-DFF6FFBB45560,SYN-202510-PFF6FFBB45560,2025-10-01 18:31:00,2025-10-01 11:23:50,session_start,0,0.0,0
2025-10,EVT-202510-69FC3DB3D0F2-0004,SYN-202510-D69FC3DB3D0F2,SYN-202510-P69FC3DB3D0F2,2025-10-01 18:34:34,2025-10-01 17:31:34,level_completed,1,0.0,0
2025-10,EVT-202510-5D76614FC056-0024,SYN-202510-D5D76614FC056,SYN-202510-P5D76614FC056,2025-10-01 18:35:00,2025-10-01 12:48:40,level_completed,1,0.0,0
2025-10,EVT-202510-5D76614FC056-0015,SYN-202510-D5D76614FC056,SYN-202510-P5D76614FC056,2025-10-01 18:36:00,2025-10-01 12:48:40,level_completed,1,0.0,0
2025-10,EVT-202510-69FC3DB3D0F2-0006,SYN-202510-D69FC3DB3D0F2,SYN-202510-P69FC3DB3D0F2,2025-10-01 18:37:34,2025-10-01 17:31:34,ad_impression,0,0.028,0
2025-10,EVT-202510-5D76614FC056-0040,SYN-202510-D5D76614FC056,SYN-202510-P5D76614FC056,2025-10-01 18:38:00,2025-10-01 12:48:40,ad_impression,0,0.0052,0
2025-10,EVT-202510-90248BDD5480-0005,SYN-202510-D90248BDD5480,SYN-202510-P90248BDD5480,2025-10-01 18:38:59,2025-10-01 17:33:59,level_completed,1,0.0,0
2025-10,EVT-202510-B7ADA1DD013E-0002,SYN-202510-DB7ADA1DD013E,SYN-202510-PB7ADA1DD013E,2025-10-01 18:44:00,2025-10-01 17:08:04,level_completed,1,0.0,0
2025-10,EVT-202510-69FC3DB3D0F2-0003,SYN-202510-D69FC3DB3D0F2,SYN-202510-P69FC3DB3D0F2,2025-10-01 18:50:34,2025-10-01 17:31:34,level_completed,1,0.0,0
2025-10,EVT-202510-5D76614FC056-0049,SYN-202510-D5D76614FC056,SYN-202510-P5D76614FC056,2025-10-01 18:54:00,2025-10-01 12:48:40,ad_impression,0,0.0052,0
2025-10,EVT-202510-B7ADA1DD013E-0003,SYN-202510-DB7ADA1DD013E,SYN-202510-PB7ADA1DD013E,2025-10-01 18:57:00,2025-10-01 17:08:04,level_completed,1,0.0,0
2025-10,EVT-202510-FF6FFBB45560-0009,SYN-202510-DFF6FFBB45560,SYN-202510-PFF6FFBB45560,2025-10-01 19:02:00,2025-10-01 11:23:50,level_completed,1,0.0,0
2025-10,EVT-202510-443BE78895A5-0001,SYN-202510-D443BE78895A5,SYN-202510-P443BE78895A5,2025-10-01 19:04:00,2025-10-01 03:37:42,session_start,0,0.0,0
2025-10,EVT-202510-443BE78895A5-0002,SYN-202510-D443BE78895A5,SYN-202510-P443BE78895A5,2025-10-01 19:09:00,2025-10-01 03:37:42,level_completed,1,0.0,0
2025-10,EVT-202510-79293B362BD6-0003,SYN-202510-D79293B362BD6,SYN-202510-P79293B362BD6,2025-10-01 19:09:00,2025-10-01 05:52:05,session_start,0,0.0,0
2025-10,EVT-202510-443BE78895A5-0009,SYN-202510-D443BE78895A5,SYN-202510-P443BE78895A5,2025-10-01 19:16:00,2025-10-01 03:37:42,level_completed,1,0.0,0
2025-10,EVT-202510-79293B362BD6-0040,SYN-202510-D79293B362BD6,SYN-202510-P79293B362BD6,2025-10-01 19:17:00,2025-10-01 05:52:05,level_completed,1,0.0,0
2025-10,EVT-202510-79293B362BD6-0053,SYN-202510-D79293B362BD6,SYN-202510-P79293B362BD6,2025-10-01 19:22:00,2025-10-01 05:52:05,ad_impression,0,0.0201,0
2025-10,EVT-202510-1148B92EB694-0001,SYN-202510-D1148B92EB694,SYN-202510-P1148B92EB694,2025-10-01 19:22:06,2025-10-01 19:21:06,session_start,0,0.0,0
2025-10,EVT-202510-1148B92EB694-0002,SYN-202510-D1148B92EB694,SYN-202510-P1148B92EB694,2025-10-01 19:22:06,2025-10-01 19:21:06,session_start,0,0.0,0
2025-10,EVT-202510-443BE78895A5-0008,SYN-202510-D443BE78895A5,SYN-202510-P443BE78895A5,2025-10-01 19:23:00,2025-10-01 03:37:42,level_completed,1,0.0,0
2025-10,EVT-202510-443BE78895A5-0010,SYN-202510-D443BE78895A5,SYN-202510-P443BE78895A5,2025-10-01 19:23:00,2025-10-01 03:37:42,ad_impression,0,0.0666,0
2025-10,EVT-202510-79293B362BD6-0011,SYN-202510-D79293B362BD6,SYN-202510-P79293B362BD6,2025-10-01 19:23:00,2025-10-01 05:52:05,level_completed,1,0.0,0
2025-10,EVT-202510-443BE78895A5-0007,SYN-202510-D443BE78895A5,SYN-202510-P443BE78895A5,2025-10-01 19:36:00,2025-10-01 03:37:42,level_completed,1,0.0,0
2025-10,EVT-202510-443BE78895A5-0004,SYN-202510-D443BE78895A5,SYN-202510-P443BE78895A5,2025-10-01 19:37:00,2025-10-01 03:37:42,level_completed,1,0.0,0
2025-10,EVT-202510-9A04055BD018-0002,SYN-202510-D9A04055BD018,SYN-202510-P9A04055BD018,2025-10-01 19:38:00,2025-10-01 04:51:07,session_start,0,0.0,0
2025-10,EVT-202510-FF6FFBB45560-0004,SYN-202510-DFF6FFBB45560,SYN-202510-PFF6FFBB45560,2025-10-01 19:39:00,2025-10-01 11:23:50,level_completed,1,0.0,0
2025-10,EVT-202510-1148B92EB694-0019,SYN-202510-D1148B92EB694,SYN-202510-P1148B92EB694,2025-10-01 19:39:06,2025-10-01 19:21:06,ad_impression,0,0.0121,0
2025-10,EVT-202510-5D76614FC056-0005,SYN-202510-D5D76614FC056,SYN-202510-P5D76614FC056,2025-10-01 19:40:00,2025-10-01 12:48:40,session_start,0,0.0,0
2025-10,EVT-202510-1148B92EB694-0024,SYN-202510-D1148B92EB694,SYN-202510-P1148B92EB694,2025-10-01 19:40:06,2025-10-01 19:21:06,ad_impression,0,0.0121,0
2025-10,EVT-202510-443BE78895A5-0005,SYN-202510-D443BE78895A5,SYN-202510-P443BE78895A5,2025-10-01 19:41:00,2025-10-01 03:37:42,level_completed,1,0.0,0
2025-10,EVT-202510-1148B92EB694-0004,SYN-202510-D1148B92EB694,SYN-202510-P1148B92EB694,2025-10-01 19:41:06,2025-10-01 19:21:06,level_completed,1,0.0,0
2025-10,EVT-202510-5D76614FC056-0013,SYN-202510-D5D76614FC056,SYN-202510-P5D76614FC056,2025-10-01 19:42:00,2025-10-01 12:48:40,level_completed,1,0.0,0
2025-10,EVT-202510-5D76614FC056-0033,SYN-202510-D5D76614FC056,SYN-202510-P5D76614FC056,2025-10-01 19:42:00,2025-10-01 12:48:40,level_completed,1,0.0,0
2025-10,EVT-202510-1148B92EB694-0022,SYN-202510-D1148B92EB694,SYN-202510-P1148B92EB694,2025-10-01 19:44:06,2025-10-01 19:21:06,ad_impression,0,0.0121,0
2025-10,EVT-202510-9A04055BD018-0005,SYN-202510-D9A04055BD018,SYN-202510-P9A04055BD018,2025-10-01 19:47:00,2025-10-01 04:51:07,level_completed,1,0.0,0
2025-10,EVT-202510-91B65F8F6D53-0003,SYN-202510-D91B65F8F6D53,SYN-202510-P91B65F8F6D53,2025-10-01 19:50:00,2025-10-01 11:51:59,session_start,0,0.0,0
2025-10,EVT-202510-1148B92EB694-0006,SYN-202510-D1148B92EB694,SYN-202510-P1148B92EB694,2025-10-01 19:50:06,2025-10-01 19:21:06,level_completed,1,0.0,0
2025-10,EVT-202510-1148B92EB694-0013,SYN-202510-D1148B92EB694,SYN-202510-P1148B92EB694,2025-10-01 19:50:06,2025-10-01 19:21:06,level_completed,1,0.0,0
2025-10,EVT-202510-9A04055BD018-0003,SYN-202510-D9A04055BD018,SYN-202510-P9A04055BD018,2025-10-01 19:51:00,2025-10-01 04:51:07,level_completed,1,0.0,0
2025-10,EVT-202510-9A04055BD018-0008,SYN-202510-D9A04055BD018,SYN-202510-P9A04055BD018,2025-10-01 19:51:00,2025-10-01 04:51:07,level_completed,1,0.0,0
2025-10,EVT-202510-91B65F8F6D53-0026,SYN-202510-D91B65F8F6D53,SYN-202510-P91B65F8F6D53,2025-10-01 19:53:00,2025-10-01 11:51:59,level_completed,1,0.0,0
2025-10,EVT-202510-DD19D3DAAC82-0001,SYN-202510-DDD19D3DAAC82,SYN-202510-PDD19D3DAAC82,2025-10-01 19:53:00,2025-10-01 17:28:55,session_start,0,0.0,0
2025-10,EVT-202510-5D76614FC056-0034,SYN-202510-D5D76614FC056,SYN-202510-P5D76614FC056,2025-10-01 19:55:00,2025-10-01 12:48:40,level_completed,1,0.0,0
2025-10,EVT-202510-79293B362BD6-0012,SYN-202510-D79293B362BD6,SYN-202510-P79293B362BD6,2025-10-01 19:55:00,2025-10-01 05:52:05,level_completed,1,0.0,0
2025-10,EVT-202510-443BE78895A5-0006,SYN-202510-D443BE78895A5,SYN-202510-P443BE78895A5,2025-10-01 19:56:00,2025-10-01 03:37:42,level_completed,1,0.0,0
2025-10,EVT-202510-9A04055BD018-0006,SYN-202510-D9A04055BD018,SYN-202510-P9A04055BD018,2025-10-01 19:56:00,2025-10-01 04:51:07,level_completed,1,0.0,0
2025-10,EVT-202510-9A04055BD018-0012,SYN-202510-D9A04055BD018,SYN-202510-P9A04055BD018,2025-10-01 19:56:00,2025-10-01 04:51:07,level_completed,1,0.0,0
2025-10,EVT-202510-79293B362BD6-0037,SYN-202510-D79293B362BD6,SYN-202510-P79293B362BD6,2025-10-01 19:58:00,2025-10-01 05:52:05,level_completed,1,0.0,0
2025-10,EVT-202510-5D76614FC056-0030,SYN-202510-D5D76614FC056,SYN-202510-P5D76614FC056,2025-10-01 19:59:00,2025-10-01 12:48:40,level_completed,1,0.0,0
2025-10,EVT-202510-79293B362BD6-0041,SYN-202510-D79293B362BD6,SYN-202510-P79293B362BD6,2025-10-01 19:59:00,2025-10-01 05:52:05,level_completed,1,0.0,0
2025-10,EVT-202510-67FEF20AEF23-0001,SYN-202510-D67FEF20AEF23,SYN-202510-P67FEF20AEF23,2025-10-01 20:00:42,2025-10-01 19:59:42,session_start,0,0.0,0
2025-10,EVT-202510-67FEF20AEF23-0002,SYN-202510-D67FEF20AEF23,SYN-202510-P67FEF20AEF23,2025-10-01 20:00:42,2025-10-01 19:59:42,session_start,0,0.0,0
2025-10,EVT-202510-1148B92EB694-0005,SYN-202510-D1148B92EB694,SYN-202510-P1148B92EB694,2025-10-01 20:02:06,2025-10-01 19:21:06,level_completed,1,0.0,0
2025-10,EVT-202510-5C884385067E-0001,SYN-202510-D5C884385067E,SYN-202510-P5C884385067E,2025-10-01 20:02:27,2025-10-01 20:01:27,session_start,0,0.0,0
2025-10,EVT-202510-67FEF20AEF23-0019,SYN-202510-D67FEF20AEF23,SYN-202510-P67FEF20AEF23,2025-10-01 20:02:42,2025-10-01 19:59:42,level_completed,1,0.0,0
2025-10,EVT-202510-67FEF20AEF23-0026,SYN-202510-D67FEF20AEF23,SYN-202510-P67FEF20AEF23,2025-10-01 20:02:42,2025-10-01 19:59:42,level_completed,1,0.0,0
2025-10,EVT-202510-83E62781AB9E-0001,SYN-202510-D83E62781AB9E,SYN-202510-P83E62781AB9E,2025-10-01 20:02:53,2025-10-01 20:01:53,session_start,0,0.0,0
2025-10,EVT-202510-1148B92EB694-0008,SYN-202510-D1148B92EB694,SYN-202510-P1148B92EB694,2025-10-01 20:03:06,2025-10-01 19:21:06,level_completed,1,0.0,0
2025-10,EVT-202510-67FEF20AEF23-0009,SYN-202510-D67FEF20AEF23,SYN-202510-P67FEF20AEF23,2025-10-01 20:04:42,2025-10-01 19:59:42,level_completed,1,0.0,0
2025-10,EVT-202510-67FEF20AEF23-0020,SYN-202510-D67FEF20AEF23,SYN-202510-P67FEF20AEF23,2025-10-01 20:04:42,2025-10-01 19:59:42,level_completed,1,0.0,0
2025-10,EVT-202510-79293B362BD6-0054,SYN-202510-D79293B362BD6,SYN-202510-P79293B362BD6,2025-10-01 20:05:00,2025-10-01 05:52:05,ad_impression,0,0.0201,0
2025-10,EVT-202510-79293B362BD6-0018,SYN-202510-D79293B362BD6,SYN-202510-P79293B362BD6,2025-10-01 20:06:00,2025-10-01 05:52:05,level_completed,1,0.0,0
2025-10,EVT-202510-83E62781AB9E-0036,SYN-202510-D83E62781AB9E,SYN-202510-P83E62781AB9E,2025-10-01 20:06:53,2025-10-01 20:01:53,level_completed,1,0.0,0
2025-10,EVT-202510-67FEF20AEF23-0013,SYN-202510-D67FEF20AEF23,SYN-202510-P67FEF20AEF23,2025-10-01 20:08:42,2025-10-01 19:59:42,level_completed,1,0.0,0
2025-10,EVT-202510-83E62781AB9E-0022,SYN-202510-D83E62781AB9E,SYN-202510-P83E62781AB9E,2025-10-01 20:08:53,2025-10-01 20:01:53,level_completed,1,0.0,0
2025-10,EVT-202510-83E62781AB9E-0045,SYN-202510-D83E62781AB9E,SYN-202510-P83E62781AB9E,2025-10-01 20:08:53,2025-10-01 20:01:53,level_completed,1,0.0,0
2025-10,EVT-202510-443BE78895A5-0011,SYN-202510-D443BE78895A5,SYN-202510-P443BE78895A5,2025-10-01 20:09:00,2025-10-01 03:37:42,ad_impression,0,0.0666,0
2025-10,EVT-202510-83E62781AB9E-0018,SYN-202510-D83E62781AB9E,SYN-202510-P83E62781AB9E,2025-10-01 20:09:53,2025-10-01 20:01:53,level_completed,1,0.0,0
2025-10,EVT-202510-83E62781AB9E-0034,SYN-202510-D83E62781AB9E,SYN-202510-P83E62781AB9E,2025-10-01 20:09:53,2025-10-01 20:01:53,level_completed,1,0.0,0
2025-10,EVT-202510-67FEF20AEF23-0015,SYN-202510-D67FEF20AEF23,SYN-202510-P67FEF20AEF23,2025-10-01 20:10:42,2025-10-01 19:59:42,level_completed,1,0.0,0
2025-10,EVT-202510-443BE78895A5-0003,SYN-202510-D443BE78895A5,SYN-202510-P443BE78895A5,2025-10-01 20:11:00,2025-10-01 03:37:42,level_completed,1,0.0,0
2025-10,EVT-202510-5D76614FC056-0035,SYN-202510-D5D76614FC056,SYN-202510-P5D76614FC056,2025-10-01 20:11:00,2025-10-01 12:48:40,level_completed,1,0.0,0
2025-10,EVT-202510-67FEF20AEF23-0033,SYN-202510-D67FEF20AEF23,SYN-202510-P67FEF20AEF23,2025-10-01 20:11:42,2025-10-01 19:59:42,ad_impression,0,0.0126,0
2025-10,EVT-202510-5D76614FC056-0055,SYN-202510-D5D76614FC056,SYN-202510-P5D76614FC056,2025-10-01 20:12:00,2025-10-01 12:48:40,ad_impression,0,0.0052,0
2025-10,EVT-202510-1148B92EB694-0010,SYN-202510-D1148B92EB694,SYN-202510-P1148B92EB694,2025-10-01 20:12:06,2025-10-01 19:21:06,level_completed,1,0.0,0
2025-10,EVT-202510-1148B92EB694-0012,SYN-202510-D1148B92EB694,SYN-202510-P1148B92EB694,2025-10-01 20:12:06,2025-10-01 19:21:06,level_completed,1,0.0,0
2025-10,EVT-202510-67FEF20AEF23-0031,SYN-202510-D67FEF20AEF23,SYN-202510-P67FEF20AEF23,2025-10-01 20:12:42,2025-10-01 19:59:42,ad_impression,0,0.0126,0
2025-10,EVT-202510-83E62781AB9E-0032,SYN-202510-D83E62781AB9E,SYN-202510-P83E62781AB9E,2025-10-01 20:12:53,2025-10-01 20:01:53,level_completed,1,0.0,0
2025-10,EVT-202510-9A04055BD018-0013,SYN-202510-D9A04055BD018,SYN-202510-P9A04055BD018,2025-10-01 20:13:00,2025-10-01 04:51:07,level_completed,1,0.0,0
2025-10,EVT-202510-5D76614FC056-0043,SYN-202510-D5D76614FC056,SYN-202510-P5D76614FC056,2025-10-01 20:14:00,2025-10-01 12:48:40,ad_impression,0,0.0052,0
2025-10,EVT-202510-1148B92EB694-0014,SYN-202510-D1148B92EB694,SYN-202510-P1148B92EB694,2025-10-01 20:14:06,2025-10-01 19:21:06,level_completed,1,0.0,0
2025-10,EVT-202510-83E62781AB9E-0008,SYN-202510-D83E62781AB9E,SYN-202510-P83E62781AB9E,2025-10-01 20:14:53,2025-10-01 20:01:53,level_completed,1,0.0,0
2025-10,EVT-202510-5D76614FC056-0017,SYN-202510-D5D76614FC056,SYN-202510-P5D76614FC056,2025-10-01 20:15:00,2025-10-01 12:48:40,level_completed,1,0.0,0
2025-10,EVT-202510-DD19D3DAAC82-0006,SYN-202510-DDD19D3DAAC82,SYN-202510-PDD19D3DAAC82,2025-10-01 20:15:00,2025-10-01 17:28:55,ad_impression,0,0.4304,0
2025-10,EVT-202510-67FEF20AEF23-0025,SYN-202510-D67FEF20AEF23,SYN-202510-P67FEF20AEF23,2025-10-01 20:15:42,2025-10-01 19:59:42,level_completed,1,0.0,0
2025-10,EVT-202510-83E62781AB9E-0027,SYN-202510-D83E62781AB9E,SYN-202510-P83E62781AB9E,2025-10-01 20:16:53,2025-10-01 20:01:53,level_completed,1,0.0,0
2025-10,EVT-202510-67FEF20AEF23-0014,SYN-202510-D67FEF20AEF23,SYN-202510-P67FEF20AEF23,2025-10-01 20:17:42,2025-10-01 19:59:42,level_completed,1,0.0,0
2025-10,EVT-202510-67FEF20AEF23-0017,SYN-202510-D67FEF20AEF23,SYN-202510-P67FEF20AEF23,2025-10-01 20:17:42,2025-10-01 19:59:42,level_completed,1,0.0,0
2025-10,EVT-202510-83E62781AB9E-0005,SYN-202510-D83E62781AB9E,SYN-202510-P83E62781AB9E,2025-10-01 20:18:53,2025-10-01 20:01:53,level_completed,1,0.0,0
2025-10,EVT-202510-443BE78895A5-0012,SYN-202510-D443BE78895A5,SYN-202510-P443BE78895A5,2025-10-01 20:19:00,2025-10-01 03:37:42,ad_impression,0,0.0666,0
2025-10,EVT-202510-1148B92EB694-0007,SYN-202510-D1148B92EB694,SYN-202510-P1148B92EB694,2025-10-01 20:19:06,2025-10-01 19:21:06,level_completed,1,0.0,0
2025-10,EVT-202510-67FEF20AEF23-0010,SYN-202510-D67FEF20AEF23,SYN-202510-P67FEF20AEF23,2025-10-01 20:19:42,2025-10-01 19:59:42,level_completed,1,0.0,0
2025-10,EVT-202510-67FEF20AEF23-0028,SYN-202510-D67FEF20AEF23,SYN-202510-P67FEF20AEF23,2025-10-01 20:20:42,2025-10-01 19:59:42,ad_impression,0,0.0126,0
2025-10,EVT-202510-83E62781AB9E-0019,SYN-202510-D83E62781AB9E,SYN-202510-P83E62781AB9E,2025-10-01 20:20:53,2025-10-01 20:01:53,level_completed,1,0.0,0
2025-10,EVT-202510-5C884385067E-0005,SYN-202510-D5C884385067E,SYN-202510-P5C884385067E,2025-10-01 20:21:27,2025-10-01 20:01:27,level_completed,1,0.0,0
2025-10,EVT-202510-67FEF20AEF23-0035,SYN-202510-D67FEF20AEF23,SYN-202510-P67FEF20AEF23,2025-10-01 20:21:42,2025-10-01 19:59:42,ad_impression,0,0.0126,0
2025-10,EVT-202510-83E62781AB9E-0029,SYN-202510-D83E62781AB9E,SYN-202510-P83E62781AB9E,2025-10-01 20:21:53,2025-10-01 20:01:53,level_completed,1,0.0,0
2025-10,EVT-202510-83E62781AB9E-0026,SYN-202510-D83E62781AB9E,SYN-202510-P83E62781AB9E,2025-10-01 20:22:53,2025-10-01 20:01:53,level_completed,1,0.0,0
2025-10,EVT-202510-5D76614FC056-0036,SYN-202510-D5D76614FC056,SYN-202510-P5D76614FC056,2025-10-01 20:23:00,2025-10-01 12:48:40,level_completed,1,0.0,0
2025-10,EVT-202510-DD19D3DAAC82-0002,SYN-202510-DDD19D3DAAC82,SYN-202510-PDD19D3DAAC82,2025-10-01 20:24:00,2025-10-01 17:28:55,level_completed,1,0.0,0
2025-10,EVT-202510-83E62781AB9E-0003,SYN-202510-D83E62781AB9E,SYN-202510-P83E62781AB9E,2025-10-01 20:25:53,2025-10-01 20:01:53,level_completed,1,0.0,0
2025-10,EVT-202510-83E62781AB9E-0006,SYN-202510-D83E62781AB9E,SYN-202510-P83E62781AB9E,2025-10-01 20:26:53,2025-10-01 20:01:53,level_completed,1,0.0,0
2025-10,EVT-202510-83E62781AB9E-0047,SYN-202510-D83E62781AB9E,SYN-202510-P83E62781AB9E,2025-10-01 20:26:53,2025-10-01 20:01:53,level_completed,1,0.0,0
2025-10,EVT-202510-67FEF20AEF23-0018,SYN-202510-D67FEF20AEF23,SYN-202510-P67FEF20AEF23,2025-10-01 20:27:42,2025-10-01 19:59:42,level_completed,1,0.0,0
2025-10,EVT-202510-5D76614FC056-0018,SYN-202510-D5D76614FC056,SYN-202510-P5D76614FC056,2025-10-01 20:28:00,2025-10-01 12:48:40,level_completed,1,0.0,0
2025-10,EVT-202510-83E62781AB9E-0040,SYN-202510-D83E62781AB9E,SYN-202510-P83E62781AB9E,2025-10-01 20:28:53,2025-10-01 20:01:53,level_completed,1,0.0,0
2025-10,EVT-202510-83E62781AB9E-0048,SYN-202510-D83E62781AB9E,SYN-202510-P83E62781AB9E,2025-10-01 20:29:53,2025-10-01 20:01:53,level_completed,1,0.0,0
2025-10,EVT-202510-1148B92EB694-0018,SYN-202510-D1148B92EB694,SYN-202510-P1148B92EB694,2025-10-01 20:30:06,2025-10-01 19:21:06,ad_impression,0,0.0121,0
2025-10,EVT-202510-83E62781AB9E-0035,SYN-202510-D83E62781AB9E,SYN-202510-P83E62781AB9E,2025-10-01 20:30:53,2025-10-01 20:01:53,level_completed,1,0.0,0
2025-10,EVT-202510-83E62781AB9E-0004,SYN-202510-D83E62781AB9E,SYN-202510-P83E62781AB9E,2025-10-01 20:31:53,2025-10-01 20:01:53,level_completed,1,0.0,0
2025-10,EVT-202510-83E62781AB9E-0007,SYN-202510-D83E62781AB9E,SYN-202510-P83E62781AB9E,2025-10-01 20:31:53,2025-10-01 20:01:53,level_completed,1,0.0,0
2025-10,EVT-202510-83E62781AB9E-0009,SYN-202510-D83E62781AB9E,SYN-202510-P83E62781AB9E,2025-10-01 20:31:53,2025-10-01 20:01:53,level_completed,1,0.0,0
2025-10,EVT-202510-9A04055BD018-0007,SYN-202510-D9A04055BD018,SYN-202510-P9A04055BD018,2025-10-01 20:32:00,2025-10-01 04:51:07,level_completed,1,0.0,0
2025-10,EVT-202510-83E62781AB9E-0020,SYN-202510-D83E62781AB9E,SYN-202510-P83E62781AB9E,2025-10-01 20:32:53,2025-10-01 20:01:53,level_completed,1,0.0,0
2025-10,EVT-202510-83E62781AB9E-0042,SYN-202510-D83E62781AB9E,SYN-202510-P83E62781AB9E,2025-10-01 20:32:53,2025-10-01 20:01:53,level_completed,1,0.0,0
2025-10,EVT-202510-67FEF20AEF23-0024,SYN-202510-D67FEF20AEF23,SYN-202510-P67FEF20AEF23,2025-10-01 20:33:42,2025-10-01 19:59:42,level_completed,1,0.0,0
2025-10,EVT-202510-91B65F8F6D53-0021,SYN-202510-D91B65F8F6D53,SYN-202510-P91B65F8F6D53,2025-10-01 20:34:00,2025-10-01 11:51:59,level_completed,1,0.0,0
2025-10,EVT-202510-9A04055BD018-0010,SYN-202510-D9A04055BD018,SYN-202510-P9A04055BD018,2025-10-01 20:34:00,2025-10-01 04:51:07,level_completed,1,0.0,0
2025-10,EVT-202510-83E62781AB9E-0033,SYN-202510-D83E62781AB9E,SYN-202510-P83E62781AB9E,2025-10-01 20:34:53,2025-10-01 20:01:53,level_completed,1,0.0,0
2025-10,EVT-202510-5D76614FC056-0048,SYN-202510-D5D76614FC056,SYN-202510-P5D76614FC056,2025-10-01 20:35:00,2025-10-01 12:48:40,ad_impression,0,0.0052,0
2025-10,EVT-202510-DD19D3DAAC82-0003,SYN-202510-DDD19D3DAAC82,SYN-202510-PDD19D3DAAC82,2025-10-01 20:35:00,2025-10-01 17:28:55,level_completed,1,0.0,0
2025-10,EVT-202510-5C884385067E-0004,SYN-202510-D5C884385067E,SYN-202510-P5C884385067E,2025-10-01 20:35:27,2025-10-01 20:01:27,level_completed,1,0.0,0
2025-10,EVT-202510-67FEF20AEF23-0029,SYN-202510-D67FEF20AEF23,SYN-202510-P67FEF20AEF23,2025-10-01 20:35:42,2025-10-01 19:59:42,ad_impression,0,0.0126,0
2025-10,EVT-202510-67FEF20AEF23-0006,SYN-202510-D67FEF20AEF23,SYN-202510-P67FEF20AEF23,2025-10-01 20:36:42,2025-10-01 19:59:42,level_completed,1,0.0,0
2025-10,EVT-202510-67FEF20AEF23-0007,SYN-202510-D67FEF20AEF23,SYN-202510-P67FEF20AEF23,2025-10-01 20:36:42,2025-10-01 19:59:42,level_completed,1,0.0,0
2025-10,EVT-202510-5D76614FC056-0051,SYN-202510-D5D76614FC056,SYN-202510-P5D76614FC056,2025-10-01 20:37:00,2025-10-01 12:48:40,ad_impression,0,0.0052,0
2025-10,EVT-202510-67FEF20AEF23-0032,SYN-202510-D67FEF20AEF23,SYN-202510-P67FEF20AEF23,2025-10-01 20:37:42,2025-10-01 19:59:42,ad_impression,0,0.0126,0
2025-10,EVT-202510-91B65F8F6D53-0050,SYN-202510-D91B65F8F6D53,SYN-202510-P91B65F8F6D53,2025-10-01 20:38:00,2025-10-01 11:51:59,level_completed,1,0.0,0
2025-10,EVT-202510-67FEF20AEF23-0023,SYN-202510-D67FEF20AEF23,SYN-202510-P67FEF20AEF23,2025-10-01 20:38:42,2025-10-01 19:59:42,level_completed,1,0.0,0
2025-10,EVT-202510-83E62781AB9E-0051,SYN-202510-D83E62781AB9E,SYN-202510-P83E62781AB9E,2025-10-01 20:38:53,2025-10-01 20:01:53,ad_impression,0,0.0592,0
2025-10,EVT-202510-67FEF20AEF23-0005,SYN-202510-D67FEF20AEF23,SYN-202510-P67FEF20AEF23,2025-10-01 20:39:42,2025-10-01 19:59:42,level_completed,1,0.0,0
2025-10,EVT-202510-83E62781AB9E-0017,SYN-202510-D83E62781AB9E,SYN-202510-P83E62781AB9E,2025-10-01 20:39:53,2025-10-01 20:01:53,level_completed,1,0.0,0
2025-10,EVT-202510-83E62781AB9E-0023,SYN-202510-D83E62781AB9E,SYN-202510-P83E62781AB9E,2025-10-01 20:39:53,2025-10-01 20:01:53,level_completed,1,0.0,0
2025-10,EVT-202510-67FEF20AEF23-0016,SYN-202510-D67FEF20AEF23,SYN-202510-P67FEF20AEF23,2025-10-01 20:41:42,2025-10-01 19:59:42,level_completed,1,0.0,0
2025-10,EVT-202510-91B65F8F6D53-0038,SYN-202510-D91B65F8F6D53,SYN-202510-P91B65F8F6D53,2025-10-01 20:43:00,2025-10-01 11:51:59,level_completed,1,0.0,0
2025-10,EVT-202510-91B65F8F6D53-0053,SYN-202510-D91B65F8F6D53,SYN-202510-P91B65F8F6D53,2025-10-01 20:43:00,2025-10-01 11:51:59,ad_impression,0,0.035,0
2025-10,EVT-202510-83E62781AB9E-0031,SYN-202510-D83E62781AB9E,SYN-202510-P83E62781AB9E,2025-10-01 20:46:53,2025-10-01 20:01:53,level_completed,1,0.0,0
2025-10,EVT-202510-5C884385067E-0003,SYN-202510-D5C884385067E,SYN-202510-P5C884385067E,2025-10-01 20:47:27,2025-10-01 20:01:27,level_completed,1,0.0,0
2025-10,EVT-202510-83E62781AB9E-0030,SYN-202510-D83E62781AB9E,SYN-202510-P83E62781AB9E,2025-10-01 20:47:53,2025-10-01 20:01:53,level_completed,1,0.0,0
2025-10,EVT-202510-83E62781AB9E-0024,SYN-202510-D83E62781AB9E,SYN-202510-P83E62781AB9E,2025-10-01 20:48:53,2025-10-01 20:01:53,level_completed,1,0.0,0
2025-10,EVT-202510-67FEF20AEF23-0012,SYN-202510-D67FEF20AEF23,SYN-202510-P67FEF20AEF23,2025-10-01 20:49:42,2025-10-01 19:59:42,level_completed,1,0.0,0
2025-10,EVT-202510-5D76614FC056-0010,SYN-202510-D5D76614FC056,SYN-202510-P5D76614FC056,2025-10-01 20:50:00,2025-10-01 12:48:40,level_completed,1,0.0,0
2025-10,EVT-202510-67FEF20AEF23-0004,SYN-202510-D67FEF20AEF23,SYN-202510-P67FEF20AEF23,2025-10-01 20:50:42,2025-10-01 19:59:42,level_completed,1,0.0,0
2025-10,EVT-202510-67FEF20AEF23-0008,SYN-202510-D67FEF20AEF23,SYN-202510-P67FEF20AEF23,2025-10-01 20:51:42,2025-10-01 19:59:42,level_completed,1,0.0,0
2025-10,EVT-202510-1148B92EB694-0021,SYN-202510-D1148B92EB694,SYN-202510-P1148B92EB694,2025-10-01 20:52:06,2025-10-01 19:21:06,ad_impression,0,0.0121,0
2025-10,EVT-202510-83E62781AB9E-0021,SYN-202510-D83E62781AB9E,SYN-202510-P83E62781AB9E,2025-10-01 20:53:53,2025-10-01 20:01:53,level_completed,1,0.0,0
2025-10,EVT-202510-5D76614FC056-0044,SYN-202510-D5D76614FC056,SYN-202510-P5D76614FC056,2025-10-01 20:54:00,2025-10-01 12:48:40,ad_impression,0,0.0052,0
2025-10,EVT-202510-91B65F8F6D53-0005,SYN-202510-D91B65F8F6D53,SYN-202510-P91B65F8F6D53,2025-10-01 20:54:00,2025-10-01 11:51:59,level_completed,1,0.0,0
2025-10,EVT-202510-83E62781AB9E-0041,SYN-202510-D83E62781AB9E,SYN-202510-P83E62781AB9E,2025-10-01 20:55:53,2025-10-01 20:01:53,level_completed,1,0.0,0
2025-10,EVT-202510-9A04055BD018-0009,SYN-202510-D9A04055BD018,SYN-202510-P9A04055BD018,2025-10-01 20:56:00,2025-10-01 04:51:07,level_completed,1,0.0,0
2025-10,EVT-202510-9A04055BD018-0011,SYN-202510-D9A04055BD018,SYN-202510-P9A04055BD018,2025-10-01 20:56:00,2025-10-01 04:51:07,level_completed,1,0.0,0
2025-10,EVT-202510-DD19D3DAAC82-0004,SYN-202510-DDD19D3DAAC82,SYN-202510-PDD19D3DAAC82,2025-10-01 20:57:00,2025-10-01 17:28:55,level_completed,1,0.0,0
2025-10,EVT-202510-83E62781AB9E-0016,SYN-202510-D83E62781AB9E,SYN-202510-P83E62781AB9E,2025-10-01 20:57:53,2025-10-01 20:01:53,level_completed,1,0.0,0
2025-10,EVT-202510-83E62781AB9E-0002,SYN-202510-D83E62781AB9E,SYN-202510-P83E62781AB9E,2025-10-01 20:58:53,2025-10-01 20:01:53,level_completed,1,0.0,0
2025-10,EVT-202510-83E62781AB9E-0012,SYN-202510-D83E62781AB9E,SYN-202510-P83E62781AB9E,2025-10-01 20:58:53,2025-10-01 20:01:53,level_completed,1,0.0,0
2025-10,EVT-202510-5D76614FC056-0053,SYN-202510-D5D76614FC056,SYN-202510-P5D76614FC056,2025-10-01 21:00:00,2025-10-01 12:48:40,ad_impression,0,0.0052,0
2025-10,EVT-202510-DD19D3DAAC82-0005,SYN-202510-DDD19D3DAAC82,SYN-202510-PDD19D3DAAC82,2025-10-01 21:00:00,2025-10-01 17:28:55,level_completed,1,0.0,0
2025-10,EVT-202510-83E62781AB9E-0015,SYN-202510-D83E62781AB9E,SYN-202510-P83E62781AB9E,2025-10-01 21:00:53,2025-10-01 20:01:53,level_completed,1,0.0,0
2025-10,EVT-202510-83E62781AB9E-0028,SYN-202510-D83E62781AB9E,SYN-202510-P83E62781AB9E,2025-10-01 21:00:53,2025-10-01 20:01:53,level_completed,1,0.0,0
2025-10,EVT-202510-83E62781AB9E-0046,SYN-202510-D83E62781AB9E,SYN-202510-P83E62781AB9E,2025-10-01 21:00:53,2025-10-01 20:01:53,level_completed,1,0.0,0
2025-10,EVT-202510-83E62781AB9E-0050,SYN-202510-D83E62781AB9E,SYN-202510-P83E62781AB9E,2025-10-01 21:01:53,2025-10-01 20:01:53,ad_impression,0,0.0592,0
2025-10,EVT-202510-91B65F8F6D53-0033,SYN-202510-D91B65F8F6D53,SYN-202510-P91B65F8F6D53,2025-10-01 21:02:00,2025-10-01 11:51:59,level_completed,1,0.0,0
2025-10,EVT-202510-83E62781AB9E-0010,SYN-202510-D83E62781AB9E,SYN-202510-P83E62781AB9E,2025-10-01 21:03:53,2025-10-01 20:01:53,level_completed,1,0.0,0
2025-10,EVT-202510-83E62781AB9E-0037,SYN-202510-D83E62781AB9E,SYN-202510-P83E62781AB9E,2025-10-01 21:03:53,2025-10-01 20:01:53,level_completed,1,0.0,0
2025-10,EVT-202510-67FEF20AEF23-0021,SYN-202510-D67FEF20AEF23,SYN-202510-P67FEF20AEF23,2025-10-01 21:04:42,2025-10-01 19:59:42,level_completed,1,0.0,0
2025-10,EVT-202510-67FEF20AEF23-0030,SYN-202510-D67FEF20AEF23,SYN-202510-P67FEF20AEF23,2025-10-01 21:04:42,2025-10-01 19:59:42,ad_impression,0,0.0126,0
2025-10,EVT-202510-67FEF20AEF23-0034,SYN-202510-D67FEF20AEF23,SYN-202510-P67FEF20AEF23,2025-10-01 21:04:42,2025-10-01 19:59:42,ad_impression,0,0.0126,0
2025-10,EVT-202510-83E62781AB9E-0044,SYN-202510-D83E62781AB9E,SYN-202510-P83E62781AB9E,2025-10-01 21:04:53,2025-10-01 20:01:53,level_completed,1,0.0,0
2025-10,EVT-202510-91B65F8F6D53-0042,SYN-202510-D91B65F8F6D53,SYN-202510-P91B65F8F6D53,2025-10-01 21:06:00,2025-10-01 11:51:59,level_completed,1,0.0,0
2025-10,EVT-202510-67FEF20AEF23-0022,SYN-202510-D67FEF20AEF23,SYN-202510-P67FEF20AEF23,2025-10-01 21:06:42,2025-10-01 19:59:42,level_completed,1,0.0,0
2025-10,EVT-202510-83E62781AB9E-0014,SYN-202510-D83E62781AB9E,SYN-202510-P83E62781AB9E,2025-10-01 21:06:53,2025-10-01 20:01:53,level_completed,1,0.0,0
2025-10,EVT-202510-83E62781AB9E-0039,SYN-202510-D83E62781AB9E,SYN-202510-P83E62781AB9E,2025-10-01 21:06:53,2025-10-01 20:01:53,level_completed,1,0.0,0
2025-10,EVT-202510-5D76614FC056-0039,SYN-202510-D5D76614FC056,SYN-202510-P5D76614FC056,2025-10-01 21:08:00,2025-10-01 12:48:40,ad_impression,0,0.0052,0
2025-10,EVT-202510-91B65F8F6D53-0039,SYN-202510-D91B65F8F6D53,SYN-202510-P91B65F8F6D53,2025-10-01 21:08:00,2025-10-01 11:51:59,level_completed,1,0.0,0
2025-10,EVT-202510-67FEF20AEF23-0003,SYN-202510-D67FEF20AEF23,SYN-202510-P67FEF20AEF23,2025-10-01 21:08:42,2025-10-01 19:59:42,level_completed,1,0.0,0
2025-10,EVT-202510-5C884385067E-0002,SYN-202510-D5C884385067E,SYN-202510-P5C884385067E,2025-10-01 21:11:27,2025-10-01 20:01:27,level_completed,1,0.0,0
2025-10,EVT-202510-83E62781AB9E-0013,SYN-202510-D83E62781AB9E,SYN-202510-P83E62781AB9E,2025-10-01 21:13:53,2025-10-01 20:01:53,level_completed,1,0.0,0
2025-10,EVT-202510-83E62781AB9E-0043,SYN-202510-D83E62781AB9E,SYN-202510-P83E62781AB9E,2025-10-01 21:13:53,2025-10-01 20:01:53,level_completed,1,0.0,0
2025-10,EVT-202510-83E62781AB9E-0049,SYN-202510-D83E62781AB9E,SYN-202510-P83E62781AB9E,2025-10-01 21:14:53,2025-10-01 20:01:53,ad_impression,0,0.0592,0
2025-10,EVT-202510-67FEF20AEF23-0011,SYN-202510-D67FEF20AEF23,SYN-202510-P67FEF20AEF23,2025-10-01 21:17:42,2025-10-01 19:59:42,level_completed,1,0.0,0
2025-10,EVT-202510-83E62781AB9E-0025,SYN-202510-D83E62781AB9E,SYN-202510-P83E62781AB9E,2025-10-01 21:19:53,2025-10-01 20:01:53,level_completed,1,0.0,0
2025-10,EVT-202510-67FEF20AEF23-0027,SYN-202510-D67FEF20AEF23,SYN-202510-P67FEF20AEF23,2025-10-01 21:22:42,2025-10-01 19:59:42,ad_impression,0,0.0126,0
2025-10,EVT-202510-83E62781AB9E-0011,SYN-202510-D83E62781AB9E,SYN-202510-P83E62781AB9E,2025-10-01 21:22:53,2025-10-01 20:01:53,level_completed,1,0.0,0
2025-10,EVT-202510-83E62781AB9E-0038,SYN-202510-D83E62781AB9E,SYN-202510-P83E62781AB9E,2025-10-01 21:22:53,2025-10-01 20:01:53,level_completed,1,0.0,0
2025-10,EVT-202510-C728DC4D8C3C-0001,SYN-202510-DC728DC4D8C3C,SYN-202510-PC728DC4D8C3C,2025-10-01 21:30:20,2025-10-01 21:29:20,session_start,0,0.0,0
2025-10,EVT-202510-C728DC4D8C3C-0002,SYN-202510-DC728DC4D8C3C,SYN-202510-PC728DC4D8C3C,2025-10-01 21:30:20,2025-10-01 21:29:20,session_start,0,0.0,0
2025-10,EVT-202510-C728DC4D8C3C-0003,SYN-202510-DC728DC4D8C3C,SYN-202510-PC728DC4D8C3C,2025-10-01 21:30:20,2025-10-01 21:29:20,session_start,0,0.0,0
2025-10,EVT-202510-C728DC4D8C3C-0004,SYN-202510-DC728DC4D8C3C,SYN-202510-PC728DC4D8C3C,2025-10-01 21:30:20,2025-10-01 21:29:20,session_start,0,0.0,0
2025-10,EVT-202510-C728DC4D8C3C-0009,SYN-202510-DC728DC4D8C3C,SYN-202510-PC728DC4D8C3C,2025-10-01 21:32:20,2025-10-01 21:29:20,level_completed,1,0.0,0
2025-10,EVT-202510-C728DC4D8C3C-0015,SYN-202510-DC728DC4D8C3C,SYN-202510-PC728DC4D8C3C,2025-10-01 21:32:20,2025-10-01 21:29:20,level_completed,1,0.0,0
2025-10,EVT-202510-C728DC4D8C3C-0040,SYN-202510-DC728DC4D8C3C,SYN-202510-PC728DC4D8C3C,2025-10-01 21:34:20,2025-10-01 21:29:20,level_completed,1,0.0,0
2025-10,EVT-202510-C728DC4D8C3C-0005,SYN-202510-DC728DC4D8C3C,SYN-202510-PC728DC4D8C3C,2025-10-01 21:35:20,2025-10-01 21:29:20,level_completed,1,0.0,0
2025-10,EVT-202510-C728DC4D8C3C-0017,SYN-202510-DC728DC4D8C3C,SYN-202510-PC728DC4D8C3C,2025-10-01 21:37:20,2025-10-01 21:29:20,level_completed,1,0.0,0
2025-10,EVT-202510-C728DC4D8C3C-0039,SYN-202510-DC728DC4D8C3C,SYN-202510-PC728DC4D8C3C,2025-10-01 21:41:20,2025-10-01 21:29:20,level_completed,1,0.0,0
2025-10,EVT-202510-C728DC4D8C3C-0042,SYN-202510-DC728DC4D8C3C,SYN-202510-PC728DC4D8C3C,2025-10-01 21:43:20,2025-10-01 21:29:20,level_completed,1,0.0,0
2025-10,EVT-202510-C728DC4D8C3C-0056,SYN-202510-DC728DC4D8C3C,SYN-202510-PC728DC4D8C3C,2025-10-01 21:44:20,2025-10-01 21:29:20,ad_impression,0,0.0222,0
2025-10,EVT-202510-C728DC4D8C3C-0018,SYN-202510-DC728DC4D8C3C,SYN-202510-PC728DC4D8C3C,2025-10-01 21:45:20,2025-10-01 21:29:20,level_completed,1,0.0,0
2025-10,EVT-202510-91B65F8F6D53-0004,SYN-202510-D91B65F8F6D53,SYN-202510-P91B65F8F6D53,2025-10-01 21:46:00,2025-10-01 11:51:59,session_start,0,0.0,0
2025-10,EVT-202510-91B65F8F6D53-0043,SYN-202510-D91B65F8F6D53,SYN-202510-P91B65F8F6D53,2025-10-01 21:48:00,2025-10-01 11:51:59,level_completed,1,0.0,0
2025-10,EVT-202510-C728DC4D8C3C-0016,SYN-202510-DC728DC4D8C3C,SYN-202510-PC728DC4D8C3C,2025-10-01 21:48:20,2025-10-01 21:29:20,level_completed,1,0.0,0
2025-10,EVT-202510-C728DC4D8C3C-0020,SYN-202510-DC728DC4D8C3C,SYN-202510-PC728DC4D8C3C,2025-10-01 21:48:20,2025-10-01 21:29:20,level_completed,1,0.0,0
2025-10,EVT-202510-C728DC4D8C3C-0051,SYN-202510-DC728DC4D8C3C,SYN-202510-PC728DC4D8C3C,2025-10-01 21:49:20,2025-10-01 21:29:20,ad_impression,0,0.0222,0
2025-10,EVT-202510-C728DC4D8C3C-0050,SYN-202510-DC728DC4D8C3C,SYN-202510-PC728DC4D8C3C,2025-10-01 21:52:20,2025-10-01 21:29:20,ad_impression,0,0.0222,0
2025-10,EVT-202510-C728DC4D8C3C-0026,SYN-202510-DC728DC4D8C3C,SYN-202510-PC728DC4D8C3C,2025-10-01 21:53:20,2025-10-01 21:29:20,level_completed,1,0.0,0
2025-10,EVT-202510-C728DC4D8C3C-0008,SYN-202510-DC728DC4D8C3C,SYN-202510-PC728DC4D8C3C,2025-10-01 21:54:20,2025-10-01 21:29:20,level_completed,1,0.0,0
2025-10,EVT-202510-C728DC4D8C3C-0032,SYN-202510-DC728DC4D8C3C,SYN-202510-PC728DC4D8C3C,2025-10-01 21:54:20,2025-10-01 21:29:20,level_completed,1,0.0,0
2025-10,EVT-202510-C728DC4D8C3C-0052,SYN-202510-DC728DC4D8C3C,SYN-202510-PC728DC4D8C3C,2025-10-01 21:54:20,2025-10-01 21:29:20,ad_impression,0,0.0222,0
2025-10,EVT-202510-C728DC4D8C3C-0019,SYN-202510-DC728DC4D8C3C,SYN-202510-PC728DC4D8C3C,2025-10-01 21:55:20,2025-10-01 21:29:20,level_completed,1,0.0,0
2025-10,EVT-202510-C728DC4D8C3C-0033,SYN-202510-DC728DC4D8C3C,SYN-202510-PC728DC4D8C3C,2025-10-01 21:56:20,2025-10-01 21:29:20,level_completed,1,0.0,0
2025-10,EVT-202510-C728DC4D8C3C-0049,SYN-202510-DC728DC4D8C3C,SYN-202510-PC728DC4D8C3C,2025-10-01 21:56:20,2025-10-01 21:29:20,ad_impression,0,0.0222,0
2025-10,EVT-202510-C728DC4D8C3C-0044,SYN-202510-DC728DC4D8C3C,SYN-202510-PC728DC4D8C3C,2025-10-01 21:57:20,2025-10-01 21:29:20,level_completed,1,0.0,0
2025-10,EVT-202510-91B65F8F6D53-0022,SYN-202510-D91B65F8F6D53,SYN-202510-P91B65F8F6D53,2025-10-01 21:58:00,2025-10-01 11:51:59,level_completed,1,0.0,0
2025-10,EVT-202510-C728DC4D8C3C-0007,SYN-202510-DC728DC4D8C3C,SYN-202510-PC728DC4D8C3C,2025-10-01 21:58:20,2025-10-01 21:29:20,level_completed,1,0.0,0
2025-10,EVT-202510-C728DC4D8C3C-0010,SYN-202510-DC728DC4D8C3C,SYN-202510-PC728DC4D8C3C,2025-10-01 21:59:20,2025-10-01 21:29:20,level_completed,1,0.0,0
2025-10,EVT-202510-C728DC4D8C3C-0041,SYN-202510-DC728DC4D8C3C,SYN-202510-PC728DC4D8C3C,2025-10-01 22:00:20,2025-10-01 21:29:20,level_completed,1,0.0,0
2025-10,EVT-202510-C728DC4D8C3C-0058,SYN-202510-DC728DC4D8C3C,SYN-202510-PC728DC4D8C3C,2025-10-01 22:00:20,2025-10-01 21:29:20,ad_impression,0,0.0222,0
2025-10,EVT-202510-C728DC4D8C3C-0054,SYN-202510-DC728DC4D8C3C,SYN-202510-PC728DC4D8C3C,2025-10-01 22:03:20,2025-10-01 21:29:20,ad_impression,0,0.0222,0
2025-10,EVT-202510-C728DC4D8C3C-0012,SYN-202510-DC728DC4D8C3C,SYN-202510-PC728DC4D8C3C,2025-10-01 22:05:20,2025-10-01 21:29:20,level_completed,1,0.0,0
2025-10,EVT-202510-91B65F8F6D53-0017,SYN-202510-D91B65F8F6D53,SYN-202510-P91B65F8F6D53,2025-10-01 22:06:00,2025-10-01 11:51:59,level_completed,1,0.0,0
2025-10,EVT-202510-C728DC4D8C3C-0025,SYN-202510-DC728DC4D8C3C,SYN-202510-PC728DC4D8C3C,2025-10-01 22:07:20,2025-10-01 21:29:20,level_completed,1,0.0,0
2025-10,EVT-202510-C728DC4D8C3C-0006,SYN-202510-DC728DC4D8C3C,SYN-202510-PC728DC4D8C3C,2025-10-01 22:11:20,2025-10-01 21:29:20,level_completed,1,0.0,0
2025-10,EVT-202510-91B65F8F6D53-0046,SYN-202510-D91B65F8F6D53,SYN-202510-P91B65F8F6D53,2025-10-01 22:12:00,2025-10-01 11:51:59,level_completed,1,0.0,0
2025-10,EVT-202510-C728DC4D8C3C-0057,SYN-202510-DC728DC4D8C3C,SYN-202510-PC728DC4D8C3C,2025-10-01 22:12:20,2025-10-01 21:29:20,ad_impression,0,0.0222,0
2025-10,EVT-202510-C728DC4D8C3C-0034,SYN-202510-DC728DC4D8C3C,SYN-202510-PC728DC4D8C3C,2025-10-01 22:13:20,2025-10-01 21:29:20,level_completed,1,0.0,0
2025-10,EVT-202510-C728DC4D8C3C-0045,SYN-202510-DC728DC4D8C3C,SYN-202510-PC728DC4D8C3C,2025-10-01 22:13:20,2025-10-01 21:29:20,level_completed,1,0.0,0
2025-10,EVT-202510-C728DC4D8C3C-0046,SYN-202510-DC728DC4D8C3C,SYN-202510-PC728DC4D8C3C,2025-10-01 22:16:20,2025-10-01 21:29:20,ad_impression,0,0.0222,0
2025-10,EVT-202510-C728DC4D8C3C-0028,SYN-202510-DC728DC4D8C3C,SYN-202510-PC728DC4D8C3C,2025-10-01 22:17:20,2025-10-01 21:29:20,level_completed,1,0.0,0
2025-10,EVT-202510-C728DC4D8C3C-0035,SYN-202510-DC728DC4D8C3C,SYN-202510-PC728DC4D8C3C,2025-10-01 22:20:20,2025-10-01 21:29:20,level_completed,1,0.0,0
2025-10,EVT-202510-C728DC4D8C3C-0043,SYN-202510-DC728DC4D8C3C,SYN-202510-PC728DC4D8C3C,2025-10-01 22:21:20,2025-10-01 21:29:20,level_completed,1,0.0,0
2025-10,EVT-202510-76340A856E7C-0001,SYN-202510-D76340A856E7C,SYN-202510-P76340A856E7C,2025-10-01 22:22:04,2025-10-01 22:21:04,session_start,0,0.0,0
2025-10,EVT-202510-91B65F8F6D53-0011,SYN-202510-D91B65F8F6D53,SYN-202510-P91B65F8F6D53,2025-10-01 22:23:00,2025-10-01 11:51:59,level_completed,1,0.0,0
2025-10,EVT-202510-C728DC4D8C3C-0038,SYN-202510-DC728DC4D8C3C,SYN-202510-PC728DC4D8C3C,2025-10-01 22:23:20,2025-10-01 21:29:20,level_completed,1,0.0,0
2025-10,EVT-202510-C728DC4D8C3C-0053,SYN-202510-DC728DC4D8C3C,SYN-202510-PC728DC4D8C3C,2025-10-01 22:24:20,2025-10-01 21:29:20,ad_impression,0,0.0222,0
2025-10,EVT-202510-76340A856E7C-0005,SYN-202510-D76340A856E7C,SYN-202510-P76340A856E7C,2025-10-01 22:25:04,2025-10-01 22:21:04,level_completed,1,0.0,0
2025-10,EVT-202510-C728DC4D8C3C-0031,SYN-202510-DC728DC4D8C3C,SYN-202510-PC728DC4D8C3C,2025-10-01 22:25:20,2025-10-01 21:29:20,level_completed,1,0.0,0
2025-10,EVT-202510-91B65F8F6D53-0041,SYN-202510-D91B65F8F6D53,SYN-202510-P91B65F8F6D53,2025-10-01 22:27:00,2025-10-01 11:51:59,level_completed,1,0.0,0
2025-10,EVT-202510-76340A856E7C-0010,SYN-202510-D76340A856E7C,SYN-202510-P76340A856E7C,2025-10-01 22:28:04,2025-10-01 22:21:04,level_completed,1,0.0,0
2025-10,EVT-202510-91B65F8F6D53-0014,SYN-202510-D91B65F8F6D53,SYN-202510-P91B65F8F6D53,2025-10-01 22:30:00,2025-10-01 11:51:59,level_completed,1,0.0,0
2025-10,EVT-202510-91B65F8F6D53-0009,SYN-202510-D91B65F8F6D53,SYN-202510-P91B65F8F6D53,2025-10-01 22:31:00,2025-10-01 11:51:59,level_completed,1,0.0,0
2025-10,EVT-202510-C728DC4D8C3C-0011,SYN-202510-DC728DC4D8C3C,SYN-202510-PC728DC4D8C3C,2025-10-01 22:34:20,2025-10-01 21:29:20,level_completed,1,0.0,0
2025-10,EVT-202510-C728DC4D8C3C-0023,SYN-202510-DC728DC4D8C3C,SYN-202510-PC728DC4D8C3C,2025-10-01 22:34:20,2025-10-01 21:29:20,level_completed,1,0.0,0
2025-10,EVT-202510-C728DC4D8C3C-0024,SYN-202510-DC728DC4D8C3C,SYN-202510-PC728DC4D8C3C,2025-10-01 22:34:20,2025-10-01 21:29:20,level_completed,1,0.0,0
2025-10,EVT-202510-C728DC4D8C3C-0027,SYN-202510-DC728DC4D8C3C,SYN-202510-PC728DC4D8C3C,2025-10-01 22:35:20,2025-10-01 21:29:20,level_completed,1,0.0,0
2025-10,EVT-202510-DEE1747D7D6B-0004,SYN-202510-DDEE1747D7D6B,SYN-202510-PDEE1747D7D6B,2025-10-01 22:38:00,2025-10-01 06:23:43,session_start,0,0.0,0
2025-10,EVT-202510-C728DC4D8C3C-0047,SYN-202510-DC728DC4D8C3C,SYN-202510-PC728DC4D8C3C,2025-10-01 22:39:20,2025-10-01 21:29:20,ad_impression,0,0.0222,0
2025-10,EVT-202510-C728DC4D8C3C-0029,SYN-202510-DC728DC4D8C3C,SYN-202510-PC728DC4D8C3C,2025-10-01 22:40:20,2025-10-01 21:29:20,level_completed,1,0.0,0
2025-10,EVT-202510-C728DC4D8C3C-0030,SYN-202510-DC728DC4D8C3C,SYN-202510-PC728DC4D8C3C,2025-10-01 22:40:20,2025-10-01 21:29:20,level_completed,1,0.0,0
2025-10,EVT-202510-C728DC4D8C3C-0036,SYN-202510-DC728DC4D8C3C,SYN-202510-PC728DC4D8C3C,2025-10-01 22:41:20,2025-10-01 21:29:20,level_completed,1,0.0,0
2025-10,EVT-202510-C728DC4D8C3C-0013,SYN-202510-DC728DC4D8C3C,SYN-202510-PC728DC4D8C3C,2025-10-01 22:43:20,2025-10-01 21:29:20,level_completed,1,0.0,0
2025-10,EVT-202510-C728DC4D8C3C-0021,SYN-202510-DC728DC4D8C3C,SYN-202510-PC728DC4D8C3C,2025-10-01 22:43:20,2025-10-01 21:29:20,level_completed,1,0.0,0
2025-10,EVT-202510-C728DC4D8C3C-0055,SYN-202510-DC728DC4D8C3C,SYN-202510-PC728DC4D8C3C,2025-10-01 22:43:20,2025-10-01 21:29:20,ad_impression,0,0.0222,0
2025-10,EVT-202510-5D76614FC056-0006,SYN-202510-D5D76614FC056,SYN-202510-P5D76614FC056,2025-10-01 22:44:00,2025-10-01 12:48:40,session_start,0,0.0,0
2025-10,EVT-202510-DEE1747D7D6B-0012,SYN-202510-DDEE1747D7D6B,SYN-202510-PDEE1747D7D6B,2025-10-01 22:44:00,2025-10-01 06:23:43,level_completed,1,0.0,0
2025-10,EVT-202510-91B65F8F6D53-0012,SYN-202510-D91B65F8F6D53,SYN-202510-P91B65F8F6D53,2025-10-01 22:45:00,2025-10-01 11:51:59,level_completed,1,0.0,0
2025-10,EVT-202510-DEE1747D7D6B-0064,SYN-202510-DDEE1747D7D6B,SYN-202510-PDEE1747D7D6B,2025-10-01 22:45:00,2025-10-01 06:23:43,level_completed,1,0.0,0
2025-10,EVT-202510-76340A856E7C-0012,SYN-202510-D76340A856E7C,SYN-202510-P76340A856E7C,2025-10-01 22:46:04,2025-10-01 22:21:04,ad_impression,0,0.1365,0
2025-10,EVT-202510-C728DC4D8C3C-0059,SYN-202510-DC728DC4D8C3C,SYN-202510-PC728DC4D8C3C,2025-10-01 22:46:20,2025-10-01 21:29:20,ad_impression,0,0.0222,0
2025-10,EVT-202510-91B65F8F6D53-0015,SYN-202510-D91B65F8F6D53,SYN-202510-P91B65F8F6D53,2025-10-01 22:47:00,2025-10-01 11:51:59,level_completed,1,0.0,0
2025-10,EVT-202510-DEE1747D7D6B-0070,SYN-202510-DDEE1747D7D6B,SYN-202510-PDEE1747D7D6B,2025-10-01 22:47:00,2025-10-01 06:23:43,level_completed,1,0.0,0
2025-10,EVT-202510-C728DC4D8C3C-0014,SYN-202510-DC728DC4D8C3C,SYN-202510-PC728DC4D8C3C,2025-10-01 22:47:20,2025-10-01 21:29:20,level_completed,1,0.0,0
2025-10,EVT-202510-DEE1747D7D6B-0159,SYN-202510-DDEE1747D7D6B,SYN-202510-PDEE1747D7D6B,2025-10-01 22:48:00,2025-10-01 06:23:43,ad_impression,0,0.0063,0
2025-10,EVT-202510-C728DC4D8C3C-0022,SYN-202510-DC728DC4D8C3C,SYN-202510-PC728DC4D8C3C,2025-10-01 22:49:20,2025-10-01 21:29:20,level_completed,1,0.0,0
2025-10,EVT-202510-C728DC4D8C3C-0037,SYN-202510-DC728DC4D8C3C,SYN-202510-PC728DC4D8C3C,2025-10-01 22:49:20,2025-10-01 21:29:20,level_completed,1,0.0,0
2025-10,EVT-202510-CF4983149A7D-0003,SYN-202510-DCF4983149A7D,SYN-202510-PCF4983149A7D,2025-10-01 22:50:00,2025-10-01 01:47:48,session_start,0,0.0,0
2025-10,EVT-202510-91B65F8F6D53-0013,SYN-202510-D91B65F8F6D53,SYN-202510-P91B65F8F6D53,2025-10-01 22:51:00,2025-10-01 11:51:59,level_completed,1,0.0,0
2025-10,EVT-202510-DEE1747D7D6B-0093,SYN-202510-DDEE1747D7D6B,SYN-202510-PDEE1747D7D6B,2025-10-01 22:51:00,2025-10-01 06:23:43,level_completed,1,0.0,0
2025-10,EVT-202510-91B65F8F6D53-0051,SYN-202510-D91B65F8F6D53,SYN-202510-P91B65F8F6D53,2025-10-01 22:52:00,2025-10-01 11:51:59,level_completed,1,0.0,0
2025-10,EVT-202510-91B65F8F6D53-0055,SYN-202510-D91B65F8F6D53,SYN-202510-P91B65F8F6D53,2025-10-01 22:53:00,2025-10-01 11:51:59,ad_impression,0,0.035,0
2025-10,EVT-202510-91B65F8F6D53-0008,SYN-202510-D91B65F8F6D53,SYN-202510-P91B65F8F6D53,2025-10-01 22:54:00,2025-10-01 11:51:59,level_completed,1,0.0,0
2025-10,EVT-202510-91B65F8F6D53-0010,SYN-202510-D91B65F8F6D53,SYN-202510-P91B65F8F6D53,2025-10-01 22:54:00,2025-10-01 11:51:59,level_completed,1,0.0,0
2025-10,EVT-202510-76340A856E7C-0002,SYN-202510-D76340A856E7C,SYN-202510-P76340A856E7C,2025-10-01 22:54:04,2025-10-01 22:21:04,level_completed,1,0.0,0
2025-10,EVT-202510-C728DC4D8C3C-0048,SYN-202510-DC728DC4D8C3C,SYN-202510-PC728DC4D8C3C,2025-10-01 22:54:20,2025-10-01 21:29:20,ad_impression,0,0.0222,0
2025-10,EVT-202510-DEE1747D7D6B-0005,SYN-202510-DDEE1747D7D6B,SYN-202510-PDEE1747D7D6B,2025-10-01 22:56:00,2025-10-01 06:23:43,session_start,0,0.0,0
2025-10,EVT-202510-91B65F8F6D53-0027,SYN-202510-D91B65F8F6D53,SYN-202510-P91B65F8F6D53,2025-10-01 22:59:00,2025-10-01 11:51:59,level_completed,1,0.0,0
2025-10,EVT-202510-DEE1747D7D6B-0041,SYN-202510-DDEE1747D7D6B,SYN-202510-PDEE1747D7D6B,2025-10-01 22:59:00,2025-10-01 06:23:43,level_completed,1,0.0,0
2025-10,EVT-202510-DEE1747D7D6B-0055,SYN-202510-DDEE1747D7D6B,SYN-202510-PDEE1747D7D6B,2025-10-01 23:00:00,2025-10-01 06:23:43,level_completed,1,0.0,0
2025-10,EVT-202510-DEE1747D7D6B-0072,SYN-202510-DDEE1747D7D6B,SYN-202510-PDEE1747D7D6B,2025-10-01 23:00:00,2025-10-01 06:23:43,level_completed,1,0.0,0
2025-10,EVT-202510-76340A856E7C-0003,SYN-202510-D76340A856E7C,SYN-202510-P76340A856E7C,2025-10-01 23:00:04,2025-10-01 22:21:04,level_completed,1,0.0,0
2025-10,EVT-202510-DEE1747D7D6B-0156,SYN-202510-DDEE1747D7D6B,SYN-202510-PDEE1747D7D6B,2025-10-01 23:04:00,2025-10-01 06:23:43,ad_impression,0,0.0063,0
2025-10,EVT-202510-76340A856E7C-0004,SYN-202510-D76340A856E7C,SYN-202510-P76340A856E7C,2025-10-01 23:05:04,2025-10-01 22:21:04,level_completed,1,0.0,0
2025-10,EVT-202510-DEE1747D7D6B-0088,SYN-202510-DDEE1747D7D6B,SYN-202510-PDEE1747D7D6B,2025-10-01 23:06:00,2025-10-01 06:23:43,level_completed,1,0.0,0
2025-10,EVT-202510-DEE1747D7D6B-0090,SYN-202510-DDEE1747D7D6B,SYN-202510-PDEE1747D7D6B,2025-10-01 23:07:00,2025-10-01 06:23:43,level_completed,1,0.0,0
2025-10,EVT-202510-DEE1747D7D6B-0097,SYN-202510-DDEE1747D7D6B,SYN-202510-PDEE1747D7D6B,2025-10-01 23:07:00,2025-10-01 06:23:43,level_completed,1,0.0,0
2025-10,EVT-202510-0CD0955BCE5A-0003,SYN-202510-D0CD0955BCE5A,SYN-202510-P0CD0955BCE5A,2025-10-01 23:10:00,2025-10-01 07:12:16,session_start,0,0.0,0
2025-10,EVT-202510-CF4983149A7D-0005,SYN-202510-DCF4983149A7D,SYN-202510-PCF4983149A7D,2025-10-01 23:11:00,2025-10-01 01:47:48,level_completed,1,0.0,0
2025-10,EVT-202510-DEE1747D7D6B-0074,SYN-202510-DDEE1747D7D6B,SYN-202510-PDEE1747D7D6B,2025-10-01 23:13:00,2025-10-01 06:23:43,level_completed,1,0.0,0
2025-10,EVT-202510-DEE1747D7D6B-0153,SYN-202510-DDEE1747D7D6B,SYN-202510-PDEE1747D7D6B,2025-10-01 23:13:00,2025-10-01 06:23:43,ad_impression,0,0.0063,0
2025-10,EVT-202510-5D76614FC056-0027,SYN-202510-D5D76614FC056,SYN-202510-P5D76614FC056,2025-10-01 23:14:00,2025-10-01 12:48:40,level_completed,1,0.0,0
2025-10,EVT-202510-DEE1747D7D6B-0081,SYN-202510-DDEE1747D7D6B,SYN-202510-PDEE1747D7D6B,2025-10-01 23:14:00,2025-10-01 06:23:43,level_completed,1,0.0,0
2025-10,EVT-202510-DEE1747D7D6B-0066,SYN-202510-DDEE1747D7D6B,SYN-202510-PDEE1747D7D6B,2025-10-01 23:16:00,2025-10-01 06:23:43,level_completed,1,0.0,0
2025-10,EVT-202510-76340A856E7C-0007,SYN-202510-D76340A856E7C,SYN-202510-P76340A856E7C,2025-10-01 23:16:04,2025-10-01 22:21:04,level_completed,1,0.0,0
2025-10,EVT-202510-DEE1747D7D6B-0017,SYN-202510-DDEE1747D7D6B,SYN-202510-PDEE1747D7D6B,2025-10-01 23:19:00,2025-10-01 06:23:43,level_completed,1,0.0,0
2025-10,EVT-202510-DEE1747D7D6B-0021,SYN-202510-DDEE1747D7D6B,SYN-202510-PDEE1747D7D6B,2025-10-01 23:19:00,2025-10-01 06:23:43,level_completed,1,0.0,0
2025-10,EVT-202510-86B66C324F83-0001,SYN-202510-D86B66C324F83,SYN-202510-P86B66C324F83,2025-10-01 23:20:16,2025-10-01 23:19:16,session_start,0,0.0,0
2025-10,EVT-202510-86B66C324F83-0002,SYN-202510-D86B66C324F83,SYN-202510-P86B66C324F83,2025-10-01 23:20:16,2025-10-01 23:19:16,session_start,0,0.0,0
2025-10,EVT-202510-86B66C324F83-0003,SYN-202510-D86B66C324F83,SYN-202510-P86B66C324F83,2025-10-01 23:20:16,2025-10-01 23:19:16,session_start,0,0.0,0
2025-10,EVT-202510-86B66C324F83-0004,SYN-202510-D86B66C324F83,SYN-202510-P86B66C324F83,2025-10-01 23:20:16,2025-10-01 23:19:16,session_start,0,0.0,0
2025-10,EVT-202510-86B66C324F83-0005,SYN-202510-D86B66C324F83,SYN-202510-P86B66C324F83,2025-10-01 23:20:16,2025-10-01 23:19:16,session_start,0,0.0,0
2025-10,EVT-202510-86B66C324F83-0006,SYN-202510-D86B66C324F83,SYN-202510-P86B66C324F83,2025-10-01 23:20:16,2025-10-01 23:19:16,session_start,0,0.0,0
2025-10,EVT-202510-5D76614FC056-0057,SYN-202510-D5D76614FC056,SYN-202510-P5D76614FC056,2025-10-01 23:21:00,2025-10-01 12:48:40,ad_impression,0,0.0052,0
2025-10,EVT-202510-5D76614FC056-0009,SYN-202510-D5D76614FC056,SYN-202510-P5D76614FC056,2025-10-01 23:22:00,2025-10-01 12:48:40,level_completed,1,0.0,0
2025-10,EVT-202510-86B66C324F83-0015,SYN-202510-D86B66C324F83,SYN-202510-P86B66C324F83,2025-10-01 23:22:16,2025-10-01 23:19:16,level_completed,1,0.0,0
2025-10,EVT-202510-86B66C324F83-0054,SYN-202510-D86B66C324F83,SYN-202510-P86B66C324F83,2025-10-01 23:22:16,2025-10-01 23:19:16,level_completed,1,0.0,0
2025-10,EVT-202510-86B66C324F83-0060,SYN-202510-D86B66C324F83,SYN-202510-P86B66C324F83,2025-10-01 23:22:16,2025-10-01 23:19:16,level_completed,1,0.0,0
2025-10,EVT-202510-E22659C04196-0001,SYN-202510-DE22659C04196,SYN-202510-PE22659C04196,2025-10-01 23:22:29,2025-10-01 23:21:29,session_start,0,0.0,0
2025-10,EVT-202510-E22659C04196-0002,SYN-202510-DE22659C04196,SYN-202510-PE22659C04196,2025-10-01 23:22:29,2025-10-01 23:21:29,session_start,0,0.0,0
2025-10,EVT-202510-E22659C04196-0003,SYN-202510-DE22659C04196,SYN-202510-PE22659C04196,2025-10-01 23:22:29,2025-10-01 23:21:29,session_start,0,0.0,0
2025-10,EVT-202510-86B66C324F83-0066,SYN-202510-D86B66C324F83,SYN-202510-P86B66C324F83,2025-10-01 23:23:16,2025-10-01 23:19:16,level_completed,1,0.0,0
2025-10,EVT-202510-86B66C324F83-0099,SYN-202510-D86B66C324F83,SYN-202510-P86B66C324F83,2025-10-01 23:23:16,2025-10-01 23:19:16,level_completed,1,0.0,0
2025-10,EVT-202510-76340A856E7C-0009,SYN-202510-D76340A856E7C,SYN-202510-P76340A856E7C,2025-10-01 23:24:04,2025-10-01 22:21:04,level_completed,1,0.0,0
2025-10,EVT-202510-86B66C324F83-0077,SYN-202510-D86B66C324F83,SYN-202510-P86B66C324F83,2025-10-01 23:24:16,2025-10-01 23:19:16,level_completed,1,0.0,0
2025-10,EVT-202510-86B66C324F83-0085,SYN-202510-D86B66C324F83,SYN-202510-P86B66C324F83,2025-10-01 23:24:16,2025-10-01 23:19:16,level_completed,1,0.0,0
2025-10,EVT-202510-DEE1747D7D6B-0149,SYN-202510-DDEE1747D7D6B,SYN-202510-PDEE1747D7D6B,2025-10-01 23:25:00,2025-10-01 06:23:43,ad_impression,0,0.0063,0
2025-10,EVT-202510-86B66C324F83-0177,SYN-202510-D86B66C324F83,SYN-202510-P86B66C324F83,2025-10-01 23:25:16,2025-10-01 23:19:16,ad_impression,0,0.0011,0
2025-10,EVT-202510-86B66C324F83-0030,SYN-202510-D86B66C324F83,SYN-202510-P86B66C324F83,2025-10-01 23:26:16,2025-10-01 23:19:16,level_completed,1,0.0,0
2025-10,EVT-202510-86B66C324F83-0130,SYN-202510-D86B66C324F83,SYN-202510-P86B66C324F83,2025-10-01 23:26:16,2025-10-01 23:19:16,ad_impression,0,0.0011,0
2025-10,EVT-202510-86B66C324F83-0191,SYN-202510-D86B66C324F83,SYN-202510-P86B66C324F83,2025-10-01 23:26:16,2025-10-01 23:19:16,ad_impression,0,0.0011,0
2025-10,EVT-202510-5D76614FC056-0031,SYN-202510-D5D76614FC056,SYN-202510-P5D76614FC056,2025-10-01 23:27:00,2025-10-01 12:48:40,level_completed,1,0.0,0
2025-10,EVT-202510-76340A856E7C-0006,SYN-202510-D76340A856E7C,SYN-202510-P76340A856E7C,2025-10-01 23:27:04,2025-10-01 22:21:04,level_completed,1,0.0,0
2025-10,EVT-202510-76340A856E7C-0008,SYN-202510-D76340A856E7C,SYN-202510-P76340A856E7C,2025-10-01 23:27:04,2025-10-01 22:21:04,level_completed,1,0.0,0
2025-10,EVT-202510-86B66C324F83-0101,SYN-202510-D86B66C324F83,SYN-202510-P86B66C324F83,2025-10-01 23:27:16,2025-10-01 23:19:16,level_completed,1,0.0,0
2025-10,EVT-202510-86B66C324F83-0131,SYN-202510-D86B66C324F83,SYN-202510-P86B66C324F83,2025-10-01 23:27:16,2025-10-01 23:19:16,ad_impression,0,0.0011,0
2025-10,EVT-202510-86B66C324F83-0133,SYN-202510-D86B66C324F83,SYN-202510-P86B66C324F83,2025-10-01 23:27:16,2025-10-01 23:19:16,ad_impression,0,0.0011,0
2025-10,EVT-202510-86B66C324F83-0034,SYN-202510-D86B66C324F83,SYN-202510-P86B66C324F83,2025-10-01 23:28:16,2025-10-01 23:19:16,level_completed,1,0.0,0
2025-10,EVT-202510-86B66C324F83-0047,SYN-202510-D86B66C324F83,SYN-202510-P86B66C324F83,2025-10-01 23:28:16,2025-10-01 23:19:16,level_completed,1,0.0,0
2025-10,EVT-202510-86B66C324F83-0172,SYN-202510-D86B66C324F83,SYN-202510-P86B66C324F83,2025-10-01 23:28:16,2025-10-01 23:19:16,ad_impression,0,0.0011,0
2025-10,EVT-202510-86B66C324F83-0180,SYN-202510-D86B66C324F83,SYN-202510-P86B66C324F83,2025-10-01 23:29:16,2025-10-01 23:19:16,ad_impression,0,0.0011,0
2025-10,EVT-202510-86B66C324F83-0114,SYN-202510-D86B66C324F83,SYN-202510-P86B66C324F83,2025-10-01 23:30:16,2025-10-01 23:19:16,level_completed,1,0.0,0
2025-10,EVT-202510-0CD0955BCE5A-0035,SYN-202510-D0CD0955BCE5A,SYN-202510-P0CD0955BCE5A,2025-10-01 23:31:00,2025-10-01 07:12:16,level_completed,1,0.0,0
2025-10,EVT-202510-DEE1747D7D6B-0013,SYN-202510-DDEE1747D7D6B,SYN-202510-PDEE1747D7D6B,2025-10-01 23:31:00,2025-10-01 06:23:43,level_completed,1,0.0,0
2025-10,EVT-202510-86B66C324F83-0084,SYN-202510-D86B66C324F83,SYN-202510-P86B66C324F83,2025-10-01 23:31:16,2025-10-01 23:19:16,level_completed,1,0.0,0
2025-10,EVT-202510-0CD0955BCE5A-0061,SYN-202510-D0CD0955BCE5A,SYN-202510-P0CD0955BCE5A,2025-10-01 23:32:00,2025-10-01 07:12:16,level_completed,1,0.0,0
2025-10,EVT-202510-76340A856E7C-0011,SYN-202510-D76340A856E7C,SYN-202510-P76340A856E7C,2025-10-01 23:32:04,2025-10-01 22:21:04,level_completed,1,0.0,0
2025-10,EVT-202510-86B66C324F83-0092,SYN-202510-D86B66C324F83,SYN-202510-P86B66C324F83,2025-10-01 23:32:16,2025-10-01 23:19:16,level_completed,1,0.0,0
2025-10,EVT-202510-86B66C324F83-0135,SYN-202510-D86B66C324F83,SYN-202510-P86B66C324F83,2025-10-01 23:32:16,2025-10-01 23:19:16,ad_impression,0,0.0011,0
2025-10,EVT-202510-86B66C324F83-0163,SYN-202510-D86B66C324F83,SYN-202510-P86B66C324F83,2025-10-01 23:32:16,2025-10-01 23:19:16,ad_impression,0,0.0011,0
2025-10,EVT-202510-5D76614FC056-0045,SYN-202510-D5D76614FC056,SYN-202510-P5D76614FC056,2025-10-01 23:33:00,2025-10-01 12:48:40,ad_impression,0,0.0052,0
2025-10,EVT-202510-86B66C324F83-0052,SYN-202510-D86B66C324F83,SYN-202510-P86B66C324F83,2025-10-01 23:33:16,2025-10-01 23:19:16,level_completed,1,0.0,0
2025-10,EVT-202510-86B66C324F83-0022,SYN-202510-D86B66C324F83,SYN-202510-P86B66C324F83,2025-10-01 23:34:16,2025-10-01 23:19:16,level_completed,1,0.0,0
2025-10,EVT-202510-86B66C324F83-0160,SYN-202510-D86B66C324F83,SYN-202510-P86B66C324F83,2025-10-01 23:34:16,2025-10-01 23:19:16,ad_impression,0,0.0011,0
2025-10,EVT-202510-86B66C324F83-0187,SYN-202510-D86B66C324F83,SYN-202510-P86B66C324F83,2025-10-01 23:34:16,2025-10-01 23:19:16,ad_impression,0,0.0011,0
2025-10,EVT-202510-DEE1747D7D6B-0133,SYN-202510-DDEE1747D7D6B,SYN-202510-PDEE1747D7D6B,2025-10-01 23:35:00,2025-10-01 06:23:43,ad_impression,0,0.0063,0
2025-10,EVT-202510-86B66C324F83-0059,SYN-202510-D86B66C324F83,SYN-202510-P86B66C324F83,2025-10-01 23:35:16,2025-10-01 23:19:16,level_completed,1,0.0,0
2025-10,EVT-202510-86B66C324F83-0107,SYN-202510-D86B66C324F83,SYN-202510-P86B66C324F83,2025-10-01 23:35:16,2025-10-01 23:19:16,level_completed,1,0.0,0
2025-10,EVT-202510-86B66C324F83-0039,SYN-202510-D86B66C324F83,SYN-202510-P86B66C324F83,2025-10-01 23:36:16,2025-10-01 23:19:16,level_completed,1,0.0,0
2025-10,EVT-202510-86B66C324F83-0053,SYN-202510-D86B66C324F83,SYN-202510-P86B66C324F83,2025-10-01 23:36:16,2025-10-01 23:19:16,level_completed,1,0.0,0
2025-10,EVT-202510-86B66C324F83-0169,SYN-202510-D86B66C324F83,SYN-202510-P86B66C324F83,2025-10-01 23:36:16,2025-10-01 23:19:16,ad_impression,0,0.0011,0
2025-10,EVT-202510-86B66C324F83-0055,SYN-202510-D86B66C324F83,SYN-202510-P86B66C324F83,2025-10-01 23:37:16,2025-10-01 23:19:16,level_completed,1,0.0,0
2025-10,EVT-202510-86B66C324F83-0100,SYN-202510-D86B66C324F83,SYN-202510-P86B66C324F83,2025-10-01 23:37:16,2025-10-01 23:19:16,level_completed,1,0.0,0
2025-10,EVT-202510-86B66C324F83-0048,SYN-202510-D86B66C324F83,SYN-202510-P86B66C324F83,2025-10-01 23:38:16,2025-10-01 23:19:16,level_completed,1,0.0,0
2025-10,EVT-202510-86B66C324F83-0141,SYN-202510-D86B66C324F83,SYN-202510-P86B66C324F83,2025-10-01 23:38:16,2025-10-01 23:19:16,ad_impression,0,0.0011,0
2025-10,EVT-202510-86B66C324F83-0183,SYN-202510-D86B66C324F83,SYN-202510-P86B66C324F83,2025-10-01 23:38:16,2025-10-01 23:19:16,ad_impression,0,0.0011,0
2025-10,EVT-202510-86B66C324F83-0118,SYN-202510-D86B66C324F83,SYN-202510-P86B66C324F83,2025-10-01 23:40:16,2025-10-01 23:19:16,ad_impression,0,0.0011,0
2025-10,EVT-202510-86B66C324F83-0164,SYN-202510-D86B66C324F83,SYN-202510-P86B66C324F83,2025-10-01 23:40:16,2025-10-01 23:19:16,ad_impression,0,0.0011,0
2025-10,EVT-202510-0CD0955BCE5A-0023,SYN-202510-D0CD0955BCE5A,SYN-202510-P0CD0955BCE5A,2025-10-01 23:41:00,2025-10-01 07:12:16,level_completed,1,0.0,0
2025-10,EVT-202510-0CD0955BCE5A-0076,SYN-202510-D0CD0955BCE5A,SYN-202510-P0CD0955BCE5A,2025-10-01 23:41:00,2025-10-01 07:12:16,ad_impression,0,0.0166,0
2025-10,EVT-202510-86B66C324F83-0070,SYN-202510-D86B66C324F83,SYN-202510-P86B66C324F83,2025-10-01 23:41:16,2025-10-01 23:19:16,level_completed,1,0.0,0
2025-10,EVT-202510-86B66C324F83-0136,SYN-202510-D86B66C324F83,SYN-202510-P86B66C324F83,2025-10-01 23:41:16,2025-10-01 23:19:16,ad_impression,0,0.0011,0
2025-10,EVT-202510-E22659C04196-0005,SYN-202510-DE22659C04196,SYN-202510-PE22659C04196,2025-10-01 23:41:29,2025-10-01 23:21:29,level_completed,1,0.0,0
2025-10,EVT-202510-DEE1747D7D6B-0031,SYN-202510-DDEE1747D7D6B,SYN-202510-PDEE1747D7D6B,2025-10-01 23:42:00,2025-10-01 06:23:43,level_completed,1,0.0,0
2025-10,EVT-202510-86B66C324F83-0025,SYN-202510-D86B66C324F83,SYN-202510-P86B66C324F83,2025-10-01 23:42:16,2025-10-01 23:19:16,level_completed,1,0.0,0
2025-10,EVT-202510-86B66C324F83-0167,SYN-202510-D86B66C324F83,SYN-202510-P86B66C324F83,2025-10-01 23:42:16,2025-10-01 23:19:16,ad_impression,0,0.0011,0
2025-10,EVT-202510-86B66C324F83-0062,SYN-202510-D86B66C324F83,SYN-202510-P86B66C324F83,2025-10-01 23:43:16,2025-10-01 23:19:16,level_completed,1,0.0,0
2025-10,EVT-202510-DEE1747D7D6B-0027,SYN-202510-DDEE1747D7D6B,SYN-202510-PDEE1747D7D6B,2025-10-01 23:44:00,2025-10-01 06:23:43,level_completed,1,0.0,0
2025-10,EVT-202510-86B66C324F83-0129,SYN-202510-D86B66C324F83,SYN-202510-P86B66C324F83,2025-10-01 23:44:16,2025-10-01 23:19:16,ad_impression,0,0.0011,0
2025-10,EVT-202510-86B66C324F83-0174,SYN-202510-D86B66C324F83,SYN-202510-P86B66C324F83,2025-10-01 23:44:16,2025-10-01 23:19:16,ad_impression,0,0.0011,0
2025-10,EVT-202510-0CD0955BCE5A-0041,SYN-202510-D0CD0955BCE5A,SYN-202510-P0CD0955BCE5A,2025-10-01 23:45:00,2025-10-01 07:12:16,level_completed,1,0.0,0
2025-10,EVT-202510-86B66C324F83-0074,SYN-202510-D86B66C324F83,SYN-202510-P86B66C324F83,2025-10-01 23:45:16,2025-10-01 23:19:16,level_completed,1,0.0,0
2025-10,EVT-202510-DEE1747D7D6B-0059,SYN-202510-DDEE1747D7D6B,SYN-202510-PDEE1747D7D6B,2025-10-01 23:46:00,2025-10-01 06:23:43,level_completed,1,0.0,0
2025-10,EVT-202510-86B66C324F83-0049,SYN-202510-D86B66C324F83,SYN-202510-P86B66C324F83,2025-10-01 23:46:16,2025-10-01 23:19:16,level_completed,1,0.0,0
2025-10,EVT-202510-DEE1747D7D6B-0063,SYN-202510-DDEE1747D7D6B,SYN-202510-PDEE1747D7D6B,2025-10-01 23:47:00,2025-10-01 06:23:43,level_completed,1,0.0,0
2025-10,EVT-202510-86B66C324F83-0105,SYN-202510-D86B66C324F83,SYN-202510-P86B66C324F83,2025-10-01 23:47:16,2025-10-01 23:19:16,level_completed,1,0.0,0
2025-10,EVT-202510-86B66C324F83-0149,SYN-202510-D86B66C324F83,SYN-202510-P86B66C324F83,2025-10-01 23:47:16,2025-10-01 23:19:16,ad_impression,0,0.0011,0
2025-10,EVT-202510-86B66C324F83-0182,SYN-202510-D86B66C324F83,SYN-202510-P86B66C324F83,2025-10-01 23:47:16,2025-10-01 23:19:16,ad_impression,0,0.0011,0
2025-10,EVT-202510-86B66C324F83-0026,SYN-202510-D86B66C324F83,SYN-202510-P86B66C324F83,2025-10-01 23:48:16,2025-10-01 23:19:16,level_completed,1,0.0,0
2025-10,EVT-202510-86B66C324F83-0072,SYN-202510-D86B66C324F83,SYN-202510-P86B66C324F83,2025-10-01 23:48:16,2025-10-01 23:19:16,level_completed,1,0.0,0
2025-10,EVT-202510-86B66C324F83-0094,SYN-202510-D86B66C324F83,SYN-202510-P86B66C324F83,2025-10-01 23:48:16,2025-10-01 23:19:16,level_completed,1,0.0,0
2025-10,EVT-202510-E22659C04196-0004,SYN-202510-DE22659C04196,SYN-202510-PE22659C04196,2025-10-01 23:49:29,2025-10-01 23:21:29,level_completed,1,0.0,0
2025-10,EVT-202510-86B66C324F83-0035,SYN-202510-D86B66C324F83,SYN-202510-P86B66C324F83,2025-10-01 23:50:16,2025-10-01 23:19:16,level_completed,1,0.0,0
2025-10,EVT-202510-86B66C324F83-0056,SYN-202510-D86B66C324F83,SYN-202510-P86B66C324F83,2025-10-01 23:50:16,2025-10-01 23:19:16,level_completed,1,0.0,0
2025-10,EVT-202510-86B66C324F83-0091,SYN-202510-D86B66C324F83,SYN-202510-P86B66C324F83,2025-10-01 23:50:16,2025-10-01 23:19:16,level_completed,1,0.0,0
2025-10,EVT-202510-86B66C324F83-0175,SYN-202510-D86B66C324F83,SYN-202510-P86B66C324F83,2025-10-01 23:50:16,2025-10-01 23:19:16,ad_impression,0,0.0011,0
2025-10,EVT-202510-1148B92EB694-0003,SYN-202510-D1148B92EB694,SYN-202510-P1148B92EB694,2025-10-01 23:51:00,2025-10-01 19:21:06,session_start,0,0.0,0
2025-10,EVT-202510-86B66C324F83-0067,SYN-202510-D86B66C324F83,SYN-202510-P86B66C324F83,2025-10-01 23:51:16,2025-10-01 23:19:16,level_completed,1,0.0,0
2025-10,EVT-202510-0CD0955BCE5A-0079,SYN-202510-D0CD0955BCE5A,SYN-202510-P0CD0955BCE5A,2025-10-01 23:52:00,2025-10-01 07:12:16,ad_impression,0,0.0166,0
2025-10,EVT-202510-DEE1747D7D6B-0068,SYN-202510-DDEE1747D7D6B,SYN-202510-PDEE1747D7D6B,2025-10-01 23:52:00,2025-10-01 06:23:43,level_completed,1,0.0,0
2025-10,EVT-202510-86B66C324F83-0083,SYN-202510-D86B66C324F83,SYN-202510-P86B66C324F83,2025-10-01 23:52:16,2025-10-01 23:19:16,level_completed,1,0.0,0
2025-10,EVT-202510-86B66C324F83-0153,SYN-202510-D86B66C324F83,SYN-202510-P86B66C324F83,2025-10-01 23:52:16,2025-10-01 23:19:16,ad_impression,0,0.0011,0
2025-10,EVT-202510-DEE1747D7D6B-0122,SYN-202510-DDEE1747D7D6B,SYN-202510-PDEE1747D7D6B,2025-10-01 23:53:00,2025-10-01 06:23:43,ad_impression,0,0.0063,0
2025-10,EVT-202510-86B66C324F83-0031,SYN-202510-D86B66C324F83,SYN-202510-P86B66C324F83,2025-10-01 23:53:16,2025-10-01 23:19:16,level_completed,1,0.0,0
2025-10,EVT-202510-86B66C324F83-0038,SYN-202510-D86B66C324F83,SYN-202510-P86B66C324F83,2025-10-01 23:53:16,2025-10-01 23:19:16,level_completed,1,0.0,0
2025-10,EVT-202510-86B66C324F83-0076,SYN-202510-D86B66C324F83,SYN-202510-P86B66C324F83,2025-10-01 23:53:16,2025-10-01 23:19:16,level_completed,1,0.0,0
2025-10,EVT-202510-86B66C324F83-0110,SYN-202510-D86B66C324F83,SYN-202510-P86B66C324F83,2025-10-01 23:53:16,2025-10-01 23:19:16,level_completed,1,0.0,0
2025-10,EVT-202510-86B66C324F83-0113,SYN-202510-D86B66C324F83,SYN-202510-P86B66C324F83,2025-10-01 23:53:16,2025-10-01 23:19:16,level_completed,1,0.0,0
2025-10,EVT-202510-86B66C324F83-0144,SYN-202510-D86B66C324F83,SYN-202510-P86B66C324F83,2025-10-01 23:53:16,2025-10-01 23:19:16,ad_impression,0,0.0011,0
2025-10,EVT-202510-86B66C324F83-0151,SYN-202510-D86B66C324F83,SYN-202510-P86B66C324F83,2025-10-01 23:53:16,2025-10-01 23:19:16,ad_impression,0,0.0011,0
2025-10,EVT-202510-86B66C324F83-0157,SYN-202510-D86B66C324F83,SYN-202510-P86B66C324F83,2025-10-01 23:53:16,2025-10-01 23:19:16,ad_impression,0,0.0011,0
2025-10,EVT-202510-86B66C324F83-0016,SYN-202510-D86B66C324F83,SYN-202510-P86B66C324F83,2025-10-01 23:54:16,2025-10-01 23:19:16,level_completed,1,0.0,0
2025-10,EVT-202510-86B66C324F83-0188,SYN-202510-D86B66C324F83,SYN-202510-P86B66C324F83,2025-10-01 23:54:16,2025-10-01 23:19:16,ad_impression,0,0.0011,0
2025-10,EVT-202510-86B66C324F83-0027,SYN-202510-D86B66C324F83,SYN-202510-P86B66C324F83,2025-10-01 23:55:16,2025-10-01 23:19:16,level_completed,1,0.0,0
2025-10,EVT-202510-86B66C324F83-0124,SYN-202510-D86B66C324F83,SYN-202510-P86B66C324F83,2025-10-01 23:55:16,2025-10-01 23:19:16,ad_impression,0,0.0011,0
2025-10,EVT-202510-1148B92EB694-0015,SYN-202510-D1148B92EB694,SYN-202510-P1148B92EB694,2025-10-01 23:56:00,2025-10-01 19:21:06,level_completed,1,0.0,0
2025-10,EVT-202510-DEE1747D7D6B-0025,SYN-202510-DDEE1747D7D6B,SYN-202510-PDEE1747D7D6B,2025-10-01 23:56:00,2025-10-01 06:23:43,level_completed,1,0.0,0
2025-10,EVT-202510-86B66C324F83-0018,SYN-202510-D86B66C324F83,SYN-202510-P86B66C324F83,2025-10-01 23:56:16,2025-10-01 23:19:16,level_completed,1,0.0,0
2025-10,EVT-202510-86B66C324F83-0082,SYN-202510-D86B66C324F83,SYN-202510-P86B66C324F83,2025-10-01 23:56:16,2025-10-01 23:19:16,level_completed,1,0.0,0
2025-10,EVT-202510-86B66C324F83-0120,SYN-202510-D86B66C324F83,SYN-202510-P86B66C324F83,2025-10-01 23:56:16,2025-10-01 23:19:16,ad_impression,0,0.0011,0
2025-10,EVT-202510-86B66C324F83-0011,SYN-202510-D86B66C324F83,SYN-202510-P86B66C324F83,2025-10-01 23:57:16,2025-10-01 23:19:16,level_completed,1,0.0,0
2025-10,EVT-202510-86B66C324F83-0122,SYN-202510-D86B66C324F83,SYN-202510-P86B66C324F83,2025-10-01 23:57:16,2025-10-01 23:19:16,ad_impression,0,0.0011,0
2025-10,EVT-202510-86B66C324F83-0140,SYN-202510-D86B66C324F83,SYN-202510-P86B66C324F83,2025-10-01 23:57:16,2025-10-01 23:19:16,ad_impression,0,0.0011,0
2025-10,EVT-202510-86B66C324F83-0150,SYN-202510-D86B66C324F83,SYN-202510-P86B66C324F83,2025-10-01 23:57:16,2025-10-01 23:19:16,ad_impression,0,0.0011,0
2025-10,EVT-202510-86B66C324F83-0185,SYN-202510-D86B66C324F83,SYN-202510-P86B66C324F83,2025-10-01 23:57:16,2025-10-01 23:19:16,ad_impression,0,0.0011,0
2025-10,EVT-202510-DEE1747D7D6B-0061,SYN-202510-DDEE1747D7D6B,SYN-202510-PDEE1747D7D6B,2025-10-01 23:58:00,2025-10-01 06:23:43,level_completed,1,0.0,0
2025-10,EVT-202510-DEE1747D7D6B-0120,SYN-202510-DDEE1747D7D6B,SYN-202510-PDEE1747D7D6B,2025-10-01 23:58:00,2025-10-01 06:23:43,level_completed,1,0.0,0
2025-10,EVT-202510-86B66C324F83-0010,SYN-202510-D86B66C324F83,SYN-202510-P86B66C324F83,2025-10-01 23:58:16,2025-10-01 23:19:16,level_completed,1,0.0,0
2025-10,EVT-202510-86B66C324F83-0041,SYN-202510-D86B66C324F83,SYN-202510-P86B66C324F83,2025-10-01 23:58:16,2025-10-01 23:19:16,level_completed,1,0.0,0
2025-10,EVT-202510-86B66C324F83-0089,SYN-202510-D86B66C324F83,SYN-202510-P86B66C324F83,2025-10-01 23:58:16,2025-10-01 23:19:16,level_completed,1,0.0,0
2025-10,EVT-202510-86B66C324F83-0143,SYN-202510-D86B66C324F83,SYN-202510-P86B66C324F83,2025-10-01 23:58:16,2025-10-01 23:19:16,ad_impression,0,0.0011,0
2025-10,EVT-202510-1148B92EB694-0020,SYN-202510-D1148B92EB694,SYN-202510-P1148B92EB694,2025-10-01 23:59:00,2025-10-01 19:21:06,ad_impression,0,0.0121,0
2025-10,EVT-202510-86B66C324F83-0043,SYN-202510-D86B66C324F83,SYN-202510-P86B66C324F83,2025-10-01 23:59:16,2025-10-01 23:19:16,level_completed,1,0.0,0
2025-10,EVT-202510-86B66C324F83-0051,SYN-202510-D86B66C324F83,SYN-202510-P86B66C324F83,2025-10-01 23:59:16,2025-10-01 23:19:16,level_completed,1,0.0,0
2025-10,EVT-202510-86B66C324F83-0008,SYN-202510-D86B66C324F83,SYN-202510-P86B66C324F83,2025-10-02 00:00:16,2025-10-01 23:19:16,level_completed,1,0.0,1
2025-10,EVT-202510-86B66C324F83-0042,SYN-202510-D86B66C324F83,SYN-202510-P86B66C324F83,2025-10-02 00:00:16,2025-10-01 23:19:16,level_completed,1,0.0,1
2025-10,EVT-202510-86B66C324F83-0096,SYN-202510-D86B66C324F83,SYN-202510-P86B66C324F83,2025-10-02 00:00:16,2025-10-01 23:19:16,level_completed,1,0.0,1
2025-10,EVT-202510-86B66C324F83-0152,SYN-202510-D86B66C324F83,SYN-202510-P86B66C324F83,2025-10-02 00:00:16,2025-10-01 23:19:16,ad_impression,0,0.0011,1
2025-10,EVT-202510-86B66C324F83-0178,SYN-202510-D86B66C324F83,SYN-202510-P86B66C324F83,2025-10-02 00:00:16,2025-10-01 23:19:16,ad_impression,0,0.0011,1
2025-10,EVT-202510-86B66C324F83-0097,SYN-202510-D86B66C324F83,SYN-202510-P86B66C324F83,2025-10-02 00:02:16,2025-10-01 23:19:16,level_completed,1,0.0,1
2025-10,EVT-202510-1148B92EB694-0016,SYN-202510-D1148B92EB694,SYN-202510-P1148B92EB694,2025-10-02 00:03:00,2025-10-01 19:21:06,ad_impression,0,0.0121,1
2025-10,EVT-202510-86B66C324F83-0019,SYN-202510-D86B66C324F83,SYN-202510-P86B66C324F83,2025-10-02 00:04:16,2025-10-01 23:19:16,level_completed,1,0.0,1
2025-10,EVT-202510-86B66C324F83-0029,SYN-202510-D86B66C324F83,SYN-202510-P86B66C324F83,2025-10-02 00:04:16,2025-10-01 23:19:16,level_completed,1,0.0,1
2025-10,EVT-202510-86B66C324F83-0139,SYN-202510-D86B66C324F83,SYN-202510-P86B66C324F83,2025-10-02 00:04:16,2025-10-01 23:19:16,ad_impression,0,0.0011,1
2025-10,EVT-202510-86B66C324F83-0033,SYN-202510-D86B66C324F83,SYN-202510-P86B66C324F83,2025-10-02 00:05:16,2025-10-01 23:19:16,level_completed,1,0.0,1
2025-10,EVT-202510-86B66C324F83-0046,SYN-202510-D86B66C324F83,SYN-202510-P86B66C324F83,2025-10-02 00:05:16,2025-10-01 23:19:16,level_completed,1,0.0,1
2025-10,EVT-202510-86B66C324F83-0123,SYN-202510-D86B66C324F83,SYN-202510-P86B66C324F83,2025-10-02 00:05:16,2025-10-01 23:19:16,ad_impression,0,0.0011,1
2025-10,EVT-202510-86B66C324F83-0166,SYN-202510-D86B66C324F83,SYN-202510-P86B66C324F83,2025-10-02 00:05:16,2025-10-01 23:19:16,ad_impression,0,0.0011,1
2025-10,EVT-202510-86B66C324F83-0161,SYN-202510-D86B66C324F83,SYN-202510-P86B66C324F83,2025-10-02 00:06:16,2025-10-01 23:19:16,ad_impression,0,0.0011,1
2025-10,EVT-202510-86B66C324F83-0044,SYN-202510-D86B66C324F83,SYN-202510-P86B66C324F83,2025-10-02 00:07:16,2025-10-01 23:19:16,level_completed,1,0.0,1
2025-10,EVT-202510-86B66C324F83-0093,SYN-202510-D86B66C324F83,SYN-202510-P86B66C324F83,2025-10-02 00:07:16,2025-10-01 23:19:16,level_completed,1,0.0,1
2025-10,EVT-202510-86B66C324F83-0146,SYN-202510-D86B66C324F83,SYN-202510-P86B66C324F83,2025-10-02 00:07:16,2025-10-01 23:19:16,ad_impression,0,0.0011,1
2025-10,EVT-202510-86B66C324F83-0050,SYN-202510-D86B66C324F83,SYN-202510-P86B66C324F83,2025-10-02 00:08:16,2025-10-01 23:19:16,level_completed,1,0.0,1
2025-10,EVT-202510-86B66C324F83-0121,SYN-202510-D86B66C324F83,SYN-202510-P86B66C324F83,2025-10-02 00:08:16,2025-10-01 23:19:16,ad_impression,0,0.0011,1
2025-10,EVT-202510-86B66C324F83-0127,SYN-202510-D86B66C324F83,SYN-202510-P86B66C324F83,2025-10-02 00:09:16,2025-10-01 23:19:16,ad_impression,0,0.0011,1
2025-10,EVT-202510-86B66C324F83-0184,SYN-202510-D86B66C324F83,SYN-202510-P86B66C324F83,2025-10-02 00:09:16,2025-10-01 23:19:16,ad_impression,0,0.0011,1
2025-10,EVT-202510-E22659C04196-0006,SYN-202510-DE22659C04196,SYN-202510-PE22659C04196,2025-10-02 00:09:29,2025-10-01 23:21:29,level_completed,1,0.0,1
2025-10,EVT-202510-86B66C324F83-0057,SYN-202510-D86B66C324F83,SYN-202510-P86B66C324F83,2025-10-02 00:11:16,2025-10-01 23:19:16,level_completed,1,0.0,1
2025-10,EVT-202510-86B66C324F83-0078,SYN-202510-D86B66C324F83,SYN-202510-P86B66C324F83,2025-10-02 00:11:16,2025-10-01 23:19:16,level_completed,1,0.0,1
2025-10,EVT-202510-86B66C324F83-0117,SYN-202510-D86B66C324F83,SYN-202510-P86B66C324F83,2025-10-02 00:11:16,2025-10-01 23:19:16,level_completed,1,0.0,1
2025-10,EVT-202510-86B66C324F83-0134,SYN-202510-D86B66C324F83,SYN-202510-P86B66C324F83,2025-10-02 00:12:16,2025-10-01 23:19:16,ad_impression,0,0.0011,1
2025-10,EVT-202510-86B66C324F83-0007,SYN-202510-D86B66C324F83,SYN-202510-P86B66C324F83,2025-10-02 00:13:16,2025-10-01 23:19:16,level_completed,1,0.0,1
2025-10,EVT-202510-86B66C324F83-0017,SYN-202510-D86B66C324F83,SYN-202510-P86B66C324F83,2025-10-02 00:13:16,2025-10-01 23:19:16,level_completed,1,0.0,1
2025-10,EVT-202510-86B66C324F83-0058,SYN-202510-D86B66C324F83,SYN-202510-P86B66C324F83,2025-10-02 00:13:16,2025-10-01 23:19:16,level_completed,1,0.0,1
2025-10,EVT-202510-86B66C324F83-0128,SYN-202510-D86B66C324F83,SYN-202510-P86B66C324F83,2025-10-02 00:13:16,2025-10-01 23:19:16,ad_impression,0,0.0011,1
2025-10,EVT-202510-DEE1747D7D6B-0107,SYN-202510-DDEE1747D7D6B,SYN-202510-PDEE1747D7D6B,2025-10-02 00:14:00,2025-10-01 06:23:43,level_completed,1,0.0,1
2025-10,EVT-202510-86B66C324F83-0104,SYN-202510-D86B66C324F83,SYN-202510-P86B66C324F83,2025-10-02 00:14:16,2025-10-01 23:19:16,level_completed,1,0.0,1
2025-10,EVT-202510-86B66C324F83-0132,SYN-202510-D86B66C324F83,SYN-202510-P86B66C324F83,2025-10-02 00:14:16,2025-10-01 23:19:16,ad_impression,0,0.0011,1
2025-10,EVT-202510-86B66C324F83-0009,SYN-202510-D86B66C324F83,SYN-202510-P86B66C324F83,2025-10-02 00:15:16,2025-10-01 23:19:16,level_completed,1,0.0,1
2025-10,EVT-202510-86B66C324F83-0103,SYN-202510-D86B66C324F83,SYN-202510-P86B66C324F83,2025-10-02 00:15:16,2025-10-01 23:19:16,level_completed,1,0.0,1
2025-10,EVT-202510-86B66C324F83-0115,SYN-202510-D86B66C324F83,SYN-202510-P86B66C324F83,2025-10-02 00:15:16,2025-10-01 23:19:16,level_completed,1,0.0,1
2025-10,EVT-202510-0CD0955BCE5A-0080,SYN-202510-D0CD0955BCE5A,SYN-202510-P0CD0955BCE5A,2025-10-02 00:16:00,2025-10-01 07:12:16,ad_impression,0,0.0166,1
2025-10,EVT-202510-86B66C324F83-0036,SYN-202510-D86B66C324F83,SYN-202510-P86B66C324F83,2025-10-02 00:16:16,2025-10-01 23:19:16,level_completed,1,0.0,1
2025-10,EVT-202510-86B66C324F83-0045,SYN-202510-D86B66C324F83,SYN-202510-P86B66C324F83,2025-10-02 00:16:16,2025-10-01 23:19:16,level_completed,1,0.0,1
2025-10,EVT-202510-86B66C324F83-0063,SYN-202510-D86B66C324F83,SYN-202510-P86B66C324F83,2025-10-02 00:16:16,2025-10-01 23:19:16,level_completed,1,0.0,1
2025-10,EVT-202510-86B66C324F83-0159,SYN-202510-D86B66C324F83,SYN-202510-P86B66C324F83,2025-10-02 00:16:16,2025-10-01 23:19:16,ad_impression,0,0.0011,1
2025-10,EVT-202510-86B66C324F83-0068,SYN-202510-D86B66C324F83,SYN-202510-P86B66C324F83,2025-10-02 00:17:16,2025-10-01 23:19:16,level_completed,1,0.0,1
2025-10,EVT-202510-86B66C324F83-0081,SYN-202510-D86B66C324F83,SYN-202510-P86B66C324F83,2025-10-02 00:17:16,2025-10-01 23:19:16,level_completed,1,0.0,1
2025-10,EVT-202510-86B66C324F83-0190,SYN-202510-D86B66C324F83,SYN-202510-P86B66C324F83,2025-10-02 00:17:16,2025-10-01 23:19:16,ad_impression,0,0.0011,1
2025-10,EVT-202510-86B66C324F83-0037,SYN-202510-D86B66C324F83,SYN-202510-P86B66C324F83,2025-10-02 00:19:16,2025-10-01 23:19:16,level_completed,1,0.0,1
2025-10,EVT-202510-86B66C324F83-0098,SYN-202510-D86B66C324F83,SYN-202510-P86B66C324F83,2025-10-02 00:19:16,2025-10-01 23:19:16,level_completed,1,0.0,1
2025-10,EVT-202510-86B66C324F83-0087,SYN-202510-D86B66C324F83,SYN-202510-P86B66C324F83,2025-10-02 00:20:16,2025-10-01 23:19:16,level_completed,1,0.0,1
2025-10,EVT-202510-86B66C324F83-0088,SYN-202510-D86B66C324F83,SYN-202510-P86B66C324F83,2025-10-02 00:20:16,2025-10-01 23:19:16,level_completed,1,0.0,1
2025-10,EVT-202510-86B66C324F83-0126,SYN-202510-D86B66C324F83,SYN-202510-P86B66C324F83,2025-10-02 00:20:16,2025-10-01 23:19:16,ad_impression,0,0.0011,1
2025-10,EVT-202510-86B66C324F83-0154,SYN-202510-D86B66C324F83,SYN-202510-P86B66C324F83,2025-10-02 00:20:16,2025-10-01 23:19:16,ad_impression,0,0.0011,1
2025-10,EVT-202510-86B66C324F83-0155,SYN-202510-D86B66C324F83,SYN-202510-P86B66C324F83,2025-10-02 00:20:16,2025-10-01 23:19:16,ad_impression,0,0.0011,1
2025-10,EVT-202510-0CD0955BCE5A-0008,SYN-202510-D0CD0955BCE5A,SYN-202510-P0CD0955BCE5A,2025-10-02 00:21:00,2025-10-01 07:12:16,level_completed,1,0.0,1
2025-10,EVT-202510-1148B92EB694-0009,SYN-202510-D1148B92EB694,SYN-202510-P1148B92EB694,2025-10-02 00:21:00,2025-10-01 19:21:06,level_completed,1,0.0,1
2025-10,EVT-202510-86B66C324F83-0095,SYN-202510-D86B66C324F83,SYN-202510-P86B66C324F83,2025-10-02 00:21:16,2025-10-01 23:19:16,level_completed,1,0.0,1
2025-10,EVT-202510-86B66C324F83-0147,SYN-202510-D86B66C324F83,SYN-202510-P86B66C324F83,2025-10-02 00:21:16,2025-10-01 23:19:16,ad_impression,0,0.0011,1
2025-10,EVT-202510-0CD0955BCE5A-0025,SYN-202510-D0CD0955BCE5A,SYN-202510-P0CD0955BCE5A,2025-10-02 00:22:00,2025-10-01 07:12:16,level_completed,1,0.0,1
2025-10,EVT-202510-86B66C324F83-0013,SYN-202510-D86B66C324F83,SYN-202510-P86B66C324F83,2025-10-02 00:22:16,2025-10-01 23:19:16,level_completed,1,0.0,1
2025-10,EVT-202510-86B66C324F83-0168,SYN-202510-D86B66C324F83,SYN-202510-P86B66C324F83,2025-10-02 00:22:16,2025-10-01 23:19:16,ad_impression,0,0.0011,1
2025-10,EVT-202510-0CD0955BCE5A-0057,SYN-202510-D0CD0955BCE5A,SYN-202510-P0CD0955BCE5A,2025-10-02 00:23:00,2025-10-01 07:12:16,level_completed,1,0.0,1
2025-10,EVT-202510-86B66C324F83-0040,SYN-202510-D86B66C324F83,SYN-202510-P86B66C324F83,2025-10-02 00:23:16,2025-10-01 23:19:16,level_completed,1,0.0,1
2025-10,EVT-202510-86B66C324F83-0108,SYN-202510-D86B66C324F83,SYN-202510-P86B66C324F83,2025-10-02 00:23:16,2025-10-01 23:19:16,level_completed,1,0.0,1
2025-10,EVT-202510-0CD0955BCE5A-0051,SYN-202510-D0CD0955BCE5A,SYN-202510-P0CD0955BCE5A,2025-10-02 00:24:00,2025-10-01 07:12:16,level_completed,1,0.0,1
2025-10,EVT-202510-86B66C324F83-0014,SYN-202510-D86B66C324F83,SYN-202510-P86B66C324F83,2025-10-02 00:24:16,2025-10-01 23:19:16,level_completed,1,0.0,1
2025-10,EVT-202510-86B66C324F83-0032,SYN-202510-D86B66C324F83,SYN-202510-P86B66C324F83,2025-10-02 00:24:16,2025-10-01 23:19:16,level_completed,1,0.0,1
2025-10,EVT-202510-86B66C324F83-0069,SYN-202510-D86B66C324F83,SYN-202510-P86B66C324F83,2025-10-02 00:24:16,2025-10-01 23:19:16,level_completed,1,0.0,1
2025-10,EVT-202510-86B66C324F83-0112,SYN-202510-D86B66C324F83,SYN-202510-P86B66C324F83,2025-10-02 00:24:16,2025-10-01 23:19:16,level_completed,1,0.0,1
2025-10,EVT-202510-86B66C324F83-0065,SYN-202510-D86B66C324F83,SYN-202510-P86B66C324F83,2025-10-02 00:25:16,2025-10-01 23:19:16,level_completed,1,0.0,1
2025-10,EVT-202510-86B66C324F83-0142,SYN-202510-D86B66C324F83,SYN-202510-P86B66C324F83,2025-10-02 00:25:16,2025-10-01 23:19:16,ad_impression,0,0.0011,1
2025-10,EVT-202510-86B66C324F83-0145,SYN-202510-D86B66C324F83,SYN-202510-P86B66C324F83,2025-10-02 00:25:16,2025-10-01 23:19:16,ad_impression,0,0.0011,1
2025-10,EVT-202510-86B66C324F83-0023,SYN-202510-D86B66C324F83,SYN-202510-P86B66C324F83,2025-10-02 00:26:16,2025-10-01 23:19:16,level_completed,1,0.0,1
2025-10,EVT-202510-86B66C324F83-0116,SYN-202510-D86B66C324F83,SYN-202510-P86B66C324F83,2025-10-02 00:26:16,2025-10-01 23:19:16,level_completed,1,0.0,1
2025-10,EVT-202510-86B66C324F83-0020,SYN-202510-D86B66C324F83,SYN-202510-P86B66C324F83,2025-10-02 00:27:16,2025-10-01 23:19:16,level_completed,1,0.0,1
2025-10,EVT-202510-86B66C324F83-0024,SYN-202510-D86B66C324F83,SYN-202510-P86B66C324F83,2025-10-02 00:27:16,2025-10-01 23:19:16,level_completed,1,0.0,1
2025-10,EVT-202510-86B66C324F83-0028,SYN-202510-D86B66C324F83,SYN-202510-P86B66C324F83,2025-10-02 00:27:16,2025-10-01 23:19:16,level_completed,1,0.0,1
2025-10,EVT-202510-86B66C324F83-0073,SYN-202510-D86B66C324F83,SYN-202510-P86B66C324F83,2025-10-02 00:27:16,2025-10-01 23:19:16,level_completed,1,0.0,1
2025-10,EVT-202510-86B66C324F83-0162,SYN-202510-D86B66C324F83,SYN-202510-P86B66C324F83,2025-10-02 00:27:16,2025-10-01 23:19:16,ad_impression,0,0.0011,1
2025-10,EVT-202510-86B66C324F83-0064,SYN-202510-D86B66C324F83,SYN-202510-P86B66C324F83,2025-10-02 00:28:16,2025-10-01 23:19:16,level_completed,1,0.0,1
2025-10,EVT-202510-86B66C324F83-0071,SYN-202510-D86B66C324F83,SYN-202510-P86B66C324F83,2025-10-02 00:28:16,2025-10-01 23:19:16,level_completed,1,0.0,1
2025-10,EVT-202510-86B66C324F83-0079,SYN-202510-D86B66C324F83,SYN-202510-P86B66C324F83,2025-10-02 00:28:16,2025-10-01 23:19:16,level_completed,1,0.0,1
2025-10,EVT-202510-86B66C324F83-0158,SYN-202510-D86B66C324F83,SYN-202510-P86B66C324F83,2025-10-02 00:29:16,2025-10-01 23:19:16,ad_impression,0,0.0011,1
2025-10,EVT-202510-86B66C324F83-0181,SYN-202510-D86B66C324F83,SYN-202510-P86B66C324F83,2025-10-02 00:29:16,2025-10-01 23:19:16,ad_impression,0,0.0011,1
2025-10,EVT-202510-86B66C324F83-0189,SYN-202510-D86B66C324F83,SYN-202510-P86B66C324F83,2025-10-02 00:29:16,2025-10-01 23:19:16,ad_impression,0,0.0011,1
2025-10,EVT-202510-86B66C324F83-0148,SYN-202510-D86B66C324F83,SYN-202510-P86B66C324F83,2025-10-02 00:30:16,2025-10-01 23:19:16,ad_impression,0,0.0011,1
2025-10,EVT-202510-86B66C324F83-0106,SYN-202510-D86B66C324F83,SYN-202510-P86B66C324F83,2025-10-02 00:31:16,2025-10-01 23:19:16,level_completed,1,0.0,1
2025-10,EVT-202510-86B66C324F83-0119,SYN-202510-D86B66C324F83,SYN-202510-P86B66C324F83,2025-10-02 00:31:16,2025-10-01 23:19:16,ad_impression,0,0.0011,1
2025-10,EVT-202510-86B66C324F83-0165,SYN-202510-D86B66C324F83,SYN-202510-P86B66C324F83,2025-10-02 00:32:16,2025-10-01 23:19:16,ad_impression,0,0.0011,1
2025-10,EVT-202510-86B66C324F83-0102,SYN-202510-D86B66C324F83,SYN-202510-P86B66C324F83,2025-10-02 00:33:16,2025-10-01 23:19:16,level_completed,1,0.0,1
2025-10,EVT-202510-86B66C324F83-0125,SYN-202510-D86B66C324F83,SYN-202510-P86B66C324F83,2025-10-02 00:33:16,2025-10-01 23:19:16,ad_impression,0,0.0011,1
2025-10,EVT-202510-86B66C324F83-0138,SYN-202510-D86B66C324F83,SYN-202510-P86B66C324F83,2025-10-02 00:33:16,2025-10-01 23:19:16,ad_impression,0,0.0011,1
2025-10,EVT-202510-86B66C324F83-0171,SYN-202510-D86B66C324F83,SYN-202510-P86B66C324F83,2025-10-02 00:34:16,2025-10-01 23:19:16,ad_impression,0,0.0011,1
2025-10,EVT-202510-86B66C324F83-0061,SYN-202510-D86B66C324F83,SYN-202510-P86B66C324F83,2025-10-02 00:35:16,2025-10-01 23:19:16,level_completed,1,0.0,1
2025-10,EVT-202510-86B66C324F83-0012,SYN-202510-D86B66C324F83,SYN-202510-P86B66C324F83,2025-10-02 00:36:16,2025-10-01 23:19:16,level_completed,1,0.0,1
2025-10,EVT-202510-86B66C324F83-0086,SYN-202510-D86B66C324F83,SYN-202510-P86B66C324F83,2025-10-02 00:36:16,2025-10-01 23:19:16,level_completed,1,0.0,1
2025-10,EVT-202510-86B66C324F83-0021,SYN-202510-D86B66C324F83,SYN-202510-P86B66C324F83,2025-10-02 00:37:16,2025-10-01 23:19:16,level_completed,1,0.0,1
2025-10,EVT-202510-86B66C324F83-0080,SYN-202510-D86B66C324F83,SYN-202510-P86B66C324F83,2025-10-02 00:37:16,2025-10-01 23:19:16,level_completed,1,0.0,1
2025-10,EVT-202510-86B66C324F83-0109,SYN-202510-D86B66C324F83,SYN-202510-P86B66C324F83,2025-10-02 00:37:16,2025-10-01 23:19:16,level_completed,1,0.0,1
2025-10,EVT-202510-86B66C324F83-0090,SYN-202510-D86B66C324F83,SYN-202510-P86B66C324F83,2025-10-02 00:38:16,2025-10-01 23:19:16,level_completed,1,0.0,1
2025-10,EVT-202510-86B66C324F83-0111,SYN-202510-D86B66C324F83,SYN-202510-P86B66C324F83,2025-10-02 00:38:16,2025-10-01 23:19:16,level_completed,1,0.0,1
2025-10,EVT-202510-1148B92EB694-0011,SYN-202510-D1148B92EB694,SYN-202510-P1148B92EB694,2025-10-02 00:39:00,2025-10-01 19:21:06,level_completed,1,0.0,1
2025-10,EVT-202510-86B66C324F83-0075,SYN-202510-D86B66C324F83,SYN-202510-P86B66C324F83,2025-10-02 00:40:16,2025-10-01 23:19:16,level_completed,1,0.0,1
2025-10,EVT-202510-86B66C324F83-0192,SYN-202510-D86B66C324F83,SYN-202510-P86B66C324F83,2025-10-02 00:42:16,2025-10-01 23:19:16,ad_impression,0,0.0011,1
2025-10,EVT-202510-86B66C324F83-0179,SYN-202510-D86B66C324F83,SYN-202510-P86B66C324F83,2025-10-02 00:43:16,2025-10-01 23:19:16,ad_impression,0,0.0011,1
2025-10,EVT-202510-86B66C324F83-0137,SYN-202510-D86B66C324F83,SYN-202510-P86B66C324F83,2025-10-02 00:45:16,2025-10-01 23:19:16,ad_impression,0,0.0011,1
2025-10,EVT-202510-86B66C324F83-0156,SYN-202510-D86B66C324F83,SYN-202510-P86B66C324F83,2025-10-02 00:45:16,2025-10-01 23:19:16,ad_impression,0,0.0011,1
2025-10,EVT-202510-86B66C324F83-0173,SYN-202510-D86B66C324F83,SYN-202510-P86B66C324F83,2025-10-02 00:47:16,2025-10-01 23:19:16,ad_impression,0,0.0011,1
2025-10,EVT-202510-86B66C324F83-0170,SYN-202510-D86B66C324F83,SYN-202510-P86B66C324F83,2025-10-02 00:48:16,2025-10-01 23:19:16,ad_impression,0,0.0011,1
2025-10,EVT-202510-86B66C324F83-0176,SYN-202510-D86B66C324F83,SYN-202510-P86B66C324F83,2025-10-02 00:50:16,2025-10-01 23:19:16,ad_impression,0,0.0011,1
2025-10,EVT-202510-86B66C324F83-0186,SYN-202510-D86B66C324F83,SYN-202510-P86B66C324F83,2025-10-02 00:50:16,2025-10-01 23:19:16,ad_impression,0,0.0011,1
2025-10,EVT-202510-1148B92EB694-0023,SYN-202510-D1148B92EB694,SYN-202510-P1148B92EB694,2025-10-02 01:10:00,2025-10-01 19:21:06,ad_impression,0,0.0121,1
2025-10,EVT-202510-1148B92EB694-0017,SYN-202510-D1148B92EB694,SYN-202510-P1148B92EB694,2025-10-02 01:14:00,2025-10-01 19:21:06,ad_impression,0,0.0121,1
2025-10,EVT-202510-3358FFB3405F-0001,SYN-202510-D3358FFB3405F,SYN-202510-P3358FFB3405F,2025-10-02 02:34:00,2025-10-02 01:32:58,session_start,0,0.0,0
2025-10,EVT-202510-DEE1747D7D6B-0006,SYN-202510-DDEE1747D7D6B,SYN-202510-PDEE1747D7D6B,2025-10-02 02:36:00,2025-10-01 06:23:43,session_start,0,0.0,1
2025-10,EVT-202510-DEE1747D7D6B-0123,SYN-202510-DDEE1747D7D6B,SYN-202510-PDEE1747D7D6B,2025-10-02 02:43:00,2025-10-01 06:23:43,ad_impression,0,0.0063,1
2025-10,EVT-202510-DEE1747D7D6B-0051,SYN-202510-DDEE1747D7D6B,SYN-202510-PDEE1747D7D6B,2025-10-02 02:48:00,2025-10-01 06:23:43,level_completed,1,0.0,1
2025-10,EVT-202510-3358FFB3405F-0005,SYN-202510-D3358FFB3405F,SYN-202510-P3358FFB3405F,2025-10-02 02:54:00,2025-10-02 01:32:58,level_completed,1,0.0,0
2025-10,EVT-202510-DEE1747D7D6B-0077,SYN-202510-DDEE1747D7D6B,SYN-202510-PDEE1747D7D6B,2025-10-02 02:58:00,2025-10-01 06:23:43,level_completed,1,0.0,1
2025-10,EVT-202510-3358FFB3405F-0007,SYN-202510-D3358FFB3405F,SYN-202510-P3358FFB3405F,2025-10-02 03:01:00,2025-10-02 01:32:58,ad_impression,0,0.1951,0
2025-10,EVT-202510-D3475F4193A8-0001,SYN-202510-DD3475F4193A8,SYN-202510-PD3475F4193A8,2025-10-02 03:06:43,2025-10-02 03:05:43,session_start,0,0.0,0
2025-10,EVT-202510-DEE1747D7D6B-0111,SYN-202510-DDEE1747D7D6B,SYN-202510-PDEE1747D7D6B,2025-10-02 03:08:00,2025-10-01 06:23:43,level_completed,1,0.0,1
2025-10,EVT-202510-3358FFB3405F-0002,SYN-202510-D3358FFB3405F,SYN-202510-P3358FFB3405F,2025-10-02 03:09:00,2025-10-02 01:32:58,level_completed,1,0.0,0
2025-10,EVT-202510-D3475F4193A8-0009,SYN-202510-DD3475F4193A8,SYN-202510-PD3475F4193A8,2025-10-02 03:11:43,2025-10-02 03:05:43,level_completed,1,0.0,0
2025-10,EVT-202510-3358FFB3405F-0006,SYN-202510-D3358FFB3405F,SYN-202510-P3358FFB3405F,2025-10-02 03:12:00,2025-10-02 01:32:58,ad_impression,0,0.1951,0
2025-10,EVT-202510-DEE1747D7D6B-0139,SYN-202510-DDEE1747D7D6B,SYN-202510-PDEE1747D7D6B,2025-10-02 03:13:00,2025-10-01 06:23:43,ad_impression,0,0.0063,1
2025-10,EVT-202510-D3475F4193A8-0010,SYN-202510-DD3475F4193A8,SYN-202510-PD3475F4193A8,2025-10-02 03:15:43,2025-10-02 03:05:43,level_completed,1,0.0,0
2025-10,EVT-202510-D3475F4193A8-0011,SYN-202510-DD3475F4193A8,SYN-202510-PD3475F4193A8,2025-10-02 03:15:43,2025-10-02 03:05:43,level_completed,1,0.0,0
2025-10,EVT-202510-DEE1747D7D6B-0117,SYN-202510-DDEE1747D7D6B,SYN-202510-PDEE1747D7D6B,2025-10-02 03:19:00,2025-10-01 06:23:43,level_completed,1,0.0,1
2025-10,EVT-202510-3358FFB3405F-0004,SYN-202510-D3358FFB3405F,SYN-202510-P3358FFB3405F,2025-10-02 03:21:00,2025-10-02 01:32:58,level_completed,1,0.0,0
2025-10,EVT-202510-DEE1747D7D6B-0112,SYN-202510-DDEE1747D7D6B,SYN-202510-PDEE1747D7D6B,2025-10-02 03:28:00,2025-10-01 06:23:43,level_completed,1,0.0,1
2025-10,EVT-202510-DEE1747D7D6B-0131,SYN-202510-DDEE1747D7D6B,SYN-202510-PDEE1747D7D6B,2025-10-02 03:28:00,2025-10-01 06:23:43,ad_impression,0,0.0063,1
2025-10,EVT-202510-DEE1747D7D6B-0148,SYN-202510-DDEE1747D7D6B,SYN-202510-PDEE1747D7D6B,2025-10-02 03:34:00,2025-10-01 06:23:43,ad_impression,0,0.0063,1
2025-10,EVT-202510-3358FFB3405F-0003,SYN-202510-D3358FFB3405F,SYN-202510-P3358FFB3405F,2025-10-02 03:35:00,2025-10-02 01:32:58,level_completed,1,0.0,0
2025-10,EVT-202510-DEE1747D7D6B-0016,SYN-202510-DDEE1747D7D6B,SYN-202510-PDEE1747D7D6B,2025-10-02 03:40:00,2025-10-01 06:23:43,level_completed,1,0.0,1
2025-10,EVT-202510-DEE1747D7D6B-0136,SYN-202510-DDEE1747D7D6B,SYN-202510-PDEE1747D7D6B,2025-10-02 03:44:00,2025-10-01 06:23:43,ad_impression,0,0.0063,1
2025-10,EVT-202510-DEE1747D7D6B-0060,SYN-202510-DDEE1747D7D6B,SYN-202510-PDEE1747D7D6B,2025-10-02 03:49:00,2025-10-01 06:23:43,level_completed,1,0.0,1
2025-10,EVT-202510-DEE1747D7D6B-0128,SYN-202510-DDEE1747D7D6B,SYN-202510-PDEE1747D7D6B,2025-10-02 03:51:00,2025-10-01 06:23:43,ad_impression,0,0.0063,1
2025-10,EVT-202510-DEE1747D7D6B-0065,SYN-202510-DDEE1747D7D6B,SYN-202510-PDEE1747D7D6B,2025-10-02 03:52:00,2025-10-01 06:23:43,level_completed,1,0.0,1
2025-10,EVT-202510-DEE1747D7D6B-0092,SYN-202510-DDEE1747D7D6B,SYN-202510-PDEE1747D7D6B,2025-10-02 03:52:00,2025-10-01 06:23:43,level_completed,1,0.0,1
2025-10,EVT-202510-DEE1747D7D6B-0098,SYN-202510-DDEE1747D7D6B,SYN-202510-PDEE1747D7D6B,2025-10-02 03:56:00,2025-10-01 06:23:43,level_completed,1,0.0,1
2025-10,EVT-202510-DEE1747D7D6B-0152,SYN-202510-DDEE1747D7D6B,SYN-202510-PDEE1747D7D6B,2025-10-02 03:57:00,2025-10-01 06:23:43,ad_impression,0,0.0063,1
2025-10,EVT-202510-D3475F4193A8-0013,SYN-202510-DD3475F4193A8,SYN-202510-PD3475F4193A8,2025-10-02 04:06:43,2025-10-02 03:05:43,level_completed,1,0.0,0
2025-10,EVT-202510-D3475F4193A8-0006,SYN-202510-DD3475F4193A8,SYN-202510-PD3475F4193A8,2025-10-02 04:10:43,2025-10-02 03:05:43,level_completed,1,0.0,0
2025-10,EVT-202510-BEB2EB5292C8-0001,SYN-202510-DBEB2EB5292C8,SYN-202510-PBEB2EB5292C8,2025-10-02 04:19:00,2025-10-02 03:38:56,session_start,0,0.0,0
2025-10,EVT-202510-D3475F4193A8-0012,SYN-202510-DD3475F4193A8,SYN-202510-PD3475F4193A8,2025-10-02 04:24:43,2025-10-02 03:05:43,level_completed,1,0.0,0
2025-10,EVT-202510-BEB2EB5292C8-0005,SYN-202510-DBEB2EB5292C8,SYN-202510-PBEB2EB5292C8,2025-10-02 04:26:00,2025-10-02 03:38:56,level_completed,1,0.0,0
2025-10,EVT-202510-BEB2EB5292C8-0003,SYN-202510-DBEB2EB5292C8,SYN-202510-PBEB2EB5292C8,2025-10-02 04:30:00,2025-10-02 03:38:56,level_completed,1,0.0,0
2025-10,EVT-202510-BEB2EB5292C8-0008,SYN-202510-DBEB2EB5292C8,SYN-202510-PBEB2EB5292C8,2025-10-02 05:21:00,2025-10-02 03:38:56,level_completed,1,0.0,0
2025-10,EVT-202510-BEB2EB5292C8-0006,SYN-202510-DBEB2EB5292C8,SYN-202510-PBEB2EB5292C8,2025-10-02 05:29:00,2025-10-02 03:38:56,level_completed,1,0.0,0
2025-10,EVT-202510-0CD0955BCE5A-0004,SYN-202510-D0CD0955BCE5A,SYN-202510-P0CD0955BCE5A,2025-10-02 06:36:00,2025-10-01 07:12:16,session_start,0,0.0,1
2025-10,EVT-202510-0CD0955BCE5A-0077,SYN-202510-D0CD0955BCE5A,SYN-202510-P0CD0955BCE5A,2025-10-02 06:40:00,2025-10-01 07:12:16,ad_impression,0,0.0166,1
2025-10,EVT-202510-0CD0955BCE5A-0013,SYN-202510-D0CD0955BCE5A,SYN-202510-P0CD0955BCE5A,2025-10-02 06:41:00,2025-10-01 07:12:16,level_completed,1,0.0,1
2025-10,EVT-202510-0CD0955BCE5A-0017,SYN-202510-D0CD0955BCE5A,SYN-202510-P0CD0955BCE5A,2025-10-02 06:46:00,2025-10-01 07:12:16,level_completed,1,0.0,1
2025-10,EVT-202510-0CD0955BCE5A-0049,SYN-202510-D0CD0955BCE5A,SYN-202510-P0CD0955BCE5A,2025-10-02 06:46:00,2025-10-01 07:12:16,level_completed,1,0.0,1
2025-10,EVT-202510-0CD0955BCE5A-0056,SYN-202510-D0CD0955BCE5A,SYN-202510-P0CD0955BCE5A,2025-10-02 06:54:00,2025-10-01 07:12:16,level_completed,1,0.0,1
2025-10,EVT-202510-0CD0955BCE5A-0065,SYN-202510-D0CD0955BCE5A,SYN-202510-P0CD0955BCE5A,2025-10-02 06:55:00,2025-10-01 07:12:16,ad_impression,0,0.0166,1
2025-10,EVT-202510-0CD0955BCE5A-0070,SYN-202510-D0CD0955BCE5A,SYN-202510-P0CD0955BCE5A,2025-10-02 07:07:00,2025-10-01 07:12:16,ad_impression,0,0.0166,1
2025-10,EVT-202510-0CD0955BCE5A-0011,SYN-202510-D0CD0955BCE5A,SYN-202510-P0CD0955BCE5A,2025-10-02 07:19:00,2025-10-01 07:12:16,level_completed,1,0.0,1
2025-10,EVT-202510-0CD0955BCE5A-0029,SYN-202510-D0CD0955BCE5A,SYN-202510-P0CD0955BCE5A,2025-10-02 07:21:00,2025-10-01 07:12:16,level_completed,1,0.0,1
2025-10,EVT-202510-96F6A1B4BE7B-0001,SYN-202510-D96F6A1B4BE7B,SYN-202510-P96F6A1B4BE7B,2025-10-02 07:28:04,2025-10-02 07:27:04,session_start,0,0.0,0
2025-10,EVT-202510-96F6A1B4BE7B-0002,SYN-202510-D96F6A1B4BE7B,SYN-202510-P96F6A1B4BE7B,2025-10-02 07:28:04,2025-10-02 07:27:04,session_start,0,0.0,0
2025-10,EVT-202510-0CD0955BCE5A-0037,SYN-202510-D0CD0955BCE5A,SYN-202510-P0CD0955BCE5A,2025-10-02 07:29:00,2025-10-01 07:12:16,level_completed,1,0.0,1
2025-10,EVT-202510-96F6A1B4BE7B-0015,SYN-202510-D96F6A1B4BE7B,SYN-202510-P96F6A1B4BE7B,2025-10-02 07:31:04,2025-10-02 07:27:04,level_completed,1,0.0,0
2025-10,EVT-202510-0CD0955BCE5A-0038,SYN-202510-D0CD0955BCE5A,SYN-202510-P0CD0955BCE5A,2025-10-02 07:34:00,2025-10-01 07:12:16,level_completed,1,0.0,1
2025-10,EVT-202510-0CD0955BCE5A-0039,SYN-202510-D0CD0955BCE5A,SYN-202510-P0CD0955BCE5A,2025-10-02 07:36:00,2025-10-01 07:12:16,level_completed,1,0.0,1
2025-10,EVT-202510-0CD0955BCE5A-0022,SYN-202510-D0CD0955BCE5A,SYN-202510-P0CD0955BCE5A,2025-10-02 07:45:00,2025-10-01 07:12:16,level_completed,1,0.0,1
2025-10,EVT-202510-96F6A1B4BE7B-0013,SYN-202510-D96F6A1B4BE7B,SYN-202510-P96F6A1B4BE7B,2025-10-02 07:45:04,2025-10-02 07:27:04,level_completed,1,0.0,0
2025-10,EVT-202510-96F6A1B4BE7B-0017,SYN-202510-D96F6A1B4BE7B,SYN-202510-P96F6A1B4BE7B,2025-10-02 07:47:04,2025-10-02 07:27:04,level_completed,1,0.0,0
2025-10,EVT-202510-96F6A1B4BE7B-0028,SYN-202510-D96F6A1B4BE7B,SYN-202510-P96F6A1B4BE7B,2025-10-02 07:47:04,2025-10-02 07:27:04,ad_impression,0,0.0136,0
2025-10,EVT-202510-0CD0955BCE5A-0053,SYN-202510-D0CD0955BCE5A,SYN-202510-P0CD0955BCE5A,2025-10-02 07:50:00,2025-10-01 07:12:16,level_completed,1,0.0,1
2025-10,EVT-202510-0CD0955BCE5A-0021,SYN-202510-D0CD0955BCE5A,SYN-202510-P0CD0955BCE5A,2025-10-02 07:51:00,2025-10-01 07:12:16,level_completed,1,0.0,1
2025-10,EVT-202510-0CD0955BCE5A-0026,SYN-202510-D0CD0955BCE5A,SYN-202510-P0CD0955BCE5A,2025-10-02 07:55:00,2025-10-01 07:12:16,level_completed,1,0.0,1
2025-10,EVT-202510-96F6A1B4BE7B-0005,SYN-202510-D96F6A1B4BE7B,SYN-202510-P96F6A1B4BE7B,2025-10-02 08:00:04,2025-10-02 07:27:04,level_completed,1,0.0,0
2025-10,EVT-202510-0CD0955BCE5A-0084,SYN-202510-D0CD0955BCE5A,SYN-202510-P0CD0955BCE5A,2025-10-02 08:02:00,2025-10-01 07:12:16,ad_impression,0,0.0166,1
2025-10,EVT-202510-0CD0955BCE5A-0082,SYN-202510-D0CD0955BCE5A,SYN-202510-P0CD0955BCE5A,2025-10-02 08:05:00,2025-10-01 07:12:16,ad_impression,0,0.0166,1
2025-10,EVT-202510-96F6A1B4BE7B-0022,SYN-202510-D96F6A1B4BE7B,SYN-202510-P96F6A1B4BE7B,2025-10-02 08:11:04,2025-10-02 07:27:04,level_completed,1,0.0,0
2025-10,EVT-202510-96F6A1B4BE7B-0025,SYN-202510-D96F6A1B4BE7B,SYN-202510-P96F6A1B4BE7B,2025-10-02 08:26:04,2025-10-02 07:27:04,ad_impression,0,0.0136,0
2025-10,EVT-202510-96F6A1B4BE7B-0026,SYN-202510-D96F6A1B4BE7B,SYN-202510-P96F6A1B4BE7B,2025-10-02 08:26:04,2025-10-02 07:27:04,ad_impression,0,0.0136,0
2025-10,EVT-202510-96F6A1B4BE7B-0009,SYN-202510-D96F6A1B4BE7B,SYN-202510-P96F6A1B4BE7B,2025-10-02 08:44:04,2025-10-02 07:27:04,level_completed,1,0.0,0
2025-10,EVT-202510-7679E7CC7CF2-0001,SYN-202510-D7679E7CC7CF2,SYN-202510-P7679E7CC7CF2,2025-10-02 08:46:25,2025-10-02 08:45:25,session_start,0,0.0,0
2025-10,EVT-202510-7679E7CC7CF2-0010,SYN-202510-D7679E7CC7CF2,SYN-202510-P7679E7CC7CF2,2025-10-02 08:55:25,2025-10-02 08:45:25,level_completed,1,0.0,0
2025-10,EVT-202510-96F6A1B4BE7B-0024,SYN-202510-D96F6A1B4BE7B,SYN-202510-P96F6A1B4BE7B,2025-10-02 08:58:04,2025-10-02 07:27:04,ad_impression,0,0.0136,0
2025-10,EVT-202510-7679E7CC7CF2-0006,SYN-202510-D7679E7CC7CF2,SYN-202510-P7679E7CC7CF2,2025-10-02 09:00:25,2025-10-02 08:45:25,level_completed,1,0.0,0
2025-10,EVT-202510-7679E7CC7CF2-0004,SYN-202510-D7679E7CC7CF2,SYN-202510-P7679E7CC7CF2,2025-10-02 09:15:25,2025-10-02 08:45:25,level_completed,1,0.0,0
2025-10,EVT-202510-7679E7CC7CF2-0007,SYN-202510-D7679E7CC7CF2,SYN-202510-P7679E7CC7CF2,2025-10-02 09:29:25,2025-10-02 08:45:25,level_completed,1,0.0,0
2025-10,EVT-202510-7679E7CC7CF2-0009,SYN-202510-D7679E7CC7CF2,SYN-202510-P7679E7CC7CF2,2025-10-02 09:29:25,2025-10-02 08:45:25,level_completed,1,0.0,0
2025-10,EVT-202510-CC8F2BF47CFB-0001,SYN-202510-DCC8F2BF47CFB,SYN-202510-PCC8F2BF47CFB,2025-10-02 09:43:30,2025-10-02 09:42:30,session_start,0,0.0,0
2025-10,EVT-202510-7679E7CC7CF2-0008,SYN-202510-D7679E7CC7CF2,SYN-202510-P7679E7CC7CF2,2025-10-02 09:47:25,2025-10-02 08:45:25,level_completed,1,0.0,0
2025-10,EVT-202510-CC8F2BF47CFB-0004,SYN-202510-DCC8F2BF47CFB,SYN-202510-PCC8F2BF47CFB,2025-10-02 09:50:30,2025-10-02 09:42:30,level_completed,1,0.0,0
2025-10,EVT-202510-7679E7CC7CF2-0011,SYN-202510-D7679E7CC7CF2,SYN-202510-P7679E7CC7CF2,2025-10-02 09:51:25,2025-10-02 08:45:25,level_completed,1,0.0,0
2025-10,EVT-202510-903487C12D74-0001,SYN-202510-D903487C12D74,SYN-202510-P903487C12D74,2025-10-02 10:15:31,2025-10-02 10:14:31,session_start,0,0.0,0
2025-10,EVT-202510-903487C12D74-0004,SYN-202510-D903487C12D74,SYN-202510-P903487C12D74,2025-10-02 10:20:31,2025-10-02 10:14:31,level_completed,1,0.0,0
2025-10,EVT-202510-903487C12D74-0003,SYN-202510-D903487C12D74,SYN-202510-P903487C12D74,2025-10-02 10:23:31,2025-10-02 10:14:31,level_completed,1,0.0,0
2025-10,EVT-202510-8353147AF532-0001,SYN-202510-D8353147AF532,SYN-202510-P8353147AF532,2025-10-02 10:40:00,2025-10-02 10:19:31,session_start,0,0.0,0
2025-10,EVT-202510-BEB2EB5292C8-0002,SYN-202510-DBEB2EB5292C8,SYN-202510-PBEB2EB5292C8,2025-10-02 10:42:00,2025-10-02 03:38:56,session_start,0,0.0,0
2025-10,EVT-202510-BEB2EB5292C8-0013,SYN-202510-DBEB2EB5292C8,SYN-202510-PBEB2EB5292C8,2025-10-02 10:51:00,2025-10-02 03:38:56,level_completed,1,0.0,0
2025-10,EVT-202510-8353147AF532-0005,SYN-202510-D8353147AF532,SYN-202510-P8353147AF532,2025-10-02 10:59:00,2025-10-02 10:19:31,level_completed,1,0.0,0
2025-10,EVT-202510-0CD0955BCE5A-0005,SYN-202510-D0CD0955BCE5A,SYN-202510-P0CD0955BCE5A,2025-10-02 11:02:00,2025-10-01 07:12:16,session_start,0,0.0,1
2025-10,EVT-202510-7704ED0111AA-0004,SYN-202510-D7704ED0111AA,SYN-202510-P7704ED0111AA,2025-10-02 11:05:00,2025-10-01 05:57:44,session_start,0,0.0,1
2025-10,EVT-202510-BEB2EB5292C8-0004,SYN-202510-DBEB2EB5292C8,SYN-202510-PBEB2EB5292C8,2025-10-02 11:08:00,2025-10-02 03:38:56,level_completed,1,0.0,0
2025-10,EVT-202510-BEB2EB5292C8-0012,SYN-202510-DBEB2EB5292C8,SYN-202510-PBEB2EB5292C8,2025-10-02 11:09:00,2025-10-02 03:38:56,level_completed,1,0.0,0
2025-10,EVT-202510-BEB2EB5292C8-0007,SYN-202510-DBEB2EB5292C8,SYN-202510-PBEB2EB5292C8,2025-10-02 11:11:00,2025-10-02 03:38:56,level_completed,1,0.0,0
2025-10,EVT-202510-CC9FCFBE24C7-0001,SYN-202510-DCC9FCFBE24C7,SYN-202510-PCC9FCFBE24C7,2025-10-02 11:14:00,2025-10-02 00:49:40,session_start,0,0.0,0
2025-10,EVT-202510-DEE1747D7D6B-0007,SYN-202510-DDEE1747D7D6B,SYN-202510-PDEE1747D7D6B,2025-10-02 11:15:00,2025-10-01 06:23:43,session_start,0,0.0,1
2025-10,EVT-202510-0CD0955BCE5A-0047,SYN-202510-D0CD0955BCE5A,SYN-202510-P0CD0955BCE5A,2025-10-02 11:16:00,2025-10-01 07:12:16,level_completed,1,0.0,1
2025-10,EVT-202510-903487C12D74-0002,SYN-202510-D903487C12D74,SYN-202510-P903487C12D74,2025-10-02 11:18:31,2025-10-02 10:14:31,level_completed,1,0.0,0
2025-10,EVT-202510-8353147AF532-0003,SYN-202510-D8353147AF532,SYN-202510-P8353147AF532,2025-10-02 11:19:00,2025-10-02 10:19:31,level_completed,1,0.0,0
2025-10,EVT-202510-0CD0955BCE5A-0060,SYN-202510-D0CD0955BCE5A,SYN-202510-P0CD0955BCE5A,2025-10-02 11:22:00,2025-10-01 07:12:16,level_completed,1,0.0,1
2025-10,EVT-202510-8353147AF532-0004,SYN-202510-D8353147AF532,SYN-202510-P8353147AF532,2025-10-02 11:22:00,2025-10-02 10:19:31,level_completed,1,0.0,0
2025-10,EVT-202510-BEB2EB5292C8-0009,SYN-202510-DBEB2EB5292C8,SYN-202510-PBEB2EB5292C8,2025-10-02 11:23:00,2025-10-02 03:38:56,level_completed,1,0.0,0
2025-10,EVT-202510-7704ED0111AA-0009,SYN-202510-D7704ED0111AA,SYN-202510-P7704ED0111AA,2025-10-02 11:24:00,2025-10-01 05:57:44,level_completed,1,0.0,1
2025-10,EVT-202510-0CD0955BCE5A-0054,SYN-202510-D0CD0955BCE5A,SYN-202510-P0CD0955BCE5A,2025-10-02 11:25:00,2025-10-01 07:12:16,level_completed,1,0.0,1
2025-10,EVT-202510-D3475F4193A8-0002,SYN-202510-DD3475F4193A8,SYN-202510-PD3475F4193A8,2025-10-02 11:25:00,2025-10-02 03:05:43,session_start,0,0.0,0
2025-10,EVT-202510-DEE1747D7D6B-0018,SYN-202510-DDEE1747D7D6B,SYN-202510-PDEE1747D7D6B,2025-10-02 11:27:00,2025-10-01 06:23:43,level_completed,1,0.0,1
2025-10,EVT-202510-DEE1747D7D6B-0158,SYN-202510-DDEE1747D7D6B,SYN-202510-PDEE1747D7D6B,2025-10-02 11:27:00,2025-10-01 06:23:43,ad_impression,0,0.0063,1
2025-10,EVT-202510-8353147AF532-0006,SYN-202510-D8353147AF532,SYN-202510-P8353147AF532,2025-10-02 11:31:00,2025-10-02 10:19:31,ad_impression,0,0.0608,0
2025-10,EVT-202510-CC9FCFBE24C7-0002,SYN-202510-DCC9FCFBE24C7,SYN-202510-PCC9FCFBE24C7,2025-10-02 11:33:00,2025-10-02 00:49:40,level_completed,1,0.0,0
2025-10,EVT-202510-8353147AF532-0002,SYN-202510-D8353147AF532,SYN-202510-P8353147AF532,2025-10-02 11:35:00,2025-10-02 10:19:31,level_completed,1,0.0,0
2025-10,EVT-202510-DEE1747D7D6B-0043,SYN-202510-DDEE1747D7D6B,SYN-202510-PDEE1747D7D6B,2025-10-02 11:35:00,2025-10-01 06:23:43,level_completed,1,0.0,1
2025-10,EVT-202510-DEE1747D7D6B-0052,SYN-202510-DDEE1747D7D6B,SYN-202510-PDEE1747D7D6B,2025-10-02 11:35:00,2025-10-01 06:23:43,level_completed,1,0.0,1
2025-10,EVT-202510-0CD0955BCE5A-0015,SYN-202510-D0CD0955BCE5A,SYN-202510-P0CD0955BCE5A,2025-10-02 11:38:00,2025-10-01 07:12:16,level_completed,1,0.0,1
2025-10,EVT-202510-0CD0955BCE5A-0044,SYN-202510-D0CD0955BCE5A,SYN-202510-P0CD0955BCE5A,2025-10-02 11:38:00,2025-10-01 07:12:16,level_completed,1,0.0,1
2025-10,EVT-202510-CC9FCFBE24C7-0004,SYN-202510-DCC9FCFBE24C7,SYN-202510-PCC9FCFBE24C7,2025-10-02 11:39:00,2025-10-02 00:49:40,level_completed,1,0.0,0
2025-10,EVT-202510-3DD8EC501AEA-0001,SYN-202510-D3DD8EC501AEA,SYN-202510-P3DD8EC501AEA,2025-10-02 11:39:56,2025-10-02 11:38:56,session_start,0,0.0,0
2025-10,EVT-202510-3DD8EC501AEA-0002,SYN-202510-D3DD8EC501AEA,SYN-202510-P3DD8EC501AEA,2025-10-02 11:39:56,2025-10-02 11:38:56,session_start,0,0.0,0
2025-10,EVT-202510-0CD0955BCE5A-0027,SYN-202510-D0CD0955BCE5A,SYN-202510-P0CD0955BCE5A,2025-10-02 11:40:00,2025-10-01 07:12:16,level_completed,1,0.0,1
2025-10,EVT-202510-0CD0955BCE5A-0009,SYN-202510-D0CD0955BCE5A,SYN-202510-P0CD0955BCE5A,2025-10-02 11:41:00,2025-10-01 07:12:16,level_completed,1,0.0,1
2025-10,EVT-202510-903487C12D74-0005,SYN-202510-D903487C12D74,SYN-202510-P903487C12D74,2025-10-02 11:43:31,2025-10-02 10:14:31,ad_impression,0,0.0431,0
2025-10,EVT-202510-46888E37DD54-0001,SYN-202510-D46888E37DD54,SYN-202510-P46888E37DD54,2025-10-02 11:44:00,2025-10-02 10:05:51,session_start,0,0.0,0
2025-10,EVT-202510-7704ED0111AA-0010,SYN-202510-D7704ED0111AA,SYN-202510-P7704ED0111AA,2025-10-02 11:44:00,2025-10-01 05:57:44,level_completed,1,0.0,1
2025-10,EVT-202510-0CD0955BCE5A-0032,SYN-202510-D0CD0955BCE5A,SYN-202510-P0CD0955BCE5A,2025-10-02 11:45:00,2025-10-01 07:12:16,level_completed,1,0.0,1
2025-10,EVT-202510-0CD0955BCE5A-0036,SYN-202510-D0CD0955BCE5A,SYN-202510-P0CD0955BCE5A,2025-10-02 11:45:00,2025-10-01 07:12:16,level_completed,1,0.0,1
2025-10,EVT-202510-BEB2EB5292C8-0011,SYN-202510-DBEB2EB5292C8,SYN-202510-PBEB2EB5292C8,2025-10-02 11:46:00,2025-10-02 03:38:56,level_completed,1,0.0,0
2025-10,EVT-202510-E81719C946BD-0001,SYN-202510-DE81719C946BD,SYN-202510-PE81719C946BD,2025-10-02 11:46:00,2025-10-02 01:42:47,session_start,0,0.0,0
2025-10,EVT-202510-46888E37DD54-0004,SYN-202510-D46888E37DD54,SYN-202510-P46888E37DD54,2025-10-02 11:48:00,2025-10-02 10:05:51,level_completed,1,0.0,0
2025-10,EVT-202510-0CD0955BCE5A-0028,SYN-202510-D0CD0955BCE5A,SYN-202510-P0CD0955BCE5A,2025-10-02 11:49:00,2025-10-01 07:12:16,level_completed,1,0.0,1
2025-10,EVT-202510-DEE1747D7D6B-0155,SYN-202510-DDEE1747D7D6B,SYN-202510-PDEE1747D7D6B,2025-10-02 11:49:00,2025-10-01 06:23:43,ad_impression,0,0.0063,1
2025-10,EVT-202510-E81719C946BD-0018,SYN-202510-DE81719C946BD,SYN-202510-PE81719C946BD,2025-10-02 11:49:00,2025-10-02 01:42:47,level_completed,1,0.0,0
2025-10,EVT-202510-DEE1747D7D6B-0143,SYN-202510-DDEE1747D7D6B,SYN-202510-PDEE1747D7D6B,2025-10-02 11:50:00,2025-10-01 06:23:43,ad_impression,0,0.0063,1
2025-10,EVT-202510-E81719C946BD-0008,SYN-202510-DE81719C946BD,SYN-202510-PE81719C946BD,2025-10-02 11:51:00,2025-10-02 01:42:47,level_completed,1,0.0,0
2025-10,EVT-202510-BEB2EB5292C8-0010,SYN-202510-DBEB2EB5292C8,SYN-202510-PBEB2EB5292C8,2025-10-02 11:52:00,2025-10-02 03:38:56,level_completed,1,0.0,0
2025-10,EVT-202510-CC9FCFBE24C7-0003,SYN-202510-DCC9FCFBE24C7,SYN-202510-PCC9FCFBE24C7,2025-10-02 11:52:00,2025-10-02 00:49:40,level_completed,1,0.0,0
2025-10,EVT-202510-E81719C946BD-0014,SYN-202510-DE81719C946BD,SYN-202510-PE81719C946BD,2025-10-02 11:52:00,2025-10-02 01:42:47,level_completed,1,0.0,0
2025-10,EVT-202510-DEE1747D7D6B-0103,SYN-202510-DDEE1747D7D6B,SYN-202510-PDEE1747D7D6B,2025-10-02 11:54:00,2025-10-01 06:23:43,level_completed,1,0.0,1
2025-10,EVT-202510-0CD0955BCE5A-0069,SYN-202510-D0CD0955BCE5A,SYN-202510-P0CD0955BCE5A,2025-10-02 11:55:00,2025-10-01 07:12:16,ad_impression,0,0.0166,1
2025-10,EVT-202510-10C908727422-0001,SYN-202510-D10C908727422,SYN-202510-P10C908727422,2025-10-02 11:56:27,2025-10-02 11:55:27,session_start,0,0.0,0
2025-10,EVT-202510-0CD0955BCE5A-0007,SYN-202510-D0CD0955BCE5A,SYN-202510-P0CD0955BCE5A,2025-10-02 11:58:00,2025-10-01 07:12:16,level_completed,1,0.0,1
2025-10,EVT-202510-DEE1747D7D6B-0106,SYN-202510-DDEE1747D7D6B,SYN-202510-PDEE1747D7D6B,2025-10-02 12:00:00,2025-10-01 06:23:43,level_completed,1,0.0,1
2025-10,EVT-202510-89935E658478-0001,SYN-202510-D89935E658478,SYN-202510-P89935E658478,2025-10-02 12:01:00,2025-10-02 06:31:25,session_start,0,0.0,0
2025-10,EVT-202510-0CD0955BCE5A-0031,SYN-202510-D0CD0955BCE5A,SYN-202510-P0CD0955BCE5A,2025-10-02 12:02:00,2025-10-01 07:12:16,level_completed,1,0.0,1
2025-10,EVT-202510-10C908727422-0003,SYN-202510-D10C908727422,SYN-202510-P10C908727422,2025-10-02 12:03:27,2025-10-02 11:55:27,ad_impression,0,2.156,0
2025-10,EVT-202510-0CD0955BCE5A-0043,SYN-202510-D0CD0955BCE5A,SYN-202510-P0CD0955BCE5A,2025-10-02 12:04:00,2025-10-01 07:12:16,level_completed,1,0.0,1
2025-10,EVT-202510-CC9FCFBE24C7-0005,SYN-202510-DCC9FCFBE24C7,SYN-202510-PCC9FCFBE24C7,2025-10-02 12:05:00,2025-10-02 00:49:40,level_completed,1,0.0,0
2025-10,EVT-202510-3DD8EC501AEA-0004,SYN-202510-D3DD8EC501AEA,SYN-202510-P3DD8EC501AEA,2025-10-02 12:07:56,2025-10-02 11:38:56,level_completed,1,0.0,0
2025-10,EVT-202510-3DD8EC501AEA-0006,SYN-202510-D3DD8EC501AEA,SYN-202510-P3DD8EC501AEA,2025-10-02 12:07:56,2025-10-02 11:38:56,level_completed,1,0.0,0
2025-10,EVT-202510-0CD0955BCE5A-0067,SYN-202510-D0CD0955BCE5A,SYN-202510-P0CD0955BCE5A,2025-10-02 12:08:00,2025-10-01 07:12:16,ad_impression,0,0.0166,1
2025-10,EVT-202510-E81719C946BD-0015,SYN-202510-DE81719C946BD,SYN-202510-PE81719C946BD,2025-10-02 12:10:00,2025-10-02 01:42:47,level_completed,1,0.0,0
2025-10,EVT-202510-DEE1747D7D6B-0056,SYN-202510-DDEE1747D7D6B,SYN-202510-PDEE1747D7D6B,2025-10-02 12:13:00,2025-10-01 06:23:43,level_completed,1,0.0,1
2025-10,EVT-202510-DEE1747D7D6B-0108,SYN-202510-DDEE1747D7D6B,SYN-202510-PDEE1747D7D6B,2025-10-02 12:14:00,2025-10-01 06:23:43,level_completed,1,0.0,1
2025-10,EVT-202510-DEE1747D7D6B-0110,SYN-202510-DDEE1747D7D6B,SYN-202510-PDEE1747D7D6B,2025-10-02 12:14:00,2025-10-01 06:23:43,level_completed,1,0.0,1
2025-10,EVT-202510-46888E37DD54-0008,SYN-202510-D46888E37DD54,SYN-202510-P46888E37DD54,2025-10-02 12:15:00,2025-10-02 10:05:51,level_completed,1,0.0,0
2025-10,EVT-202510-DEE1747D7D6B-0034,SYN-202510-DDEE1747D7D6B,SYN-202510-PDEE1747D7D6B,2025-10-02 12:15:00,2025-10-01 06:23:43,level_completed,1,0.0,1
2025-10,EVT-202510-DEE1747D7D6B-0142,SYN-202510-DDEE1747D7D6B,SYN-202510-PDEE1747D7D6B,2025-10-02 12:15:00,2025-10-01 06:23:43,ad_impression,0,0.0063,1
2025-10,EVT-202510-E81719C946BD-0019,SYN-202510-DE81719C946BD,SYN-202510-PE81719C946BD,2025-10-02 12:16:00,2025-10-02 01:42:47,level_completed,1,0.0,0
2025-10,EVT-202510-0CD0955BCE5A-0024,SYN-202510-D0CD0955BCE5A,SYN-202510-P0CD0955BCE5A,2025-10-02 12:18:00,2025-10-01 07:12:16,level_completed,1,0.0,1
2025-10,EVT-202510-0CD0955BCE5A-0081,SYN-202510-D0CD0955BCE5A,SYN-202510-P0CD0955BCE5A,2025-10-02 12:18:00,2025-10-01 07:12:16,ad_impression,0,0.0166,1
2025-10,EVT-202510-D3475F4193A8-0014,SYN-202510-DD3475F4193A8,SYN-202510-PD3475F4193A8,2025-10-02 12:18:00,2025-10-02 03:05:43,level_completed,1,0.0,0
2025-10,EVT-202510-0CD0955BCE5A-0045,SYN-202510-D0CD0955BCE5A,SYN-202510-P0CD0955BCE5A,2025-10-02 12:19:00,2025-10-01 07:12:16,level_completed,1,0.0,1
2025-10,EVT-202510-DEE1747D7D6B-0100,SYN-202510-DDEE1747D7D6B,SYN-202510-PDEE1747D7D6B,2025-10-02 12:19:00,2025-10-01 06:23:43,level_completed,1,0.0,1
2025-10,EVT-202510-DEE1747D7D6B-0091,SYN-202510-DDEE1747D7D6B,SYN-202510-PDEE1747D7D6B,2025-10-02 12:21:00,2025-10-01 06:23:43,level_completed,1,0.0,1
2025-10,EVT-202510-0CD0955BCE5A-0083,SYN-202510-D0CD0955BCE5A,SYN-202510-P0CD0955BCE5A,2025-10-02 12:22:00,2025-10-01 07:12:16,ad_impression,0,0.0166,1
2025-10,EVT-202510-E81719C946BD-0011,SYN-202510-DE81719C946BD,SYN-202510-PE81719C946BD,2025-10-02 12:22:00,2025-10-02 01:42:47,level_completed,1,0.0,0
2025-10,EVT-202510-750FE15ED3F4-0001,SYN-202510-D750FE15ED3F4,SYN-202510-P750FE15ED3F4,2025-10-02 12:22:01,2025-10-02 12:21:01,session_start,0,0.0,0
2025-10,EVT-202510-750FE15ED3F4-0002,SYN-202510-D750FE15ED3F4,SYN-202510-P750FE15ED3F4,2025-10-02 12:22:01,2025-10-02 12:21:01,session_start,0,0.0,0
2025-10,EVT-202510-E81719C946BD-0003,SYN-202510-DE81719C946BD,SYN-202510-PE81719C946BD,2025-10-02 12:23:00,2025-10-02 01:42:47,level_completed,1,0.0,0
2025-10,EVT-202510-DEE1747D7D6B-0101,SYN-202510-DDEE1747D7D6B,SYN-202510-PDEE1747D7D6B,2025-10-02 12:24:00,2025-10-01 06:23:43,level_completed,1,0.0,1
2025-10,EVT-202510-E81719C946BD-0009,SYN-202510-DE81719C946BD,SYN-202510-PE81719C946BD,2025-10-02 12:26:00,2025-10-02 01:42:47,level_completed,1,0.0,0
2025-10,EVT-202510-10C908727422-0002,SYN-202510-D10C908727422,SYN-202510-P10C908727422,2025-10-02 12:26:27,2025-10-02 11:55:27,level_completed,1,0.0,0
2025-10,EVT-202510-E81719C946BD-0010,SYN-202510-DE81719C946BD,SYN-202510-PE81719C946BD,2025-10-02 12:28:00,2025-10-02 01:42:47,level_completed,1,0.0,0
2025-10,EVT-202510-750FE15ED3F4-0020,SYN-202510-D750FE15ED3F4,SYN-202510-P750FE15ED3F4,2025-10-02 12:28:01,2025-10-02 12:21:01,level_completed,1,0.0,0
2025-10,EVT-202510-46888E37DD54-0006,SYN-202510-D46888E37DD54,SYN-202510-P46888E37DD54,2025-10-02 12:32:00,2025-10-02 10:05:51,level_completed,1,0.0,0
2025-10,EVT-202510-E81719C946BD-0006,SYN-202510-DE81719C946BD,SYN-202510-PE81719C946BD,2025-10-02 12:32:00,2025-10-02 01:42:47,level_completed,1,0.0,0
2025-10,EVT-202510-E81719C946BD-0004,SYN-202510-DE81719C946BD,SYN-202510-PE81719C946BD,2025-10-02 12:34:00,2025-10-02 01:42:47,level_completed,1,0.0,0
2025-10,EVT-202510-E81719C946BD-0012,SYN-202510-DE81719C946BD,SYN-202510-PE81719C946BD,2025-10-02 12:36:00,2025-10-02 01:42:47,level_completed,1,0.0,0
2025-10,EVT-202510-E81719C946BD-0005,SYN-202510-DE81719C946BD,SYN-202510-PE81719C946BD,2025-10-02 12:37:00,2025-10-02 01:42:47,level_completed,1,0.0,0
2025-10,EVT-202510-750FE15ED3F4-0013,SYN-202510-D750FE15ED3F4,SYN-202510-P750FE15ED3F4,2025-10-02 12:37:01,2025-10-02 12:21:01,level_completed,1,0.0,0
2025-10,EVT-202510-D3475F4193A8-0008,SYN-202510-DD3475F4193A8,SYN-202510-PD3475F4193A8,2025-10-02 12:40:00,2025-10-02 03:05:43,level_completed,1,0.0,0
2025-10,EVT-202510-E81719C946BD-0013,SYN-202510-DE81719C946BD,SYN-202510-PE81719C946BD,2025-10-02 12:40:00,2025-10-02 01:42:47,level_completed,1,0.0,0
2025-10,EVT-202510-DEE1747D7D6B-0138,SYN-202510-DDEE1747D7D6B,SYN-202510-PDEE1747D7D6B,2025-10-02 12:41:00,2025-10-01 06:23:43,ad_impression,0,0.0063,1
2025-10,EVT-202510-46888E37DD54-0007,SYN-202510-D46888E37DD54,SYN-202510-P46888E37DD54,2025-10-02 12:43:00,2025-10-02 10:05:51,level_completed,1,0.0,0
2025-10,EVT-202510-46888E37DD54-0003,SYN-202510-D46888E37DD54,SYN-202510-P46888E37DD54,2025-10-02 12:45:00,2025-10-02 10:05:51,level_completed,1,0.0,0
2025-10,EVT-202510-46888E37DD54-0009,SYN-202510-D46888E37DD54,SYN-202510-P46888E37DD54,2025-10-02 12:45:00,2025-10-02 10:05:51,level_completed,1,0.0,0
2025-10,EVT-202510-E81719C946BD-0007,SYN-202510-DE81719C946BD,SYN-202510-PE81719C946BD,2025-10-02 12:47:00,2025-10-02 01:42:47,level_completed,1,0.0,0
2025-10,EVT-202510-E81719C946BD-0002,SYN-202510-DE81719C946BD,SYN-202510-PE81719C946BD,2025-10-02 12:48:00,2025-10-02 01:42:47,level_completed,1,0.0,0
2025-10,EVT-202510-E81719C946BD-0017,SYN-202510-DE81719C946BD,SYN-202510-PE81719C946BD,2025-10-02 12:48:00,2025-10-02 01:42:47,level_completed,1,0.0,0
2025-10,EVT-202510-750FE15ED3F4-0014,SYN-202510-D750FE15ED3F4,SYN-202510-P750FE15ED3F4,2025-10-02 12:54:01,2025-10-02 12:21:01,level_completed,1,0.0,0
2025-10,EVT-202510-46888E37DD54-0002,SYN-202510-D46888E37DD54,SYN-202510-P46888E37DD54,2025-10-02 12:55:00,2025-10-02 10:05:51,level_completed,1,0.0,0
2025-10,EVT-202510-750FE15ED3F4-0029,SYN-202510-D750FE15ED3F4,SYN-202510-P750FE15ED3F4,2025-10-02 12:56:01,2025-10-02 12:21:01,ad_impression,0,0.0146,0
2025-10,EVT-202510-96F6A1B4BE7B-0003,SYN-202510-D96F6A1B4BE7B,SYN-202510-P96F6A1B4BE7B,2025-10-02 12:58:00,2025-10-02 07:27:04,session_start,0,0.0,0
2025-10,EVT-202510-46888E37DD54-0005,SYN-202510-D46888E37DD54,SYN-202510-P46888E37DD54,2025-10-02 13:00:00,2025-10-02 10:05:51,level_completed,1,0.0,0
2025-10,EVT-202510-067D9004AE72-0001,SYN-202510-D067D9004AE72,SYN-202510-P067D9004AE72,2025-10-02 13:02:00,2025-10-02 06:35:38,session_start,0,0.0,0
2025-10,EVT-202510-96F6A1B4BE7B-0018,SYN-202510-D96F6A1B4BE7B,SYN-202510-P96F6A1B4BE7B,2025-10-02 13:02:00,2025-10-02 07:27:04,level_completed,1,0.0,0
2025-10,EVT-202510-E81719C946BD-0016,SYN-202510-DE81719C946BD,SYN-202510-PE81719C946BD,2025-10-02 13:03:00,2025-10-02 01:42:47,level_completed,1,0.0,0
2025-10,EVT-202510-96F6A1B4BE7B-0014,SYN-202510-D96F6A1B4BE7B,SYN-202510-P96F6A1B4BE7B,2025-10-02 13:05:00,2025-10-02 07:27:04,level_completed,1,0.0,0
2025-10,EVT-202510-067D9004AE72-0026,SYN-202510-D067D9004AE72,SYN-202510-P067D9004AE72,2025-10-02 13:07:00,2025-10-02 06:35:38,level_completed,1,0.0,0
2025-10,EVT-202510-89935E658478-0002,SYN-202510-D89935E658478,SYN-202510-P89935E658478,2025-10-02 13:08:00,2025-10-02 06:31:25,level_completed,1,0.0,0
2025-10,EVT-202510-96F6A1B4BE7B-0019,SYN-202510-D96F6A1B4BE7B,SYN-202510-P96F6A1B4BE7B,2025-10-02 13:08:00,2025-10-02 07:27:04,level_completed,1,0.0,0
2025-10,EVT-202510-750FE15ED3F4-0017,SYN-202510-D750FE15ED3F4,SYN-202510-P750FE15ED3F4,2025-10-02 13:12:01,2025-10-02 12:21:01,level_completed,1,0.0,0
2025-10,EVT-202510-067D9004AE72-0015,SYN-202510-D067D9004AE72,SYN-202510-P067D9004AE72,2025-10-02 13:13:00,2025-10-02 06:35:38,level_completed,1,0.0,0
2025-10,EVT-202510-067D9004AE72-0025,SYN-202510-D067D9004AE72,SYN-202510-P067D9004AE72,2025-10-02 13:13:00,2025-10-02 06:35:38,level_completed,1,0.0,0
2025-10,EVT-202510-750FE15ED3F4-0018,SYN-202510-D750FE15ED3F4,SYN-202510-P750FE15ED3F4,2025-10-02 13:13:01,2025-10-02 12:21:01,level_completed,1,0.0,0
2025-10,EVT-202510-067D9004AE72-0006,SYN-202510-D067D9004AE72,SYN-202510-P067D9004AE72,2025-10-02 13:14:00,2025-10-02 06:35:38,level_completed,1,0.0,0
2025-10,EVT-202510-E81719C946BD-0020,SYN-202510-DE81719C946BD,SYN-202510-PE81719C946BD,2025-10-02 13:14:00,2025-10-02 01:42:47,ad_impression,0,0.3241,0
2025-10,EVT-202510-750FE15ED3F4-0003,SYN-202510-D750FE15ED3F4,SYN-202510-P750FE15ED3F4,2025-10-02 13:15:00,2025-10-02 12:21:01,session_start,0,0.0,0
2025-10,EVT-202510-067D9004AE72-0005,SYN-202510-D067D9004AE72,SYN-202510-P067D9004AE72,2025-10-02 13:17:00,2025-10-02 06:35:38,level_completed,1,0.0,0
2025-10,EVT-202510-750FE15ED3F4-0024,SYN-202510-D750FE15ED3F4,SYN-202510-P750FE15ED3F4,2025-10-02 13:17:00,2025-10-02 12:21:01,level_completed,1,0.0,0
2025-10,EVT-202510-96F6A1B4BE7B-0021,SYN-202510-D96F6A1B4BE7B,SYN-202510-P96F6A1B4BE7B,2025-10-02 13:17:00,2025-10-02 07:27:04,level_completed,1,0.0,0
2025-10,EVT-202510-750FE15ED3F4-0012,SYN-202510-D750FE15ED3F4,SYN-202510-P750FE15ED3F4,2025-10-02 13:19:01,2025-10-02 12:21:01,level_completed,1,0.0,0
2025-10,EVT-202510-067D9004AE72-0018,SYN-202510-D067D9004AE72,SYN-202510-P067D9004AE72,2025-10-02 13:21:00,2025-10-02 06:35:38,level_completed,1,0.0,0
2025-10,EVT-202510-89935E658478-0003,SYN-202510-D89935E658478,SYN-202510-P89935E658478,2025-10-02 13:25:00,2025-10-02 06:31:25,ad_impression,0,0.1363,0
2025-10,EVT-202510-750FE15ED3F4-0008,SYN-202510-D750FE15ED3F4,SYN-202510-P750FE15ED3F4,2025-10-02 13:25:01,2025-10-02 12:21:01,level_completed,1,0.0,0
2025-10,EVT-202510-750FE15ED3F4-0025,SYN-202510-D750FE15ED3F4,SYN-202510-P750FE15ED3F4,2025-10-02 13:25:01,2025-10-02 12:21:01,ad_impression,0,0.0146,0
2025-10,EVT-202510-067D9004AE72-0010,SYN-202510-D067D9004AE72,SYN-202510-P067D9004AE72,2025-10-02 13:27:00,2025-10-02 06:35:38,level_completed,1,0.0,0
2025-10,EVT-202510-067D9004AE72-0021,SYN-202510-D067D9004AE72,SYN-202510-P067D9004AE72,2025-10-02 13:28:00,2025-10-02 06:35:38,level_completed,1,0.0,0
2025-10,EVT-202510-750FE15ED3F4-0023,SYN-202510-D750FE15ED3F4,SYN-202510-P750FE15ED3F4,2025-10-02 13:29:01,2025-10-02 12:21:01,level_completed,1,0.0,0
2025-10,EVT-202510-750FE15ED3F4-0016,SYN-202510-D750FE15ED3F4,SYN-202510-P750FE15ED3F4,2025-10-02 13:31:01,2025-10-02 12:21:01,level_completed,1,0.0,0
2025-10,EVT-202510-067D9004AE72-0024,SYN-202510-D067D9004AE72,SYN-202510-P067D9004AE72,2025-10-02 13:32:00,2025-10-02 06:35:38,level_completed,1,0.0,0
2025-10,EVT-202510-750FE15ED3F4-0026,SYN-202510-D750FE15ED3F4,SYN-202510-P750FE15ED3F4,2025-10-02 13:33:00,2025-10-02 12:21:01,ad_impression,0,0.0146,0
2025-10,EVT-202510-067D9004AE72-0023,SYN-202510-D067D9004AE72,SYN-202510-P067D9004AE72,2025-10-02 13:34:00,2025-10-02 06:35:38,level_completed,1,0.0,0
2025-10,EVT-202510-067D9004AE72-0007,SYN-202510-D067D9004AE72,SYN-202510-P067D9004AE72,2025-10-02 13:35:00,2025-10-02 06:35:38,level_completed,1,0.0,0
2025-10,EVT-202510-750FE15ED3F4-0019,SYN-202510-D750FE15ED3F4,SYN-202510-P750FE15ED3F4,2025-10-02 13:35:00,2025-10-02 12:21:01,level_completed,1,0.0,0
2025-10,EVT-202510-750FE15ED3F4-0015,SYN-202510-D750FE15ED3F4,SYN-202510-P750FE15ED3F4,2025-10-02 13:37:01,2025-10-02 12:21:01,level_completed,1,0.0,0
2025-10,EVT-202510-067D9004AE72-0016,SYN-202510-D067D9004AE72,SYN-202510-P067D9004AE72,2025-10-02 13:39:00,2025-10-02 06:35:38,level_completed,1,0.0,0
2025-10,EVT-202510-067D9004AE72-0030,SYN-202510-D067D9004AE72,SYN-202510-P067D9004AE72,2025-10-02 13:40:00,2025-10-02 06:35:38,ad_impression,0,0.1117,0
2025-10,EVT-202510-067D9004AE72-0003,SYN-202510-D067D9004AE72,SYN-202510-P067D9004AE72,2025-10-02 13:41:00,2025-10-02 06:35:38,level_completed,1,0.0,0
2025-10,EVT-202510-067D9004AE72-0011,SYN-202510-D067D9004AE72,SYN-202510-P067D9004AE72,2025-10-02 13:42:00,2025-10-02 06:35:38,level_completed,1,0.0,0
2025-10,EVT-202510-067D9004AE72-0012,SYN-202510-D067D9004AE72,SYN-202510-P067D9004AE72,2025-10-02 13:42:00,2025-10-02 06:35:38,level_completed,1,0.0,0
2025-10,EVT-202510-750FE15ED3F4-0007,SYN-202510-D750FE15ED3F4,SYN-202510-P750FE15ED3F4,2025-10-02 13:42:01,2025-10-02 12:21:01,level_completed,1,0.0,0
2025-10,EVT-202510-750FE15ED3F4-0028,SYN-202510-D750FE15ED3F4,SYN-202510-P750FE15ED3F4,2025-10-02 13:45:01,2025-10-02 12:21:01,ad_impression,0,0.0146,0
2025-10,EVT-202510-067D9004AE72-0028,SYN-202510-D067D9004AE72,SYN-202510-P067D9004AE72,2025-10-02 13:46:00,2025-10-02 06:35:38,level_completed,1,0.0,0
2025-10,EVT-202510-750FE15ED3F4-0010,SYN-202510-D750FE15ED3F4,SYN-202510-P750FE15ED3F4,2025-10-02 13:47:00,2025-10-02 12:21:01,level_completed,1,0.0,0
2025-10,EVT-202510-96F6A1B4BE7B-0027,SYN-202510-D96F6A1B4BE7B,SYN-202510-P96F6A1B4BE7B,2025-10-02 13:50:00,2025-10-02 07:27:04,ad_impression,0,0.0136,0
2025-10,EVT-202510-067D9004AE72-0022,SYN-202510-D067D9004AE72,SYN-202510-P067D9004AE72,2025-10-02 13:51:00,2025-10-02 06:35:38,level_completed,1,0.0,0
2025-10,EVT-202510-067D9004AE72-0029,SYN-202510-D067D9004AE72,SYN-202510-P067D9004AE72,2025-10-02 13:52:00,2025-10-02 06:35:38,ad_impression,0,0.1117,0
2025-10,EVT-202510-96F6A1B4BE7B-0007,SYN-202510-D96F6A1B4BE7B,SYN-202510-P96F6A1B4BE7B,2025-10-02 13:52:00,2025-10-02 07:27:04,level_completed,1,0.0,0
2025-10,EVT-202510-067D9004AE72-0004,SYN-202510-D067D9004AE72,SYN-202510-P067D9004AE72,2025-10-02 13:53:00,2025-10-02 06:35:38,level_completed,1,0.0,0
2025-10,EVT-202510-067D9004AE72-0019,SYN-202510-D067D9004AE72,SYN-202510-P067D9004AE72,2025-10-02 13:57:00,2025-10-02 06:35:38,level_completed,1,0.0,0
2025-10,EVT-202510-750FE15ED3F4-0009,SYN-202510-D750FE15ED3F4,SYN-202510-P750FE15ED3F4,2025-10-02 13:57:00,2025-10-02 12:21:01,level_completed,1,0.0,0
2025-10,EVT-202510-067D9004AE72-0017,SYN-202510-D067D9004AE72,SYN-202510-P067D9004AE72,2025-10-02 14:00:00,2025-10-02 06:35:38,level_completed,1,0.0,0
2025-10,EVT-202510-067D9004AE72-0031,SYN-202510-D067D9004AE72,SYN-202510-P067D9004AE72,2025-10-02 14:01:00,2025-10-02 06:35:38,ad_impression,0,0.1117,0
2025-10,EVT-202510-DEE1747D7D6B-0008,SYN-202510-DDEE1747D7D6B,SYN-202510-PDEE1747D7D6B,2025-10-02 14:02:00,2025-10-01 06:23:43,session_start,0,0.0,1
2025-10,EVT-202510-067D9004AE72-0020,SYN-202510-D067D9004AE72,SYN-202510-P067D9004AE72,2025-10-02 14:04:00,2025-10-02 06:35:38,level_completed,1,0.0,0
2025-10,EVT-202510-71E7E9B5FBC7-0001,SYN-202510-D71E7E9B5FBC7,SYN-202510-P71E7E9B5FBC7,2025-10-02 14:05:00,2025-10-02 01:55:33,session_start,0,0.0,0
2025-10,EVT-202510-750FE15ED3F4-0021,SYN-202510-D750FE15ED3F4,SYN-202510-P750FE15ED3F4,2025-10-02 14:05:00,2025-10-02 12:21:01,level_completed,1,0.0,0
2025-10,EVT-202510-96F6A1B4BE7B-0011,SYN-202510-D96F6A1B4BE7B,SYN-202510-P96F6A1B4BE7B,2025-10-02 14:06:00,2025-10-02 07:27:04,level_completed,1,0.0,0
2025-10,EVT-202510-96F6A1B4BE7B-0010,SYN-202510-D96F6A1B4BE7B,SYN-202510-P96F6A1B4BE7B,2025-10-02 14:07:00,2025-10-02 07:27:04,level_completed,1,0.0,0
2025-10,EVT-202510-067D9004AE72-0002,SYN-202510-D067D9004AE72,SYN-202510-P067D9004AE72,2025-10-02 14:09:00,2025-10-02 06:35:38,level_completed,1,0.0,0
2025-10,EVT-202510-DEE1747D7D6B-0030,SYN-202510-DDEE1747D7D6B,SYN-202510-PDEE1747D7D6B,2025-10-02 14:10:00,2025-10-01 06:23:43,level_completed,1,0.0,1
2025-10,EVT-202510-067D9004AE72-0027,SYN-202510-D067D9004AE72,SYN-202510-P067D9004AE72,2025-10-02 14:11:00,2025-10-02 06:35:38,level_completed,1,0.0,0
2025-10,EVT-202510-DEE1747D7D6B-0048,SYN-202510-DDEE1747D7D6B,SYN-202510-PDEE1747D7D6B,2025-10-02 14:11:00,2025-10-01 06:23:43,level_completed,1,0.0,1
2025-10,EVT-202510-DEE1747D7D6B-0089,SYN-202510-DDEE1747D7D6B,SYN-202510-PDEE1747D7D6B,2025-10-02 14:11:00,2025-10-01 06:23:43,level_completed,1,0.0,1
2025-10,EVT-202510-067D9004AE72-0009,SYN-202510-D067D9004AE72,SYN-202510-P067D9004AE72,2025-10-02 14:16:00,2025-10-02 06:35:38,level_completed,1,0.0,0
2025-10,EVT-202510-DEE1747D7D6B-0160,SYN-202510-DDEE1747D7D6B,SYN-202510-PDEE1747D7D6B,2025-10-02 14:18:00,2025-10-01 06:23:43,ad_impression,0,0.0063,1
2025-10,EVT-202510-067D9004AE72-0013,SYN-202510-D067D9004AE72,SYN-202510-P067D9004AE72,2025-10-02 14:19:00,2025-10-02 06:35:38,level_completed,1,0.0,0
2025-10,EVT-202510-067D9004AE72-0008,SYN-202510-D067D9004AE72,SYN-202510-P067D9004AE72,2025-10-02 14:20:00,2025-10-02 06:35:38,level_completed,1,0.0,0
2025-10,EVT-202510-067D9004AE72-0014,SYN-202510-D067D9004AE72,SYN-202510-P067D9004AE72,2025-10-02 14:20:00,2025-10-02 06:35:38,level_completed,1,0.0,0
2025-10,EVT-202510-71E7E9B5FBC7-0004,SYN-202510-D71E7E9B5FBC7,SYN-202510-P71E7E9B5FBC7,2025-10-02 14:27:00,2025-10-02 01:55:33,level_completed,1,0.0,0
2025-10,EVT-202510-750FE15ED3F4-0006,SYN-202510-D750FE15ED3F4,SYN-202510-P750FE15ED3F4,2025-10-02 14:29:00,2025-10-02 12:21:01,level_completed,1,0.0,0
2025-10,EVT-202510-DEE1747D7D6B-0145,SYN-202510-DDEE1747D7D6B,SYN-202510-PDEE1747D7D6B,2025-10-02 14:44:00,2025-10-01 06:23:43,ad_impression,0,0.0063,1
2025-10,EVT-202510-7704ED0111AA-0005,SYN-202510-D7704ED0111AA,SYN-202510-P7704ED0111AA,2025-10-02 14:47:00,2025-10-01 05:57:44,session_start,0,0.0,1
2025-10,EVT-202510-DEE1747D7D6B-0137,SYN-202510-DDEE1747D7D6B,SYN-202510-PDEE1747D7D6B,2025-10-02 14:47:00,2025-10-01 06:23:43,ad_impression,0,0.0063,1
2025-10,EVT-202510-3DD8EC501AEA-0003,SYN-202510-D3DD8EC501AEA,SYN-202510-P3DD8EC501AEA,2025-10-02 14:48:00,2025-10-02 11:38:56,session_start,0,0.0,0
2025-10,EVT-202510-DEE1747D7D6B-0020,SYN-202510-DDEE1747D7D6B,SYN-202510-PDEE1747D7D6B,2025-10-02 14:49:00,2025-10-01 06:23:43,level_completed,1,0.0,1
2025-10,EVT-202510-DEE1747D7D6B-0114,SYN-202510-DDEE1747D7D6B,SYN-202510-PDEE1747D7D6B,2025-10-02 14:50:00,2025-10-01 06:23:43,level_completed,1,0.0,1
2025-10,EVT-202510-DEE1747D7D6B-0071,SYN-202510-DDEE1747D7D6B,SYN-202510-PDEE1747D7D6B,2025-10-02 14:54:00,2025-10-01 06:23:43,level_completed,1,0.0,1
2025-10,EVT-202510-DEE1747D7D6B-0154,SYN-202510-DDEE1747D7D6B,SYN-202510-PDEE1747D7D6B,2025-10-02 14:56:00,2025-10-01 06:23:43,ad_impression,0,0.0063,1
2025-10,EVT-202510-DEE1747D7D6B-0062,SYN-202510-DDEE1747D7D6B,SYN-202510-PDEE1747D7D6B,2025-10-02 14:58:00,2025-10-01 06:23:43,level_completed,1,0.0,1
2025-10,EVT-202510-DEE1747D7D6B-0121,SYN-202510-DDEE1747D7D6B,SYN-202510-PDEE1747D7D6B,2025-10-02 14:59:00,2025-10-01 06:23:43,level_completed,1,0.0,1
2025-10,EVT-202510-DEE1747D7D6B-0146,SYN-202510-DDEE1747D7D6B,SYN-202510-PDEE1747D7D6B,2025-10-02 14:59:00,2025-10-01 06:23:43,ad_impression,0,0.0063,1
2025-10,EVT-202510-71E7E9B5FBC7-0005,SYN-202510-D71E7E9B5FBC7,SYN-202510-P71E7E9B5FBC7,2025-10-02 15:01:00,2025-10-02 01:55:33,ad_impression,0,0.3611,0
2025-10,EVT-202510-DEE1747D7D6B-0035,SYN-202510-DDEE1747D7D6B,SYN-202510-PDEE1747D7D6B,2025-10-02 15:05:00,2025-10-01 06:23:43,level_completed,1,0.0,1
2025-10,EVT-202510-7704ED0111AA-0015,SYN-202510-D7704ED0111AA,SYN-202510-P7704ED0111AA,2025-10-02 15:06:00,2025-10-01 05:57:44,level_completed,1,0.0,1
2025-10,EVT-202510-7704ED0111AA-0020,SYN-202510-D7704ED0111AA,SYN-202510-P7704ED0111AA,2025-10-02 15:06:00,2025-10-01 05:57:44,ad_impression,0,0.0711,1
2025-10,EVT-202510-71E7E9B5FBC7-0002,SYN-202510-D71E7E9B5FBC7,SYN-202510-P71E7E9B5FBC7,2025-10-02 15:08:00,2025-10-02 01:55:33,level_completed,1,0.0,0
2025-10,EVT-202510-DEE1747D7D6B-0040,SYN-202510-DDEE1747D7D6B,SYN-202510-PDEE1747D7D6B,2025-10-02 15:09:00,2025-10-01 06:23:43,level_completed,1,0.0,1
2025-10,EVT-202510-DEE1747D7D6B-0029,SYN-202510-DDEE1747D7D6B,SYN-202510-PDEE1747D7D6B,2025-10-02 15:12:00,2025-10-01 06:23:43,level_completed,1,0.0,1
2025-10,EVT-202510-DEE1747D7D6B-0141,SYN-202510-DDEE1747D7D6B,SYN-202510-PDEE1747D7D6B,2025-10-02 15:12:00,2025-10-01 06:23:43,ad_impression,0,0.0063,1
2025-10,EVT-202510-71E7E9B5FBC7-0003,SYN-202510-D71E7E9B5FBC7,SYN-202510-P71E7E9B5FBC7,2025-10-02 15:15:00,2025-10-02 01:55:33,level_completed,1,0.0,0
2025-10,EVT-202510-7704ED0111AA-0007,SYN-202510-D7704ED0111AA,SYN-202510-P7704ED0111AA,2025-10-02 15:15:00,2025-10-01 05:57:44,level_completed,1,0.0,1
2025-10,EVT-202510-DEE1747D7D6B-0080,SYN-202510-DDEE1747D7D6B,SYN-202510-PDEE1747D7D6B,2025-10-02 15:22:00,2025-10-01 06:23:43,level_completed,1,0.0,1
2025-10,EVT-202510-31864D3F4605-0001,SYN-202510-D31864D3F4605,SYN-202510-P31864D3F4605,2025-10-02 15:34:00,2025-10-02 04:03:43,session_start,0,0.0,0
2025-10,EVT-202510-3DD8EC501AEA-0005,SYN-202510-D3DD8EC501AEA,SYN-202510-P3DD8EC501AEA,2025-10-02 15:43:00,2025-10-02 11:38:56,level_completed,1,0.0,0
2025-10,EVT-202510-7704ED0111AA-0008,SYN-202510-D7704ED0111AA,SYN-202510-P7704ED0111AA,2025-10-02 15:48:00,2025-10-01 05:57:44,level_completed,1,0.0,1
2025-10,EVT-202510-31864D3F4605-0016,SYN-202510-D31864D3F4605,SYN-202510-P31864D3F4605,2025-10-02 15:49:00,2025-10-02 04:03:43,level_completed,1,0.0,0
2025-10,EVT-202510-31864D3F4605-0004,SYN-202510-D31864D3F4605,SYN-202510-P31864D3F4605,2025-10-02 15:50:00,2025-10-02 04:03:43,level_completed,1,0.0,0
2025-10,EVT-202510-E8539E112FE3-0001,SYN-202510-DE8539E112FE3,SYN-202510-PE8539E112FE3,2025-10-02 15:50:00,2025-10-02 12:58:38,session_start,0,0.0,0
2025-10,EVT-202510-31864D3F4605-0008,SYN-202510-D31864D3F4605,SYN-202510-P31864D3F4605,2025-10-02 15:52:00,2025-10-02 04:03:43,level_completed,1,0.0,0
2025-10,EVT-202510-E8539E112FE3-0003,SYN-202510-DE8539E112FE3,SYN-202510-PE8539E112FE3,2025-10-02 15:52:00,2025-10-02 12:58:38,level_completed,1,0.0,0
2025-10,EVT-202510-E8539E112FE3-0020,SYN-202510-DE8539E112FE3,SYN-202510-PE8539E112FE3,2025-10-02 15:52:00,2025-10-02 12:58:38,level_completed,1,0.0,0
2025-10,EVT-202510-5B21AABBB5F4-0001,SYN-202510-D5B21AABBB5F4,SYN-202510-P5B21AABBB5F4,2025-10-02 15:54:09,2025-10-02 15:53:09,session_start,0,0.0,0
2025-10,EVT-202510-5B21AABBB5F4-0002,SYN-202510-D5B21AABBB5F4,SYN-202510-P5B21AABBB5F4,2025-10-02 15:54:09,2025-10-02 15:53:09,session_start,0,0.0,0
2025-10,EVT-202510-5B21AABBB5F4-0003,SYN-202510-D5B21AABBB5F4,SYN-202510-P5B21AABBB5F4,2025-10-02 15:54:09,2025-10-02 15:53:09,session_start,0,0.0,0
2025-10,EVT-202510-31864D3F4605-0020,SYN-202510-D31864D3F4605,SYN-202510-P31864D3F4605,2025-10-02 15:55:00,2025-10-02 04:03:43,level_completed,1,0.0,0
2025-10,EVT-202510-5B21AABBB5F4-0007,SYN-202510-D5B21AABBB5F4,SYN-202510-P5B21AABBB5F4,2025-10-02 15:57:09,2025-10-02 15:53:09,level_completed,1,0.0,0
2025-10,EVT-202510-E8539E112FE3-0006,SYN-202510-DE8539E112FE3,SYN-202510-PE8539E112FE3,2025-10-02 15:59:00,2025-10-02 12:58:38,level_completed,1,0.0,0
2025-10,EVT-202510-31864D3F4605-0013,SYN-202510-D31864D3F4605,SYN-202510-P31864D3F4605,2025-10-02 16:01:00,2025-10-02 04:03:43,level_completed,1,0.0,0
2025-10,EVT-202510-E8539E112FE3-0017,SYN-202510-DE8539E112FE3,SYN-202510-PE8539E112FE3,2025-10-02 16:01:00,2025-10-02 12:58:38,level_completed,1,0.0,0
2025-10,EVT-202510-E8539E112FE3-0002,SYN-202510-DE8539E112FE3,SYN-202510-PE8539E112FE3,2025-10-02 16:02:00,2025-10-02 12:58:38,level_completed,1,0.0,0
2025-10,EVT-202510-E8539E112FE3-0005,SYN-202510-DE8539E112FE3,SYN-202510-PE8539E112FE3,2025-10-02 16:04:00,2025-10-02 12:58:38,level_completed,1,0.0,0
2025-10,EVT-202510-31864D3F4605-0006,SYN-202510-D31864D3F4605,SYN-202510-P31864D3F4605,2025-10-02 16:05:00,2025-10-02 04:03:43,level_completed,1,0.0,0
2025-10,EVT-202510-E8539E112FE3-0010,SYN-202510-DE8539E112FE3,SYN-202510-PE8539E112FE3,2025-10-02 16:07:00,2025-10-02 12:58:38,level_completed,1,0.0,0
2025-10,EVT-202510-5B21AABBB5F4-0004,SYN-202510-D5B21AABBB5F4,SYN-202510-P5B21AABBB5F4,2025-10-02 16:08:09,2025-10-02 15:53:09,level_completed,1,0.0,0
2025-10,EVT-202510-5B21AABBB5F4-0006,SYN-202510-D5B21AABBB5F4,SYN-202510-P5B21AABBB5F4,2025-10-02 16:08:09,2025-10-02 15:53:09,level_completed,1,0.0,0
2025-10,EVT-202510-31864D3F4605-0012,SYN-202510-D31864D3F4605,SYN-202510-P31864D3F4605,2025-10-02 16:09:00,2025-10-02 04:03:43,level_completed,1,0.0,0
2025-10,EVT-202510-E8539E112FE3-0013,SYN-202510-DE8539E112FE3,SYN-202510-PE8539E112FE3,2025-10-02 16:11:00,2025-10-02 12:58:38,level_completed,1,0.0,0
2025-10,EVT-202510-31864D3F4605-0018,SYN-202510-D31864D3F4605,SYN-202510-P31864D3F4605,2025-10-02 16:14:00,2025-10-02 04:03:43,level_completed,1,0.0,0
2025-10,EVT-202510-E8539E112FE3-0011,SYN-202510-DE8539E112FE3,SYN-202510-PE8539E112FE3,2025-10-02 16:14:00,2025-10-02 12:58:38,level_completed,1,0.0,0
2025-10,EVT-202510-E8539E112FE3-0021,SYN-202510-DE8539E112FE3,SYN-202510-PE8539E112FE3,2025-10-02 16:14:00,2025-10-02 12:58:38,level_completed,1,0.0,0
2025-10,EVT-202510-E8539E112FE3-0027,SYN-202510-DE8539E112FE3,SYN-202510-PE8539E112FE3,2025-10-02 16:14:00,2025-10-02 12:58:38,ad_impression,0,0.1039,0
2025-10,EVT-202510-E8539E112FE3-0015,SYN-202510-DE8539E112FE3,SYN-202510-PE8539E112FE3,2025-10-02 16:15:00,2025-10-02 12:58:38,level_completed,1,0.0,0
2025-10,EVT-202510-E8539E112FE3-0019,SYN-202510-DE8539E112FE3,SYN-202510-PE8539E112FE3,2025-10-02 16:16:00,2025-10-02 12:58:38,level_completed,1,0.0,0
2025-10,EVT-202510-31864D3F4605-0011,SYN-202510-D31864D3F4605,SYN-202510-P31864D3F4605,2025-10-02 16:18:00,2025-10-02 04:03:43,level_completed,1,0.0,0
2025-10,EVT-202510-E8539E112FE3-0009,SYN-202510-DE8539E112FE3,SYN-202510-PE8539E112FE3,2025-10-02 16:26:00,2025-10-02 12:58:38,level_completed,1,0.0,0
2025-10,EVT-202510-E8539E112FE3-0016,SYN-202510-DE8539E112FE3,SYN-202510-PE8539E112FE3,2025-10-02 16:26:00,2025-10-02 12:58:38,level_completed,1,0.0,0
2025-10,EVT-202510-31864D3F4605-0017,SYN-202510-D31864D3F4605,SYN-202510-P31864D3F4605,2025-10-02 16:27:00,2025-10-02 04:03:43,level_completed,1,0.0,0
2025-10,EVT-202510-31864D3F4605-0003,SYN-202510-D31864D3F4605,SYN-202510-P31864D3F4605,2025-10-02 16:29:00,2025-10-02 04:03:43,level_completed,1,0.0,0
2025-10,EVT-202510-E8539E112FE3-0012,SYN-202510-DE8539E112FE3,SYN-202510-PE8539E112FE3,2025-10-02 16:30:00,2025-10-02 12:58:38,level_completed,1,0.0,0
2025-10,EVT-202510-31864D3F4605-0007,SYN-202510-D31864D3F4605,SYN-202510-P31864D3F4605,2025-10-02 16:37:00,2025-10-02 04:03:43,level_completed,1,0.0,0
2025-10,EVT-202510-A9A12FC4967D-0001,SYN-202510-DA9A12FC4967D,SYN-202510-PA9A12FC4967D,2025-10-02 16:39:06,2025-10-02 16:38:06,session_start,0,0.0,0
2025-10,EVT-202510-31864D3F4605-0022,SYN-202510-D31864D3F4605,SYN-202510-P31864D3F4605,2025-10-02 16:41:00,2025-10-02 04:03:43,ad_impression,0,0.26,0
2025-10,EVT-202510-E8539E112FE3-0022,SYN-202510-DE8539E112FE3,SYN-202510-PE8539E112FE3,2025-10-02 16:41:00,2025-10-02 12:58:38,level_completed,1,0.0,0
2025-10,EVT-202510-E8539E112FE3-0024,SYN-202510-DE8539E112FE3,SYN-202510-PE8539E112FE3,2025-10-02 16:41:00,2025-10-02 12:58:38,level_completed,1,0.0,0
2025-10,EVT-202510-31864D3F4605-0010,SYN-202510-D31864D3F4605,SYN-202510-P31864D3F4605,2025-10-02 16:42:00,2025-10-02 04:03:43,level_completed,1,0.0,0
2025-10,EVT-202510-31864D3F4605-0015,SYN-202510-D31864D3F4605,SYN-202510-P31864D3F4605,2025-10-02 16:44:00,2025-10-02 04:03:43,level_completed,1,0.0,0
2025-10,EVT-202510-E8539E112FE3-0008,SYN-202510-DE8539E112FE3,SYN-202510-PE8539E112FE3,2025-10-02 16:46:00,2025-10-02 12:58:38,level_completed,1,0.0,0
2025-10,EVT-202510-E8539E112FE3-0025,SYN-202510-DE8539E112FE3,SYN-202510-PE8539E112FE3,2025-10-02 16:46:00,2025-10-02 12:58:38,ad_impression,0,0.1039,0
2025-10,EVT-202510-31864D3F4605-0009,SYN-202510-D31864D3F4605,SYN-202510-P31864D3F4605,2025-10-02 16:47:00,2025-10-02 04:03:43,level_completed,1,0.0,0
2025-10,EVT-202510-31864D3F4605-0014,SYN-202510-D31864D3F4605,SYN-202510-P31864D3F4605,2025-10-02 16:47:00,2025-10-02 04:03:43,level_completed,1,0.0,0
2025-10,EVT-202510-31864D3F4605-0021,SYN-202510-D31864D3F4605,SYN-202510-P31864D3F4605,2025-10-02 16:47:00,2025-10-02 04:03:43,level_completed,1,0.0,0
2025-10,EVT-202510-31864D3F4605-0005,SYN-202510-D31864D3F4605,SYN-202510-P31864D3F4605,2025-10-02 16:48:00,2025-10-02 04:03:43,level_completed,1,0.0,0
2025-10,EVT-202510-D3475F4193A8-0003,SYN-202510-DD3475F4193A8,SYN-202510-PD3475F4193A8,2025-10-02 16:50:00,2025-10-02 03:05:43,session_start,0,0.0,0
2025-10,EVT-202510-5B21AABBB5F4-0008,SYN-202510-D5B21AABBB5F4,SYN-202510-P5B21AABBB5F4,2025-10-02 16:50:09,2025-10-02 15:53:09,level_completed,1,0.0,0
2025-10,EVT-202510-31864D3F4605-0002,SYN-202510-D31864D3F4605,SYN-202510-P31864D3F4605,2025-10-02 16:52:00,2025-10-02 04:03:43,level_completed,1,0.0,0
2025-10,EVT-202510-31864D3F4605-0019,SYN-202510-D31864D3F4605,SYN-202510-P31864D3F4605,2025-10-02 16:53:00,2025-10-02 04:03:43,level_completed,1,0.0,0
2025-10,EVT-202510-E8539E112FE3-0007,SYN-202510-DE8539E112FE3,SYN-202510-PE8539E112FE3,2025-10-02 16:53:00,2025-10-02 12:58:38,level_completed,1,0.0,0
2025-10,EVT-202510-5B21AABBB5F4-0005,SYN-202510-D5B21AABBB5F4,SYN-202510-P5B21AABBB5F4,2025-10-02 16:59:09,2025-10-02 15:53:09,level_completed,1,0.0,0
2025-10,EVT-202510-D3475F4193A8-0007,SYN-202510-DD3475F4193A8,SYN-202510-PD3475F4193A8,2025-10-02 17:00:00,2025-10-02 03:05:43,level_completed,1,0.0,0
2025-10,EVT-202510-A9A12FC4967D-0004,SYN-202510-DA9A12FC4967D,SYN-202510-PA9A12FC4967D,2025-10-02 17:01:06,2025-10-02 16:38:06,level_completed,1,0.0,0
2025-10,EVT-202510-E8539E112FE3-0018,SYN-202510-DE8539E112FE3,SYN-202510-PE8539E112FE3,2025-10-02 17:05:00,2025-10-02 12:58:38,level_completed,1,0.0,0
2025-10,EVT-202510-E8539E112FE3-0004,SYN-202510-DE8539E112FE3,SYN-202510-PE8539E112FE3,2025-10-02 17:06:00,2025-10-02 12:58:38,level_completed,1,0.0,0
2025-10,EVT-202510-E8539E112FE3-0023,SYN-202510-DE8539E112FE3,SYN-202510-PE8539E112FE3,2025-10-02 17:06:00,2025-10-02 12:58:38,level_completed,1,0.0,0
2025-10,EVT-202510-CC8F2BF47CFB-0002,SYN-202510-DCC8F2BF47CFB,SYN-202510-PCC8F2BF47CFB,2025-10-02 17:07:00,2025-10-02 09:42:30,session_start,0,0.0,0
2025-10,EVT-202510-E8539E112FE3-0026,SYN-202510-DE8539E112FE3,SYN-202510-PE8539E112FE3,2025-10-02 17:07:00,2025-10-02 12:58:38,ad_impression,0,0.1039,0
2025-10,EVT-202510-E8539E112FE3-0014,SYN-202510-DE8539E112FE3,SYN-202510-PE8539E112FE3,2025-10-02 17:08:00,2025-10-02 12:58:38,level_completed,1,0.0,0
2025-10,EVT-202510-7679E7CC7CF2-0002,SYN-202510-D7679E7CC7CF2,SYN-202510-P7679E7CC7CF2,2025-10-02 17:18:00,2025-10-02 08:45:25,session_start,0,0.0,0
2025-10,EVT-202510-7679E7CC7CF2-0005,SYN-202510-D7679E7CC7CF2,SYN-202510-P7679E7CC7CF2,2025-10-02 17:20:00,2025-10-02 08:45:25,level_completed,1,0.0,0
2025-10,EVT-202510-D3475F4193A8-0005,SYN-202510-DD3475F4193A8,SYN-202510-PD3475F4193A8,2025-10-02 17:35:00,2025-10-02 03:05:43,level_completed,1,0.0,0
2025-10,EVT-202510-CC8F2BF47CFB-0007,SYN-202510-DCC8F2BF47CFB,SYN-202510-PCC8F2BF47CFB,2025-10-02 17:39:00,2025-10-02 09:42:30,level_completed,1,0.0,0
2025-10,EVT-202510-A9A12FC4967D-0002,SYN-202510-DA9A12FC4967D,SYN-202510-PA9A12FC4967D,2025-10-02 17:44:06,2025-10-02 16:38:06,level_completed,1,0.0,0
2025-10,EVT-202510-D3475F4193A8-0004,SYN-202510-DD3475F4193A8,SYN-202510-PD3475F4193A8,2025-10-02 17:45:00,2025-10-02 03:05:43,level_completed,1,0.0,0
2025-10,EVT-202510-7679E7CC7CF2-0013,SYN-202510-D7679E7CC7CF2,SYN-202510-P7679E7CC7CF2,2025-10-02 17:51:00,2025-10-02 08:45:25,ad_impression,0,0.1838,0
2025-10,EVT-202510-669A90185267-0001,SYN-202510-D669A90185267,SYN-202510-P669A90185267,2025-10-02 17:54:00,2025-10-02 06:19:24,session_start,0,0.0,0
2025-10,EVT-202510-CC8F2BF47CFB-0005,SYN-202510-DCC8F2BF47CFB,SYN-202510-PCC8F2BF47CFB,2025-10-02 17:56:00,2025-10-02 09:42:30,level_completed,1,0.0,0
2025-10,EVT-202510-A9A12FC4967D-0003,SYN-202510-DA9A12FC4967D,SYN-202510-PA9A12FC4967D,2025-10-02 17:59:06,2025-10-02 16:38:06,level_completed,1,0.0,0
2025-10,EVT-202510-CC8F2BF47CFB-0008,SYN-202510-DCC8F2BF47CFB,SYN-202510-PCC8F2BF47CFB,2025-10-02 18:07:00,2025-10-02 09:42:30,level_completed,1,0.0,0
2025-10,EVT-202510-CC8F2BF47CFB-0006,SYN-202510-DCC8F2BF47CFB,SYN-202510-PCC8F2BF47CFB,2025-10-02 18:10:00,2025-10-02 09:42:30,level_completed,1,0.0,0
2025-10,EVT-202510-669A90185267-0004,SYN-202510-D669A90185267,SYN-202510-P669A90185267,2025-10-02 18:16:00,2025-10-02 06:19:24,level_completed,1,0.0,0
2025-10,EVT-202510-CC8F2BF47CFB-0003,SYN-202510-DCC8F2BF47CFB,SYN-202510-PCC8F2BF47CFB,2025-10-02 18:20:00,2025-10-02 09:42:30,level_completed,1,0.0,0
2025-10,EVT-202510-7679E7CC7CF2-0012,SYN-202510-D7679E7CC7CF2,SYN-202510-P7679E7CC7CF2,2025-10-02 18:23:00,2025-10-02 08:45:25,level_completed,1,0.0,0
2025-10,EVT-202510-0B3855D746A9-0001,SYN-202510-D0B3855D746A9,SYN-202510-P0B3855D746A9,2025-10-02 18:23:14,2025-10-02 18:22:14,session_start,0,0.0,0
2025-10,EVT-202510-0B3855D746A9-0007,SYN-202510-D0B3855D746A9,SYN-202510-P0B3855D746A9,2025-10-02 18:27:14,2025-10-02 18:22:14,level_completed,1,0.0,0
2025-10,EVT-202510-0B3855D746A9-0010,SYN-202510-D0B3855D746A9,SYN-202510-P0B3855D746A9,2025-10-02 18:28:14,2025-10-02 18:22:14,ad_impression,0,0.16,0
2025-10,EVT-202510-669A90185267-0003,SYN-202510-D669A90185267,SYN-202510-P669A90185267,2025-10-02 18:29:00,2025-10-02 06:19:24,level_completed,1,0.0,0
2025-10,EVT-202510-7679E7CC7CF2-0003,SYN-202510-D7679E7CC7CF2,SYN-202510-P7679E7CC7CF2,2025-10-02 18:29:00,2025-10-02 08:45:25,level_completed,1,0.0,0
2025-10,EVT-202510-F35BDF359F8E-0001,SYN-202510-DF35BDF359F8E,SYN-202510-PF35BDF359F8E,2025-10-02 18:31:09,2025-10-02 18:30:09,session_start,0,0.0,0
2025-10,EVT-202510-F35BDF359F8E-0002,SYN-202510-DF35BDF359F8E,SYN-202510-PF35BDF359F8E,2025-10-02 18:31:09,2025-10-02 18:30:09,session_start,0,0.0,0
2025-10,EVT-202510-1BDEB5A1102D-0001,SYN-202510-D1BDEB5A1102D,SYN-202510-P1BDEB5A1102D,2025-10-02 18:41:37,2025-10-02 18:40:37,session_start,0,0.0,0
2025-10,EVT-202510-0B3855D746A9-0003,SYN-202510-D0B3855D746A9,SYN-202510-P0B3855D746A9,2025-10-02 18:42:14,2025-10-02 18:22:14,level_completed,1,0.0,0
2025-10,EVT-202510-F35BDF359F8E-0008,SYN-202510-DF35BDF359F8E,SYN-202510-PF35BDF359F8E,2025-10-02 18:45:09,2025-10-02 18:30:09,level_completed,1,0.0,0
2025-10,EVT-202510-0B3855D746A9-0008,SYN-202510-D0B3855D746A9,SYN-202510-P0B3855D746A9,2025-10-02 18:45:14,2025-10-02 18:22:14,level_completed,1,0.0,0
2025-10,EVT-202510-0B3855D746A9-0005,SYN-202510-D0B3855D746A9,SYN-202510-P0B3855D746A9,2025-10-02 18:46:14,2025-10-02 18:22:14,level_completed,1,0.0,0
2025-10,EVT-202510-F35BDF359F8E-0007,SYN-202510-DF35BDF359F8E,SYN-202510-PF35BDF359F8E,2025-10-02 18:47:09,2025-10-02 18:30:09,level_completed,1,0.0,0
2025-10,EVT-202510-F35BDF359F8E-0013,SYN-202510-DF35BDF359F8E,SYN-202510-PF35BDF359F8E,2025-10-02 18:50:09,2025-10-02 18:30:09,level_completed,1,0.0,0
2025-10,EVT-202510-96F6A1B4BE7B-0004,SYN-202510-D96F6A1B4BE7B,SYN-202510-P96F6A1B4BE7B,2025-10-02 18:51:00,2025-10-02 07:27:04,session_start,0,0.0,0
2025-10,EVT-202510-4614514762A7-0001,SYN-202510-D4614514762A7,SYN-202510-P4614514762A7,2025-10-02 18:52:08,2025-10-02 18:51:08,session_start,0,0.0,0
2025-10,EVT-202510-4614514762A7-0002,SYN-202510-D4614514762A7,SYN-202510-P4614514762A7,2025-10-02 18:52:08,2025-10-02 18:51:08,session_start,0,0.0,0
2025-10,EVT-202510-4614514762A7-0038,SYN-202510-D4614514762A7,SYN-202510-P4614514762A7,2025-10-02 18:54:08,2025-10-02 18:51:08,level_completed,1,0.0,0
2025-10,EVT-202510-F35BDF359F8E-0014,SYN-202510-DF35BDF359F8E,SYN-202510-PF35BDF359F8E,2025-10-02 18:54:09,2025-10-02 18:30:09,level_completed,1,0.0,0
2025-10,EVT-202510-4614514762A7-0017,SYN-202510-D4614514762A7,SYN-202510-P4614514762A7,2025-10-02 18:56:08,2025-10-02 18:51:08,level_completed,1,0.0,0
2025-10,EVT-202510-F35BDF359F8E-0003,SYN-202510-DF35BDF359F8E,SYN-202510-PF35BDF359F8E,2025-10-02 18:57:09,2025-10-02 18:30:09,level_completed,1,0.0,0
2025-10,EVT-202510-4614514762A7-0041,SYN-202510-D4614514762A7,SYN-202510-P4614514762A7,2025-10-02 18:59:08,2025-10-02 18:51:08,level_completed,1,0.0,0
2025-10,EVT-202510-4614514762A7-0042,SYN-202510-D4614514762A7,SYN-202510-P4614514762A7,2025-10-02 18:59:08,2025-10-02 18:51:08,level_completed,1,0.0,0
2025-10,EVT-202510-4614514762A7-0066,SYN-202510-D4614514762A7,SYN-202510-P4614514762A7,2025-10-02 18:59:08,2025-10-02 18:51:08,ad_impression,0,0.0014,0
2025-10,EVT-202510-F35BDF359F8E-0005,SYN-202510-DF35BDF359F8E,SYN-202510-PF35BDF359F8E,2025-10-02 18:59:09,2025-10-02 18:30:09,level_completed,1,0.0,0
2025-10,EVT-202510-4614514762A7-0009,SYN-202510-D4614514762A7,SYN-202510-P4614514762A7,2025-10-02 19:01:08,2025-10-02 18:51:08,level_completed,1,0.0,0
2025-10,EVT-202510-4614514762A7-0031,SYN-202510-D4614514762A7,SYN-202510-P4614514762A7,2025-10-02 19:01:08,2025-10-02 18:51:08,level_completed,1,0.0,0
2025-10,EVT-202510-0B3855D746A9-0009,SYN-202510-D0B3855D746A9,SYN-202510-P0B3855D746A9,2025-10-02 19:01:14,2025-10-02 18:22:14,level_completed,1,0.0,0
2025-10,EVT-202510-F35BDF359F8E-0011,SYN-202510-DF35BDF359F8E,SYN-202510-PF35BDF359F8E,2025-10-02 19:02:09,2025-10-02 18:30:09,level_completed,1,0.0,0
2025-10,EVT-202510-4614514762A7-0064,SYN-202510-D4614514762A7,SYN-202510-P4614514762A7,2025-10-02 19:03:08,2025-10-02 18:51:08,ad_impression,0,0.0014,0
2025-10,EVT-202510-1BDEB5A1102D-0009,SYN-202510-D1BDEB5A1102D,SYN-202510-P1BDEB5A1102D,2025-10-02 19:03:37,2025-10-02 18:40:37,level_completed,1,0.0,0
2025-10,EVT-202510-4614514762A7-0077,SYN-202510-D4614514762A7,SYN-202510-P4614514762A7,2025-10-02 19:05:08,2025-10-02 18:51:08,ad_impression,0,0.0014,0
2025-10,EVT-202510-4614514762A7-0049,SYN-202510-D4614514762A7,SYN-202510-P4614514762A7,2025-10-02 19:08:08,2025-10-02 18:51:08,level_completed,1,0.0,0
2025-10,EVT-202510-669A90185267-0002,SYN-202510-D669A90185267,SYN-202510-P669A90185267,2025-10-02 19:10:00,2025-10-02 06:19:24,level_completed,1,0.0,0
2025-10,EVT-202510-4614514762A7-0074,SYN-202510-D4614514762A7,SYN-202510-P4614514762A7,2025-10-02 19:10:08,2025-10-02 18:51:08,ad_impression,0,0.0014,0
2025-10,EVT-202510-4614514762A7-0084,SYN-202510-D4614514762A7,SYN-202510-P4614514762A7,2025-10-02 19:10:08,2025-10-02 18:51:08,ad_impression,0,0.0014,0
2025-10,EVT-202510-4614514762A7-0022,SYN-202510-D4614514762A7,SYN-202510-P4614514762A7,2025-10-02 19:11:08,2025-10-02 18:51:08,level_completed,1,0.0,0
2025-10,EVT-202510-4614514762A7-0072,SYN-202510-D4614514762A7,SYN-202510-P4614514762A7,2025-10-02 19:11:08,2025-10-02 18:51:08,ad_impression,0,0.0014,0
2025-10,EVT-202510-1BDEB5A1102D-0017,SYN-202510-D1BDEB5A1102D,SYN-202510-P1BDEB5A1102D,2025-10-02 19:12:37,2025-10-02 18:40:37,ad_impression,0,0.0107,0
2025-10,EVT-202510-A054C1F819E3-0001,SYN-202510-DA054C1F819E3,SYN-202510-PA054C1F819E3,2025-10-02 19:13:09,2025-10-02 19:12:09,session_start,0,0.0,0
2025-10,EVT-202510-4614514762A7-0052,SYN-202510-D4614514762A7,SYN-202510-P4614514762A7,2025-10-02 19:14:08,2025-10-02 18:51:08,level_completed,1,0.0,0
2025-10,EVT-202510-4614514762A7-0087,SYN-202510-D4614514762A7,SYN-202510-P4614514762A7,2025-10-02 19:14:08,2025-10-02 18:51:08,ad_impression,0,0.0014,0
2025-10,EVT-202510-F35BDF359F8E-0004,SYN-202510-DF35BDF359F8E,SYN-202510-PF35BDF359F8E,2025-10-02 19:15:09,2025-10-02 18:30:09,level_completed,1,0.0,0
2025-10,EVT-202510-4614514762A7-0007,SYN-202510-D4614514762A7,SYN-202510-P4614514762A7,2025-10-02 19:16:08,2025-10-02 18:51:08,level_completed,1,0.0,0
2025-10,EVT-202510-4614514762A7-0080,SYN-202510-D4614514762A7,SYN-202510-P4614514762A7,2025-10-02 19:17:08,2025-10-02 18:51:08,ad_impression,0,0.0014,0
2025-10,EVT-202510-F35BDF359F8E-0006,SYN-202510-DF35BDF359F8E,SYN-202510-PF35BDF359F8E,2025-10-02 19:17:09,2025-10-02 18:30:09,level_completed,1,0.0,0
2025-10,EVT-202510-4614514762A7-0082,SYN-202510-D4614514762A7,SYN-202510-P4614514762A7,2025-10-02 19:18:08,2025-10-02 18:51:08,ad_impression,0,0.0014,0
2025-10,EVT-202510-0B3855D746A9-0004,SYN-202510-D0B3855D746A9,SYN-202510-P0B3855D746A9,2025-10-02 19:18:14,2025-10-02 18:22:14,level_completed,1,0.0,0
2025-10,EVT-202510-4614514762A7-0015,SYN-202510-D4614514762A7,SYN-202510-P4614514762A7,2025-10-02 19:22:08,2025-10-02 18:51:08,level_completed,1,0.0,0
2025-10,EVT-202510-1BDEB5A1102D-0008,SYN-202510-D1BDEB5A1102D,SYN-202510-P1BDEB5A1102D,2025-10-02 19:22:37,2025-10-02 18:40:37,level_completed,1,0.0,0
2025-10,EVT-202510-4614514762A7-0029,SYN-202510-D4614514762A7,SYN-202510-P4614514762A7,2025-10-02 19:23:08,2025-10-02 18:51:08,level_completed,1,0.0,0
2025-10,EVT-202510-4614514762A7-0045,SYN-202510-D4614514762A7,SYN-202510-P4614514762A7,2025-10-02 19:24:08,2025-10-02 18:51:08,level_completed,1,0.0,0
2025-10,EVT-202510-4614514762A7-0081,SYN-202510-D4614514762A7,SYN-202510-P4614514762A7,2025-10-02 19:24:08,2025-10-02 18:51:08,ad_impression,0,0.0014,0
2025-10,EVT-202510-293567C932A5-0001,SYN-202510-D293567C932A5,SYN-202510-P293567C932A5,2025-10-02 19:24:23,2025-10-02 19:23:23,session_start,0,0.0,0
2025-10,EVT-202510-293567C932A5-0002,SYN-202510-D293567C932A5,SYN-202510-P293567C932A5,2025-10-02 19:24:23,2025-10-02 19:23:23,session_start,0,0.0,0
2025-10,EVT-202510-293567C932A5-0003,SYN-202510-D293567C932A5,SYN-202510-P293567C932A5,2025-10-02 19:24:23,2025-10-02 19:23:23,session_start,0,0.0,0
2025-10,EVT-202510-293567C932A5-0004,SYN-202510-D293567C932A5,SYN-202510-P293567C932A5,2025-10-02 19:24:23,2025-10-02 19:23:23,session_start,0,0.0,0
2025-10,EVT-202510-293567C932A5-0005,SYN-202510-D293567C932A5,SYN-202510-P293567C932A5,2025-10-02 19:24:23,2025-10-02 19:23:23,session_start,0,0.0,0
2025-10,EVT-202510-293567C932A5-0006,SYN-202510-D293567C932A5,SYN-202510-P293567C932A5,2025-10-02 19:24:23,2025-10-02 19:23:23,session_start,0,0.0,0
2025-10,EVT-202510-293567C932A5-0007,SYN-202510-D293567C932A5,SYN-202510-P293567C932A5,2025-10-02 19:24:23,2025-10-02 19:23:23,session_start,0,0.0,0
2025-10,EVT-202510-293567C932A5-0008,SYN-202510-D293567C932A5,SYN-202510-P293567C932A5,2025-10-02 19:24:23,2025-10-02 19:23:23,session_start,0,0.0,0
2025-10,EVT-202510-293567C932A5-0009,SYN-202510-D293567C932A5,SYN-202510-P293567C932A5,2025-10-02 19:24:23,2025-10-02 19:23:23,session_start,0,0.0,0
2025-10,EVT-202510-293567C932A5-0010,SYN-202510-D293567C932A5,SYN-202510-P293567C932A5,2025-10-02 19:24:23,2025-10-02 19:23:23,session_start,0,0.0,0
2025-10,EVT-202510-293567C932A5-0011,SYN-202510-D293567C932A5,SYN-202510-P293567C932A5,2025-10-02 19:24:23,2025-10-02 19:23:23,session_start,0,0.0,0
2025-10,EVT-202510-293567C932A5-0012,SYN-202510-D293567C932A5,SYN-202510-P293567C932A5,2025-10-02 19:24:23,2025-10-02 19:23:23,session_start,0,0.0,0
2025-10,EVT-202510-293567C932A5-0013,SYN-202510-D293567C932A5,SYN-202510-P293567C932A5,2025-10-02 19:24:23,2025-10-02 19:23:23,session_start,0,0.0,0
2025-10,EVT-202510-293567C932A5-0014,SYN-202510-D293567C932A5,SYN-202510-P293567C932A5,2025-10-02 19:24:23,2025-10-02 19:23:23,session_start,0,0.0,0
2025-10,EVT-202510-293567C932A5-0015,SYN-202510-D293567C932A5,SYN-202510-P293567C932A5,2025-10-02 19:24:23,2025-10-02 19:23:23,session_start,0,0.0,0
2025-10,EVT-202510-293567C932A5-0016,SYN-202510-D293567C932A5,SYN-202510-P293567C932A5,2025-10-02 19:24:23,2025-10-02 19:23:23,session_start,0,0.0,0
2025-10,EVT-202510-1BDEB5A1102D-0007,SYN-202510-D1BDEB5A1102D,SYN-202510-P1BDEB5A1102D,2025-10-02 19:24:37,2025-10-02 18:40:37,level_completed,1,0.0,0
2025-10,EVT-202510-100C8E79FCE7-0001,SYN-202510-D100C8E79FCE7,SYN-202510-P100C8E79FCE7,2025-10-02 19:24:55,2025-10-02 19:23:55,session_start,0,0.0,0
2025-10,EVT-202510-100C8E79FCE7-0002,SYN-202510-D100C8E79FCE7,SYN-202510-P100C8E79FCE7,2025-10-02 19:24:55,2025-10-02 19:23:55,session_start,0,0.0,0
2025-10,EVT-202510-100C8E79FCE7-0003,SYN-202510-D100C8E79FCE7,SYN-202510-P100C8E79FCE7,2025-10-02 19:24:55,2025-10-02 19:23:55,session_start,0,0.0,0
2025-10,EVT-202510-100C8E79FCE7-0004,SYN-202510-D100C8E79FCE7,SYN-202510-P100C8E79FCE7,2025-10-02 19:24:55,2025-10-02 19:23:55,session_start,0,0.0,0
2025-10,EVT-202510-100C8E79FCE7-0005,SYN-202510-D100C8E79FCE7,SYN-202510-P100C8E79FCE7,2025-10-02 19:24:55,2025-10-02 19:23:55,session_start,0,0.0,0
2025-10,EVT-202510-4614514762A7-0019,SYN-202510-D4614514762A7,SYN-202510-P4614514762A7,2025-10-02 19:27:08,2025-10-02 18:51:08,level_completed,1,0.0,0
2025-10,EVT-202510-100C8E79FCE7-0017,SYN-202510-D100C8E79FCE7,SYN-202510-P100C8E79FCE7,2025-10-02 19:27:55,2025-10-02 19:23:55,level_completed,1,0.0,0
2025-10,EVT-202510-100C8E79FCE7-0062,SYN-202510-D100C8E79FCE7,SYN-202510-P100C8E79FCE7,2025-10-02 19:27:55,2025-10-02 19:23:55,ad_impression,0,0.0003,0
2025-10,EVT-202510-F35BDF359F8E-0012,SYN-202510-DF35BDF359F8E,SYN-202510-PF35BDF359F8E,2025-10-02 19:28:09,2025-10-02 18:30:09,level_completed,1,0.0,0
2025-10,EVT-202510-100C8E79FCE7-0035,SYN-202510-D100C8E79FCE7,SYN-202510-P100C8E79FCE7,2025-10-02 19:28:55,2025-10-02 19:23:55,level_completed,1,0.0,0
2025-10,EVT-202510-100C8E79FCE7-0059,SYN-202510-D100C8E79FCE7,SYN-202510-P100C8E79FCE7,2025-10-02 19:28:55,2025-10-02 19:23:55,ad_impression,0,0.0003,0
2025-10,EVT-202510-4614514762A7-0051,SYN-202510-D4614514762A7,SYN-202510-P4614514762A7,2025-10-02 19:30:08,2025-10-02 18:51:08,level_completed,1,0.0,0
2025-10,EVT-202510-F35BDF359F8E-0009,SYN-202510-DF35BDF359F8E,SYN-202510-PF35BDF359F8E,2025-10-02 19:30:09,2025-10-02 18:30:09,level_completed,1,0.0,0
2025-10,EVT-202510-F35BDF359F8E-0015,SYN-202510-DF35BDF359F8E,SYN-202510-PF35BDF359F8E,2025-10-02 19:31:09,2025-10-02 18:30:09,ad_impression,0,0.1885,0
2025-10,EVT-202510-1BDEB5A1102D-0002,SYN-202510-D1BDEB5A1102D,SYN-202510-P1BDEB5A1102D,2025-10-02 19:32:00,2025-10-02 18:40:37,session_start,0,0.0,0
2025-10,EVT-202510-96F6A1B4BE7B-0006,SYN-202510-D96F6A1B4BE7B,SYN-202510-P96F6A1B4BE7B,2025-10-02 19:32:00,2025-10-02 07:27:04,level_completed,1,0.0,0
2025-10,EVT-202510-4614514762A7-0012,SYN-202510-D4614514762A7,SYN-202510-P4614514762A7,2025-10-02 19:32:08,2025-10-02 18:51:08,level_completed,1,0.0,0
2025-10,EVT-202510-4614514762A7-0062,SYN-202510-D4614514762A7,SYN-202510-P4614514762A7,2025-10-02 19:32:08,2025-10-02 18:51:08,ad_impression,0,0.0014,0
2025-10,EVT-202510-1BDEB5A1102D-0016,SYN-202510-D1BDEB5A1102D,SYN-202510-P1BDEB5A1102D,2025-10-02 19:32:37,2025-10-02 18:40:37,ad_impression,0,0.0107,0
2025-10,EVT-202510-293567C932A5-0047,SYN-202510-D293567C932A5,SYN-202510-P293567C932A5,2025-10-02 19:33:23,2025-10-02 19:23:23,level_completed,1,0.0,0
2025-10,EVT-202510-4614514762A7-0047,SYN-202510-D4614514762A7,SYN-202510-P4614514762A7,2025-10-02 19:35:08,2025-10-02 18:51:08,level_completed,1,0.0,0
2025-10,EVT-202510-100C8E79FCE7-0021,SYN-202510-D100C8E79FCE7,SYN-202510-P100C8E79FCE7,2025-10-02 19:35:55,2025-10-02 19:23:55,level_completed,1,0.0,0
2025-10,EVT-202510-CF2A3C87A0E5-0001,SYN-202510-DCF2A3C87A0E5,SYN-202510-PCF2A3C87A0E5,2025-10-02 19:35:57,2025-10-02 19:34:57,session_start,0,0.0,0
2025-10,EVT-202510-1BDEB5A1102D-0006,SYN-202510-D1BDEB5A1102D,SYN-202510-P1BDEB5A1102D,2025-10-02 19:36:00,2025-10-02 18:40:37,level_completed,1,0.0,0
2025-10,EVT-202510-F35BDF359F8E-0010,SYN-202510-DF35BDF359F8E,SYN-202510-PF35BDF359F8E,2025-10-02 19:36:09,2025-10-02 18:30:09,level_completed,1,0.0,0
2025-10,EVT-202510-0B3855D746A9-0006,SYN-202510-D0B3855D746A9,SYN-202510-P0B3855D746A9,2025-10-02 19:36:14,2025-10-02 18:22:14,level_completed,1,0.0,0
2025-10,EVT-202510-293567C932A5-0042,SYN-202510-D293567C932A5,SYN-202510-P293567C932A5,2025-10-02 19:36:23,2025-10-02 19:23:23,level_completed,1,0.0,0
2025-10,EVT-202510-293567C932A5-0055,SYN-202510-D293567C932A5,SYN-202510-P293567C932A5,2025-10-02 19:36:23,2025-10-02 19:23:23,ad_impression,0,0.0035,0
2025-10,EVT-202510-100C8E79FCE7-0018,SYN-202510-D100C8E79FCE7,SYN-202510-P100C8E79FCE7,2025-10-02 19:36:55,2025-10-02 19:23:55,level_completed,1,0.0,0
2025-10,EVT-202510-100C8E79FCE7-0032,SYN-202510-D100C8E79FCE7,SYN-202510-P100C8E79FCE7,2025-10-02 19:36:55,2025-10-02 19:23:55,level_completed,1,0.0,0
2025-10,EVT-202510-100C8E79FCE7-0046,SYN-202510-D100C8E79FCE7,SYN-202510-P100C8E79FCE7,2025-10-02 19:37:55,2025-10-02 19:23:55,level_completed,1,0.0,0
2025-10,EVT-202510-100C8E79FCE7-0054,SYN-202510-D100C8E79FCE7,SYN-202510-P100C8E79FCE7,2025-10-02 19:37:55,2025-10-02 19:23:55,ad_impression,0,0.0003,0
2025-10,EVT-202510-4614514762A7-0050,SYN-202510-D4614514762A7,SYN-202510-P4614514762A7,2025-10-02 19:38:08,2025-10-02 18:51:08,level_completed,1,0.0,0
2025-10,EVT-202510-4614514762A7-0065,SYN-202510-D4614514762A7,SYN-202510-P4614514762A7,2025-10-02 19:38:08,2025-10-02 18:51:08,ad_impression,0,0.0014,0
2025-10,EVT-202510-293567C932A5-0026,SYN-202510-D293567C932A5,SYN-202510-P293567C932A5,2025-10-02 19:39:23,2025-10-02 19:23:23,level_completed,1,0.0,0
2025-10,EVT-202510-1BDEB5A1102D-0015,SYN-202510-D1BDEB5A1102D,SYN-202510-P1BDEB5A1102D,2025-10-02 19:39:37,2025-10-02 18:40:37,level_completed,1,0.0,0
2025-10,EVT-202510-1BDEB5A1102D-0019,SYN-202510-D1BDEB5A1102D,SYN-202510-P1BDEB5A1102D,2025-10-02 19:39:37,2025-10-02 18:40:37,ad_impression,0,0.0107,0
2025-10,EVT-202510-4614514762A7-0018,SYN-202510-D4614514762A7,SYN-202510-P4614514762A7,2025-10-02 19:40:08,2025-10-02 18:51:08,level_completed,1,0.0,0
2025-10,EVT-202510-100C8E79FCE7-0050,SYN-202510-D100C8E79FCE7,SYN-202510-P100C8E79FCE7,2025-10-02 19:40:55,2025-10-02 19:23:55,ad_impression,0,0.0003,0
2025-10,EVT-202510-4614514762A7-0048,SYN-202510-D4614514762A7,SYN-202510-P4614514762A7,2025-10-02 19:41:08,2025-10-02 18:51:08,level_completed,1,0.0,0
2025-10,EVT-202510-4614514762A7-0073,SYN-202510-D4614514762A7,SYN-202510-P4614514762A7,2025-10-02 19:41:08,2025-10-02 18:51:08,ad_impression,0,0.0014,0
2025-10,EVT-202510-100C8E79FCE7-0028,SYN-202510-D100C8E79FCE7,SYN-202510-P100C8E79FCE7,2025-10-02 19:41:55,2025-10-02 19:23:55,level_completed,1,0.0,0
2025-10,EVT-202510-4614514762A7-0070,SYN-202510-D4614514762A7,SYN-202510-P4614514762A7,2025-10-02 19:42:08,2025-10-02 18:51:08,ad_impression,0,0.0014,0
2025-10,EVT-202510-0B3855D746A9-0002,SYN-202510-D0B3855D746A9,SYN-202510-P0B3855D746A9,2025-10-02 19:42:14,2025-10-02 18:22:14,level_completed,1,0.0,0
2025-10,EVT-202510-100C8E79FCE7-0012,SYN-202510-D100C8E79FCE7,SYN-202510-P100C8E79FCE7,2025-10-02 19:42:55,2025-10-02 19:23:55,level_completed,1,0.0,0
2025-10,EVT-202510-4614514762A7-0006,SYN-202510-D4614514762A7,SYN-202510-P4614514762A7,2025-10-02 19:43:08,2025-10-02 18:51:08,level_completed,1,0.0,0
2025-10,EVT-202510-4614514762A7-0020,SYN-202510-D4614514762A7,SYN-202510-P4614514762A7,2025-10-02 19:43:08,2025-10-02 18:51:08,level_completed,1,0.0,0
2025-10,EVT-202510-4614514762A7-0044,SYN-202510-D4614514762A7,SYN-202510-P4614514762A7,2025-10-02 19:43:08,2025-10-02 18:51:08,level_completed,1,0.0,0
2025-10,EVT-202510-A054C1F819E3-0002,SYN-202510-DA054C1F819E3,SYN-202510-PA054C1F819E3,2025-10-02 19:43:09,2025-10-02 19:12:09,level_completed,1,0.0,0
2025-10,EVT-202510-293567C932A5-0032,SYN-202510-D293567C932A5,SYN-202510-P293567C932A5,2025-10-02 19:43:23,2025-10-02 19:23:23,level_completed,1,0.0,0
2025-10,EVT-202510-293567C932A5-0046,SYN-202510-D293567C932A5,SYN-202510-P293567C932A5,2025-10-02 19:43:23,2025-10-02 19:23:23,level_completed,1,0.0,0
2025-10,EVT-202510-100C8E79FCE7-0009,SYN-202510-D100C8E79FCE7,SYN-202510-P100C8E79FCE7,2025-10-02 19:43:55,2025-10-02 19:23:55,level_completed,1,0.0,0
2025-10,EVT-202510-100C8E79FCE7-0053,SYN-202510-D100C8E79FCE7,SYN-202510-P100C8E79FCE7,2025-10-02 19:43:55,2025-10-02 19:23:55,ad_impression,0,0.0003,0
2025-10,EVT-202510-81DB46A914AB-0002,SYN-202510-D81DB46A914AB,SYN-202510-P81DB46A914AB,2025-10-02 19:44:00,2025-10-01 03:31:45,session_start,0,0.0,1
2025-10,EVT-202510-100C8E79FCE7-0052,SYN-202510-D100C8E79FCE7,SYN-202510-P100C8E79FCE7,2025-10-02 19:44:55,2025-10-02 19:23:55,ad_impression,0,0.0003,0
2025-10,EVT-202510-293567C932A5-0023,SYN-202510-D293567C932A5,SYN-202510-P293567C932A5,2025-10-02 19:45:23,2025-10-02 19:23:23,level_completed,1,0.0,0
2025-10,EVT-202510-293567C932A5-0039,SYN-202510-D293567C932A5,SYN-202510-P293567C932A5,2025-10-02 19:45:23,2025-10-02 19:23:23,level_completed,1,0.0,0
2025-10,EVT-202510-293567C932A5-0041,SYN-202510-D293567C932A5,SYN-202510-P293567C932A5,2025-10-02 19:45:23,2025-10-02 19:23:23,level_completed,1,0.0,0
2025-10,EVT-202510-100C8E79FCE7-0057,SYN-202510-D100C8E79FCE7,SYN-202510-P100C8E79FCE7,2025-10-02 19:45:55,2025-10-02 19:23:55,ad_impression,0,0.0003,0
2025-10,EVT-202510-4614514762A7-0008,SYN-202510-D4614514762A7,SYN-202510-P4614514762A7,2025-10-02 19:46:08,2025-10-02 18:51:08,level_completed,1,0.0,0
2025-10,EVT-202510-4614514762A7-0046,SYN-202510-D4614514762A7,SYN-202510-P4614514762A7,2025-10-02 19:46:08,2025-10-02 18:51:08,level_completed,1,0.0,0
2025-10,EVT-202510-4614514762A7-0085,SYN-202510-D4614514762A7,SYN-202510-P4614514762A7,2025-10-02 19:46:08,2025-10-02 18:51:08,ad_impression,0,0.0014,0
2025-10,EVT-202510-1BDEB5A1102D-0018,SYN-202510-D1BDEB5A1102D,SYN-202510-P1BDEB5A1102D,2025-10-02 19:47:00,2025-10-02 18:40:37,ad_impression,0,0.0107,0
2025-10,EVT-202510-96F6A1B4BE7B-0008,SYN-202510-D96F6A1B4BE7B,SYN-202510-P96F6A1B4BE7B,2025-10-02 19:47:00,2025-10-02 07:27:04,level_completed,1,0.0,0
2025-10,EVT-202510-4F47B04733CC-0001,SYN-202510-D4F47B04733CC,SYN-202510-P4F47B04733CC,2025-10-02 19:47:05,2025-10-02 19:46:05,session_start,0,0.0,0
2025-10,EVT-202510-4F47B04733CC-0002,SYN-202510-D4F47B04733CC,SYN-202510-P4F47B04733CC,2025-10-02 19:47:05,2025-10-02 19:46:05,session_start,0,0.0,0
2025-10,EVT-202510-4614514762A7-0023,SYN-202510-D4614514762A7,SYN-202510-P4614514762A7,2025-10-02 19:47:08,2025-10-02 18:51:08,level_completed,1,0.0,0
2025-10,EVT-202510-4614514762A7-0034,SYN-202510-D4614514762A7,SYN-202510-P4614514762A7,2025-10-02 19:47:08,2025-10-02 18:51:08,level_completed,1,0.0,0
2025-10,EVT-202510-4614514762A7-0057,SYN-202510-D4614514762A7,SYN-202510-P4614514762A7,2025-10-02 19:47:08,2025-10-02 18:51:08,level_completed,1,0.0,0
2025-10,EVT-202510-293567C932A5-0029,SYN-202510-D293567C932A5,SYN-202510-P293567C932A5,2025-10-02 19:47:23,2025-10-02 19:23:23,level_completed,1,0.0,0
2025-10,EVT-202510-4614514762A7-0037,SYN-202510-D4614514762A7,SYN-202510-P4614514762A7,2025-10-02 19:48:08,2025-10-02 18:51:08,level_completed,1,0.0,0
2025-10,EVT-202510-100C8E79FCE7-0060,SYN-202510-D100C8E79FCE7,SYN-202510-P100C8E79FCE7,2025-10-02 19:48:55,2025-10-02 19:23:55,ad_impression,0,0.0003,0
2025-10,EVT-202510-A054C1F819E3-0003,SYN-202510-DA054C1F819E3,SYN-202510-PA054C1F819E3,2025-10-02 19:49:09,2025-10-02 19:12:09,level_completed,1,0.0,0
2025-10,EVT-202510-4614514762A7-0030,SYN-202510-D4614514762A7,SYN-202510-P4614514762A7,2025-10-02 19:50:08,2025-10-02 18:51:08,level_completed,1,0.0,0
2025-10,EVT-202510-4614514762A7-0075,SYN-202510-D4614514762A7,SYN-202510-P4614514762A7,2025-10-02 19:50:08,2025-10-02 18:51:08,ad_impression,0,0.0014,0
2025-10,EVT-202510-4614514762A7-0083,SYN-202510-D4614514762A7,SYN-202510-P4614514762A7,2025-10-02 19:52:08,2025-10-02 18:51:08,ad_impression,0,0.0014,0
2025-10,EVT-202510-293567C932A5-0048,SYN-202510-D293567C932A5,SYN-202510-P293567C932A5,2025-10-02 19:52:23,2025-10-02 19:23:23,ad_impression,0,0.0035,0
2025-10,EVT-202510-100C8E79FCE7-0065,SYN-202510-D100C8E79FCE7,SYN-202510-P100C8E79FCE7,2025-10-02 19:52:55,2025-10-02 19:23:55,ad_impression,0,0.0003,0
2025-10,EVT-202510-1BDEB5A1102D-0014,SYN-202510-D1BDEB5A1102D,SYN-202510-P1BDEB5A1102D,2025-10-02 19:53:37,2025-10-02 18:40:37,level_completed,1,0.0,0
2025-10,EVT-202510-293567C932A5-0050,SYN-202510-D293567C932A5,SYN-202510-P293567C932A5,2025-10-02 19:54:23,2025-10-02 19:23:23,ad_impression,0,0.0035,0
2025-10,EVT-202510-96F6A1B4BE7B-0012,SYN-202510-D96F6A1B4BE7B,SYN-202510-P96F6A1B4BE7B,2025-10-02 19:55:00,2025-10-02 07:27:04,level_completed,1,0.0,0
2025-10,EVT-202510-293567C932A5-0038,SYN-202510-D293567C932A5,SYN-202510-P293567C932A5,2025-10-02 19:55:23,2025-10-02 19:23:23,level_completed,1,0.0,0
2025-10,EVT-202510-100C8E79FCE7-0037,SYN-202510-D100C8E79FCE7,SYN-202510-P100C8E79FCE7,2025-10-02 19:55:55,2025-10-02 19:23:55,level_completed,1,0.0,0
2025-10,EVT-202510-96F6A1B4BE7B-0016,SYN-202510-D96F6A1B4BE7B,SYN-202510-P96F6A1B4BE7B,2025-10-02 19:56:00,2025-10-02 07:27:04,level_completed,1,0.0,0
2025-10,EVT-202510-DEE1747D7D6B-0009,SYN-202510-DDEE1747D7D6B,SYN-202510-PDEE1747D7D6B,2025-10-02 19:56:00,2025-10-01 06:23:43,session_start,0,0.0,1
2025-10,EVT-202510-4614514762A7-0035,SYN-202510-D4614514762A7,SYN-202510-P4614514762A7,2025-10-02 19:56:08,2025-10-02 18:51:08,level_completed,1,0.0,0
2025-10,EVT-202510-293567C932A5-0031,SYN-202510-D293567C932A5,SYN-202510-P293567C932A5,2025-10-02 19:56:23,2025-10-02 19:23:23,level_completed,1,0.0,0
2025-10,EVT-202510-100C8E79FCE7-0014,SYN-202510-D100C8E79FCE7,SYN-202510-P100C8E79FCE7,2025-10-02 19:56:55,2025-10-02 19:23:55,level_completed,1,0.0,0
2025-10,EVT-202510-100C8E79FCE7-0006,SYN-202510-D100C8E79FCE7,SYN-202510-P100C8E79FCE7,2025-10-02 19:57:00,2025-10-02 19:23:55,session_start,0,0.0,0
2025-10,EVT-202510-293567C932A5-0033,SYN-202510-D293567C932A5,SYN-202510-P293567C932A5,2025-10-02 19:57:23,2025-10-02 19:23:23,level_completed,1,0.0,0
2025-10,EVT-202510-1BDEB5A1102D-0011,SYN-202510-D1BDEB5A1102D,SYN-202510-P1BDEB5A1102D,2025-10-02 19:57:37,2025-10-02 18:40:37,level_completed,1,0.0,0
2025-10,EVT-202510-4614514762A7-0033,SYN-202510-D4614514762A7,SYN-202510-P4614514762A7,2025-10-02 19:58:08,2025-10-02 18:51:08,level_completed,1,0.0,0
2025-10,EVT-202510-293567C932A5-0035,SYN-202510-D293567C932A5,SYN-202510-P293567C932A5,2025-10-02 19:58:23,2025-10-02 19:23:23,level_completed,1,0.0,0
2025-10,EVT-202510-DEE1747D7D6B-0022,SYN-202510-DDEE1747D7D6B,SYN-202510-PDEE1747D7D6B,2025-10-02 19:59:00,2025-10-01 06:23:43,level_completed,1,0.0,1
2025-10,EVT-202510-4F47B04733CC-0011,SYN-202510-D4F47B04733CC,SYN-202510-P4F47B04733CC,2025-10-02 19:59:05,2025-10-02 19:46:05,level_completed,1,0.0,0
2025-10,EVT-202510-4614514762A7-0032,SYN-202510-D4614514762A7,SYN-202510-P4614514762A7,2025-10-02 19:59:08,2025-10-02 18:51:08,level_completed,1,0.0,0
2025-10,EVT-202510-4614514762A7-0071,SYN-202510-D4614514762A7,SYN-202510-P4614514762A7,2025-10-02 19:59:08,2025-10-02 18:51:08,ad_impression,0,0.0014,0
2025-10,EVT-202510-4614514762A7-0060,SYN-202510-D4614514762A7,SYN-202510-P4614514762A7,2025-10-02 20:00:08,2025-10-02 18:51:08,ad_impression,0,0.0014,0
2025-10,EVT-202510-100C8E79FCE7-0051,SYN-202510-D100C8E79FCE7,SYN-202510-P100C8E79FCE7,2025-10-02 20:01:00,2025-10-02 19:23:55,ad_impression,0,0.0003,0
2025-10,EVT-202510-4F47B04733CC-0006,SYN-202510-D4F47B04733CC,SYN-202510-P4F47B04733CC,2025-10-02 20:01:05,2025-10-02 19:46:05,level_completed,1,0.0,0
2025-10,EVT-202510-4F47B04733CC-0014,SYN-202510-D4F47B04733CC,SYN-202510-P4F47B04733CC,2025-10-02 20:01:05,2025-10-02 19:46:05,level_completed,1,0.0,0
2025-10,EVT-202510-4614514762A7-0025,SYN-202510-D4614514762A7,SYN-202510-P4614514762A7,2025-10-02 20:01:08,2025-10-02 18:51:08,level_completed,1,0.0,0
2025-10,EVT-202510-100C8E79FCE7-0036,SYN-202510-D100C8E79FCE7,SYN-202510-P100C8E79FCE7,2025-10-02 20:01:55,2025-10-02 19:23:55,level_completed,1,0.0,0
2025-10,EVT-202510-100C8E79FCE7-0066,SYN-202510-D100C8E79FCE7,SYN-202510-P100C8E79FCE7,2025-10-02 20:01:55,2025-10-02 19:23:55,ad_impression,0,0.0003,0
2025-10,EVT-202510-96F6A1B4BE7B-0020,SYN-202510-D96F6A1B4BE7B,SYN-202510-P96F6A1B4BE7B,2025-10-02 20:02:00,2025-10-02 07:27:04,level_completed,1,0.0,0
2025-10,EVT-202510-4614514762A7-0016,SYN-202510-D4614514762A7,SYN-202510-P4614514762A7,2025-10-02 20:02:08,2025-10-02 18:51:08,level_completed,1,0.0,0
2025-10,EVT-202510-5C51E0ED3137-0001,SYN-202510-D5C51E0ED3137,SYN-202510-P5C51E0ED3137,2025-10-02 20:02:12,2025-10-02 20:01:12,session_start,0,0.0,0
2025-10,EVT-202510-5C51E0ED3137-0002,SYN-202510-D5C51E0ED3137,SYN-202510-P5C51E0ED3137,2025-10-02 20:02:12,2025-10-02 20:01:12,session_start,0,0.0,0
2025-10,EVT-202510-5C51E0ED3137-0003,SYN-202510-D5C51E0ED3137,SYN-202510-P5C51E0ED3137,2025-10-02 20:02:12,2025-10-02 20:01:12,session_start,0,0.0,0
2025-10,EVT-202510-5C51E0ED3137-0004,SYN-202510-D5C51E0ED3137,SYN-202510-P5C51E0ED3137,2025-10-02 20:02:12,2025-10-02 20:01:12,session_start,0,0.0,0
2025-10,EVT-202510-5C51E0ED3137-0005,SYN-202510-D5C51E0ED3137,SYN-202510-P5C51E0ED3137,2025-10-02 20:02:12,2025-10-02 20:01:12,session_start,0,0.0,0
2025-10,EVT-202510-5C51E0ED3137-0006,SYN-202510-D5C51E0ED3137,SYN-202510-P5C51E0ED3137,2025-10-02 20:02:12,2025-10-02 20:01:12,session_start,0,0.0,0
2025-10,EVT-202510-9A4DB8DAE6F0-0001,SYN-202510-D9A4DB8DAE6F0,SYN-202510-P9A4DB8DAE6F0,2025-10-02 20:02:20,2025-10-02 20:01:20,session_start,0,0.0,0
2025-10,EVT-202510-100C8E79FCE7-0023,SYN-202510-D100C8E79FCE7,SYN-202510-P100C8E79FCE7,2025-10-02 20:03:00,2025-10-02 19:23:55,level_completed,1,0.0,0
2025-10,EVT-202510-4614514762A7-0055,SYN-202510-D4614514762A7,SYN-202510-P4614514762A7,2025-10-02 20:04:08,2025-10-02 18:51:08,level_completed,1,0.0,0
2025-10,EVT-202510-4F47B04733CC-0007,SYN-202510-D4F47B04733CC,SYN-202510-P4F47B04733CC,2025-10-02 20:05:05,2025-10-02 19:46:05,level_completed,1,0.0,0
2025-10,EVT-202510-100C8E79FCE7-0008,SYN-202510-D100C8E79FCE7,SYN-202510-P100C8E79FCE7,2025-10-02 20:05:55,2025-10-02 19:23:55,level_completed,1,0.0,0
2025-10,EVT-202510-4614514762A7-0054,SYN-202510-D4614514762A7,SYN-202510-P4614514762A7,2025-10-02 20:06:08,2025-10-02 18:51:08,level_completed,1,0.0,0
2025-10,EVT-202510-293567C932A5-0043,SYN-202510-D293567C932A5,SYN-202510-P293567C932A5,2025-10-02 20:06:23,2025-10-02 19:23:23,level_completed,1,0.0,0
2025-10,EVT-202510-DEE1747D7D6B-0073,SYN-202510-DDEE1747D7D6B,SYN-202510-PDEE1747D7D6B,2025-10-02 20:07:00,2025-10-01 06:23:43,level_completed,1,0.0,1
2025-10,EVT-202510-4F47B04733CC-0003,SYN-202510-D4F47B04733CC,SYN-202510-P4F47B04733CC,2025-10-02 20:07:05,2025-10-02 19:46:05,level_completed,1,0.0,0
2025-10,EVT-202510-4614514762A7-0036,SYN-202510-D4614514762A7,SYN-202510-P4614514762A7,2025-10-02 20:07:08,2025-10-02 18:51:08,level_completed,1,0.0,0
2025-10,EVT-202510-4614514762A7-0039,SYN-202510-D4614514762A7,SYN-202510-P4614514762A7,2025-10-02 20:07:08,2025-10-02 18:51:08,level_completed,1,0.0,0
2025-10,EVT-202510-100C8E79FCE7-0049,SYN-202510-D100C8E79FCE7,SYN-202510-P100C8E79FCE7,2025-10-02 20:07:55,2025-10-02 19:23:55,level_completed,1,0.0,0
2025-10,EVT-202510-4614514762A7-0005,SYN-202510-D4614514762A7,SYN-202510-P4614514762A7,2025-10-02 20:08:08,2025-10-02 18:51:08,level_completed,1,0.0,0
2025-10,EVT-202510-100C8E79FCE7-0013,SYN-202510-D100C8E79FCE7,SYN-202510-P100C8E79FCE7,2025-10-02 20:08:55,2025-10-02 19:23:55,level_completed,1,0.0,0
2025-10,EVT-202510-750FE15ED3F4-0004,SYN-202510-D750FE15ED3F4,SYN-202510-P750FE15ED3F4,2025-10-02 20:09:00,2025-10-02 12:21:01,session_start,0,0.0,0
2025-10,EVT-202510-293567C932A5-0040,SYN-202510-D293567C932A5,SYN-202510-P293567C932A5,2025-10-02 20:09:23,2025-10-02 19:23:23,level_completed,1,0.0,0
2025-10,EVT-202510-100C8E79FCE7-0039,SYN-202510-D100C8E79FCE7,SYN-202510-P100C8E79FCE7,2025-10-02 20:09:55,2025-10-02 19:23:55,level_completed,1,0.0,0
2025-10,EVT-202510-100C8E79FCE7-0016,SYN-202510-D100C8E79FCE7,SYN-202510-P100C8E79FCE7,2025-10-02 20:10:00,2025-10-02 19:23:55,level_completed,1,0.0,0
2025-10,EVT-202510-DEE1747D7D6B-0147,SYN-202510-DDEE1747D7D6B,SYN-202510-PDEE1747D7D6B,2025-10-02 20:10:00,2025-10-01 06:23:43,ad_impression,0,0.0063,1
2025-10,EVT-202510-CE52080D31FE-0001,SYN-202510-DCE52080D31FE,SYN-202510-PCE52080D31FE,2025-10-02 20:10:07,2025-10-02 20:09:07,session_start,0,0.0,0
2025-10,EVT-202510-CF2A3C87A0E5-0002,SYN-202510-DCF2A3C87A0E5,SYN-202510-PCF2A3C87A0E5,2025-10-02 20:10:57,2025-10-02 19:34:57,level_completed,1,0.0,0
2025-10,EVT-202510-4614514762A7-0014,SYN-202510-D4614514762A7,SYN-202510-P4614514762A7,2025-10-02 20:11:08,2025-10-02 18:51:08,level_completed,1,0.0,0
2025-10,EVT-202510-1BDEB5A1102D-0012,SYN-202510-D1BDEB5A1102D,SYN-202510-P1BDEB5A1102D,2025-10-02 20:12:00,2025-10-02 18:40:37,level_completed,1,0.0,0
2025-10,EVT-202510-CE52080D31FE-0003,SYN-202510-DCE52080D31FE,SYN-202510-PCE52080D31FE,2025-10-02 20:12:07,2025-10-02 20:09:07,level_completed,1,0.0,0
2025-10,EVT-202510-9A4DB8DAE6F0-0010,SYN-202510-D9A4DB8DAE6F0,SYN-202510-P9A4DB8DAE6F0,2025-10-02 20:13:20,2025-10-02 20:01:20,level_completed,1,0.0,0
2025-10,EVT-202510-DEE1747D7D6B-0140,SYN-202510-DDEE1747D7D6B,SYN-202510-PDEE1747D7D6B,2025-10-02 20:14:00,2025-10-01 06:23:43,ad_impression,0,0.0063,1
2025-10,EVT-202510-AACAC65FDEBE-0001,SYN-202510-DAACAC65FDEBE,SYN-202510-PAACAC65FDEBE,2025-10-02 20:14:36,2025-10-02 20:13:36,session_start,0,0.0,0
2025-10,EVT-202510-DEE1747D7D6B-0094,SYN-202510-DDEE1747D7D6B,SYN-202510-PDEE1747D7D6B,2025-10-02 20:15:00,2025-10-01 06:23:43,level_completed,1,0.0,1
2025-10,EVT-202510-100C8E79FCE7-0010,SYN-202510-D100C8E79FCE7,SYN-202510-P100C8E79FCE7,2025-10-02 20:15:55,2025-10-02 19:23:55,level_completed,1,0.0,0
2025-10,EVT-202510-100C8E79FCE7-0042,SYN-202510-D100C8E79FCE7,SYN-202510-P100C8E79FCE7,2025-10-02 20:15:55,2025-10-02 19:23:55,level_completed,1,0.0,0
2025-10,EVT-202510-100C8E79FCE7-0064,SYN-202510-D100C8E79FCE7,SYN-202510-P100C8E79FCE7,2025-10-02 20:16:55,2025-10-02 19:23:55,ad_impression,0,0.0003,0
2025-10,EVT-202510-293567C932A5-0024,SYN-202510-D293567C932A5,SYN-202510-P293567C932A5,2025-10-02 20:17:23,2025-10-02 19:23:23,level_completed,1,0.0,0
2025-10,EVT-202510-DEE1747D7D6B-0096,SYN-202510-DDEE1747D7D6B,SYN-202510-PDEE1747D7D6B,2025-10-02 20:18:00,2025-10-01 06:23:43,level_completed,1,0.0,1
2025-10,EVT-202510-4614514762A7-0078,SYN-202510-D4614514762A7,SYN-202510-P4614514762A7,2025-10-02 20:18:08,2025-10-02 18:51:08,ad_impression,0,0.0014,0
2025-10,EVT-202510-5C51E0ED3137-0007,SYN-202510-D5C51E0ED3137,SYN-202510-P5C51E0ED3137,2025-10-02 20:18:12,2025-10-02 20:01:12,level_completed,1,0.0,0
2025-10,EVT-202510-AACAC65FDEBE-0003,SYN-202510-DAACAC65FDEBE,SYN-202510-PAACAC65FDEBE,2025-10-02 20:18:36,2025-10-02 20:13:36,level_completed,1,0.0,0
2025-10,EVT-202510-96F6A1B4BE7B-0023,SYN-202510-D96F6A1B4BE7B,SYN-202510-P96F6A1B4BE7B,2025-10-02 20:20:00,2025-10-02 07:27:04,ad_impression,0,0.0136,0
2025-10,EVT-202510-100C8E79FCE7-0061,SYN-202510-D100C8E79FCE7,SYN-202510-P100C8E79FCE7,2025-10-02 20:20:55,2025-10-02 19:23:55,ad_impression,0,0.0003,0
2025-10,EVT-202510-293567C932A5-0025,SYN-202510-D293567C932A5,SYN-202510-P293567C932A5,2025-10-02 20:21:23,2025-10-02 19:23:23,level_completed,1,0.0,0
2025-10,EVT-202510-100C8E79FCE7-0034,SYN-202510-D100C8E79FCE7,SYN-202510-P100C8E79FCE7,2025-10-02 20:21:55,2025-10-02 19:23:55,level_completed,1,0.0,0
2025-10,EVT-202510-1BDEB5A1102D-0004,SYN-202510-D1BDEB5A1102D,SYN-202510-P1BDEB5A1102D,2025-10-02 20:22:00,2025-10-02 18:40:37,level_completed,1,0.0,0
2025-10,EVT-202510-DEE1747D7D6B-0151,SYN-202510-DDEE1747D7D6B,SYN-202510-PDEE1747D7D6B,2025-10-02 20:23:00,2025-10-01 06:23:43,ad_impression,0,0.0063,1
2025-10,EVT-202510-1BDEB5A1102D-0003,SYN-202510-D1BDEB5A1102D,SYN-202510-P1BDEB5A1102D,2025-10-02 20:24:00,2025-10-02 18:40:37,level_completed,1,0.0,0
2025-10,EVT-202510-293567C932A5-0054,SYN-202510-D293567C932A5,SYN-202510-P293567C932A5,2025-10-02 20:24:23,2025-10-02 19:23:23,ad_impression,0,0.0035,0
2025-10,EVT-202510-293567C932A5-0027,SYN-202510-D293567C932A5,SYN-202510-P293567C932A5,2025-10-02 20:26:23,2025-10-02 19:23:23,level_completed,1,0.0,0
2025-10,EVT-202510-100C8E79FCE7-0024,SYN-202510-D100C8E79FCE7,SYN-202510-P100C8E79FCE7,2025-10-02 20:27:00,2025-10-02 19:23:55,level_completed,1,0.0,0
2025-10,EVT-202510-750FE15ED3F4-0022,SYN-202510-D750FE15ED3F4,SYN-202510-P750FE15ED3F4,2025-10-02 20:27:00,2025-10-02 12:21:01,level_completed,1,0.0,0
2025-10,EVT-202510-100C8E79FCE7-0019,SYN-202510-D100C8E79FCE7,SYN-202510-P100C8E79FCE7,2025-10-02 20:27:55,2025-10-02 19:23:55,level_completed,1,0.0,0
2025-10,EVT-202510-100C8E79FCE7-0029,SYN-202510-D100C8E79FCE7,SYN-202510-P100C8E79FCE7,2025-10-02 20:27:55,2025-10-02 19:23:55,level_completed,1,0.0,0
2025-10,EVT-202510-DEE1747D7D6B-0045,SYN-202510-DDEE1747D7D6B,SYN-202510-PDEE1747D7D6B,2025-10-02 20:29:00,2025-10-01 06:23:43,level_completed,1,0.0,1
2025-10,EVT-202510-4F47B04733CC-0004,SYN-202510-D4F47B04733CC,SYN-202510-P4F47B04733CC,2025-10-02 20:29:05,2025-10-02 19:46:05,level_completed,1,0.0,0
2025-10,EVT-202510-CE52080D31FE-0006,SYN-202510-DCE52080D31FE,SYN-202510-PCE52080D31FE,2025-10-02 20:29:07,2025-10-02 20:09:07,level_completed,1,0.0,0
2025-10,EVT-202510-293567C932A5-0034,SYN-202510-D293567C932A5,SYN-202510-P293567C932A5,2025-10-02 20:29:23,2025-10-02 19:23:23,level_completed,1,0.0,0
2025-10,EVT-202510-750FE15ED3F4-0027,SYN-202510-D750FE15ED3F4,SYN-202510-P750FE15ED3F4,2025-10-02 20:30:00,2025-10-02 12:21:01,ad_impression,0,0.0146,0
2025-10,EVT-202510-1BDEB5A1102D-0010,SYN-202510-D1BDEB5A1102D,SYN-202510-P1BDEB5A1102D,2025-10-02 20:31:00,2025-10-02 18:40:37,level_completed,1,0.0,0
2025-10,EVT-202510-100C8E79FCE7-0047,SYN-202510-D100C8E79FCE7,SYN-202510-P100C8E79FCE7,2025-10-02 20:31:55,2025-10-02 19:23:55,level_completed,1,0.0,0
2025-10,EVT-202510-1BDEB5A1102D-0013,SYN-202510-D1BDEB5A1102D,SYN-202510-P1BDEB5A1102D,2025-10-02 20:32:00,2025-10-02 18:40:37,level_completed,1,0.0,0
2025-10,EVT-202510-293567C932A5-0051,SYN-202510-D293567C932A5,SYN-202510-P293567C932A5,2025-10-02 20:32:23,2025-10-02 19:23:23,ad_impression,0,0.0035,0
2025-10,EVT-202510-5C51E0ED3137-0018,SYN-202510-D5C51E0ED3137,SYN-202510-P5C51E0ED3137,2025-10-02 20:33:12,2025-10-02 20:01:12,ad_impression,0,0.0309,0
2025-10,EVT-202510-293567C932A5-0036,SYN-202510-D293567C932A5,SYN-202510-P293567C932A5,2025-10-02 20:33:23,2025-10-02 19:23:23,level_completed,1,0.0,0
2025-10,EVT-202510-293567C932A5-0044,SYN-202510-D293567C932A5,SYN-202510-P293567C932A5,2025-10-02 20:33:23,2025-10-02 19:23:23,level_completed,1,0.0,0
2025-10,EVT-202510-293567C932A5-0022,SYN-202510-D293567C932A5,SYN-202510-P293567C932A5,2025-10-02 20:34:23,2025-10-02 19:23:23,level_completed,1,0.0,0
2025-10,EVT-202510-293567C932A5-0030,SYN-202510-D293567C932A5,SYN-202510-P293567C932A5,2025-10-02 20:34:23,2025-10-02 19:23:23,level_completed,1,0.0,0
2025-10,EVT-202510-293567C932A5-0045,SYN-202510-D293567C932A5,SYN-202510-P293567C932A5,2025-10-02 20:35:23,2025-10-02 19:23:23,level_completed,1,0.0,0
2025-10,EVT-202510-AACAC65FDEBE-0009,SYN-202510-DAACAC65FDEBE,SYN-202510-PAACAC65FDEBE,2025-10-02 20:35:36,2025-10-02 20:13:36,level_completed,1,0.0,0
2025-10,EVT-202510-A48513581020-0001,SYN-202510-DA48513581020,SYN-202510-PA48513581020,2025-10-02 20:36:00,2025-10-02 05:46:43,session_start,0,0.0,0
2025-10,EVT-202510-DEE1747D7D6B-0028,SYN-202510-DDEE1747D7D6B,SYN-202510-PDEE1747D7D6B,2025-10-02 20:36:00,2025-10-01 06:23:43,level_completed,1,0.0,1
2025-10,EVT-202510-293567C932A5-0049,SYN-202510-D293567C932A5,SYN-202510-P293567C932A5,2025-10-02 20:36:23,2025-10-02 19:23:23,ad_impression,0,0.0035,0
2025-10,EVT-202510-100C8E79FCE7-0044,SYN-202510-D100C8E79FCE7,SYN-202510-P100C8E79FCE7,2025-10-02 20:36:55,2025-10-02 19:23:55,level_completed,1,0.0,0
2025-10,EVT-202510-5C51E0ED3137-0013,SYN-202510-D5C51E0ED3137,SYN-202510-P5C51E0ED3137,2025-10-02 20:37:12,2025-10-02 20:01:12,level_completed,1,0.0,0
2025-10,EVT-202510-9A4DB8DAE6F0-0013,SYN-202510-D9A4DB8DAE6F0,SYN-202510-P9A4DB8DAE6F0,2025-10-02 20:37:20,2025-10-02 20:01:20,level_completed,1,0.0,0
2025-10,EVT-202510-293567C932A5-0037,SYN-202510-D293567C932A5,SYN-202510-P293567C932A5,2025-10-02 20:37:23,2025-10-02 19:23:23,level_completed,1,0.0,0
2025-10,EVT-202510-AACAC65FDEBE-0005,SYN-202510-DAACAC65FDEBE,SYN-202510-PAACAC65FDEBE,2025-10-02 20:37:36,2025-10-02 20:13:36,level_completed,1,0.0,0
2025-10,EVT-202510-AACAC65FDEBE-0008,SYN-202510-DAACAC65FDEBE,SYN-202510-PAACAC65FDEBE,2025-10-02 20:37:36,2025-10-02 20:13:36,level_completed,1,0.0,0
2025-10,EVT-202510-AACAC65FDEBE-0013,SYN-202510-DAACAC65FDEBE,SYN-202510-PAACAC65FDEBE,2025-10-02 20:37:36,2025-10-02 20:13:36,level_completed,1,0.0,0
2025-10,EVT-202510-100C8E79FCE7-0031,SYN-202510-D100C8E79FCE7,SYN-202510-P100C8E79FCE7,2025-10-02 20:37:55,2025-10-02 19:23:55,level_completed,1,0.0,0
2025-10,EVT-202510-293567C932A5-0052,SYN-202510-D293567C932A5,SYN-202510-P293567C932A5,2025-10-02 20:38:23,2025-10-02 19:23:23,ad_impression,0,0.0035,0
2025-10,EVT-202510-100C8E79FCE7-0048,SYN-202510-D100C8E79FCE7,SYN-202510-P100C8E79FCE7,2025-10-02 20:39:55,2025-10-02 19:23:55,level_completed,1,0.0,0
2025-10,EVT-202510-100C8E79FCE7-0022,SYN-202510-D100C8E79FCE7,SYN-202510-P100C8E79FCE7,2025-10-02 20:40:55,2025-10-02 19:23:55,level_completed,1,0.0,0
2025-10,EVT-202510-100C8E79FCE7-0026,SYN-202510-D100C8E79FCE7,SYN-202510-P100C8E79FCE7,2025-10-02 20:40:55,2025-10-02 19:23:55,level_completed,1,0.0,0
2025-10,EVT-202510-CE52080D31FE-0002,SYN-202510-DCE52080D31FE,SYN-202510-PCE52080D31FE,2025-10-02 20:42:07,2025-10-02 20:09:07,level_completed,1,0.0,0
2025-10,EVT-202510-5C51E0ED3137-0016,SYN-202510-D5C51E0ED3137,SYN-202510-P5C51E0ED3137,2025-10-02 20:42:12,2025-10-02 20:01:12,level_completed,1,0.0,0
2025-10,EVT-202510-293567C932A5-0021,SYN-202510-D293567C932A5,SYN-202510-P293567C932A5,2025-10-02 20:42:23,2025-10-02 19:23:23,level_completed,1,0.0,0
2025-10,EVT-202510-100C8E79FCE7-0041,SYN-202510-D100C8E79FCE7,SYN-202510-P100C8E79FCE7,2025-10-02 20:42:55,2025-10-02 19:23:55,level_completed,1,0.0,0
2025-10,EVT-202510-A48513581020-0005,SYN-202510-DA48513581020,SYN-202510-PA48513581020,2025-10-02 20:44:00,2025-10-02 05:46:43,level_completed,1,0.0,0
2025-10,EVT-202510-AACAC65FDEBE-0007,SYN-202510-DAACAC65FDEBE,SYN-202510-PAACAC65FDEBE,2025-10-02 20:44:36,2025-10-02 20:13:36,level_completed,1,0.0,0
2025-10,EVT-202510-100C8E79FCE7-0063,SYN-202510-D100C8E79FCE7,SYN-202510-P100C8E79FCE7,2025-10-02 20:44:55,2025-10-02 19:23:55,ad_impression,0,0.0003,0
2025-10,EVT-202510-4F47B04733CC-0013,SYN-202510-D4F47B04733CC,SYN-202510-P4F47B04733CC,2025-10-02 20:45:05,2025-10-02 19:46:05,level_completed,1,0.0,0
2025-10,EVT-202510-5C51E0ED3137-0010,SYN-202510-D5C51E0ED3137,SYN-202510-P5C51E0ED3137,2025-10-02 20:45:12,2025-10-02 20:01:12,level_completed,1,0.0,0
2025-10,EVT-202510-9A4DB8DAE6F0-0009,SYN-202510-D9A4DB8DAE6F0,SYN-202510-P9A4DB8DAE6F0,2025-10-02 20:45:20,2025-10-02 20:01:20,level_completed,1,0.0,0
2025-10,EVT-202510-750FE15ED3F4-0005,SYN-202510-D750FE15ED3F4,SYN-202510-P750FE15ED3F4,2025-10-02 20:46:00,2025-10-02 12:21:01,level_completed,1,0.0,0
2025-10,EVT-202510-4F47B04733CC-0012,SYN-202510-D4F47B04733CC,SYN-202510-P4F47B04733CC,2025-10-02 20:46:05,2025-10-02 19:46:05,level_completed,1,0.0,0
2025-10,EVT-202510-AACAC65FDEBE-0010,SYN-202510-DAACAC65FDEBE,SYN-202510-PAACAC65FDEBE,2025-10-02 20:46:36,2025-10-02 20:13:36,level_completed,1,0.0,0
2025-10,EVT-202510-1BDEB5A1102D-0005,SYN-202510-D1BDEB5A1102D,SYN-202510-P1BDEB5A1102D,2025-10-02 20:47:00,2025-10-02 18:40:37,level_completed,1,0.0,0
2025-10,EVT-202510-DEE1747D7D6B-0067,SYN-202510-DDEE1747D7D6B,SYN-202510-PDEE1747D7D6B,2025-10-02 20:47:00,2025-10-01 06:23:43,level_completed,1,0.0,1
2025-10,EVT-202510-5C51E0ED3137-0014,SYN-202510-D5C51E0ED3137,SYN-202510-P5C51E0ED3137,2025-10-02 20:47:12,2025-10-02 20:01:12,level_completed,1,0.0,0
2025-10,EVT-202510-DEE1747D7D6B-0026,SYN-202510-DDEE1747D7D6B,SYN-202510-PDEE1747D7D6B,2025-10-02 20:48:00,2025-10-01 06:23:43,level_completed,1,0.0,1
2025-10,EVT-202510-4F47B04733CC-0015,SYN-202510-D4F47B04733CC,SYN-202510-P4F47B04733CC,2025-10-02 20:48:05,2025-10-02 19:46:05,level_completed,1,0.0,0
2025-10,EVT-202510-5C51E0ED3137-0009,SYN-202510-D5C51E0ED3137,SYN-202510-P5C51E0ED3137,2025-10-02 20:48:12,2025-10-02 20:01:12,level_completed,1,0.0,0
2025-10,EVT-202510-100C8E79FCE7-0011,SYN-202510-D100C8E79FCE7,SYN-202510-P100C8E79FCE7,2025-10-02 20:50:00,2025-10-02 19:23:55,level_completed,1,0.0,0
2025-10,EVT-202510-750FE15ED3F4-0011,SYN-202510-D750FE15ED3F4,SYN-202510-P750FE15ED3F4,2025-10-02 20:50:00,2025-10-02 12:21:01,level_completed,1,0.0,0
2025-10,EVT-202510-4F47B04733CC-0009,SYN-202510-D4F47B04733CC,SYN-202510-P4F47B04733CC,2025-10-02 20:50:05,2025-10-02 19:46:05,level_completed,1,0.0,0
2025-10,EVT-202510-EA86600B57CA-0001,SYN-202510-DEA86600B57CA,SYN-202510-PEA86600B57CA,2025-10-02 20:50:06,2025-10-02 20:49:06,session_start,0,0.0,0
2025-10,EVT-202510-5C51E0ED3137-0015,SYN-202510-D5C51E0ED3137,SYN-202510-P5C51E0ED3137,2025-10-02 20:50:12,2025-10-02 20:01:12,level_completed,1,0.0,0
2025-10,EVT-202510-EA86600B57CA-0007,SYN-202510-DEA86600B57CA,SYN-202510-PEA86600B57CA,2025-10-02 20:52:06,2025-10-02 20:49:06,level_completed,1,0.0,0
2025-10,EVT-202510-4F47B04733CC-0005,SYN-202510-D4F47B04733CC,SYN-202510-P4F47B04733CC,2025-10-02 20:56:05,2025-10-02 19:46:05,level_completed,1,0.0,0
2025-10,EVT-202510-CE52080D31FE-0005,SYN-202510-DCE52080D31FE,SYN-202510-PCE52080D31FE,2025-10-02 20:56:07,2025-10-02 20:09:07,level_completed,1,0.0,0
2025-10,EVT-202510-100C8E79FCE7-0020,SYN-202510-D100C8E79FCE7,SYN-202510-P100C8E79FCE7,2025-10-02 20:57:00,2025-10-02 19:23:55,level_completed,1,0.0,0
2025-10,EVT-202510-5C51E0ED3137-0008,SYN-202510-D5C51E0ED3137,SYN-202510-P5C51E0ED3137,2025-10-02 20:57:12,2025-10-02 20:01:12,level_completed,1,0.0,0
2025-10,EVT-202510-9A4DB8DAE6F0-0003,SYN-202510-D9A4DB8DAE6F0,SYN-202510-P9A4DB8DAE6F0,2025-10-02 20:57:20,2025-10-02 20:01:20,level_completed,1,0.0,0
2025-10,EVT-202510-100C8E79FCE7-0043,SYN-202510-D100C8E79FCE7,SYN-202510-P100C8E79FCE7,2025-10-02 20:59:00,2025-10-02 19:23:55,level_completed,1,0.0,0
2025-10,EVT-202510-100C8E79FCE7-0055,SYN-202510-D100C8E79FCE7,SYN-202510-P100C8E79FCE7,2025-10-02 20:59:00,2025-10-02 19:23:55,ad_impression,0,0.0003,0
2025-10,EVT-202510-EA86600B57CA-0017,SYN-202510-DEA86600B57CA,SYN-202510-PEA86600B57CA,2025-10-02 20:59:06,2025-10-02 20:49:06,ad_impression,0,0.011,0
2025-10,EVT-202510-9A4DB8DAE6F0-0004,SYN-202510-D9A4DB8DAE6F0,SYN-202510-P9A4DB8DAE6F0,2025-10-02 21:00:20,2025-10-02 20:01:20,level_completed,1,0.0,0
2025-10,EVT-202510-9A4DB8DAE6F0-0006,SYN-202510-D9A4DB8DAE6F0,SYN-202510-P9A4DB8DAE6F0,2025-10-02 21:00:20,2025-10-02 20:01:20,level_completed,1,0.0,0
2025-10,EVT-202510-AACAC65FDEBE-0006,SYN-202510-DAACAC65FDEBE,SYN-202510-PAACAC65FDEBE,2025-10-02 21:00:36,2025-10-02 20:13:36,level_completed,1,0.0,0
2025-10,EVT-202510-EA86600B57CA-0003,SYN-202510-DEA86600B57CA,SYN-202510-PEA86600B57CA,2025-10-02 21:01:06,2025-10-02 20:49:06,level_completed,1,0.0,0
2025-10,EVT-202510-AACAC65FDEBE-0002,SYN-202510-DAACAC65FDEBE,SYN-202510-PAACAC65FDEBE,2025-10-02 21:01:36,2025-10-02 20:13:36,level_completed,1,0.0,0
2025-10,EVT-202510-DEE1747D7D6B-0039,SYN-202510-DDEE1747D7D6B,SYN-202510-PDEE1747D7D6B,2025-10-02 21:02:00,2025-10-01 06:23:43,level_completed,1,0.0,1
2025-10,EVT-202510-4F47B04733CC-0008,SYN-202510-D4F47B04733CC,SYN-202510-P4F47B04733CC,2025-10-02 21:03:05,2025-10-02 19:46:05,level_completed,1,0.0,0
2025-10,EVT-202510-4F47B04733CC-0010,SYN-202510-D4F47B04733CC,SYN-202510-P4F47B04733CC,2025-10-02 21:03:05,2025-10-02 19:46:05,level_completed,1,0.0,0
2025-10,EVT-202510-EA86600B57CA-0018,SYN-202510-DEA86600B57CA,SYN-202510-PEA86600B57CA,2025-10-02 21:03:06,2025-10-02 20:49:06,ad_impression,0,0.011,0
2025-10,EVT-202510-DEE1747D7D6B-0050,SYN-202510-DDEE1747D7D6B,SYN-202510-PDEE1747D7D6B,2025-10-02 21:07:00,2025-10-01 06:23:43,level_completed,1,0.0,1
2025-10,EVT-202510-EA86600B57CA-0013,SYN-202510-DEA86600B57CA,SYN-202510-PEA86600B57CA,2025-10-02 21:08:06,2025-10-02 20:49:06,level_completed,1,0.0,0
2025-10,EVT-202510-4614514762A7-0003,SYN-202510-D4614514762A7,SYN-202510-P4614514762A7,2025-10-02 21:10:00,2025-10-02 18:51:08,session_start,0,0.0,0
2025-10,EVT-202510-5C51E0ED3137-0012,SYN-202510-D5C51E0ED3137,SYN-202510-P5C51E0ED3137,2025-10-02 21:10:12,2025-10-02 20:01:12,level_completed,1,0.0,0
2025-10,EVT-202510-AACAC65FDEBE-0004,SYN-202510-DAACAC65FDEBE,SYN-202510-PAACAC65FDEBE,2025-10-02 21:10:36,2025-10-02 20:13:36,level_completed,1,0.0,0
2025-10,EVT-202510-EA86600B57CA-0010,SYN-202510-DEA86600B57CA,SYN-202510-PEA86600B57CA,2025-10-02 21:11:06,2025-10-02 20:49:06,level_completed,1,0.0,0
2025-10,EVT-202510-EA86600B57CA-0016,SYN-202510-DEA86600B57CA,SYN-202510-PEA86600B57CA,2025-10-02 21:11:06,2025-10-02 20:49:06,ad_impression,0,0.011,0
2025-10,EVT-202510-4614514762A7-0027,SYN-202510-D4614514762A7,SYN-202510-P4614514762A7,2025-10-02 21:15:00,2025-10-02 18:51:08,level_completed,1,0.0,0
2025-10,EVT-202510-5C51E0ED3137-0017,SYN-202510-D5C51E0ED3137,SYN-202510-P5C51E0ED3137,2025-10-02 21:15:12,2025-10-02 20:01:12,level_completed,1,0.0,0
2025-10,EVT-202510-A48513581020-0003,SYN-202510-DA48513581020,SYN-202510-PA48513581020,2025-10-02 21:16:00,2025-10-02 05:46:43,level_completed,1,0.0,0
2025-10,EVT-202510-EA86600B57CA-0005,SYN-202510-DEA86600B57CA,SYN-202510-PEA86600B57CA,2025-10-02 21:17:06,2025-10-02 20:49:06,level_completed,1,0.0,0
2025-10,EVT-202510-4614514762A7-0010,SYN-202510-D4614514762A7,SYN-202510-P4614514762A7,2025-10-02 21:19:00,2025-10-02 18:51:08,level_completed,1,0.0,0
2025-10,EVT-202510-EA86600B57CA-0011,SYN-202510-DEA86600B57CA,SYN-202510-PEA86600B57CA,2025-10-02 21:19:06,2025-10-02 20:49:06,level_completed,1,0.0,0
2025-10,EVT-202510-5C51E0ED3137-0011,SYN-202510-D5C51E0ED3137,SYN-202510-P5C51E0ED3137,2025-10-02 21:20:12,2025-10-02 20:01:12,level_completed,1,0.0,0
2025-10,EVT-202510-DEE1747D7D6B-0161,SYN-202510-DDEE1747D7D6B,SYN-202510-PDEE1747D7D6B,2025-10-02 21:21:00,2025-10-01 06:23:43,ad_impression,0,0.0063,1
2025-10,EVT-202510-AACAC65FDEBE-0012,SYN-202510-DAACAC65FDEBE,SYN-202510-PAACAC65FDEBE,2025-10-02 21:22:36,2025-10-02 20:13:36,level_completed,1,0.0,0
2025-10,EVT-202510-EA86600B57CA-0002,SYN-202510-DEA86600B57CA,SYN-202510-PEA86600B57CA,2025-10-02 21:24:06,2025-10-02 20:49:06,level_completed,1,0.0,0
2025-10,EVT-202510-4614514762A7-0063,SYN-202510-D4614514762A7,SYN-202510-P4614514762A7,2025-10-02 21:25:00,2025-10-02 18:51:08,ad_impression,0,0.0014,0
2025-10,EVT-202510-CE52080D31FE-0004,SYN-202510-DCE52080D31FE,SYN-202510-PCE52080D31FE,2025-10-02 21:26:07,2025-10-02 20:09:07,level_completed,1,0.0,0
2025-10,EVT-202510-93D4E9206BCD-0001,SYN-202510-D93D4E9206BCD,SYN-202510-P93D4E9206BCD,2025-10-02 21:26:30,2025-10-02 21:25:30,session_start,0,0.0,0
2025-10,EVT-202510-93D4E9206BCD-0002,SYN-202510-D93D4E9206BCD,SYN-202510-P93D4E9206BCD,2025-10-02 21:26:30,2025-10-02 21:25:30,session_start,0,0.0,0
2025-10,EVT-202510-93D4E9206BCD-0003,SYN-202510-D93D4E9206BCD,SYN-202510-P93D4E9206BCD,2025-10-02 21:26:30,2025-10-02 21:25:30,session_start,0,0.0,0
2025-10,EVT-202510-A48513581020-0002,SYN-202510-DA48513581020,SYN-202510-PA48513581020,2025-10-02 21:28:00,2025-10-02 05:46:43,level_completed,1,0.0,0
2025-10,EVT-202510-AACAC65FDEBE-0011,SYN-202510-DAACAC65FDEBE,SYN-202510-PAACAC65FDEBE,2025-10-02 21:28:36,2025-10-02 20:13:36,level_completed,1,0.0,0
2025-10,EVT-202510-93D4E9206BCD-0010,SYN-202510-D93D4E9206BCD,SYN-202510-P93D4E9206BCD,2025-10-02 21:29:30,2025-10-02 21:25:30,level_completed,1,0.0,0
2025-10,EVT-202510-4614514762A7-0028,SYN-202510-D4614514762A7,SYN-202510-P4614514762A7,2025-10-02 21:30:00,2025-10-02 18:51:08,level_completed,1,0.0,0
2025-10,EVT-202510-EA86600B57CA-0008,SYN-202510-DEA86600B57CA,SYN-202510-PEA86600B57CA,2025-10-02 21:30:06,2025-10-02 20:49:06,level_completed,1,0.0,0
2025-10,EVT-202510-93D4E9206BCD-0020,SYN-202510-D93D4E9206BCD,SYN-202510-P93D4E9206BCD,2025-10-02 21:30:30,2025-10-02 21:25:30,level_completed,1,0.0,0
2025-10,EVT-202510-4614514762A7-0061,SYN-202510-D4614514762A7,SYN-202510-P4614514762A7,2025-10-02 21:33:00,2025-10-02 18:51:08,ad_impression,0,0.0014,0
2025-10,EVT-202510-4614514762A7-0086,SYN-202510-D4614514762A7,SYN-202510-P4614514762A7,2025-10-02 21:33:00,2025-10-02 18:51:08,ad_impression,0,0.0014,0
2025-10,EVT-202510-EA86600B57CA-0009,SYN-202510-DEA86600B57CA,SYN-202510-PEA86600B57CA,2025-10-02 21:33:06,2025-10-02 20:49:06,level_completed,1,0.0,0
2025-10,EVT-202510-93D4E9206BCD-0005,SYN-202510-D93D4E9206BCD,SYN-202510-P93D4E9206BCD,2025-10-02 21:33:30,2025-10-02 21:25:30,level_completed,1,0.0,0
2025-10,EVT-202510-93D4E9206BCD-0052,SYN-202510-D93D4E9206BCD,SYN-202510-P93D4E9206BCD,2025-10-02 21:33:30,2025-10-02 21:25:30,level_completed,1,0.0,0
2025-10,EVT-202510-93D4E9206BCD-0004,SYN-202510-D93D4E9206BCD,SYN-202510-P93D4E9206BCD,2025-10-02 21:34:30,2025-10-02 21:25:30,level_completed,1,0.0,0
2025-10,EVT-202510-4614514762A7-0040,SYN-202510-D4614514762A7,SYN-202510-P4614514762A7,2025-10-02 21:35:00,2025-10-02 18:51:08,level_completed,1,0.0,0
2025-10,EVT-202510-4614514762A7-0068,SYN-202510-D4614514762A7,SYN-202510-P4614514762A7,2025-10-02 21:35:00,2025-10-02 18:51:08,ad_impression,0,0.0014,0
2025-10,EVT-202510-93D4E9206BCD-0069,SYN-202510-D93D4E9206BCD,SYN-202510-P93D4E9206BCD,2025-10-02 21:35:30,2025-10-02 21:25:30,ad_impression,0,0.0129,0
2025-10,EVT-202510-93D4E9206BCD-0048,SYN-202510-D93D4E9206BCD,SYN-202510-P93D4E9206BCD,2025-10-02 21:36:30,2025-10-02 21:25:30,level_completed,1,0.0,0
2025-10,EVT-202510-4614514762A7-0053,SYN-202510-D4614514762A7,SYN-202510-P4614514762A7,2025-10-02 21:37:00,2025-10-02 18:51:08,level_completed,1,0.0,0
2025-10,EVT-202510-93D4E9206BCD-0060,SYN-202510-D93D4E9206BCD,SYN-202510-P93D4E9206BCD,2025-10-02 21:37:30,2025-10-02 21:25:30,level_completed,1,0.0,0
2025-10,EVT-202510-293567C932A5-0017,SYN-202510-D293567C932A5,SYN-202510-P293567C932A5,2025-10-02 21:38:00,2025-10-02 19:23:23,session_start,0,0.0,0
2025-10,EVT-202510-93D4E9206BCD-0013,SYN-202510-D93D4E9206BCD,SYN-202510-P93D4E9206BCD,2025-10-02 21:38:30,2025-10-02 21:25:30,level_completed,1,0.0,0
2025-10,EVT-202510-93D4E9206BCD-0031,SYN-202510-D93D4E9206BCD,SYN-202510-P93D4E9206BCD,2025-10-02 21:38:30,2025-10-02 21:25:30,level_completed,1,0.0,0
2025-10,EVT-202510-93D4E9206BCD-0038,SYN-202510-D93D4E9206BCD,SYN-202510-P93D4E9206BCD,2025-10-02 21:38:30,2025-10-02 21:25:30,level_completed,1,0.0,0
2025-10,EVT-202510-93D4E9206BCD-0076,SYN-202510-D93D4E9206BCD,SYN-202510-P93D4E9206BCD,2025-10-02 21:38:30,2025-10-02 21:25:30,ad_impression,0,0.0129,0
2025-10,EVT-202510-EA86600B57CA-0014,SYN-202510-DEA86600B57CA,SYN-202510-PEA86600B57CA,2025-10-02 21:39:06,2025-10-02 20:49:06,level_completed,1,0.0,0
2025-10,EVT-202510-3A876B61F246-0001,SYN-202510-D3A876B61F246,SYN-202510-P3A876B61F246,2025-10-02 21:39:15,2025-10-02 21:38:15,session_start,0,0.0,0
2025-10,EVT-202510-3A876B61F246-0002,SYN-202510-D3A876B61F246,SYN-202510-P3A876B61F246,2025-10-02 21:39:15,2025-10-02 21:38:15,session_start,0,0.0,0
2025-10,EVT-202510-3A876B61F246-0003,SYN-202510-D3A876B61F246,SYN-202510-P3A876B61F246,2025-10-02 21:39:15,2025-10-02 21:38:15,session_start,0,0.0,0
2025-10,EVT-202510-93D4E9206BCD-0078,SYN-202510-D93D4E9206BCD,SYN-202510-P93D4E9206BCD,2025-10-02 21:39:30,2025-10-02 21:25:30,ad_impression,0,0.0129,0
2025-10,EVT-202510-6A01C161D1BF-0001,SYN-202510-D6A01C161D1BF,SYN-202510-P6A01C161D1BF,2025-10-02 21:39:47,2025-10-02 21:38:47,session_start,0,0.0,0
2025-10,EVT-202510-93D4E9206BCD-0023,SYN-202510-D93D4E9206BCD,SYN-202510-P93D4E9206BCD,2025-10-02 21:41:30,2025-10-02 21:25:30,level_completed,1,0.0,0
2025-10,EVT-202510-EFC6DC255B44-0001,SYN-202510-DEFC6DC255B44,SYN-202510-PEFC6DC255B44,2025-10-02 21:42:00,2025-10-02 01:54:30,session_start,0,0.0,0
2025-10,EVT-202510-EA86600B57CA-0006,SYN-202510-DEA86600B57CA,SYN-202510-PEA86600B57CA,2025-10-02 21:42:06,2025-10-02 20:49:06,level_completed,1,0.0,0
2025-10,EVT-202510-3A876B61F246-0016,SYN-202510-D3A876B61F246,SYN-202510-P3A876B61F246,2025-10-02 21:42:15,2025-10-02 21:38:15,level_completed,1,0.0,0
2025-10,EVT-202510-93D4E9206BCD-0067,SYN-202510-D93D4E9206BCD,SYN-202510-P93D4E9206BCD,2025-10-02 21:42:30,2025-10-02 21:25:30,ad_impression,0,0.0129,0
2025-10,EVT-202510-93D4E9206BCD-0075,SYN-202510-D93D4E9206BCD,SYN-202510-P93D4E9206BCD,2025-10-02 21:42:30,2025-10-02 21:25:30,ad_impression,0,0.0129,0
2025-10,EVT-202510-93D4E9206BCD-0044,SYN-202510-D93D4E9206BCD,SYN-202510-P93D4E9206BCD,2025-10-02 21:43:30,2025-10-02 21:25:30,level_completed,1,0.0,0
2025-10,EVT-202510-93D4E9206BCD-0065,SYN-202510-D93D4E9206BCD,SYN-202510-P93D4E9206BCD,2025-10-02 21:43:30,2025-10-02 21:25:30,level_completed,1,0.0,0
2025-10,EVT-202510-3A876B61F246-0010,SYN-202510-D3A876B61F246,SYN-202510-P3A876B61F246,2025-10-02 21:44:15,2025-10-02 21:38:15,level_completed,1,0.0,0
2025-10,EVT-202510-93D4E9206BCD-0032,SYN-202510-D93D4E9206BCD,SYN-202510-P93D4E9206BCD,2025-10-02 21:44:30,2025-10-02 21:25:30,level_completed,1,0.0,0
2025-10,EVT-202510-4614514762A7-0026,SYN-202510-D4614514762A7,SYN-202510-P4614514762A7,2025-10-02 21:45:00,2025-10-02 18:51:08,level_completed,1,0.0,0
2025-10,EVT-202510-3A876B61F246-0011,SYN-202510-D3A876B61F246,SYN-202510-P3A876B61F246,2025-10-02 21:45:15,2025-10-02 21:38:15,level_completed,1,0.0,0
2025-10,EVT-202510-A48513581020-0004,SYN-202510-DA48513581020,SYN-202510-PA48513581020,2025-10-02 21:46:00,2025-10-02 05:46:43,level_completed,1,0.0,0
2025-10,EVT-202510-E91894B42D09-0001,SYN-202510-DE91894B42D09,SYN-202510-PE91894B42D09,2025-10-02 21:46:04,2025-10-02 21:45:04,session_start,0,0.0,0
2025-10,EVT-202510-E91894B42D09-0002,SYN-202510-DE91894B42D09,SYN-202510-PE91894B42D09,2025-10-02 21:46:04,2025-10-02 21:45:04,session_start,0,0.0,0
2025-10,EVT-202510-93D4E9206BCD-0072,SYN-202510-D93D4E9206BCD,SYN-202510-P93D4E9206BCD,2025-10-02 21:46:30,2025-10-02 21:25:30,ad_impression,0,0.0129,0
2025-10,EVT-202510-3A876B61F246-0015,SYN-202510-D3A876B61F246,SYN-202510-P3A876B61F246,2025-10-02 21:47:15,2025-10-02 21:38:15,level_completed,1,0.0,0
2025-10,EVT-202510-4614514762A7-0059,SYN-202510-D4614514762A7,SYN-202510-P4614514762A7,2025-10-02 21:48:00,2025-10-02 18:51:08,level_completed,1,0.0,0
2025-10,EVT-202510-293567C932A5-0018,SYN-202510-D293567C932A5,SYN-202510-P293567C932A5,2025-10-02 21:49:00,2025-10-02 19:23:23,session_start,0,0.0,0
2025-10,EVT-202510-93D4E9206BCD-0015,SYN-202510-D93D4E9206BCD,SYN-202510-P93D4E9206BCD,2025-10-02 21:50:30,2025-10-02 21:25:30,level_completed,1,0.0,0
2025-10,EVT-202510-3A876B61F246-0005,SYN-202510-D3A876B61F246,SYN-202510-P3A876B61F246,2025-10-02 21:52:15,2025-10-02 21:38:15,level_completed,1,0.0,0
2025-10,EVT-202510-93D4E9206BCD-0026,SYN-202510-D93D4E9206BCD,SYN-202510-P93D4E9206BCD,2025-10-02 21:52:30,2025-10-02 21:25:30,level_completed,1,0.0,0
2025-10,EVT-202510-93D4E9206BCD-0007,SYN-202510-D93D4E9206BCD,SYN-202510-P93D4E9206BCD,2025-10-02 21:54:30,2025-10-02 21:25:30,level_completed,1,0.0,0
2025-10,EVT-202510-93D4E9206BCD-0009,SYN-202510-D93D4E9206BCD,SYN-202510-P93D4E9206BCD,2025-10-02 21:54:30,2025-10-02 21:25:30,level_completed,1,0.0,0
2025-10,EVT-202510-93D4E9206BCD-0058,SYN-202510-D93D4E9206BCD,SYN-202510-P93D4E9206BCD,2025-10-02 21:54:30,2025-10-02 21:25:30,level_completed,1,0.0,0
2025-10,EVT-202510-93D4E9206BCD-0082,SYN-202510-D93D4E9206BCD,SYN-202510-P93D4E9206BCD,2025-10-02 21:54:30,2025-10-02 21:25:30,ad_impression,0,0.0129,0
2025-10,EVT-202510-4614514762A7-0067,SYN-202510-D4614514762A7,SYN-202510-P4614514762A7,2025-10-02 21:55:00,2025-10-02 18:51:08,ad_impression,0,0.0014,0
2025-10,EVT-202510-7704ED0111AA-0006,SYN-202510-D7704ED0111AA,SYN-202510-P7704ED0111AA,2025-10-02 21:55:00,2025-10-01 05:57:44,session_start,0,0.0,1
2025-10,EVT-202510-4614514762A7-0069,SYN-202510-D4614514762A7,SYN-202510-P4614514762A7,2025-10-02 21:57:00,2025-10-02 18:51:08,ad_impression,0,0.0014,0
2025-10,EVT-202510-EA86600B57CA-0004,SYN-202510-DEA86600B57CA,SYN-202510-PEA86600B57CA,2025-10-02 21:58:06,2025-10-02 20:49:06,level_completed,1,0.0,0
2025-10,EVT-202510-3A876B61F246-0019,SYN-202510-D3A876B61F246,SYN-202510-P3A876B61F246,2025-10-02 21:58:15,2025-10-02 21:38:15,level_completed,1,0.0,0
2025-10,EVT-202510-4CE362EC52C3-0001,SYN-202510-D4CE362EC52C3,SYN-202510-P4CE362EC52C3,2025-10-02 21:58:23,2025-10-02 21:57:23,session_start,0,0.0,0
2025-10,EVT-202510-4CE362EC52C3-0002,SYN-202510-D4CE362EC52C3,SYN-202510-P4CE362EC52C3,2025-10-02 21:58:23,2025-10-02 21:57:23,session_start,0,0.0,0
2025-10,EVT-202510-93D4E9206BCD-0019,SYN-202510-D93D4E9206BCD,SYN-202510-P93D4E9206BCD,2025-10-02 21:58:30,2025-10-02 21:25:30,level_completed,1,0.0,0
2025-10,EVT-202510-4614514762A7-0043,SYN-202510-D4614514762A7,SYN-202510-P4614514762A7,2025-10-02 21:59:00,2025-10-02 18:51:08,level_completed,1,0.0,0
2025-10,EVT-202510-EFC6DC255B44-0002,SYN-202510-DEFC6DC255B44,SYN-202510-PEFC6DC255B44,2025-10-02 21:59:00,2025-10-02 01:54:30,level_completed,1,0.0,0
2025-10,EVT-202510-73CCD874A103-0001,SYN-202510-D73CCD874A103,SYN-202510-P73CCD874A103,2025-10-02 21:59:04,2025-10-02 21:58:04,session_start,0,0.0,0
2025-10,EVT-202510-73CCD874A103-0002,SYN-202510-D73CCD874A103,SYN-202510-P73CCD874A103,2025-10-02 21:59:04,2025-10-02 21:58:04,session_start,0,0.0,0
2025-10,EVT-202510-73CCD874A103-0003,SYN-202510-D73CCD874A103,SYN-202510-P73CCD874A103,2025-10-02 21:59:04,2025-10-02 21:58:04,session_start,0,0.0,0
2025-10,EVT-202510-73CCD874A103-0004,SYN-202510-D73CCD874A103,SYN-202510-P73CCD874A103,2025-10-02 21:59:04,2025-10-02 21:58:04,session_start,0,0.0,0
2025-10,EVT-202510-93D4E9206BCD-0034,SYN-202510-D93D4E9206BCD,SYN-202510-P93D4E9206BCD,2025-10-02 21:59:30,2025-10-02 21:25:30,level_completed,1,0.0,0
2025-10,EVT-202510-93D4E9206BCD-0042,SYN-202510-D93D4E9206BCD,SYN-202510-P93D4E9206BCD,2025-10-02 21:59:30,2025-10-02 21:25:30,level_completed,1,0.0,0
2025-10,EVT-202510-93D4E9206BCD-0050,SYN-202510-D93D4E9206BCD,SYN-202510-P93D4E9206BCD,2025-10-02 21:59:30,2025-10-02 21:25:30,level_completed,1,0.0,0
2025-10,EVT-202510-3A876B61F246-0009,SYN-202510-D3A876B61F246,SYN-202510-P3A876B61F246,2025-10-02 22:00:15,2025-10-02 21:38:15,level_completed,1,0.0,0
2025-10,EVT-202510-3A876B61F246-0018,SYN-202510-D3A876B61F246,SYN-202510-P3A876B61F246,2025-10-02 22:00:15,2025-10-02 21:38:15,level_completed,1,0.0,0
2025-10,EVT-202510-73CCD874A103-0006,SYN-202510-D73CCD874A103,SYN-202510-P73CCD874A103,2025-10-02 22:01:04,2025-10-02 21:58:04,level_completed,1,0.0,0
2025-10,EVT-202510-73CCD874A103-0010,SYN-202510-D73CCD874A103,SYN-202510-P73CCD874A103,2025-10-02 22:01:04,2025-10-02 21:58:04,level_completed,1,0.0,0
2025-10,EVT-202510-93D4E9206BCD-0080,SYN-202510-D93D4E9206BCD,SYN-202510-P93D4E9206BCD,2025-10-02 22:01:30,2025-10-02 21:25:30,ad_impression,0,0.0129,0
2025-10,EVT-202510-4614514762A7-0021,SYN-202510-D4614514762A7,SYN-202510-P4614514762A7,2025-10-02 22:04:00,2025-10-02 18:51:08,level_completed,1,0.0,0
2025-10,EVT-202510-4614514762A7-0058,SYN-202510-D4614514762A7,SYN-202510-P4614514762A7,2025-10-02 22:04:00,2025-10-02 18:51:08,level_completed,1,0.0,0
2025-10,EVT-202510-73CCD874A103-0017,SYN-202510-D73CCD874A103,SYN-202510-P73CCD874A103,2025-10-02 22:04:04,2025-10-02 21:58:04,level_completed,1,0.0,0
2025-10,EVT-202510-E91894B42D09-0005,SYN-202510-DE91894B42D09,SYN-202510-PE91894B42D09,2025-10-02 22:04:04,2025-10-02 21:45:04,level_completed,1,0.0,0
2025-10,EVT-202510-93D4E9206BCD-0017,SYN-202510-D93D4E9206BCD,SYN-202510-P93D4E9206BCD,2025-10-02 22:04:30,2025-10-02 21:25:30,level_completed,1,0.0,0
2025-10,EVT-202510-E91894B42D09-0014,SYN-202510-DE91894B42D09,SYN-202510-PE91894B42D09,2025-10-02 22:05:04,2025-10-02 21:45:04,level_completed,1,0.0,0
2025-10,EVT-202510-93D4E9206BCD-0047,SYN-202510-D93D4E9206BCD,SYN-202510-P93D4E9206BCD,2025-10-02 22:05:30,2025-10-02 21:25:30,level_completed,1,0.0,0
2025-10,EVT-202510-4614514762A7-0004,SYN-202510-D4614514762A7,SYN-202510-P4614514762A7,2025-10-02 22:06:00,2025-10-02 18:51:08,level_completed,1,0.0,0
2025-10,EVT-202510-93D4E9206BCD-0024,SYN-202510-D93D4E9206BCD,SYN-202510-P93D4E9206BCD,2025-10-02 22:06:30,2025-10-02 21:25:30,level_completed,1,0.0,0
2025-10,EVT-202510-93D4E9206BCD-0051,SYN-202510-D93D4E9206BCD,SYN-202510-P93D4E9206BCD,2025-10-02 22:06:30,2025-10-02 21:25:30,level_completed,1,0.0,0
2025-10,EVT-202510-73CCD874A103-0007,SYN-202510-D73CCD874A103,SYN-202510-P73CCD874A103,2025-10-02 22:07:04,2025-10-02 21:58:04,level_completed,1,0.0,0
2025-10,EVT-202510-73CCD874A103-0016,SYN-202510-D73CCD874A103,SYN-202510-P73CCD874A103,2025-10-02 22:07:04,2025-10-02 21:58:04,level_completed,1,0.0,0
2025-10,EVT-202510-93D4E9206BCD-0056,SYN-202510-D93D4E9206BCD,SYN-202510-P93D4E9206BCD,2025-10-02 22:07:30,2025-10-02 21:25:30,level_completed,1,0.0,0
2025-10,EVT-202510-93D4E9206BCD-0062,SYN-202510-D93D4E9206BCD,SYN-202510-P93D4E9206BCD,2025-10-02 22:07:30,2025-10-02 21:25:30,level_completed,1,0.0,0
2025-10,EVT-202510-E91894B42D09-0003,SYN-202510-DE91894B42D09,SYN-202510-PE91894B42D09,2025-10-02 22:08:04,2025-10-02 21:45:04,level_completed,1,0.0,0
2025-10,EVT-202510-93D4E9206BCD-0008,SYN-202510-D93D4E9206BCD,SYN-202510-P93D4E9206BCD,2025-10-02 22:08:30,2025-10-02 21:25:30,level_completed,1,0.0,0
2025-10,EVT-202510-93D4E9206BCD-0037,SYN-202510-D93D4E9206BCD,SYN-202510-P93D4E9206BCD,2025-10-02 22:08:30,2025-10-02 21:25:30,level_completed,1,0.0,0
2025-10,EVT-202510-EA86600B57CA-0012,SYN-202510-DEA86600B57CA,SYN-202510-PEA86600B57CA,2025-10-02 22:09:06,2025-10-02 20:49:06,level_completed,1,0.0,0
2025-10,EVT-202510-EA86600B57CA-0019,SYN-202510-DEA86600B57CA,SYN-202510-PEA86600B57CA,2025-10-02 22:09:06,2025-10-02 20:49:06,ad_impression,0,0.011,0
2025-10,EVT-202510-93D4E9206BCD-0018,SYN-202510-D93D4E9206BCD,SYN-202510-P93D4E9206BCD,2025-10-02 22:09:30,2025-10-02 21:25:30,level_completed,1,0.0,0
2025-10,EVT-202510-93D4E9206BCD-0035,SYN-202510-D93D4E9206BCD,SYN-202510-P93D4E9206BCD,2025-10-02 22:09:30,2025-10-02 21:25:30,level_completed,1,0.0,0
2025-10,EVT-202510-93D4E9206BCD-0063,SYN-202510-D93D4E9206BCD,SYN-202510-P93D4E9206BCD,2025-10-02 22:09:30,2025-10-02 21:25:30,level_completed,1,0.0,0
2025-10,EVT-202510-93D4E9206BCD-0064,SYN-202510-D93D4E9206BCD,SYN-202510-P93D4E9206BCD,2025-10-02 22:09:30,2025-10-02 21:25:30,level_completed,1,0.0,0
2025-10,EVT-202510-EA86600B57CA-0015,SYN-202510-DEA86600B57CA,SYN-202510-PEA86600B57CA,2025-10-02 22:10:06,2025-10-02 20:49:06,ad_impression,0,0.011,0
2025-10,EVT-202510-93D4E9206BCD-0046,SYN-202510-D93D4E9206BCD,SYN-202510-P93D4E9206BCD,2025-10-02 22:10:30,2025-10-02 21:25:30,level_completed,1,0.0,0
2025-10,EVT-202510-4614514762A7-0076,SYN-202510-D4614514762A7,SYN-202510-P4614514762A7,2025-10-02 22:11:00,2025-10-02 18:51:08,ad_impression,0,0.0014,0
2025-10,EVT-202510-93D4E9206BCD-0045,SYN-202510-D93D4E9206BCD,SYN-202510-P93D4E9206BCD,2025-10-02 22:11:30,2025-10-02 21:25:30,level_completed,1,0.0,0
2025-10,EVT-202510-93D4E9206BCD-0071,SYN-202510-D93D4E9206BCD,SYN-202510-P93D4E9206BCD,2025-10-02 22:11:30,2025-10-02 21:25:30,ad_impression,0,0.0129,0
2025-10,EVT-202510-4CE362EC52C3-0003,SYN-202510-D4CE362EC52C3,SYN-202510-P4CE362EC52C3,2025-10-02 22:12:23,2025-10-02 21:57:23,level_completed,1,0.0,0
2025-10,EVT-202510-4CE362EC52C3-0005,SYN-202510-D4CE362EC52C3,SYN-202510-P4CE362EC52C3,2025-10-02 22:12:23,2025-10-02 21:57:23,level_completed,1,0.0,0
2025-10,EVT-202510-93D4E9206BCD-0025,SYN-202510-D93D4E9206BCD,SYN-202510-P93D4E9206BCD,2025-10-02 22:12:30,2025-10-02 21:25:30,level_completed,1,0.0,0
2025-10,EVT-202510-93D4E9206BCD-0027,SYN-202510-D93D4E9206BCD,SYN-202510-P93D4E9206BCD,2025-10-02 22:12:30,2025-10-02 21:25:30,level_completed,1,0.0,0
2025-10,EVT-202510-93D4E9206BCD-0073,SYN-202510-D93D4E9206BCD,SYN-202510-P93D4E9206BCD,2025-10-02 22:12:30,2025-10-02 21:25:30,ad_impression,0,0.0129,0
2025-10,EVT-202510-93D4E9206BCD-0033,SYN-202510-D93D4E9206BCD,SYN-202510-P93D4E9206BCD,2025-10-02 22:13:30,2025-10-02 21:25:30,level_completed,1,0.0,0
2025-10,EVT-202510-93D4E9206BCD-0057,SYN-202510-D93D4E9206BCD,SYN-202510-P93D4E9206BCD,2025-10-02 22:13:30,2025-10-02 21:25:30,level_completed,1,0.0,0
2025-10,EVT-202510-3A876B61F246-0014,SYN-202510-D3A876B61F246,SYN-202510-P3A876B61F246,2025-10-02 22:14:15,2025-10-02 21:38:15,level_completed,1,0.0,0
2025-10,EVT-202510-73CCD874A103-0013,SYN-202510-D73CCD874A103,SYN-202510-P73CCD874A103,2025-10-02 22:15:04,2025-10-02 21:58:04,level_completed,1,0.0,0
2025-10,EVT-202510-73CCD874A103-0024,SYN-202510-D73CCD874A103,SYN-202510-P73CCD874A103,2025-10-02 22:15:04,2025-10-02 21:58:04,level_completed,1,0.0,0
2025-10,EVT-202510-93D4E9206BCD-0040,SYN-202510-D93D4E9206BCD,SYN-202510-P93D4E9206BCD,2025-10-02 22:15:30,2025-10-02 21:25:30,level_completed,1,0.0,0
2025-10,EVT-202510-3A876B61F246-0013,SYN-202510-D3A876B61F246,SYN-202510-P3A876B61F246,2025-10-02 22:16:15,2025-10-02 21:38:15,level_completed,1,0.0,0
2025-10,EVT-202510-93D4E9206BCD-0022,SYN-202510-D93D4E9206BCD,SYN-202510-P93D4E9206BCD,2025-10-02 22:16:30,2025-10-02 21:25:30,level_completed,1,0.0,0
2025-10,EVT-202510-E91894B42D09-0011,SYN-202510-DE91894B42D09,SYN-202510-PE91894B42D09,2025-10-02 22:17:04,2025-10-02 21:45:04,level_completed,1,0.0,0
2025-10,EVT-202510-73CCD874A103-0025,SYN-202510-D73CCD874A103,SYN-202510-P73CCD874A103,2025-10-02 22:18:04,2025-10-02 21:58:04,ad_impression,0,0.0505,0
2025-10,EVT-202510-93D4E9206BCD-0036,SYN-202510-D93D4E9206BCD,SYN-202510-P93D4E9206BCD,2025-10-02 22:18:30,2025-10-02 21:25:30,level_completed,1,0.0,0
2025-10,EVT-202510-93D4E9206BCD-0066,SYN-202510-D93D4E9206BCD,SYN-202510-P93D4E9206BCD,2025-10-02 22:18:30,2025-10-02 21:25:30,ad_impression,0,0.0129,0
2025-10,EVT-202510-93D4E9206BCD-0028,SYN-202510-D93D4E9206BCD,SYN-202510-P93D4E9206BCD,2025-10-02 22:19:30,2025-10-02 21:25:30,level_completed,1,0.0,0
2025-10,EVT-202510-EFC6DC255B44-0003,SYN-202510-DEFC6DC255B44,SYN-202510-PEFC6DC255B44,2025-10-02 22:20:00,2025-10-02 01:54:30,level_completed,1,0.0,0
2025-10,EVT-202510-4614514762A7-0011,SYN-202510-D4614514762A7,SYN-202510-P4614514762A7,2025-10-02 22:21:00,2025-10-02 18:51:08,level_completed,1,0.0,0
2025-10,EVT-202510-E91894B42D09-0012,SYN-202510-DE91894B42D09,SYN-202510-PE91894B42D09,2025-10-02 22:21:04,2025-10-02 21:45:04,level_completed,1,0.0,0
2025-10,EVT-202510-93D4E9206BCD-0059,SYN-202510-D93D4E9206BCD,SYN-202510-P93D4E9206BCD,2025-10-02 22:21:30,2025-10-02 21:25:30,level_completed,1,0.0,0
2025-10,EVT-202510-4614514762A7-0024,SYN-202510-D4614514762A7,SYN-202510-P4614514762A7,2025-10-02 22:22:00,2025-10-02 18:51:08,level_completed,1,0.0,0
2025-10,EVT-202510-4614514762A7-0056,SYN-202510-D4614514762A7,SYN-202510-P4614514762A7,2025-10-02 22:22:00,2025-10-02 18:51:08,level_completed,1,0.0,0
2025-10,EVT-202510-3A876B61F246-0023,SYN-202510-D3A876B61F246,SYN-202510-P3A876B61F246,2025-10-02 22:22:15,2025-10-02 21:38:15,ad_impression,0,0.0919,0
2025-10,EVT-202510-93D4E9206BCD-0006,SYN-202510-D93D4E9206BCD,SYN-202510-P93D4E9206BCD,2025-10-02 22:22:30,2025-10-02 21:25:30,level_completed,1,0.0,0
2025-10,EVT-202510-6A01C161D1BF-0002,SYN-202510-D6A01C161D1BF,SYN-202510-P6A01C161D1BF,2025-10-02 22:23:47,2025-10-02 21:38:47,level_completed,1,0.0,0
2025-10,EVT-202510-4614514762A7-0079,SYN-202510-D4614514762A7,SYN-202510-P4614514762A7,2025-10-02 22:24:00,2025-10-02 18:51:08,ad_impression,0,0.0014,0
2025-10,EVT-202510-4614514762A7-0088,SYN-202510-D4614514762A7,SYN-202510-P4614514762A7,2025-10-02 22:24:00,2025-10-02 18:51:08,ad_impression,0,0.0014,0
2025-10,EVT-202510-4CE362EC52C3-0004,SYN-202510-D4CE362EC52C3,SYN-202510-P4CE362EC52C3,2025-10-02 22:24:23,2025-10-02 21:57:23,level_completed,1,0.0,0
2025-10,EVT-202510-73CCD874A103-0022,SYN-202510-D73CCD874A103,SYN-202510-P73CCD874A103,2025-10-02 22:25:04,2025-10-02 21:58:04,level_completed,1,0.0,0
2025-10,EVT-202510-E91894B42D09-0015,SYN-202510-DE91894B42D09,SYN-202510-PE91894B42D09,2025-10-02 22:25:04,2025-10-02 21:45:04,level_completed,1,0.0,0
2025-10,EVT-202510-93D4E9206BCD-0016,SYN-202510-D93D4E9206BCD,SYN-202510-P93D4E9206BCD,2025-10-02 22:25:30,2025-10-02 21:25:30,level_completed,1,0.0,0
2025-10,EVT-202510-93D4E9206BCD-0054,SYN-202510-D93D4E9206BCD,SYN-202510-P93D4E9206BCD,2025-10-02 22:25:30,2025-10-02 21:25:30,level_completed,1,0.0,0
2025-10,EVT-202510-93D4E9206BCD-0061,SYN-202510-D93D4E9206BCD,SYN-202510-P93D4E9206BCD,2025-10-02 22:25:30,2025-10-02 21:25:30,level_completed,1,0.0,0
2025-10,EVT-202510-93D4E9206BCD-0081,SYN-202510-D93D4E9206BCD,SYN-202510-P93D4E9206BCD,2025-10-02 22:25:30,2025-10-02 21:25:30,ad_impression,0,0.0129,0
2025-10,EVT-202510-4614514762A7-0013,SYN-202510-D4614514762A7,SYN-202510-P4614514762A7,2025-10-02 22:26:00,2025-10-02 18:51:08,level_completed,1,0.0,0
2025-10,EVT-202510-93D4E9206BCD-0011,SYN-202510-D93D4E9206BCD,SYN-202510-P93D4E9206BCD,2025-10-02 22:26:30,2025-10-02 21:25:30,level_completed,1,0.0,0
2025-10,EVT-202510-93D4E9206BCD-0053,SYN-202510-D93D4E9206BCD,SYN-202510-P93D4E9206BCD,2025-10-02 22:26:30,2025-10-02 21:25:30,level_completed,1,0.0,0
2025-10,EVT-202510-93D4E9206BCD-0021,SYN-202510-D93D4E9206BCD,SYN-202510-P93D4E9206BCD,2025-10-02 22:27:30,2025-10-02 21:25:30,level_completed,1,0.0,0
2025-10,EVT-202510-93D4E9206BCD-0070,SYN-202510-D93D4E9206BCD,SYN-202510-P93D4E9206BCD,2025-10-02 22:29:30,2025-10-02 21:25:30,ad_impression,0,0.0129,0
2025-10,EVT-202510-93D4E9206BCD-0030,SYN-202510-D93D4E9206BCD,SYN-202510-P93D4E9206BCD,2025-10-02 22:31:30,2025-10-02 21:25:30,level_completed,1,0.0,0
2025-10,EVT-202510-93D4E9206BCD-0029,SYN-202510-D93D4E9206BCD,SYN-202510-P93D4E9206BCD,2025-10-02 22:32:30,2025-10-02 21:25:30,level_completed,1,0.0,0
2025-10,EVT-202510-3A876B61F246-0008,SYN-202510-D3A876B61F246,SYN-202510-P3A876B61F246,2025-10-02 22:33:15,2025-10-02 21:38:15,level_completed,1,0.0,0
2025-10,EVT-202510-93D4E9206BCD-0049,SYN-202510-D93D4E9206BCD,SYN-202510-P93D4E9206BCD,2025-10-02 22:33:30,2025-10-02 21:25:30,level_completed,1,0.0,0
2025-10,EVT-202510-E91894B42D09-0007,SYN-202510-DE91894B42D09,SYN-202510-PE91894B42D09,2025-10-02 22:34:04,2025-10-02 21:45:04,level_completed,1,0.0,0
2025-10,EVT-202510-73CCD874A103-0009,SYN-202510-D73CCD874A103,SYN-202510-P73CCD874A103,2025-10-02 22:35:04,2025-10-02 21:58:04,level_completed,1,0.0,0
2025-10,EVT-202510-E91894B42D09-0016,SYN-202510-DE91894B42D09,SYN-202510-PE91894B42D09,2025-10-02 22:35:04,2025-10-02 21:45:04,ad_impression,0,0.021,0
2025-10,EVT-202510-E91894B42D09-0010,SYN-202510-DE91894B42D09,SYN-202510-PE91894B42D09,2025-10-02 22:36:04,2025-10-02 21:45:04,level_completed,1,0.0,0
2025-10,EVT-202510-3A876B61F246-0006,SYN-202510-D3A876B61F246,SYN-202510-P3A876B61F246,2025-10-02 22:37:15,2025-10-02 21:38:15,level_completed,1,0.0,0
2025-10,EVT-202510-93D4E9206BCD-0077,SYN-202510-D93D4E9206BCD,SYN-202510-P93D4E9206BCD,2025-10-02 22:38:30,2025-10-02 21:25:30,ad_impression,0,0.0129,0
2025-10,EVT-202510-3A876B61F246-0022,SYN-202510-D3A876B61F246,SYN-202510-P3A876B61F246,2025-10-02 22:39:15,2025-10-02 21:38:15,level_completed,1,0.0,0
2025-10,EVT-202510-93D4E9206BCD-0012,SYN-202510-D93D4E9206BCD,SYN-202510-P93D4E9206BCD,2025-10-02 22:39:30,2025-10-02 21:25:30,level_completed,1,0.0,0
2025-10,EVT-202510-73CCD874A103-0021,SYN-202510-D73CCD874A103,SYN-202510-P73CCD874A103,2025-10-02 22:40:04,2025-10-02 21:58:04,level_completed,1,0.0,0
2025-10,EVT-202510-93D4E9206BCD-0068,SYN-202510-D93D4E9206BCD,SYN-202510-P93D4E9206BCD,2025-10-02 22:40:30,2025-10-02 21:25:30,ad_impression,0,0.0129,0
2025-10,EVT-202510-73CCD874A103-0023,SYN-202510-D73CCD874A103,SYN-202510-P73CCD874A103,2025-10-02 22:41:04,2025-10-02 21:58:04,level_completed,1,0.0,0
2025-10,EVT-202510-9A4DB8DAE6F0-0002,SYN-202510-D9A4DB8DAE6F0,SYN-202510-P9A4DB8DAE6F0,2025-10-02 22:42:00,2025-10-02 20:01:20,session_start,0,0.0,0
2025-10,EVT-202510-3A876B61F246-0020,SYN-202510-D3A876B61F246,SYN-202510-P3A876B61F246,2025-10-02 22:42:15,2025-10-02 21:38:15,level_completed,1,0.0,0
2025-10,EVT-202510-3A876B61F246-0021,SYN-202510-D3A876B61F246,SYN-202510-P3A876B61F246,2025-10-02 22:42:15,2025-10-02 21:38:15,level_completed,1,0.0,0
2025-10,EVT-202510-93D4E9206BCD-0079,SYN-202510-D93D4E9206BCD,SYN-202510-P93D4E9206BCD,2025-10-02 22:42:30,2025-10-02 21:25:30,ad_impression,0,0.0129,0
2025-10,EVT-202510-93D4E9206BCD-0014,SYN-202510-D93D4E9206BCD,SYN-202510-P93D4E9206BCD,2025-10-02 22:44:30,2025-10-02 21:25:30,level_completed,1,0.0,0
2025-10,EVT-202510-93D4E9206BCD-0055,SYN-202510-D93D4E9206BCD,SYN-202510-P93D4E9206BCD,2025-10-02 22:44:30,2025-10-02 21:25:30,level_completed,1,0.0,0
2025-10,EVT-202510-3A876B61F246-0024,SYN-202510-D3A876B61F246,SYN-202510-P3A876B61F246,2025-10-02 22:45:15,2025-10-02 21:38:15,ad_impression,0,0.0919,0
2025-10,EVT-202510-93D4E9206BCD-0039,SYN-202510-D93D4E9206BCD,SYN-202510-P93D4E9206BCD,2025-10-02 22:45:30,2025-10-02 21:25:30,level_completed,1,0.0,0
2025-10,EVT-202510-93D4E9206BCD-0041,SYN-202510-D93D4E9206BCD,SYN-202510-P93D4E9206BCD,2025-10-02 22:45:30,2025-10-02 21:25:30,level_completed,1,0.0,0
2025-10,EVT-202510-E91894B42D09-0006,SYN-202510-DE91894B42D09,SYN-202510-PE91894B42D09,2025-10-02 22:46:04,2025-10-02 21:45:04,level_completed,1,0.0,0
2025-10,EVT-202510-93D4E9206BCD-0043,SYN-202510-D93D4E9206BCD,SYN-202510-P93D4E9206BCD,2025-10-02 22:46:30,2025-10-02 21:25:30,level_completed,1,0.0,0
2025-10,EVT-202510-73CCD874A103-0012,SYN-202510-D73CCD874A103,SYN-202510-P73CCD874A103,2025-10-02 22:47:04,2025-10-02 21:58:04,level_completed,1,0.0,0
2025-10,EVT-202510-73CCD874A103-0015,SYN-202510-D73CCD874A103,SYN-202510-P73CCD874A103,2025-10-02 22:47:04,2025-10-02 21:58:04,level_completed,1,0.0,0
2025-10,EVT-202510-E91894B42D09-0017,SYN-202510-DE91894B42D09,SYN-202510-PE91894B42D09,2025-10-02 22:47:04,2025-10-02 21:45:04,ad_impression,0,0.021,0
2025-10,EVT-202510-B7E5E9DC05A8-0001,SYN-202510-DB7E5E9DC05A8,SYN-202510-PB7E5E9DC05A8,2025-10-02 22:48:49,2025-10-02 22:47:49,session_start,0,0.0,0
2025-10,EVT-202510-6A01C161D1BF-0003,SYN-202510-D6A01C161D1BF,SYN-202510-P6A01C161D1BF,2025-10-02 22:49:47,2025-10-02 21:38:47,level_completed,1,0.0,0
2025-10,EVT-202510-293567C932A5-0019,SYN-202510-D293567C932A5,SYN-202510-P293567C932A5,2025-10-02 22:52:00,2025-10-02 19:23:23,session_start,0,0.0,0
2025-10,EVT-202510-9A4DB8DAE6F0-0008,SYN-202510-D9A4DB8DAE6F0,SYN-202510-P9A4DB8DAE6F0,2025-10-02 22:52:00,2025-10-02 20:01:20,level_completed,1,0.0,0
2025-10,EVT-202510-93D4E9206BCD-0074,SYN-202510-D93D4E9206BCD,SYN-202510-P93D4E9206BCD,2025-10-02 22:52:30,2025-10-02 21:25:30,ad_impression,0,0.0129,0
2025-10,EVT-202510-93D4E9206BCD-0083,SYN-202510-D93D4E9206BCD,SYN-202510-P93D4E9206BCD,2025-10-02 22:52:30,2025-10-02 21:25:30,ad_impression,0,0.0129,0
2025-10,EVT-202510-B7E5E9DC05A8-0004,SYN-202510-DB7E5E9DC05A8,SYN-202510-PB7E5E9DC05A8,2025-10-02 22:52:49,2025-10-02 22:47:49,level_completed,1,0.0,0
2025-10,EVT-202510-B7E5E9DC05A8-0015,SYN-202510-DB7E5E9DC05A8,SYN-202510-PB7E5E9DC05A8,2025-10-02 22:52:49,2025-10-02 22:47:49,level_completed,1,0.0,0
2025-10,EVT-202510-73CCD874A103-0027,SYN-202510-D73CCD874A103,SYN-202510-P73CCD874A103,2025-10-02 22:53:04,2025-10-02 21:58:04,ad_impression,0,0.0505,0
2025-10,EVT-202510-E91894B42D09-0004,SYN-202510-DE91894B42D09,SYN-202510-PE91894B42D09,2025-10-02 22:54:04,2025-10-02 21:45:04,level_completed,1,0.0,0
2025-10,EVT-202510-B7E5E9DC05A8-0011,SYN-202510-DB7E5E9DC05A8,SYN-202510-PB7E5E9DC05A8,2025-10-02 22:54:49,2025-10-02 22:47:49,level_completed,1,0.0,0
2025-10,EVT-202510-E91894B42D09-0008,SYN-202510-DE91894B42D09,SYN-202510-PE91894B42D09,2025-10-02 22:55:04,2025-10-02 21:45:04,level_completed,1,0.0,0
2025-10,EVT-202510-3A876B61F246-0012,SYN-202510-D3A876B61F246,SYN-202510-P3A876B61F246,2025-10-02 22:55:15,2025-10-02 21:38:15,level_completed,1,0.0,0
2025-10,EVT-202510-3A876B61F246-0004,SYN-202510-D3A876B61F246,SYN-202510-P3A876B61F246,2025-10-02 22:56:15,2025-10-02 21:38:15,level_completed,1,0.0,0
2025-10,EVT-202510-D6D24A0AFE97-0001,SYN-202510-DD6D24A0AFE97,SYN-202510-PD6D24A0AFE97,2025-10-02 22:59:00,2025-10-02 16:19:39,session_start,0,0.0,0
2025-10,EVT-202510-3A876B61F246-0007,SYN-202510-D3A876B61F246,SYN-202510-P3A876B61F246,2025-10-02 22:59:15,2025-10-02 21:38:15,level_completed,1,0.0,0
2025-10,EVT-202510-3A876B61F246-0017,SYN-202510-D3A876B61F246,SYN-202510-P3A876B61F246,2025-10-02 22:59:15,2025-10-02 21:38:15,level_completed,1,0.0,0
2025-10,EVT-202510-73CCD874A103-0019,SYN-202510-D73CCD874A103,SYN-202510-P73CCD874A103,2025-10-02 23:00:04,2025-10-02 21:58:04,level_completed,1,0.0,0
2025-10,EVT-202510-73CCD874A103-0020,SYN-202510-D73CCD874A103,SYN-202510-P73CCD874A103,2025-10-02 23:00:04,2025-10-02 21:58:04,level_completed,1,0.0,0
2025-10,EVT-202510-B7E5E9DC05A8-0007,SYN-202510-DB7E5E9DC05A8,SYN-202510-PB7E5E9DC05A8,2025-10-02 23:00:49,2025-10-02 22:47:49,level_completed,1,0.0,0
2025-10,EVT-202510-B7E5E9DC05A8-0013,SYN-202510-DB7E5E9DC05A8,SYN-202510-PB7E5E9DC05A8,2025-10-02 23:00:49,2025-10-02 22:47:49,level_completed,1,0.0,0
2025-10,EVT-202510-D6D24A0AFE97-0007,SYN-202510-DD6D24A0AFE97,SYN-202510-PD6D24A0AFE97,2025-10-02 23:02:00,2025-10-02 16:19:39,level_completed,1,0.0,0
2025-10,EVT-202510-D6D24A0AFE97-0019,SYN-202510-DD6D24A0AFE97,SYN-202510-PD6D24A0AFE97,2025-10-02 23:02:00,2025-10-02 16:19:39,level_completed,1,0.0,0
2025-10,EVT-202510-D6D24A0AFE97-0024,SYN-202510-DD6D24A0AFE97,SYN-202510-PD6D24A0AFE97,2025-10-02 23:02:00,2025-10-02 16:19:39,level_completed,1,0.0,0
2025-10,EVT-202510-D6D24A0AFE97-0034,SYN-202510-DD6D24A0AFE97,SYN-202510-PD6D24A0AFE97,2025-10-02 23:02:00,2025-10-02 16:19:39,level_completed,1,0.0,0
2025-10,EVT-202510-E91894B42D09-0009,SYN-202510-DE91894B42D09,SYN-202510-PE91894B42D09,2025-10-02 23:02:04,2025-10-02 21:45:04,level_completed,1,0.0,0
2025-10,EVT-202510-E91894B42D09-0013,SYN-202510-DE91894B42D09,SYN-202510-PE91894B42D09,2025-10-02 23:02:04,2025-10-02 21:45:04,level_completed,1,0.0,0
2025-10,EVT-202510-4CE362EC52C3-0006,SYN-202510-D4CE362EC52C3,SYN-202510-P4CE362EC52C3,2025-10-02 23:02:23,2025-10-02 21:57:23,level_completed,1,0.0,0
2025-10,EVT-202510-D6D24A0AFE97-0009,SYN-202510-DD6D24A0AFE97,SYN-202510-PD6D24A0AFE97,2025-10-02 23:05:00,2025-10-02 16:19:39,level_completed,1,0.0,0
2025-10,EVT-202510-D6D24A0AFE97-0031,SYN-202510-DD6D24A0AFE97,SYN-202510-PD6D24A0AFE97,2025-10-02 23:05:00,2025-10-02 16:19:39,level_completed,1,0.0,0
2025-10,EVT-202510-D6D24A0AFE97-0014,SYN-202510-DD6D24A0AFE97,SYN-202510-PD6D24A0AFE97,2025-10-02 23:06:00,2025-10-02 16:19:39,level_completed,1,0.0,0
2025-10,EVT-202510-D6D24A0AFE97-0020,SYN-202510-DD6D24A0AFE97,SYN-202510-PD6D24A0AFE97,2025-10-02 23:07:00,2025-10-02 16:19:39,level_completed,1,0.0,0
2025-10,EVT-202510-9A4DB8DAE6F0-0014,SYN-202510-D9A4DB8DAE6F0,SYN-202510-P9A4DB8DAE6F0,2025-10-02 23:08:00,2025-10-02 20:01:20,level_completed,1,0.0,0
2025-10,EVT-202510-F3B1798D0F68-0001,SYN-202510-DF3B1798D0F68,SYN-202510-PF3B1798D0F68,2025-10-02 23:10:55,2025-10-02 23:09:55,session_start,0,0.0,0
2025-10,EVT-202510-D6D24A0AFE97-0039,SYN-202510-DD6D24A0AFE97,SYN-202510-PD6D24A0AFE97,2025-10-02 23:11:00,2025-10-02 16:19:39,level_completed,1,0.0,0
2025-10,EVT-202510-73CCD874A103-0018,SYN-202510-D73CCD874A103,SYN-202510-P73CCD874A103,2025-10-02 23:12:04,2025-10-02 21:58:04,level_completed,1,0.0,0
2025-10,EVT-202510-D6D24A0AFE97-0003,SYN-202510-DD6D24A0AFE97,SYN-202510-PD6D24A0AFE97,2025-10-02 23:13:00,2025-10-02 16:19:39,level_completed,1,0.0,0
2025-10,EVT-202510-D6D24A0AFE97-0022,SYN-202510-DD6D24A0AFE97,SYN-202510-PD6D24A0AFE97,2025-10-02 23:13:00,2025-10-02 16:19:39,level_completed,1,0.0,0
2025-10,EVT-202510-D6D24A0AFE97-0051,SYN-202510-DD6D24A0AFE97,SYN-202510-PD6D24A0AFE97,2025-10-02 23:14:00,2025-10-02 16:19:39,level_completed,1,0.0,0
2025-10,EVT-202510-D6D24A0AFE97-0064,SYN-202510-DD6D24A0AFE97,SYN-202510-PD6D24A0AFE97,2025-10-02 23:14:00,2025-10-02 16:19:39,ad_impression,0,0.0283,0
2025-10,EVT-202510-73CCD874A103-0005,SYN-202510-D73CCD874A103,SYN-202510-P73CCD874A103,2025-10-02 23:14:04,2025-10-02 21:58:04,level_completed,1,0.0,0
2025-10,EVT-202510-D6D24A0AFE97-0044,SYN-202510-DD6D24A0AFE97,SYN-202510-PD6D24A0AFE97,2025-10-02 23:15:00,2025-10-02 16:19:39,level_completed,1,0.0,0
2025-10,EVT-202510-D6D24A0AFE97-0049,SYN-202510-DD6D24A0AFE97,SYN-202510-PD6D24A0AFE97,2025-10-02 23:15:00,2025-10-02 16:19:39,level_completed,1,0.0,0
2025-10,EVT-202510-73CCD874A103-0014,SYN-202510-D73CCD874A103,SYN-202510-P73CCD874A103,2025-10-02 23:15:04,2025-10-02 21:58:04,level_completed,1,0.0,0
2025-10,EVT-202510-D6D24A0AFE97-0063,SYN-202510-DD6D24A0AFE97,SYN-202510-PD6D24A0AFE97,2025-10-02 23:16:00,2025-10-02 16:19:39,ad_impression,0,0.0283,0
2025-10,EVT-202510-B7E5E9DC05A8-0012,SYN-202510-DB7E5E9DC05A8,SYN-202510-PB7E5E9DC05A8,2025-10-02 23:16:49,2025-10-02 22:47:49,level_completed,1,0.0,0
2025-10,EVT-202510-F3B1798D0F68-0004,SYN-202510-DF3B1798D0F68,SYN-202510-PF3B1798D0F68,2025-10-02 23:16:55,2025-10-02 23:09:55,level_completed,1,0.0,0
2025-10,EVT-202510-D6D24A0AFE97-0033,SYN-202510-DD6D24A0AFE97,SYN-202510-PD6D24A0AFE97,2025-10-02 23:18:00,2025-10-02 16:19:39,level_completed,1,0.0,0
2025-10,EVT-202510-D6D24A0AFE97-0047,SYN-202510-DD6D24A0AFE97,SYN-202510-PD6D24A0AFE97,2025-10-02 23:18:00,2025-10-02 16:19:39,level_completed,1,0.0,0
2025-10,EVT-202510-73CCD874A103-0008,SYN-202510-D73CCD874A103,SYN-202510-P73CCD874A103,2025-10-02 23:18:04,2025-10-02 21:58:04,level_completed,1,0.0,0
2025-10,EVT-202510-73CCD874A103-0011,SYN-202510-D73CCD874A103,SYN-202510-P73CCD874A103,2025-10-02 23:18:04,2025-10-02 21:58:04,level_completed,1,0.0,0
2025-10,EVT-202510-73CCD874A103-0026,SYN-202510-D73CCD874A103,SYN-202510-P73CCD874A103,2025-10-02 23:20:04,2025-10-02 21:58:04,ad_impression,0,0.0505,0
2025-10,EVT-202510-B7E5E9DC05A8-0026,SYN-202510-DB7E5E9DC05A8,SYN-202510-PB7E5E9DC05A8,2025-10-02 23:20:49,2025-10-02 22:47:49,ad_impression,0,0.0251,0
2025-10,EVT-202510-D6D24A0AFE97-0043,SYN-202510-DD6D24A0AFE97,SYN-202510-PD6D24A0AFE97,2025-10-02 23:21:00,2025-10-02 16:19:39,level_completed,1,0.0,0
2025-10,EVT-202510-B7E5E9DC05A8-0008,SYN-202510-DB7E5E9DC05A8,SYN-202510-PB7E5E9DC05A8,2025-10-02 23:21:49,2025-10-02 22:47:49,level_completed,1,0.0,0
2025-10,EVT-202510-D6D24A0AFE97-0046,SYN-202510-DD6D24A0AFE97,SYN-202510-PD6D24A0AFE97,2025-10-02 23:22:00,2025-10-02 16:19:39,level_completed,1,0.0,0
2025-10,EVT-202510-7704ED0111AA-0022,SYN-202510-D7704ED0111AA,SYN-202510-P7704ED0111AA,2025-10-02 23:23:00,2025-10-01 05:57:44,ad_impression,0,0.0711,1
2025-10,EVT-202510-D6D24A0AFE97-0026,SYN-202510-DD6D24A0AFE97,SYN-202510-PD6D24A0AFE97,2025-10-02 23:23:00,2025-10-02 16:19:39,level_completed,1,0.0,0
2025-10,EVT-202510-100C8E79FCE7-0007,SYN-202510-D100C8E79FCE7,SYN-202510-P100C8E79FCE7,2025-10-02 23:24:00,2025-10-02 19:23:55,session_start,0,0.0,0
2025-10,EVT-202510-D6D24A0AFE97-0015,SYN-202510-DD6D24A0AFE97,SYN-202510-PD6D24A0AFE97,2025-10-02 23:26:00,2025-10-02 16:19:39,level_completed,1,0.0,0
2025-10,EVT-202510-D6D24A0AFE97-0052,SYN-202510-DD6D24A0AFE97,SYN-202510-PD6D24A0AFE97,2025-10-02 23:26:00,2025-10-02 16:19:39,ad_impression,0,0.0283,0
2025-10,EVT-202510-B7E5E9DC05A8-0018,SYN-202510-DB7E5E9DC05A8,SYN-202510-PB7E5E9DC05A8,2025-10-02 23:26:49,2025-10-02 22:47:49,ad_impression,0,0.0251,0
2025-10,EVT-202510-5797993F4B47-0001,SYN-202510-D5797993F4B47,SYN-202510-P5797993F4B47,2025-10-02 23:27:19,2025-10-02 23:26:19,session_start,0,0.0,0
2025-10,EVT-202510-BD970CB83BEC-0001,SYN-202510-DBD970CB83BEC,SYN-202510-PBD970CB83BEC,2025-10-02 23:28:02,2025-10-02 23:27:02,session_start,0,0.0,0
2025-10,EVT-202510-BD970CB83BEC-0002,SYN-202510-DBD970CB83BEC,SYN-202510-PBD970CB83BEC,2025-10-02 23:28:02,2025-10-02 23:27:02,session_start,0,0.0,0
2025-10,EVT-202510-D6D24A0AFE97-0059,SYN-202510-DD6D24A0AFE97,SYN-202510-PD6D24A0AFE97,2025-10-02 23:29:00,2025-10-02 16:19:39,ad_impression,0,0.0283,0
2025-10,EVT-202510-B7E5E9DC05A8-0002,SYN-202510-DB7E5E9DC05A8,SYN-202510-PB7E5E9DC05A8,2025-10-02 23:29:49,2025-10-02 22:47:49,level_completed,1,0.0,0
2025-10,EVT-202510-D6D24A0AFE97-0050,SYN-202510-DD6D24A0AFE97,SYN-202510-PD6D24A0AFE97,2025-10-02 23:30:00,2025-10-02 16:19:39,level_completed,1,0.0,0
2025-10,EVT-202510-B7E5E9DC05A8-0006,SYN-202510-DB7E5E9DC05A8,SYN-202510-PB7E5E9DC05A8,2025-10-02 23:30:49,2025-10-02 22:47:49,level_completed,1,0.0,0
2025-10,EVT-202510-D6D24A0AFE97-0056,SYN-202510-DD6D24A0AFE97,SYN-202510-PD6D24A0AFE97,2025-10-02 23:31:00,2025-10-02 16:19:39,ad_impression,0,0.0283,0
2025-10,EVT-202510-B7E5E9DC05A8-0009,SYN-202510-DB7E5E9DC05A8,SYN-202510-PB7E5E9DC05A8,2025-10-02 23:31:49,2025-10-02 22:47:49,level_completed,1,0.0,0
2025-10,EVT-202510-9A4DB8DAE6F0-0007,SYN-202510-D9A4DB8DAE6F0,SYN-202510-P9A4DB8DAE6F0,2025-10-02 23:32:00,2025-10-02 20:01:20,level_completed,1,0.0,0
2025-10,EVT-202510-293567C932A5-0020,SYN-202510-D293567C932A5,SYN-202510-P293567C932A5,2025-10-02 23:33:00,2025-10-02 19:23:23,session_start,0,0.0,0
2025-10,EVT-202510-9A4DB8DAE6F0-0005,SYN-202510-D9A4DB8DAE6F0,SYN-202510-P9A4DB8DAE6F0,2025-10-02 23:33:00,2025-10-02 20:01:20,level_completed,1,0.0,0
2025-10,EVT-202510-5797993F4B47-0002,SYN-202510-D5797993F4B47,SYN-202510-P5797993F4B47,2025-10-02 23:34:19,2025-10-02 23:26:19,level_completed,1,0.0,0
2025-10,EVT-202510-100C8E79FCE7-0025,SYN-202510-D100C8E79FCE7,SYN-202510-P100C8E79FCE7,2025-10-02 23:35:00,2025-10-02 19:23:55,level_completed,1,0.0,0
2025-10,EVT-202510-D6D24A0AFE97-0042,SYN-202510-DD6D24A0AFE97,SYN-202510-PD6D24A0AFE97,2025-10-02 23:35:00,2025-10-02 16:19:39,level_completed,1,0.0,0
2025-10,EVT-202510-D6D24A0AFE97-0053,SYN-202510-DD6D24A0AFE97,SYN-202510-PD6D24A0AFE97,2025-10-02 23:35:00,2025-10-02 16:19:39,ad_impression,0,0.0283,0
2025-10,EVT-202510-9A4DB8DAE6F0-0011,SYN-202510-D9A4DB8DAE6F0,SYN-202510-P9A4DB8DAE6F0,2025-10-02 23:36:00,2025-10-02 20:01:20,level_completed,1,0.0,0
2025-10,EVT-202510-D6D24A0AFE97-0041,SYN-202510-DD6D24A0AFE97,SYN-202510-PD6D24A0AFE97,2025-10-02 23:36:00,2025-10-02 16:19:39,level_completed,1,0.0,0
2025-10,EVT-202510-100C8E79FCE7-0056,SYN-202510-D100C8E79FCE7,SYN-202510-P100C8E79FCE7,2025-10-02 23:37:00,2025-10-02 19:23:55,ad_impression,0,0.0003,0
2025-10,EVT-202510-293567C932A5-0056,SYN-202510-D293567C932A5,SYN-202510-P293567C932A5,2025-10-02 23:37:00,2025-10-02 19:23:23,ad_impression,0,0.0035,0
2025-10,EVT-202510-D6D24A0AFE97-0055,SYN-202510-DD6D24A0AFE97,SYN-202510-PD6D24A0AFE97,2025-10-02 23:37:00,2025-10-02 16:19:39,ad_impression,0,0.0283,0
2025-10,EVT-202510-BD970CB83BEC-0007,SYN-202510-DBD970CB83BEC,SYN-202510-PBD970CB83BEC,2025-10-02 23:37:02,2025-10-02 23:27:02,ad_impression,0,0.0206,0
2025-10,EVT-202510-100C8E79FCE7-0015,SYN-202510-D100C8E79FCE7,SYN-202510-P100C8E79FCE7,2025-10-02 23:39:00,2025-10-02 19:23:55,level_completed,1,0.0,0
2025-10,EVT-202510-D6D24A0AFE97-0010,SYN-202510-DD6D24A0AFE97,SYN-202510-PD6D24A0AFE97,2025-10-02 23:39:00,2025-10-02 16:19:39,level_completed,1,0.0,0
2025-10,EVT-202510-BD970CB83BEC-0004,SYN-202510-DBD970CB83BEC,SYN-202510-PBD970CB83BEC,2025-10-02 23:39:02,2025-10-02 23:27:02,level_completed,1,0.0,0
2025-10,EVT-202510-B7E5E9DC05A8-0014,SYN-202510-DB7E5E9DC05A8,SYN-202510-PB7E5E9DC05A8,2025-10-02 23:39:49,2025-10-02 22:47:49,level_completed,1,0.0,0
2025-10,EVT-202510-B7E5E9DC05A8-0020,SYN-202510-DB7E5E9DC05A8,SYN-202510-PB7E5E9DC05A8,2025-10-02 23:39:49,2025-10-02 22:47:49,ad_impression,0,0.0251,0
2025-10,EVT-202510-D6D24A0AFE97-0030,SYN-202510-DD6D24A0AFE97,SYN-202510-PD6D24A0AFE97,2025-10-02 23:40:00,2025-10-02 16:19:39,level_completed,1,0.0,0
2025-10,EVT-202510-D6D24A0AFE97-0045,SYN-202510-DD6D24A0AFE97,SYN-202510-PD6D24A0AFE97,2025-10-02 23:40:00,2025-10-02 16:19:39,level_completed,1,0.0,0
2025-10,EVT-202510-B7E5E9DC05A8-0003,SYN-202510-DB7E5E9DC05A8,SYN-202510-PB7E5E9DC05A8,2025-10-02 23:41:49,2025-10-02 22:47:49,level_completed,1,0.0,0
2025-10,EVT-202510-D6D24A0AFE97-0012,SYN-202510-DD6D24A0AFE97,SYN-202510-PD6D24A0AFE97,2025-10-02 23:42:00,2025-10-02 16:19:39,level_completed,1,0.0,0
2025-10,EVT-202510-5AC050DF656B-0001,SYN-202510-D5AC050DF656B,SYN-202510-P5AC050DF656B,2025-10-02 23:42:01,2025-10-02 23:41:01,session_start,0,0.0,0
2025-10,EVT-202510-5AC050DF656B-0002,SYN-202510-D5AC050DF656B,SYN-202510-P5AC050DF656B,2025-10-02 23:42:01,2025-10-02 23:41:01,session_start,0,0.0,0
2025-10,EVT-202510-B7E5E9DC05A8-0016,SYN-202510-DB7E5E9DC05A8,SYN-202510-PB7E5E9DC05A8,2025-10-02 23:43:49,2025-10-02 22:47:49,ad_impression,0,0.0251,0
2025-10,EVT-202510-B7E5E9DC05A8-0017,SYN-202510-DB7E5E9DC05A8,SYN-202510-PB7E5E9DC05A8,2025-10-02 23:43:49,2025-10-02 22:47:49,ad_impression,0,0.0251,0
2025-10,EVT-202510-100C8E79FCE7-0033,SYN-202510-D100C8E79FCE7,SYN-202510-P100C8E79FCE7,2025-10-02 23:44:00,2025-10-02 19:23:55,level_completed,1,0.0,0
2025-10,EVT-202510-293567C932A5-0028,SYN-202510-D293567C932A5,SYN-202510-P293567C932A5,2025-10-02 23:44:00,2025-10-02 19:23:23,level_completed,1,0.0,0
2025-10,EVT-202510-100C8E79FCE7-0040,SYN-202510-D100C8E79FCE7,SYN-202510-P100C8E79FCE7,2025-10-02 23:45:00,2025-10-02 19:23:55,level_completed,1,0.0,0
2025-10,EVT-202510-B7E5E9DC05A8-0021,SYN-202510-DB7E5E9DC05A8,SYN-202510-PB7E5E9DC05A8,2025-10-02 23:45:49,2025-10-02 22:47:49,ad_impression,0,0.0251,0
2025-10,EVT-202510-5AC050DF656B-0011,SYN-202510-D5AC050DF656B,SYN-202510-P5AC050DF656B,2025-10-02 23:46:01,2025-10-02 23:41:01,level_completed,1,0.0,0
2025-10,EVT-202510-F3B1798D0F68-0005,SYN-202510-DF3B1798D0F68,SYN-202510-PF3B1798D0F68,2025-10-02 23:48:55,2025-10-02 23:09:55,level_completed,1,0.0,0
2025-10,EVT-202510-D6D24A0AFE97-0040,SYN-202510-DD6D24A0AFE97,SYN-202510-PD6D24A0AFE97,2025-10-02 23:49:00,2025-10-02 16:19:39,level_completed,1,0.0,0
2025-10,EVT-202510-D6D24A0AFE97-0032,SYN-202510-DD6D24A0AFE97,SYN-202510-PD6D24A0AFE97,2025-10-02 23:50:00,2025-10-02 16:19:39,level_completed,1,0.0,0
2025-10,EVT-202510-D6D24A0AFE97-0058,SYN-202510-DD6D24A0AFE97,SYN-202510-PD6D24A0AFE97,2025-10-02 23:50:00,2025-10-02 16:19:39,ad_impression,0,0.0283,0
2025-10,EVT-202510-B7E5E9DC05A8-0005,SYN-202510-DB7E5E9DC05A8,SYN-202510-PB7E5E9DC05A8,2025-10-02 23:50:49,2025-10-02 22:47:49,level_completed,1,0.0,0
2025-10,EVT-202510-100C8E79FCE7-0027,SYN-202510-D100C8E79FCE7,SYN-202510-P100C8E79FCE7,2025-10-02 23:51:00,2025-10-02 19:23:55,level_completed,1,0.0,0
2025-10,EVT-202510-D6D24A0AFE97-0008,SYN-202510-DD6D24A0AFE97,SYN-202510-PD6D24A0AFE97,2025-10-02 23:51:00,2025-10-02 16:19:39,level_completed,1,0.0,0
2025-10,EVT-202510-D6D24A0AFE97-0004,SYN-202510-DD6D24A0AFE97,SYN-202510-PD6D24A0AFE97,2025-10-02 23:52:00,2025-10-02 16:19:39,level_completed,1,0.0,0
2025-10,EVT-202510-D6D24A0AFE97-0005,SYN-202510-DD6D24A0AFE97,SYN-202510-PD6D24A0AFE97,2025-10-02 23:52:00,2025-10-02 16:19:39,level_completed,1,0.0,0
2025-10,EVT-202510-D6D24A0AFE97-0023,SYN-202510-DD6D24A0AFE97,SYN-202510-PD6D24A0AFE97,2025-10-02 23:52:00,2025-10-02 16:19:39,level_completed,1,0.0,0
2025-10,EVT-202510-BD970CB83BEC-0005,SYN-202510-DBD970CB83BEC,SYN-202510-PBD970CB83BEC,2025-10-02 23:52:02,2025-10-02 23:27:02,level_completed,1,0.0,0
2025-10,EVT-202510-BD970CB83BEC-0006,SYN-202510-DBD970CB83BEC,SYN-202510-PBD970CB83BEC,2025-10-02 23:55:02,2025-10-02 23:27:02,level_completed,1,0.0,0
2025-10,EVT-202510-D6D24A0AFE97-0038,SYN-202510-DD6D24A0AFE97,SYN-202510-PD6D24A0AFE97,2025-10-02 23:56:00,2025-10-02 16:19:39,level_completed,1,0.0,0
2025-10,EVT-202510-D6D24A0AFE97-0057,SYN-202510-DD6D24A0AFE97,SYN-202510-PD6D24A0AFE97,2025-10-02 23:56:00,2025-10-02 16:19:39,ad_impression,0,0.0283,0
2025-10,EVT-202510-D6D24A0AFE97-0027,SYN-202510-DD6D24A0AFE97,SYN-202510-PD6D24A0AFE97,2025-10-02 23:57:00,2025-10-02 16:19:39,level_completed,1,0.0,0
2025-10,EVT-202510-D6D24A0AFE97-0028,SYN-202510-DD6D24A0AFE97,SYN-202510-PD6D24A0AFE97,2025-10-02 23:57:00,2025-10-02 16:19:39,level_completed,1,0.0,0
2025-10,EVT-202510-B7E5E9DC05A8-0023,SYN-202510-DB7E5E9DC05A8,SYN-202510-PB7E5E9DC05A8,2025-10-02 23:57:49,2025-10-02 22:47:49,ad_impression,0,0.0251,0
2025-10,EVT-202510-5AC050DF656B-0009,SYN-202510-D5AC050DF656B,SYN-202510-P5AC050DF656B,2025-10-02 23:58:01,2025-10-02 23:41:01,level_completed,1,0.0,0
2025-10,EVT-202510-F3B1798D0F68-0003,SYN-202510-DF3B1798D0F68,SYN-202510-PF3B1798D0F68,2025-10-02 23:58:55,2025-10-02 23:09:55,level_completed,1,0.0,0
2025-10,EVT-202510-D6D24A0AFE97-0021,SYN-202510-DD6D24A0AFE97,SYN-202510-PD6D24A0AFE97,2025-10-02 23:59:00,2025-10-02 16:19:39,level_completed,1,0.0,0
2025-10,EVT-202510-D6D24A0AFE97-0048,SYN-202510-DD6D24A0AFE97,SYN-202510-PD6D24A0AFE97,2025-10-02 23:59:00,2025-10-02 16:19:39,level_completed,1,0.0,0
2025-10,EVT-202510-D6D24A0AFE97-0062,SYN-202510-DD6D24A0AFE97,SYN-202510-PD6D24A0AFE97,2025-10-02 23:59:00,2025-10-02 16:19:39,ad_impression,0,0.0283,0
2025-10,EVT-202510-9A4DB8DAE6F0-0012,SYN-202510-D9A4DB8DAE6F0,SYN-202510-P9A4DB8DAE6F0,2025-10-03 00:00:00,2025-10-02 20:01:20,level_completed,1,0.0,1
2025-10,EVT-202510-F3B1798D0F68-0006,SYN-202510-DF3B1798D0F68,SYN-202510-PF3B1798D0F68,2025-10-03 00:01:55,2025-10-02 23:09:55,level_completed,1,0.0,1
2025-10,EVT-202510-5AC050DF656B-0010,SYN-202510-D5AC050DF656B,SYN-202510-P5AC050DF656B,2025-10-03 00:02:01,2025-10-02 23:41:01,level_completed,1,0.0,1
2025-10,EVT-202510-D6D24A0AFE97-0011,SYN-202510-DD6D24A0AFE97,SYN-202510-PD6D24A0AFE97,2025-10-03 00:03:00,2025-10-02 16:19:39,level_completed,1,0.0,1
2025-10,EVT-202510-D6D24A0AFE97-0016,SYN-202510-DD6D24A0AFE97,SYN-202510-PD6D24A0AFE97,2025-10-03 00:03:00,2025-10-02 16:19:39,level_completed,1,0.0,1
2025-10,EVT-202510-D6D24A0AFE97-0025,SYN-202510-DD6D24A0AFE97,SYN-202510-PD6D24A0AFE97,2025-10-03 00:03:00,2025-10-02 16:19:39,level_completed,1,0.0,1
2025-10,EVT-202510-D6D24A0AFE97-0037,SYN-202510-DD6D24A0AFE97,SYN-202510-PD6D24A0AFE97,2025-10-03 00:03:00,2025-10-02 16:19:39,level_completed,1,0.0,1
2025-10,EVT-202510-5AC050DF656B-0006,SYN-202510-D5AC050DF656B,SYN-202510-P5AC050DF656B,2025-10-03 00:03:01,2025-10-02 23:41:01,level_completed,1,0.0,1
2025-10,EVT-202510-B7E5E9DC05A8-0010,SYN-202510-DB7E5E9DC05A8,SYN-202510-PB7E5E9DC05A8,2025-10-03 00:03:49,2025-10-02 22:47:49,level_completed,1,0.0,1
2025-10,EVT-202510-D6D24A0AFE97-0054,SYN-202510-DD6D24A0AFE97,SYN-202510-PD6D24A0AFE97,2025-10-03 00:04:00,2025-10-02 16:19:39,ad_impression,0,0.0283,1
2025-10,EVT-202510-D6D24A0AFE97-0006,SYN-202510-DD6D24A0AFE97,SYN-202510-PD6D24A0AFE97,2025-10-03 00:06:00,2025-10-02 16:19:39,level_completed,1,0.0,1
2025-10,EVT-202510-D6D24A0AFE97-0035,SYN-202510-DD6D24A0AFE97,SYN-202510-PD6D24A0AFE97,2025-10-03 00:06:00,2025-10-02 16:19:39,level_completed,1,0.0,1
2025-10,EVT-202510-D6D24A0AFE97-0017,SYN-202510-DD6D24A0AFE97,SYN-202510-PD6D24A0AFE97,2025-10-03 00:08:00,2025-10-02 16:19:39,level_completed,1,0.0,1
2025-10,EVT-202510-B7E5E9DC05A8-0019,SYN-202510-DB7E5E9DC05A8,SYN-202510-PB7E5E9DC05A8,2025-10-03 00:08:49,2025-10-02 22:47:49,ad_impression,0,0.0251,1
2025-10,EVT-202510-B7E5E9DC05A8-0025,SYN-202510-DB7E5E9DC05A8,SYN-202510-PB7E5E9DC05A8,2025-10-03 00:09:49,2025-10-02 22:47:49,ad_impression,0,0.0251,1
2025-10,EVT-202510-D6D24A0AFE97-0002,SYN-202510-DD6D24A0AFE97,SYN-202510-PD6D24A0AFE97,2025-10-03 00:10:00,2025-10-02 16:19:39,level_completed,1,0.0,1
2025-10,EVT-202510-F3B1798D0F68-0002,SYN-202510-DF3B1798D0F68,SYN-202510-PF3B1798D0F68,2025-10-03 00:10:55,2025-10-02 23:09:55,level_completed,1,0.0,1
2025-10,EVT-202510-D6D24A0AFE97-0060,SYN-202510-DD6D24A0AFE97,SYN-202510-PD6D24A0AFE97,2025-10-03 00:11:00,2025-10-02 16:19:39,ad_impression,0,0.0283,1
2025-10,EVT-202510-D6D24A0AFE97-0036,SYN-202510-DD6D24A0AFE97,SYN-202510-PD6D24A0AFE97,2025-10-03 00:13:00,2025-10-02 16:19:39,level_completed,1,0.0,1
2025-10,EVT-202510-D6D24A0AFE97-0029,SYN-202510-DD6D24A0AFE97,SYN-202510-PD6D24A0AFE97,2025-10-03 00:14:00,2025-10-02 16:19:39,level_completed,1,0.0,1
2025-10,EVT-202510-B7E5E9DC05A8-0024,SYN-202510-DB7E5E9DC05A8,SYN-202510-PB7E5E9DC05A8,2025-10-03 00:14:49,2025-10-02 22:47:49,ad_impression,0,0.0251,1
2025-10,EVT-202510-B7E5E9DC05A8-0022,SYN-202510-DB7E5E9DC05A8,SYN-202510-PB7E5E9DC05A8,2025-10-03 00:15:49,2025-10-02 22:47:49,ad_impression,0,0.0251,1
2025-10,EVT-202510-D6D24A0AFE97-0013,SYN-202510-DD6D24A0AFE97,SYN-202510-PD6D24A0AFE97,2025-10-03 00:16:00,2025-10-02 16:19:39,level_completed,1,0.0,1
2025-10,EVT-202510-D6D24A0AFE97-0018,SYN-202510-DD6D24A0AFE97,SYN-202510-PD6D24A0AFE97,2025-10-03 00:17:00,2025-10-02 16:19:39,level_completed,1,0.0,1
2025-10,EVT-202510-5AC050DF656B-0008,SYN-202510-D5AC050DF656B,SYN-202510-P5AC050DF656B,2025-10-03 00:17:01,2025-10-02 23:41:01,level_completed,1,0.0,1
2025-10,EVT-202510-BD970CB83BEC-0003,SYN-202510-DBD970CB83BEC,SYN-202510-PBD970CB83BEC,2025-10-03 00:17:02,2025-10-02 23:27:02,level_completed,1,0.0,1
2025-10,EVT-202510-100C8E79FCE7-0038,SYN-202510-D100C8E79FCE7,SYN-202510-P100C8E79FCE7,2025-10-03 00:21:00,2025-10-02 19:23:55,level_completed,1,0.0,1
2025-10,EVT-202510-5797993F4B47-0004,SYN-202510-D5797993F4B47,SYN-202510-P5797993F4B47,2025-10-03 00:22:19,2025-10-02 23:26:19,level_completed,1,0.0,1
2025-10,EVT-202510-5797993F4B47-0003,SYN-202510-D5797993F4B47,SYN-202510-P5797993F4B47,2025-10-03 00:23:19,2025-10-02 23:26:19,level_completed,1,0.0,1
2025-10,EVT-202510-100C8E79FCE7-0030,SYN-202510-D100C8E79FCE7,SYN-202510-P100C8E79FCE7,2025-10-03 00:27:00,2025-10-02 19:23:55,level_completed,1,0.0,1
2025-10,EVT-202510-D6D24A0AFE97-0061,SYN-202510-DD6D24A0AFE97,SYN-202510-PD6D24A0AFE97,2025-10-03 00:28:00,2025-10-02 16:19:39,ad_impression,0,0.0283,1
2025-10,EVT-202510-5AC050DF656B-0007,SYN-202510-D5AC050DF656B,SYN-202510-P5AC050DF656B,2025-10-03 00:39:01,2025-10-02 23:41:01,level_completed,1,0.0,1
2025-10,EVT-202510-5AC050DF656B-0005,SYN-202510-D5AC050DF656B,SYN-202510-P5AC050DF656B,2025-10-03 00:40:01,2025-10-02 23:41:01,level_completed,1,0.0,1
2025-10,EVT-202510-100C8E79FCE7-0045,SYN-202510-D100C8E79FCE7,SYN-202510-P100C8E79FCE7,2025-10-03 00:41:00,2025-10-02 19:23:55,level_completed,1,0.0,1
2025-10,EVT-202510-293567C932A5-0053,SYN-202510-D293567C932A5,SYN-202510-P293567C932A5,2025-10-03 00:41:00,2025-10-02 19:23:23,ad_impression,0,0.0035,1
2025-10,EVT-202510-5AC050DF656B-0003,SYN-202510-D5AC050DF656B,SYN-202510-P5AC050DF656B,2025-10-03 00:46:01,2025-10-02 23:41:01,level_completed,1,0.0,1
2025-10,EVT-202510-100C8E79FCE7-0058,SYN-202510-D100C8E79FCE7,SYN-202510-P100C8E79FCE7,2025-10-03 00:51:00,2025-10-02 19:23:55,ad_impression,0,0.0003,1
2025-10,EVT-202510-5797993F4B47-0005,SYN-202510-D5797993F4B47,SYN-202510-P5797993F4B47,2025-10-03 00:51:19,2025-10-02 23:26:19,ad_impression,0,0.4759,1
2025-10,EVT-202510-5AC050DF656B-0004,SYN-202510-D5AC050DF656B,SYN-202510-P5AC050DF656B,2025-10-03 00:56:01,2025-10-02 23:41:01,level_completed,1,0.0,1
2025-10,EVT-202510-1A0D2DA7D987-0001,SYN-202510-D1A0D2DA7D987,SYN-202510-P1A0D2DA7D987,2025-10-03 01:24:00,2025-10-03 01:11:03,session_start,0,0.0,0
2025-10,EVT-202510-1A0D2DA7D987-0003,SYN-202510-D1A0D2DA7D987,SYN-202510-P1A0D2DA7D987,2025-10-03 01:34:00,2025-10-03 01:11:03,level_completed,1,0.0,0
2025-10,EVT-202510-31CA5CEB73B8-0001,SYN-202510-D31CA5CEB73B8,SYN-202510-P31CA5CEB73B8,2025-10-03 02:57:33,2025-10-03 02:56:33,session_start,0,0.0,0
2025-10,EVT-202510-31CA5CEB73B8-0003,SYN-202510-D31CA5CEB73B8,SYN-202510-P31CA5CEB73B8,2025-10-03 03:30:33,2025-10-03 02:56:33,level_completed,1,0.0,0
2025-10,EVT-202510-31CA5CEB73B8-0002,SYN-202510-D31CA5CEB73B8,SYN-202510-P31CA5CEB73B8,2025-10-03 03:44:33,2025-10-03 02:56:33,level_completed,1,0.0,0
2025-10,EVT-202510-68150D173A91-0001,SYN-202510-D68150D173A91,SYN-202510-P68150D173A91,2025-10-03 03:46:14,2025-10-03 03:45:14,session_start,0,0.0,0
2025-10,EVT-202510-68150D173A91-0011,SYN-202510-D68150D173A91,SYN-202510-P68150D173A91,2025-10-03 03:55:14,2025-10-03 03:45:14,level_completed,1,0.0,0
2025-10,EVT-202510-68150D173A91-0015,SYN-202510-D68150D173A91,SYN-202510-P68150D173A91,2025-10-03 04:07:14,2025-10-03 03:45:14,level_completed,1,0.0,0
2025-10,EVT-202510-68150D173A91-0017,SYN-202510-D68150D173A91,SYN-202510-P68150D173A91,2025-10-03 04:09:14,2025-10-03 03:45:14,level_completed,1,0.0,0
2025-10,EVT-202510-68150D173A91-0010,SYN-202510-D68150D173A91,SYN-202510-P68150D173A91,2025-10-03 04:10:14,2025-10-03 03:45:14,level_completed,1,0.0,0
2025-10,EVT-202510-31CA5CEB73B8-0004,SYN-202510-D31CA5CEB73B8,SYN-202510-P31CA5CEB73B8,2025-10-03 04:14:33,2025-10-03 02:56:33,level_completed,1,0.0,0
2025-10,EVT-202510-68150D173A91-0016,SYN-202510-D68150D173A91,SYN-202510-P68150D173A91,2025-10-03 04:15:14,2025-10-03 03:45:14,level_completed,1,0.0,0
2025-10,EVT-202510-68150D173A91-0012,SYN-202510-D68150D173A91,SYN-202510-P68150D173A91,2025-10-03 04:24:14,2025-10-03 03:45:14,level_completed,1,0.0,0
2025-10,EVT-202510-68150D173A91-0003,SYN-202510-D68150D173A91,SYN-202510-P68150D173A91,2025-10-03 04:39:14,2025-10-03 03:45:14,level_completed,1,0.0,0
2025-10,EVT-202510-68150D173A91-0004,SYN-202510-D68150D173A91,SYN-202510-P68150D173A91,2025-10-03 04:39:14,2025-10-03 03:45:14,level_completed,1,0.0,0
2025-10,EVT-202510-68150D173A91-0014,SYN-202510-D68150D173A91,SYN-202510-P68150D173A91,2025-10-03 04:40:14,2025-10-03 03:45:14,level_completed,1,0.0,0
2025-10,EVT-202510-68150D173A91-0002,SYN-202510-D68150D173A91,SYN-202510-P68150D173A91,2025-10-03 04:42:14,2025-10-03 03:45:14,level_completed,1,0.0,0
2025-10,EVT-202510-68150D173A91-0013,SYN-202510-D68150D173A91,SYN-202510-P68150D173A91,2025-10-03 04:47:14,2025-10-03 03:45:14,level_completed,1,0.0,0
2025-10,EVT-202510-68150D173A91-0005,SYN-202510-D68150D173A91,SYN-202510-P68150D173A91,2025-10-03 04:49:14,2025-10-03 03:45:14,level_completed,1,0.0,0
2025-10,EVT-202510-68150D173A91-0006,SYN-202510-D68150D173A91,SYN-202510-P68150D173A91,2025-10-03 04:51:14,2025-10-03 03:45:14,level_completed,1,0.0,0
2025-10,EVT-202510-68150D173A91-0007,SYN-202510-D68150D173A91,SYN-202510-P68150D173A91,2025-10-03 04:52:14,2025-10-03 03:45:14,level_completed,1,0.0,0
2025-10,EVT-202510-68150D173A91-0009,SYN-202510-D68150D173A91,SYN-202510-P68150D173A91,2025-10-03 05:03:14,2025-10-03 03:45:14,level_completed,1,0.0,0
2025-10,EVT-202510-68150D173A91-0008,SYN-202510-D68150D173A91,SYN-202510-P68150D173A91,2025-10-03 05:05:14,2025-10-03 03:45:14,level_completed,1,0.0,0
2025-10,EVT-202510-EF63001F6760-0001,SYN-202510-DEF63001F6760,SYN-202510-PEF63001F6760,2025-10-03 06:10:00,2025-10-03 00:59:46,session_start,0,0.0,0
2025-10,EVT-202510-EF63001F6760-0009,SYN-202510-DEF63001F6760,SYN-202510-PEF63001F6760,2025-10-03 06:22:00,2025-10-03 00:59:46,level_completed,1,0.0,0
2025-10,EVT-202510-EF63001F6760-0011,SYN-202510-DEF63001F6760,SYN-202510-PEF63001F6760,2025-10-03 06:35:00,2025-10-03 00:59:46,level_completed,1,0.0,0
2025-10,EVT-202510-EF63001F6760-0005,SYN-202510-DEF63001F6760,SYN-202510-PEF63001F6760,2025-10-03 06:39:00,2025-10-03 00:59:46,level_completed,1,0.0,0
2025-10,EVT-202510-E4757970F6D3-0001,SYN-202510-DE4757970F6D3,SYN-202510-PE4757970F6D3,2025-10-03 06:42:24,2025-10-03 06:41:24,session_start,0,0.0,0
2025-10,EVT-202510-636537B00474-0001,SYN-202510-D636537B00474,SYN-202510-P636537B00474,2025-10-03 06:48:00,2025-10-03 01:52:32,session_start,0,0.0,0
2025-10,EVT-202510-636537B00474-0002,SYN-202510-D636537B00474,SYN-202510-P636537B00474,2025-10-03 07:06:00,2025-10-03 01:52:32,session_start,0,0.0,0
2025-10,EVT-202510-1A0D2DA7D987-0002,SYN-202510-D1A0D2DA7D987,SYN-202510-P1A0D2DA7D987,2025-10-03 07:16:00,2025-10-03 01:11:03,session_start,0,0.0,0
2025-10,EVT-202510-E4757970F6D3-0003,SYN-202510-DE4757970F6D3,SYN-202510-PE4757970F6D3,2025-10-03 07:16:24,2025-10-03 06:41:24,level_completed,1,0.0,0
2025-10,EVT-202510-E4757970F6D3-0004,SYN-202510-DE4757970F6D3,SYN-202510-PE4757970F6D3,2025-10-03 07:18:24,2025-10-03 06:41:24,level_completed,1,0.0,0
2025-10,EVT-202510-B262515AD4E3-0001,SYN-202510-DB262515AD4E3,SYN-202510-PB262515AD4E3,2025-10-03 07:25:00,2025-10-03 02:57:21,session_start,0,0.0,0
2025-10,EVT-202510-1FFFAC12B5F5-0001,SYN-202510-D1FFFAC12B5F5,SYN-202510-P1FFFAC12B5F5,2025-10-03 07:27:00,2025-10-03 03:14:50,session_start,0,0.0,0
2025-10,EVT-202510-B262515AD4E3-0006,SYN-202510-DB262515AD4E3,SYN-202510-PB262515AD4E3,2025-10-03 07:27:00,2025-10-03 02:57:21,level_completed,1,0.0,0
2025-10,EVT-202510-B262515AD4E3-0005,SYN-202510-DB262515AD4E3,SYN-202510-PB262515AD4E3,2025-10-03 07:29:00,2025-10-03 02:57:21,level_completed,1,0.0,0
2025-10,EVT-202510-E4757970F6D3-0006,SYN-202510-DE4757970F6D3,SYN-202510-PE4757970F6D3,2025-10-03 07:31:24,2025-10-03 06:41:24,level_completed,1,0.0,0
2025-10,EVT-202510-1FFFAC12B5F5-0008,SYN-202510-D1FFFAC12B5F5,SYN-202510-P1FFFAC12B5F5,2025-10-03 07:32:00,2025-10-03 03:14:50,level_completed,1,0.0,0
2025-10,EVT-202510-E4757970F6D3-0008,SYN-202510-DE4757970F6D3,SYN-202510-PE4757970F6D3,2025-10-03 07:36:24,2025-10-03 06:41:24,ad_impression,0,0.1263,0
2025-10,EVT-202510-E4757970F6D3-0005,SYN-202510-DE4757970F6D3,SYN-202510-PE4757970F6D3,2025-10-03 07:38:24,2025-10-03 06:41:24,level_completed,1,0.0,0
2025-10,EVT-202510-E4757970F6D3-0002,SYN-202510-DE4757970F6D3,SYN-202510-PE4757970F6D3,2025-10-03 07:40:24,2025-10-03 06:41:24,level_completed,1,0.0,0
2025-10,EVT-202510-148AEED0F829-0001,SYN-202510-D148AEED0F829,SYN-202510-P148AEED0F829,2025-10-03 07:46:29,2025-10-03 01:11:46,session_start,0,0.0,0
2025-10,EVT-202510-148AEED0F829-0002,SYN-202510-D148AEED0F829,SYN-202510-P148AEED0F829,2025-10-03 07:46:29,2025-10-03 01:11:46,level_completed,1,0.0,0
2025-10,EVT-202510-148AEED0F829-0003,SYN-202510-D148AEED0F829,SYN-202510-P148AEED0F829,2025-10-03 07:46:29,2025-10-03 01:11:46,level_completed,1,0.0,0
2025-10,EVT-202510-148AEED0F829-0004,SYN-202510-D148AEED0F829,SYN-202510-P148AEED0F829,2025-10-03 07:46:29,2025-10-03 01:11:46,level_completed,1,0.0,0
2025-10,EVT-202510-148AEED0F829-0005,SYN-202510-D148AEED0F829,SYN-202510-P148AEED0F829,2025-10-03 07:46:29,2025-10-03 01:11:46,level_completed,1,0.0,0
2025-10,EVT-202510-148AEED0F829-0006,SYN-202510-D148AEED0F829,SYN-202510-P148AEED0F829,2025-10-03 07:46:29,2025-10-03 01:11:46,level_completed,1,0.0,0
2025-10,EVT-202510-148AEED0F829-0007,SYN-202510-D148AEED0F829,SYN-202510-P148AEED0F829,2025-10-03 07:46:29,2025-10-03 01:11:46,level_completed,1,0.0,0
2025-10,EVT-202510-148AEED0F829-0008,SYN-202510-D148AEED0F829,SYN-202510-P148AEED0F829,2025-10-03 07:46:29,2025-10-03 01:11:46,level_completed,1,0.0,0
2025-10,EVT-202510-148AEED0F829-0009,SYN-202510-D148AEED0F829,SYN-202510-P148AEED0F829,2025-10-03 07:46:29,2025-10-03 01:11:46,level_completed,1,0.0,0
2025-10,EVT-202510-148AEED0F829-0010,SYN-202510-D148AEED0F829,SYN-202510-P148AEED0F829,2025-10-03 07:46:29,2025-10-03 01:11:46,level_completed,1,0.0,0
2025-10,EVT-202510-148AEED0F829-0011,SYN-202510-D148AEED0F829,SYN-202510-P148AEED0F829,2025-10-03 07:46:29,2025-10-03 01:11:46,level_completed,1,0.0,0
2025-10,EVT-202510-148AEED0F829-0012,SYN-202510-D148AEED0F829,SYN-202510-P148AEED0F829,2025-10-03 07:46:29,2025-10-03 01:11:46,level_completed,1,0.0,0
2025-10,EVT-202510-148AEED0F829-0013,SYN-202510-D148AEED0F829,SYN-202510-P148AEED0F829,2025-10-03 07:46:29,2025-10-03 01:11:46,ad_impression,0,0.0043,0
2025-10,EVT-202510-148AEED0F829-0014,SYN-202510-D148AEED0F829,SYN-202510-P148AEED0F829,2025-10-03 07:46:29,2025-10-03 01:11:46,ad_impression,0,0.0043,0
2025-10,EVT-202510-148AEED0F829-0015,SYN-202510-D148AEED0F829,SYN-202510-P148AEED0F829,2025-10-03 07:46:29,2025-10-03 01:11:46,ad_impression,0,0.0043,0
2025-10,EVT-202510-1638E0E3F530-0001,SYN-202510-D1638E0E3F530,SYN-202510-P1638E0E3F530,2025-10-03 07:46:29,2025-10-03 01:23:48,session_start,0,0.0,0
2025-10,EVT-202510-1638E0E3F530-0002,SYN-202510-D1638E0E3F530,SYN-202510-P1638E0E3F530,2025-10-03 07:46:29,2025-10-03 01:23:48,level_completed,1,0.0,0
2025-10,EVT-202510-1638E0E3F530-0003,SYN-202510-D1638E0E3F530,SYN-202510-P1638E0E3F530,2025-10-03 07:46:29,2025-10-03 01:23:48,level_completed,1,0.0,0
2025-10,EVT-202510-1638E0E3F530-0004,SYN-202510-D1638E0E3F530,SYN-202510-P1638E0E3F530,2025-10-03 07:46:29,2025-10-03 01:23:48,level_completed,1,0.0,0
2025-10,EVT-202510-1638E0E3F530-0005,SYN-202510-D1638E0E3F530,SYN-202510-P1638E0E3F530,2025-10-03 07:46:29,2025-10-03 01:23:48,level_completed,1,0.0,0
2025-10,EVT-202510-1638E0E3F530-0006,SYN-202510-D1638E0E3F530,SYN-202510-P1638E0E3F530,2025-10-03 07:46:29,2025-10-03 01:23:48,level_completed,1,0.0,0
2025-10,EVT-202510-1638E0E3F530-0007,SYN-202510-D1638E0E3F530,SYN-202510-P1638E0E3F530,2025-10-03 07:46:29,2025-10-03 01:23:48,level_completed,1,0.0,0
2025-10,EVT-202510-1638E0E3F530-0008,SYN-202510-D1638E0E3F530,SYN-202510-P1638E0E3F530,2025-10-03 07:46:29,2025-10-03 01:23:48,level_completed,1,0.0,0
2025-10,EVT-202510-1638E0E3F530-0009,SYN-202510-D1638E0E3F530,SYN-202510-P1638E0E3F530,2025-10-03 07:46:29,2025-10-03 01:23:48,level_completed,1,0.0,0
2025-10,EVT-202510-1638E0E3F530-0010,SYN-202510-D1638E0E3F530,SYN-202510-P1638E0E3F530,2025-10-03 07:46:29,2025-10-03 01:23:48,level_completed,1,0.0,0
2025-10,EVT-202510-1FFFAC12B5F5-0002,SYN-202510-D1FFFAC12B5F5,SYN-202510-P1FFFAC12B5F5,2025-10-03 07:46:29,2025-10-03 03:14:50,level_completed,1,0.0,0
2025-10,EVT-202510-1FFFAC12B5F5-0003,SYN-202510-D1FFFAC12B5F5,SYN-202510-P1FFFAC12B5F5,2025-10-03 07:46:29,2025-10-03 03:14:50,level_completed,1,0.0,0
2025-10,EVT-202510-1FFFAC12B5F5-0004,SYN-202510-D1FFFAC12B5F5,SYN-202510-P1FFFAC12B5F5,2025-10-03 07:46:29,2025-10-03 03:14:50,level_completed,1,0.0,0
2025-10,EVT-202510-1FFFAC12B5F5-0005,SYN-202510-D1FFFAC12B5F5,SYN-202510-P1FFFAC12B5F5,2025-10-03 07:46:29,2025-10-03 03:14:50,level_completed,1,0.0,0
2025-10,EVT-202510-1FFFAC12B5F5-0006,SYN-202510-D1FFFAC12B5F5,SYN-202510-P1FFFAC12B5F5,2025-10-03 07:46:29,2025-10-03 03:14:50,level_completed,1,0.0,0
2025-10,EVT-202510-1FFFAC12B5F5-0007,SYN-202510-D1FFFAC12B5F5,SYN-202510-P1FFFAC12B5F5,2025-10-03 07:46:29,2025-10-03 03:14:50,level_completed,1,0.0,0
2025-10,EVT-202510-4F986E662824-0001,SYN-202510-D4F986E662824,SYN-202510-P4F986E662824,2025-10-03 07:46:29,2025-10-03 00:36:18,session_start,0,0.0,0
2025-10,EVT-202510-4F986E662824-0002,SYN-202510-D4F986E662824,SYN-202510-P4F986E662824,2025-10-03 07:46:29,2025-10-03 00:36:18,level_completed,1,0.0,0
2025-10,EVT-202510-4F986E662824-0003,SYN-202510-D4F986E662824,SYN-202510-P4F986E662824,2025-10-03 07:46:29,2025-10-03 00:36:18,level_completed,1,0.0,0
2025-10,EVT-202510-4F986E662824-0004,SYN-202510-D4F986E662824,SYN-202510-P4F986E662824,2025-10-03 07:46:29,2025-10-03 00:36:18,level_completed,1,0.0,0
2025-10,EVT-202510-4F986E662824-0005,SYN-202510-D4F986E662824,SYN-202510-P4F986E662824,2025-10-03 07:46:29,2025-10-03 00:36:18,level_completed,1,0.0,0
2025-10,EVT-202510-4F986E662824-0006,SYN-202510-D4F986E662824,SYN-202510-P4F986E662824,2025-10-03 07:46:29,2025-10-03 00:36:18,level_completed,1,0.0,0
2025-10,EVT-202510-636537B00474-0003,SYN-202510-D636537B00474,SYN-202510-P636537B00474,2025-10-03 07:46:29,2025-10-03 01:52:32,level_completed,1,0.0,0
2025-10,EVT-202510-636537B00474-0004,SYN-202510-D636537B00474,SYN-202510-P636537B00474,2025-10-03 07:46:29,2025-10-03 01:52:32,level_completed,1,0.0,0
2025-10,EVT-202510-636537B00474-0005,SYN-202510-D636537B00474,SYN-202510-P636537B00474,2025-10-03 07:46:29,2025-10-03 01:52:32,level_completed,1,0.0,0
2025-10,EVT-202510-816EA7918124-0001,SYN-202510-D816EA7918124,SYN-202510-P816EA7918124,2025-10-03 07:46:29,2025-10-03 03:08:48,session_start,0,0.0,0
2025-10,EVT-202510-816EA7918124-0002,SYN-202510-D816EA7918124,SYN-202510-P816EA7918124,2025-10-03 07:46:29,2025-10-03 03:08:48,level_completed,1,0.0,0
2025-10,EVT-202510-816EA7918124-0003,SYN-202510-D816EA7918124,SYN-202510-P816EA7918124,2025-10-03 07:46:29,2025-10-03 03:08:48,level_completed,1,0.0,0
2025-10,EVT-202510-816EA7918124-0004,SYN-202510-D816EA7918124,SYN-202510-P816EA7918124,2025-10-03 07:46:29,2025-10-03 03:08:48,level_completed,1,0.0,0
2025-10,EVT-202510-816EA7918124-0005,SYN-202510-D816EA7918124,SYN-202510-P816EA7918124,2025-10-03 07:46:29,2025-10-03 03:08:48,level_completed,1,0.0,0
2025-10,EVT-202510-816EA7918124-0006,SYN-202510-D816EA7918124,SYN-202510-P816EA7918124,2025-10-03 07:46:29,2025-10-03 03:08:48,level_completed,1,0.0,0
2025-10,EVT-202510-816EA7918124-0007,SYN-202510-D816EA7918124,SYN-202510-P816EA7918124,2025-10-03 07:46:29,2025-10-03 03:08:48,level_completed,1,0.0,0
2025-10,EVT-202510-816EA7918124-0008,SYN-202510-D816EA7918124,SYN-202510-P816EA7918124,2025-10-03 07:46:29,2025-10-03 03:08:48,level_completed,1,0.0,0
2025-10,EVT-202510-816EA7918124-0009,SYN-202510-D816EA7918124,SYN-202510-P816EA7918124,2025-10-03 07:46:29,2025-10-03 03:08:48,level_completed,1,0.0,0
2025-10,EVT-202510-816EA7918124-0010,SYN-202510-D816EA7918124,SYN-202510-P816EA7918124,2025-10-03 07:46:29,2025-10-03 03:08:48,level_completed,1,0.0,0
2025-10,EVT-202510-816EA7918124-0011,SYN-202510-D816EA7918124,SYN-202510-P816EA7918124,2025-10-03 07:46:29,2025-10-03 03:08:48,level_completed,1,0.0,0
2025-10,EVT-202510-816EA7918124-0012,SYN-202510-D816EA7918124,SYN-202510-P816EA7918124,2025-10-03 07:46:29,2025-10-03 03:08:48,level_completed,1,0.0,0
2025-10,EVT-202510-816EA7918124-0013,SYN-202510-D816EA7918124,SYN-202510-P816EA7918124,2025-10-03 07:46:29,2025-10-03 03:08:48,level_completed,1,0.0,0
2025-10,EVT-202510-816EA7918124-0014,SYN-202510-D816EA7918124,SYN-202510-P816EA7918124,2025-10-03 07:46:29,2025-10-03 03:08:48,level_completed,1,0.0,0
2025-10,EVT-202510-816EA7918124-0015,SYN-202510-D816EA7918124,SYN-202510-P816EA7918124,2025-10-03 07:46:29,2025-10-03 03:08:48,level_completed,1,0.0,0
2025-10,EVT-202510-816EA7918124-0016,SYN-202510-D816EA7918124,SYN-202510-P816EA7918124,2025-10-03 07:46:29,2025-10-03 03:08:48,level_completed,1,0.0,0
2025-10,EVT-202510-816EA7918124-0017,SYN-202510-D816EA7918124,SYN-202510-P816EA7918124,2025-10-03 07:46:29,2025-10-03 03:08:48,ad_impression,0,0.0981,0
2025-10,EVT-202510-816EA7918124-0018,SYN-202510-D816EA7918124,SYN-202510-P816EA7918124,2025-10-03 07:46:29,2025-10-03 03:08:48,ad_impression,0,0.0981,0
2025-10,EVT-202510-8E2F0F963B69-0001,SYN-202510-D8E2F0F963B69,SYN-202510-P8E2F0F963B69,2025-10-03 07:46:29,2025-10-03 03:55:35,session_start,0,0.0,0
2025-10,EVT-202510-9CB9BF1EA7B0-0001,SYN-202510-D9CB9BF1EA7B0,SYN-202510-P9CB9BF1EA7B0,2025-10-03 07:46:29,2025-10-03 03:59:53,session_start,0,0.0,0
2025-10,EVT-202510-9CB9BF1EA7B0-0002,SYN-202510-D9CB9BF1EA7B0,SYN-202510-P9CB9BF1EA7B0,2025-10-03 07:46:29,2025-10-03 03:59:53,level_completed,1,0.0,0
2025-10,EVT-202510-9CB9BF1EA7B0-0003,SYN-202510-D9CB9BF1EA7B0,SYN-202510-P9CB9BF1EA7B0,2025-10-03 07:46:29,2025-10-03 03:59:53,level_completed,1,0.0,0
2025-10,EVT-202510-9CB9BF1EA7B0-0004,SYN-202510-D9CB9BF1EA7B0,SYN-202510-P9CB9BF1EA7B0,2025-10-03 07:46:29,2025-10-03 03:59:53,level_completed,1,0.0,0
2025-10,EVT-202510-9CB9BF1EA7B0-0005,SYN-202510-D9CB9BF1EA7B0,SYN-202510-P9CB9BF1EA7B0,2025-10-03 07:46:29,2025-10-03 03:59:53,level_completed,1,0.0,0
2025-10,EVT-202510-9CB9BF1EA7B0-0006,SYN-202510-D9CB9BF1EA7B0,SYN-202510-P9CB9BF1EA7B0,2025-10-03 07:46:29,2025-10-03 03:59:53,level_completed,1,0.0,0
2025-10,EVT-202510-9CB9BF1EA7B0-0007,SYN-202510-D9CB9BF1EA7B0,SYN-202510-P9CB9BF1EA7B0,2025-10-03 07:46:29,2025-10-03 03:59:53,level_completed,1,0.0,0
2025-10,EVT-202510-9CB9BF1EA7B0-0008,SYN-202510-D9CB9BF1EA7B0,SYN-202510-P9CB9BF1EA7B0,2025-10-03 07:46:29,2025-10-03 03:59:53,level_completed,1,0.0,0
2025-10,EVT-202510-9CB9BF1EA7B0-0009,SYN-202510-D9CB9BF1EA7B0,SYN-202510-P9CB9BF1EA7B0,2025-10-03 07:46:29,2025-10-03 03:59:53,level_completed,1,0.0,0
2025-10,EVT-202510-9CB9BF1EA7B0-0010,SYN-202510-D9CB9BF1EA7B0,SYN-202510-P9CB9BF1EA7B0,2025-10-03 07:46:29,2025-10-03 03:59:53,level_completed,1,0.0,0
2025-10,EVT-202510-B262515AD4E3-0002,SYN-202510-DB262515AD4E3,SYN-202510-PB262515AD4E3,2025-10-03 07:46:29,2025-10-03 02:57:21,session_start,0,0.0,0
2025-10,EVT-202510-B262515AD4E3-0003,SYN-202510-DB262515AD4E3,SYN-202510-PB262515AD4E3,2025-10-03 07:46:29,2025-10-03 02:57:21,level_completed,1,0.0,0
2025-10,EVT-202510-B262515AD4E3-0004,SYN-202510-DB262515AD4E3,SYN-202510-PB262515AD4E3,2025-10-03 07:46:29,2025-10-03 02:57:21,level_completed,1,0.0,0
2025-10,EVT-202510-B28498937467-0001,SYN-202510-DB28498937467,SYN-202510-PB28498937467,2025-10-03 07:46:29,2025-10-03 02:20:01,session_start,0,0.0,0
2025-10,EVT-202510-B28498937467-0002,SYN-202510-DB28498937467,SYN-202510-PB28498937467,2025-10-03 07:46:29,2025-10-03 02:20:01,level_completed,1,0.0,0
2025-10,EVT-202510-B28498937467-0003,SYN-202510-DB28498937467,SYN-202510-PB28498937467,2025-10-03 07:46:29,2025-10-03 02:20:01,ad_impression,0,0.0059,0
2025-10,EVT-202510-B28498937467-0004,SYN-202510-DB28498937467,SYN-202510-PB28498937467,2025-10-03 07:46:29,2025-10-03 02:20:01,ad_impression,0,0.0059,0
2025-10,EVT-202510-CD116610839D-0001,SYN-202510-DCD116610839D,SYN-202510-PCD116610839D,2025-10-03 07:46:29,2025-10-03 01:36:47,session_start,0,0.0,0
2025-10,EVT-202510-CD116610839D-0002,SYN-202510-DCD116610839D,SYN-202510-PCD116610839D,2025-10-03 07:46:29,2025-10-03 01:36:47,session_start,0,0.0,0
2025-10,EVT-202510-CD116610839D-0003,SYN-202510-DCD116610839D,SYN-202510-PCD116610839D,2025-10-03 07:46:29,2025-10-03 01:36:47,session_start,0,0.0,0
2025-10,EVT-202510-CD116610839D-0004,SYN-202510-DCD116610839D,SYN-202510-PCD116610839D,2025-10-03 07:46:29,2025-10-03 01:36:47,level_completed,1,0.0,0
2025-10,EVT-202510-CD116610839D-0005,SYN-202510-DCD116610839D,SYN-202510-PCD116610839D,2025-10-03 07:46:29,2025-10-03 01:36:47,level_completed,1,0.0,0
2025-10,EVT-202510-CD116610839D-0006,SYN-202510-DCD116610839D,SYN-202510-PCD116610839D,2025-10-03 07:46:29,2025-10-03 01:36:47,level_completed,1,0.0,0
2025-10,EVT-202510-CD116610839D-0007,SYN-202510-DCD116610839D,SYN-202510-PCD116610839D,2025-10-03 07:46:29,2025-10-03 01:36:47,level_completed,1,0.0,0
2025-10,EVT-202510-CD116610839D-0008,SYN-202510-DCD116610839D,SYN-202510-PCD116610839D,2025-10-03 07:46:29,2025-10-03 01:36:47,level_completed,1,0.0,0
2025-10,EVT-202510-CD116610839D-0009,SYN-202510-DCD116610839D,SYN-202510-PCD116610839D,2025-10-03 07:46:29,2025-10-03 01:36:47,level_completed,1,0.0,0
2025-10,EVT-202510-CD116610839D-0010,SYN-202510-DCD116610839D,SYN-202510-PCD116610839D,2025-10-03 07:46:29,2025-10-03 01:36:47,level_completed,1,0.0,0
2025-10,EVT-202510-CD116610839D-0011,SYN-202510-DCD116610839D,SYN-202510-PCD116610839D,2025-10-03 07:46:29,2025-10-03 01:36:47,level_completed,1,0.0,0
2025-10,EVT-202510-CD116610839D-0012,SYN-202510-DCD116610839D,SYN-202510-PCD116610839D,2025-10-03 07:46:29,2025-10-03 01:36:47,level_completed,1,0.0,0
2025-10,EVT-202510-CD116610839D-0013,SYN-202510-DCD116610839D,SYN-202510-PCD116610839D,2025-10-03 07:46:29,2025-10-03 01:36:47,level_completed,1,0.0,0
2025-10,EVT-202510-CD116610839D-0014,SYN-202510-DCD116610839D,SYN-202510-PCD116610839D,2025-10-03 07:46:29,2025-10-03 01:36:47,level_completed,1,0.0,0
2025-10,EVT-202510-CD116610839D-0015,SYN-202510-DCD116610839D,SYN-202510-PCD116610839D,2025-10-03 07:46:29,2025-10-03 01:36:47,level_completed,1,0.0,0
2025-10,EVT-202510-CD116610839D-0016,SYN-202510-DCD116610839D,SYN-202510-PCD116610839D,2025-10-03 07:46:29,2025-10-03 01:36:47,level_completed,1,0.0,0
2025-10,EVT-202510-CD116610839D-0017,SYN-202510-DCD116610839D,SYN-202510-PCD116610839D,2025-10-03 07:46:29,2025-10-03 01:36:47,ad_impression,0,0.1979,0
2025-10,EVT-202510-CD116610839D-0018,SYN-202510-DCD116610839D,SYN-202510-PCD116610839D,2025-10-03 07:46:29,2025-10-03 01:36:47,ad_impression,0,0.1979,0
2025-10,EVT-202510-E4757970F6D3-0007,SYN-202510-DE4757970F6D3,SYN-202510-PE4757970F6D3,2025-10-03 07:46:29,2025-10-03 06:41:24,level_completed,1,0.0,0
2025-10,EVT-202510-E9745B9BA1EA-0001,SYN-202510-DE9745B9BA1EA,SYN-202510-PE9745B9BA1EA,2025-10-03 07:46:29,2025-10-03 05:14:19,session_start,0,0.0,0
2025-10,EVT-202510-E9745B9BA1EA-0002,SYN-202510-DE9745B9BA1EA,SYN-202510-PE9745B9BA1EA,2025-10-03 07:46:29,2025-10-03 05:14:19,session_start,0,0.0,0
2025-10,EVT-202510-E9745B9BA1EA-0003,SYN-202510-DE9745B9BA1EA,SYN-202510-PE9745B9BA1EA,2025-10-03 07:46:29,2025-10-03 05:14:19,level_completed,1,0.0,0
2025-10,EVT-202510-E9745B9BA1EA-0004,SYN-202510-DE9745B9BA1EA,SYN-202510-PE9745B9BA1EA,2025-10-03 07:46:29,2025-10-03 05:14:19,level_completed,1,0.0,0
2025-10,EVT-202510-E9745B9BA1EA-0005,SYN-202510-DE9745B9BA1EA,SYN-202510-PE9745B9BA1EA,2025-10-03 07:46:29,2025-10-03 05:14:19,level_completed,1,0.0,0
2025-10,EVT-202510-E9745B9BA1EA-0006,SYN-202510-DE9745B9BA1EA,SYN-202510-PE9745B9BA1EA,2025-10-03 07:46:29,2025-10-03 05:14:19,level_completed,1,0.0,0
2025-10,EVT-202510-E9745B9BA1EA-0007,SYN-202510-DE9745B9BA1EA,SYN-202510-PE9745B9BA1EA,2025-10-03 07:46:29,2025-10-03 05:14:19,level_completed,1,0.0,0
2025-10,EVT-202510-EF63001F6760-0002,SYN-202510-DEF63001F6760,SYN-202510-PEF63001F6760,2025-10-03 07:46:29,2025-10-03 00:59:46,session_start,0,0.0,0
2025-10,EVT-202510-EF63001F6760-0003,SYN-202510-DEF63001F6760,SYN-202510-PEF63001F6760,2025-10-03 07:46:29,2025-10-03 00:59:46,level_completed,1,0.0,0
2025-10,EVT-202510-EF63001F6760-0004,SYN-202510-DEF63001F6760,SYN-202510-PEF63001F6760,2025-10-03 07:46:29,2025-10-03 00:59:46,level_completed,1,0.0,0
2025-10,EVT-202510-EF63001F6760-0006,SYN-202510-DEF63001F6760,SYN-202510-PEF63001F6760,2025-10-03 07:46:29,2025-10-03 00:59:46,level_completed,1,0.0,0
2025-10,EVT-202510-EF63001F6760-0007,SYN-202510-DEF63001F6760,SYN-202510-PEF63001F6760,2025-10-03 07:46:29,2025-10-03 00:59:46,level_completed,1,0.0,0
2025-10,EVT-202510-EF63001F6760-0008,SYN-202510-DEF63001F6760,SYN-202510-PEF63001F6760,2025-10-03 07:46:29,2025-10-03 00:59:46,level_completed,1,0.0,0
2025-10,EVT-202510-EF63001F6760-0010,SYN-202510-DEF63001F6760,SYN-202510-PEF63001F6760,2025-10-03 07:46:29,2025-10-03 00:59:46,level_completed,1,0.0,0
2025-10,EVT-202510-EF63001F6760-0012,SYN-202510-DEF63001F6760,SYN-202510-PEF63001F6760,2025-10-03 07:46:29,2025-10-03 00:59:46,level_completed,1,0.0,0
