month,device_id,person_id,install_timestamp,source,campaign,creative,platform,region_group,is_test_market,lifecycle,tracking_available
2025-09,SYN-202509-D00001,SYN-202509-P00001,2025-09-25 07:30:00,Search Network,Search Value North,Playable Puzzle B,Android,LATAM,False,active,True
2025-09,SYN-202509-D00002,SYN-202509-P00002,2025-09-27 19:47:00,Game Network,Playable Broad,Reward Story C,iOS,Western Europe,False,active,True
2025-09,SYN-202509-D00003,SYN-202509-P00003,2025-09-18 03:43:00,Search Network,Search Value North,Reward Story B,Android,APAC,False,active,True
2025-09,SYN-202509-D00005,SYN-202509-P00005,2025-09-04 02:57:00,Discovery Network,Discovery Rewarded,Reward Story G,Android,APAC,False,stopped,True
2025-09,SYN-202509-D00006,SYN-202509-P00006,2025-09-12 01:22:00,Game Network,Playable Broad,Playable Puzzle C,iOS,North America,False,active,True
2025-09,SYN-202509-D00007,SYN-202509-P00007,2025-09-06 21:57:00,Social Network,Social Gameplay,Playable Puzzle E,iOS,Western Europe,False,active,True
2025-09,SYN-202509-D00008,SYN-202509-P00008,2025-09-12 02:55:00,Store Search,Store Intent,Progress Video H,iOS,North America,False,active,True
2025-09,SYN-202509-D00009,SYN-202509-P00009,2025-09-29 03:37:00,Game Network,Playable Premium,Reward Story D,iOS,LATAM,False,active,True
2025-09,SYN-202509-D00010,SYN-202509-P00010,2025-09-26 20:42:00,Social Network,Social Gameplay,Progress Video E,iOS,North America,False,active,True
2025-09,SYN-202509-D00011,SYN-202509-P00011,2025-09-06 14:31:00,Store Search,Store Intent,Playable Puzzle H,iOS,APAC,False,active,True
2025-09,SYN-202509-D00012,SYN-202509-P00012,2025-09-11 23:12:00,Game Network,Playable Premium,Progress Video D,iOS,APAC,False,active,False
2025-09,SYN-202509-D00013,SYN-202509-P00013,2025-09-16 05:30:00,Social Network,Social Gameplay,Playable Puzzle E,iOS,APAC,False,active,True
2025-09,SYN-202509-D00014,SYN-202509-P00014,2025-09-02 16:09:00,Social Network,Social Gameplay,Playable Puzzle E,iOS,APAC,False,active,True
2025-09,SYN-202509-D00015,SYN-202509-P00015,2025-09-11 21:03:00,Social Network,Social Lifestyle,Progress Video F,iOS,Western Europe,False,stopped,True
2025-09,SYN-202509-D00016,SYN-202509-P00016,2025-09-29 11:50:00,Game Network,Playable Broad,Reward Story C,iOS,APAC,False,active,True
2025-09,SYN-202509-D00017,SYN-202509-P00017,2025-09-25 12:49:00,Game Network,Playable Premium,Reward Story D,iOS,APAC,False,active,True
2025-09,SYN-202509-D00018,SYN-202509-P00018,2025-09-30 15:19:00,Social Network,Social Gameplay,Reward Story E,iOS,North America,False,active,True
2025-09,SYN-202509-D00019,SYN-202509-P00019,2025-09-18 01:22:00,Store Search,Store Intent,Progress Video H,iOS,North America,False,active,True
2025-09,SYN-202509-D00020,SYN-202509-P00020,2025-09-23 14:17:00,Social Network,Social Gameplay,Progress Video E,iOS,North America,False,active,True
2025-09,SYN-202509-D00021,SYN-202509-P00021,2025-09-13 00:42:00,Social Network,Social Gameplay,Reward Story E,iOS,APAC,False,active,True
2025-09,SYN-202509-D00022,SYN-202509-P00022,2025-09-17 13:56:00,Game Network,Playable Broad,Progress Video C,iOS,Western Europe,False,active,True
2025-09,SYN-202509-D00023,SYN-202509-P00023,2025-09-01 14:36:00,Search Network,Search Value North,Progress Video B,Android,Western Europe,False,active,True
2025-09,SYN-202509-D00024,SYN-202509-P00024,2025-09-14 09:27:00,Search Network,Search Value North,Progress Video B,Android,APAC,False,active,True
2025-09,SYN-202509-D00025,SYN-202509-P00025,2025-09-08 17:45:00,Search Network,Search Value Global,Reward Story A,Android,LATAM,False,active,True
2025-09,SYN-202509-D00026,SYN-202509-P00026,2025-09-22 04:55:00,Search Network,Search Value Global,Progress Video A,Android,APAC,False,active,True
2025-09,SYN-202509-D00027,SYN-202509-P00027,2025-09-29 08:35:00,Game Network,Playable Broad,Playable Puzzle C,iOS,APAC,False,active,True
2025-09,SYN-202509-D00028,SYN-202509-P00028,2025-09-29 00:21:00,Social Network,Social Gameplay,Progress Video E,iOS,Western Europe,False,active,True
2025-09,SYN-202509-D00029,SYN-202509-P00029,2025-09-17 10:48:00,Game Network,Playable Broad,Playable Puzzle C,iOS,North America,False,active,True
2025-09,SYN-202509-D00030,SYN-202509-P00030,2025-09-03 01:22:00,Social Network,Social Gameplay,Reward Story E,iOS,North America,False,active,True
2025-09,SYN-202509-D00031,SYN-202509-P00031,2025-09-08 16:39:00,Discovery Network,Discovery Rewarded,Progress Video G,Android,LATAM,False,stopped,False
2025-09,SYN-202509-D00032,SYN-202509-P00032,2025-09-12 14:39:00,Search Network,Search Value North,Reward Story B,Android,Western Europe,False,active,True
2025-09,SYN-202509-D00033,SYN-202509-P00033,2025-09-15 07:44:00,Store Search,Store Intent,Playable Puzzle H,iOS,North America,False,active,True
2025-09,SYN-202509-D00034,SYN-202509-P00034,2025-09-18 09:10:00,Search Network,Search Value Global,Reward Story A,Android,North America,False,active,True
2025-09,SYN-202509-D00035,SYN-202509-P00035,2025-09-30 00:07:00,Social Network,Social Gameplay,Progress Video E,iOS,APAC,False,active,True
2025-09,SYN-202509-D00036,SYN-202509-P00036,2025-09-30 03:09:00,Game Network,Playable Premium,Progress Video D,iOS,North America,False,active,True
2025-09,SYN-202509-D00037,SYN-202509-P00037,2025-09-22 17:37:00,Store Search,Store Intent,Reward Story H,iOS,Western Europe,False,active,True
2025-09,SYN-202509-D00038,SYN-202509-P00038,2025-09-10 19:59:00,Discovery Network,Discovery Rewarded,Playable Puzzle G,Android,APAC,False,stopped,False
2025-09,SYN-202509-D00039,SYN-202509-P00039,2025-09-01 22:33:00,Search Network,Search Value Global,Reward Story A,Android,APAC,False,active,False
2025-09,SYN-202509-D00040,SYN-202509-P00040,2025-09-30 07:37:00,Game Network,Playable Premium,Progress Video D,iOS,Western Europe,False,active,True
2025-09,SYN-202509-D00041,SYN-202509-P00041,2025-09-26 21:11:00,Search Network,Search Value North,Reward Story B,Android,APAC,False,active,True
2025-09,SYN-202509-D00042,SYN-202509-P00042,2025-09-24 09:33:00,Game Network,Playable Broad,Playable Puzzle C,iOS,APAC,False,active,True
2025-09,SYN-202509-D00043,SYN-202509-P00043,2025-09-15 21:04:00,Search Network,Search Value North,Reward Story B,Android,North America,False,active,True
2025-09,SYN-202509-D00044,SYN-202509-P00044,2025-09-03 04:30:00,Social Network,Social Gameplay,Playable Puzzle E,iOS,Western Europe,False,active,True
2025-09,SYN-202509-D00045,SYN-202509-P00045,2025-09-10 07:31:00,Game Network,Playable Broad,Playable Puzzle C,iOS,North America,False,active,True
2025-09,SYN-202509-D00046,SYN-202509-P00046,2025-09-12 07:38:00,Store Search,Store Intent,Progress Video H,iOS,Western Europe,False,active,True
2025-09,SYN-202509-D00047,SYN-202509-P00047,2025-09-05 08:53:00,Social Network,Social Lifestyle,Progress Video F,iOS,North America,False,stopped,True
2025-09,SYN-202509-D00048,SYN-202509-P00048,2025-09-22 23:30:00,Game Network,Playable Broad,Playable Puzzle C,iOS,APAC,False,active,True
2025-09,SYN-202509-D00049,SYN-202509-P00049,2025-09-08 21:35:00,Game Network,Playable Broad,Reward Story C,iOS,Western Europe,False,active,True
2025-09,SYN-202509-D00050,SYN-202509-P00050,2025-09-17 14:36:00,Game Network,Playable Premium,Progress Video D,iOS,APAC,False,active,True
2025-09,SYN-202509-D00051,SYN-202509-P00051,2025-09-12 22:47:00,Search Network,Search Value North,Playable Puzzle B,Android,North America,False,active,True
2025-09,SYN-202509-D00052,SYN-202509-P00052,2025-09-02 01:04:00,Search Network,Search Value Global,Reward Story A,Android,North America,False,active,False
2025-09,SYN-202509-D00053,SYN-202509-P00053,2025-09-12 11:56:00,Social Network,Social Lifestyle,Reward Story F,iOS,APAC,False,stopped,True
2025-09,SYN-202509-D00054,SYN-202509-P00054,2025-09-07 21:24:00,Discovery Network,Discovery Rewarded,Progress Video G,Android,LATAM,False,stopped,True
2025-09,SYN-202509-D00055,SYN-202509-P00055,2025-09-10 09:38:00,Social Network,Social Lifestyle,Reward Story F,iOS,Western Europe,False,stopped,True
2025-09,SYN-202509-D00056,SYN-202509-P00056,2025-09-16 05:11:00,Store Search,Store Intent,Progress Video H,iOS,North America,False,active,False
2025-09,SYN-202509-D00057,SYN-202509-P00057,2025-09-15 00:55:00,Game Network,Playable Broad,Reward Story C,iOS,North America,False,active,True
2025-09,SYN-202509-D00058,SYN-202509-P00058,2025-09-28 04:04:00,Social Network,Social Gameplay,Playable Puzzle E,iOS,Western Europe,False,active,True
2025-09,SYN-202509-D00059,SYN-202509-P00059,2025-09-13 09:19:00,Search Network,Search Value North,Reward Story B,Android,North America,False,active,True
2025-09,SYN-202509-D00060,SYN-202509-P00060,2025-09-23 10:32:00,Game Network,Playable Broad,Progress Video C,iOS,North America,False,active,True
2025-09,SYN-202509-D00061,SYN-202509-P00061,2025-09-10 01:34:00,Game Network,Playable Broad,Reward Story C,iOS,North America,False,active,True
2025-09,SYN-202509-D00062,SYN-202509-P00062,2025-09-17 07:49:00,Game Network,Playable Premium,Playable Puzzle D,iOS,North America,False,active,True
2025-09,SYN-202509-D00063,SYN-202509-P00063,2025-09-15 04:43:00,Social Network,Social Gameplay,Reward Story E,iOS,Western Europe,False,active,False
2025-09,SYN-202509-D00064,SYN-202509-P00064,2025-09-28 01:30:00,Game Network,Playable Broad,Progress Video C,iOS,LATAM,False,active,True
2025-09,SYN-202509-D00065,SYN-202509-P00065,2025-09-24 04:22:00,Search Network,Search Value Global,Reward Story A,Android,Western Europe,False,active,True
2025-09,SYN-202509-D00066,SYN-202509-P00066,2025-09-08 08:29:00,Store Search,Store Intent,Playable Puzzle H,iOS,North America,False,active,True
2025-09,SYN-202509-D00068,SYN-202509-P00068,2025-09-26 17:03:00,Store Search,Store Intent,Progress Video H,iOS,Western Europe,False,active,True
2025-09,SYN-202509-D00069,SYN-202509-P00069,2025-09-19 21:30:00,Search Network,Search Value North,Reward Story B,Android,North America,False,active,True
2025-09,SYN-202509-D00070,SYN-202509-P00070,2025-09-21 17:35:00,Store Search,Store Intent,Playable Puzzle H,iOS,APAC,False,active,True
2025-09,SYN-202509-D00071,SYN-202509-P00071,2025-09-05 06:56:00,Game Network,Playable Broad,Playable Puzzle C,iOS,Western Europe,False,active,True
2025-09,SYN-202509-D00072,SYN-202509-P00072,2025-09-30 15:01:00,Search Network,Search Value Global,Progress Video A,Android,APAC,False,active,True
2025-09,SYN-202509-D00073,SYN-202509-P00073,2025-09-20 10:35:00,Store Search,Store Intent,Playable Puzzle H,iOS,Western Europe,False,active,True
2025-09,SYN-202509-D00074,SYN-202509-P00074,2025-09-15 00:16:00,Game Network,Playable Broad,Playable Puzzle C,iOS,APAC,False,active,True
2025-09,SYN-202509-D00075,SYN-202509-P00075,2025-09-18 06:16:00,Search Network,Search Value North,Reward Story B,Android,APAC,False,active,True
2025-09,SYN-202509-D00076,SYN-202509-P00076,2025-09-17 04:50:00,Social Network,Social Gameplay,Reward Story E,iOS,North America,False,active,True
2025-09,SYN-202509-D00077,SYN-202509-P00077,2025-09-13 19:14:00,Game Network,Playable Premium,Progress Video D,iOS,Western Europe,False,active,True
2025-09,SYN-202509-D00078,SYN-202509-P00078,2025-09-11 00:58:00,Search Network,Search Value North,Progress Video B,Android,APAC,False,active,True
2025-09,SYN-202509-D00079,SYN-202509-P00079,2025-09-07 04:51:00,Store Search,Store Intent,Playable Puzzle H,iOS,North America,False,active,True
2025-09,SYN-202509-D00080,SYN-202509-P00080,2025-09-06 15:46:00,Social Network,Social Gameplay,Playable Puzzle E,iOS,APAC,False,active,True
2025-09,SYN-202509-D00081,SYN-202509-P00081,2025-09-23 00:16:00,Search Network,Search Value Global,Playable Puzzle A,Android,North America,False,active,True
2025-09,SYN-202509-D00082,SYN-202509-P00082,2025-09-17 00:46:00,Game Network,Playable Premium,Playable Puzzle D,iOS,North America,False,active,True
2025-09,SYN-202509-D00083,SYN-202509-P00083,2025-09-05 15:01:00,Social Network,Social Gameplay,Progress Video E,iOS,LATAM,False,active,True
2025-09,SYN-202509-D00084,SYN-202509-P00084,2025-09-14 19:13:00,Discovery Network,Discovery Rewarded,Playable Puzzle G,Android,North America,False,stopped,True
2025-09,SYN-202509-D00085,SYN-202509-P00085,2025-09-18 23:03:00,Search Network,Search Value Global,Progress Video A,Android,Western Europe,False,active,True
2025-09,SYN-202509-D00086,SYN-202509-P00086,2025-09-29 16:31:00,Social Network,Social Gameplay,Progress Video E,iOS,North America,False,active,True
2025-09,SYN-202509-D00087,SYN-202509-P00087,2025-09-13 04:34:00,Social Network,Social Gameplay,Progress Video E,iOS,APAC,False,active,True
2025-09,SYN-202509-D00088,SYN-202509-P00088,2025-09-12 15:53:00,Social Network,Social Lifestyle,Progress Video F,iOS,Western Europe,False,stopped,True
2025-09,SYN-202509-D00089,SYN-202509-P00089,2025-09-20 15:35:00,Game Network,Playable Broad,Playable Puzzle C,iOS,Western Europe,False,active,True
2025-09,SYN-202509-D00090,SYN-202509-P00090,2025-09-14 13:10:00,Social Network,Social Gameplay,Progress Video E,iOS,North America,False,active,True
2025-09,SYN-202509-D00091,SYN-202509-P00091,2025-09-22 21:57:00,Social Network,Social Gameplay,Playable Puzzle E,iOS,North America,False,active,True
2025-09,SYN-202509-D00092,SYN-202509-P00092,2025-09-22 11:25:00,Game Network,Playable Premium,Playable Puzzle D,iOS,North America,False,active,True
2025-09,SYN-202509-D00093,SYN-202509-P00093,2025-09-05 14:33:00,Game Network,Playable Premium,Reward Story D,iOS,LATAM,False,active,True
2025-09,SYN-202509-D00094,SYN-202509-P00094,2025-09-14 22:04:00,Search Network,Search Value North,Playable Puzzle B,Android,LATAM,False,active,True
2025-09,SYN-202509-D00095,SYN-202509-P00095,2025-09-15 03:54:00,Social Network,Social Gameplay,Reward Story E,iOS,Western Europe,False,active,True
2025-09,SYN-202509-D00096,SYN-202509-P00096,2025-09-06 20:34:00,Social Network,Social Gameplay,Progress Video E,iOS,LATAM,False,active,True
2025-09,SYN-202509-D00097,SYN-202509-P00097,2025-09-06 11:36:00,Search Network,Search Value North,Playable Puzzle B,Android,APAC,False,active,False
2025-09,SYN-202509-D00098,SYN-202509-P00098,2025-09-19 18:14:00,Store Search,Store Intent,Progress Video H,iOS,North America,False,active,True
2025-09,SYN-202509-D00099,SYN-202509-P00099,2025-09-27 11:42:00,Game Network,Playable Broad,Playable Puzzle C,iOS,APAC,False,active,False
2025-09,SYN-202509-D00100,SYN-202509-P00100,2025-09-01 12:49:00,Game Network,Playable Premium,Playable Puzzle D,iOS,Western Europe,False,active,True
2025-09,SYN-202509-D00101,SYN-202509-P00101,2025-09-07 15:18:00,Social Network,Social Lifestyle,Playable Puzzle F,iOS,North America,False,stopped,True
2025-09,SYN-202509-D00102,SYN-202509-P00102,2025-09-07 00:10:00,Game Network,Playable Premium,Reward Story D,iOS,North America,False,active,True
2025-09,SYN-202509-D00103,SYN-202509-P00103,2025-09-13 09:45:00,Discovery Network,Discovery Rewarded,Reward Story G,Android,APAC,False,stopped,True
2025-09,SYN-202509-D00104,SYN-202509-P00104,2025-09-17 01:09:00,Game Network,Playable Broad,Playable Puzzle C,iOS,Western Europe,False,active,True
2025-09,SYN-202509-D00105,SYN-202509-P00105,2025-09-13 21:25:00,Social Network,Social Gameplay,Reward Story E,iOS,North America,False,active,True
2025-09,SYN-202509-D00106,SYN-202509-P00106,2025-09-13 17:36:00,Search Network,Search Value Global,Playable Puzzle A,Android,APAC,False,active,True
2025-09,SYN-202509-D00107,SYN-202509-P00107,2025-09-10 19:27:00,Game Network,Playable Premium,Reward Story D,iOS,APAC,False,active,True
2025-09,SYN-202509-D00108,SYN-202509-P00108,2025-09-30 14:21:00,Game Network,Playable Broad,Playable Puzzle C,iOS,APAC,False,active,True
2025-09,SYN-202509-D00109,SYN-202509-P00109,2025-09-23 00:59:00,Store Search,Store Intent,Progress Video H,iOS,APAC,False,active,True
2025-09,SYN-202509-D00110,SYN-202509-P00110,2025-09-04 19:37:00,Social Network,Social Gameplay,Playable Puzzle E,iOS,North America,False,active,True
2025-09,SYN-202509-D00111,SYN-202509-P00111,2025-09-16 23:55:00,Social Network,Social Gameplay,Progress Video E,iOS,North America,False,active,True
2025-09,SYN-202509-D00112,SYN-202509-P00112,2025-09-25 06:29:00,Social Network,Social Gameplay,Progress Video E,iOS,North America,False,active,True
2025-09,SYN-202509-D00113,SYN-202509-P00113,2025-09-01 02:07:00,Discovery Network,Discovery Rewarded,Playable Puzzle G,Android,LATAM,False,stopped,True
2025-09,SYN-202509-D00114,SYN-202509-P00114,2025-09-17 12:27:00,Game Network,Playable Premium,Progress Video D,iOS,Western Europe,False,active,True
2025-09,SYN-202509-D00115,SYN-202509-P00115,2025-09-06 05:08:00,Game Network,Playable Broad,Reward Story C,iOS,North America,False,active,True
2025-09,SYN-202509-D00116,SYN-202509-P00116,2025-09-22 17:44:00,Game Network,Playable Broad,Playable Puzzle C,iOS,North America,False,active,True
2025-09,SYN-202509-D00117,SYN-202509-P00117,2025-09-11 11:50:00,Store Search,Store Intent,Reward Story H,iOS,North America,False,active,True
2025-09,SYN-202509-D00118,SYN-202509-P00118,2025-09-06 10:07:00,Discovery Network,Discovery Rewarded,Reward Story G,Android,APAC,False,stopped,True
2025-09,SYN-202509-D00119,SYN-202509-P00119,2025-09-27 11:17:00,Social Network,Social Gameplay,Progress Video E,iOS,APAC,False,active,False
2025-09,SYN-202509-D00120,SYN-202509-P00120,2025-09-19 21:22:00,Search Network,Search Value Global,Progress Video A,Android,North America,False,active,True
2025-09,SYN-202509-D00121,SYN-202509-P00121,2025-09-30 15:06:00,Game Network,Playable Premium,Progress Video D,iOS,North America,False,active,True
2025-09,SYN-202509-D00122,SYN-202509-P00122,2025-09-04 11:21:00,Store Search,Store Intent,Reward Story H,iOS,North America,False,active,True
2025-09,SYN-202509-D00123,SYN-202509-P00123,2025-09-12 12:56:00,Store Search,Store Intent,Reward Story H,iOS,North America,False,active,True
2025-09,SYN-202509-D00124,SYN-202509-P00124,2025-09-20 17:22:00,Search Network,Search Value North,Playable Puzzle B,Android,North America,False,active,True
2025-09,SYN-202509-D00125,SYN-202509-P00125,2025-09-04 04:08:00,Search Network,Search Value Global,Reward Story A,Android,APAC,False,active,True
2025-09,SYN-202509-D00126,SYN-202509-P00126,2025-09-17 14:28:00,Game Network,Playable Broad,Playable Puzzle C,iOS,North America,False,active,True
2025-09,SYN-202509-D00127,SYN-202509-P00127,2025-09-17 00:55:00,Game Network,Playable Broad,Reward Story C,iOS,Western Europe,False,active,True
2025-09,SYN-202509-D00129,SYN-202509-P00129,2025-09-02 15:17:00,Social Network,Social Gameplay,Playable Puzzle E,iOS,APAC,False,active,True
2025-09,SYN-202509-D00130,SYN-202509-P00130,2025-09-25 23:54:00,Social Network,Social Gameplay,Progress Video E,iOS,LATAM,False,active,True
2025-09,SYN-202509-D00131,SYN-202509-P00131,2025-09-28 01:01:00,Social Network,Social Gameplay,Progress Video E,iOS,APAC,False,active,True
2025-09,SYN-202509-D00132,SYN-202509-P00132,2025-09-20 12:53:00,Game Network,Playable Premium,Playable Puzzle D,iOS,LATAM,False,active,True
2025-09,SYN-202509-D00133,SYN-202509-P00133,2025-09-24 03:48:00,Game Network,Playable Broad,Reward Story C,iOS,APAC,False,active,True
2025-09,SYN-202509-D00135,SYN-202509-P00135,2025-09-05 19:02:00,Social Network,Social Gameplay,Playable Puzzle E,iOS,APAC,False,active,True
2025-09,SYN-202509-D00136,SYN-202509-P00136,2025-09-01 15:12:00,Game Network,Playable Premium,Progress Video D,iOS,North America,False,active,False
2025-09,SYN-202509-D00137,SYN-202509-P00137,2025-09-27 09:32:00,Social Network,Social Gameplay,Progress Video E,iOS,LATAM,False,active,True
2025-09,SYN-202509-D00138,SYN-202509-P00138,2025-09-04 17:27:00,Store Search,Store Intent,Reward Story H,iOS,North America,False,active,True
2025-09,SYN-202509-D00139,SYN-202509-P00139,2025-09-11 08:53:00,Store Search,Store Intent,Progress Video H,iOS,APAC,False,active,False
2025-09,SYN-202509-D00140,SYN-202509-P00140,2025-09-08 18:21:00,Store Search,Store Intent,Progress Video H,iOS,APAC,False,active,True
2025-09,SYN-202509-D00142,SYN-202509-P00142,2025-09-13 07:03:00,Store Search,Store Intent,Playable Puzzle H,iOS,Western Europe,False,active,False
2025-09,SYN-202509-D00143,SYN-202509-P00143,2025-09-13 03:02:00,Game Network,Playable Premium,Reward Story D,iOS,North America,False,active,True
2025-09,SYN-202509-D00144,SYN-202509-P00144,2025-09-02 08:50:00,Search Network,Search Value Global,Progress Video A,Android,Western Europe,False,active,True
2025-09,SYN-202509-D00145,SYN-202509-P00145,2025-09-08 20:33:00,Discovery Network,Discovery Rewarded,Playable Puzzle G,Android,North America,False,stopped,True
2025-09,SYN-202509-D00146,SYN-202509-P00146,2025-09-05 02:41:00,Game Network,Playable Broad,Playable Puzzle C,iOS,LATAM,False,active,True
2025-09,SYN-202509-D00147,SYN-202509-P00147,2025-09-29 11:46:00,Game Network,Playable Premium,Reward Story D,iOS,APAC,False,active,True
2025-09,SYN-202509-D00148,SYN-202509-P00148,2025-09-23 12:27:00,Search Network,Search Value Global,Progress Video A,Android,Western Europe,False,active,True
2025-09,SYN-202509-D00149,SYN-202509-P00149,2025-09-12 06:59:00,Game Network,Playable Broad,Playable Puzzle C,iOS,North America,False,active,True
2025-09,SYN-202509-D00150,SYN-202509-P00150,2025-09-23 13:31:00,Social Network,Social Gameplay,Playable Puzzle E,iOS,Western Europe,False,active,True
2025-09,SYN-202509-D00151,SYN-202509-P00151,2025-09-27 05:42:00,Social Network,Social Gameplay,Playable Puzzle E,iOS,Western Europe,False,active,True
2025-09,SYN-202509-D00152,SYN-202509-P00152,2025-09-06 18:02:00,Game Network,Playable Broad,Progress Video C,iOS,North America,False,active,True
2025-09,SYN-202509-D00153,SYN-202509-P00153,2025-09-11 08:33:00,Game Network,Playable Premium,Progress Video D,iOS,LATAM,False,active,True
2025-09,SYN-202509-D00154,SYN-202509-P00154,2025-09-07 18:24:00,Social Network,Social Gameplay,Playable Puzzle E,iOS,Western Europe,False,active,True
2025-09,SYN-202509-D00155,SYN-202509-P00155,2025-09-20 17:20:00,Social Network,Social Gameplay,Progress Video E,iOS,Western Europe,False,active,True
2025-09,SYN-202509-D00156,SYN-202509-P00156,2025-09-18 11:29:00,Search Network,Search Value Global,Playable Puzzle A,Android,North America,False,active,True
2025-09,SYN-202509-D00157,SYN-202509-P00157,2025-09-05 20:23:00,Social Network,Social Gameplay,Playable Puzzle E,iOS,Western Europe,False,active,True
2025-09,SYN-202509-D00158,SYN-202509-P00158,2025-09-16 17:15:00,Game Network,Playable Broad,Progress Video C,iOS,Western Europe,False,active,True
2025-09,SYN-202509-D00159,SYN-202509-P00159,2025-09-30 21:30:00,Game Network,Playable Broad,Playable Puzzle C,iOS,LATAM,False,active,True
2025-09,SYN-202509-D00160,SYN-202509-P00160,2025-09-14 10:03:00,Game Network,Playable Broad,Playable Puzzle C,iOS,APAC,False,active,True
2025-09,SYN-202509-D00161,SYN-202509-P00161,2025-09-05 22:05:00,Social Network,Social Gameplay,Reward Story E,iOS,Western Europe,False,active,True
2025-09,SYN-202509-D00162,SYN-202509-P00162,2025-09-21 03:24:00,Search Network,Search Value Global,Progress Video A,Android,APAC,False,active,True
2025-09,SYN-202509-D00163,SYN-202509-P00163,2025-09-18 00:02:00,Search Network,Search Value Global,Reward Story A,Android,Western Europe,False,active,True
2025-09,SYN-202509-D00164,SYN-202509-P00164,2025-09-07 15:59:00,Store Search,Store Intent,Progress Video H,iOS,North America,False,active,True
2025-09,SYN-202509-D00165,SYN-202509-P00165,2025-09-08 00:45:00,Game Network,Playable Broad,Reward Story C,iOS,North America,False,active,True
2025-09,SYN-202509-D00166,SYN-202509-P00166,2025-09-15 23:21:00,Game Network,Playable Broad,Playable Puzzle C,iOS,North America,False,active,True
2025-09,SYN-202509-D00167,SYN-202509-P00167,2025-09-02 21:53:00,Game Network,Playable Premium,Playable Puzzle D,iOS,Western Europe,False,active,True
2025-09,SYN-202509-D00168,SYN-202509-P00168,2025-09-09 06:14:00,Game Network,Playable Premium,Progress Video D,iOS,Western Europe,False,active,True
2025-09,SYN-202509-D00169,SYN-202509-P00169,2025-09-01 05:21:00,Social Network,Social Lifestyle,Progress Video F,iOS,North America,False,stopped,True
2025-09,SYN-202509-D00170,SYN-202509-P00170,2025-09-15 09:58:00,Discovery Network,Discovery Rewarded,Progress Video G,Android,North America,False,stopped,True
2025-09,SYN-202509-D00171,SYN-202509-P00171,2025-09-13 10:27:00,Store Search,Store Intent,Playable Puzzle H,iOS,Western Europe,False,active,True
2025-09,SYN-202509-D00172,SYN-202509-P00172,2025-09-08 04:25:00,Game Network,Playable Broad,Reward Story C,iOS,North America,False,active,True
2025-09,SYN-202509-D00173,SYN-202509-P00173,2025-09-03 19:03:00,Search Network,Search Value Global,Reward Story A,Android,North America,False,active,True
2025-09,SYN-202509-D00175,SYN-202509-P00175,2025-09-01 20:50:00,Store Search,Store Intent,Playable Puzzle H,iOS,APAC,False,active,True
2025-09,SYN-202509-D00176,SYN-202509-P00176,2025-09-28 08:10:00,Search Network,Search Value Global,Playable Puzzle A,Android,North America,False,active,True
2025-09,SYN-202509-D00177,SYN-202509-P00177,2025-09-02 18:41:00,Game Network,Playable Premium,Playable Puzzle D,iOS,Western Europe,False,active,True
2025-09,SYN-202509-D00178,SYN-202509-P00178,2025-09-28 22:12:00,Game Network,Playable Broad,Progress Video C,iOS,North America,False,active,True
2025-09,SYN-202509-D00179,SYN-202509-P00179,2025-09-14 22:25:00,Social Network,Social Gameplay,Playable Puzzle E,iOS,APAC,False,active,True
2025-09,SYN-202509-D00180,SYN-202509-P00180,2025-09-01 08:36:00,Store Search,Store Intent,Playable Puzzle H,iOS,APAC,False,active,True
2025-09,SYN-202509-D00181,SYN-202509-P00181,2025-09-05 15:12:00,Social Network,Social Lifestyle,Playable Puzzle F,iOS,APAC,False,stopped,True
2025-09,SYN-202509-D00182,SYN-202509-P00182,2025-09-01 06:08:00,Game Network,Playable Premium,Playable Puzzle D,iOS,North America,False,active,True
2025-09,SYN-202509-D00184,SYN-202509-P00184,2025-09-26 17:13:00,Social Network,Social Gameplay,Playable Puzzle E,iOS,APAC,False,active,True
2025-09,SYN-202509-D00185,SYN-202509-P00185,2025-09-30 23:26:00,Game Network,Playable Premium,Playable Puzzle D,iOS,North America,False,active,True
2025-09,SYN-202509-D00186,SYN-202509-P00186,2025-09-13 12:07:00,Search Network,Search Value North,Playable Puzzle B,Android,North America,False,active,True
2025-09,SYN-202509-D00187,SYN-202509-P00187,2025-09-29 18:51:00,Game Network,Playable Broad,Playable Puzzle C,iOS,North America,False,active,True
2025-09,SYN-202509-D00188,SYN-202509-P00188,2025-09-28 18:49:00,Game Network,Playable Premium,Progress Video D,iOS,LATAM,False,active,True
2025-09,SYN-202509-D00189,SYN-202509-P00189,2025-09-06 01:45:00,Game Network,Playable Premium,Playable Puzzle D,iOS,LATAM,False,active,True
2025-09,SYN-202509-D00190,SYN-202509-P00190,2025-09-14 17:24:00,Social Network,Social Gameplay,Reward Story E,iOS,North America,False,active,False
2025-09,SYN-202509-D00191,SYN-202509-P00191,2025-09-06 01:03:00,Discovery Network,Discovery Rewarded,Progress Video G,Android,LATAM,False,stopped,True
2025-09,SYN-202509-D00192,SYN-202509-P00192,2025-09-12 14:40:00,Discovery Network,Discovery Rewarded,Playable Puzzle G,Android,APAC,False,stopped,True
2025-09,SYN-202509-D00193,SYN-202509-P00193,2025-09-08 08:36:00,Store Search,Store Intent,Progress Video H,iOS,APAC,False,active,True
2025-09,SYN-202509-D00194,SYN-202509-P00194,2025-09-22 16:23:00,Search Network,Search Value North,Reward Story B,Android,North America,False,active,True
2025-09,SYN-202509-D00195,SYN-202509-P00195,2025-09-11 10:23:00,Game Network,Playable Premium,Playable Puzzle D,iOS,Western Europe,False,active,True
2025-09,SYN-202509-D00196,SYN-202509-P00196,2025-09-19 04:15:00,Game Network,Playable Premium,Playable Puzzle D,iOS,APAC,False,active,True
2025-09,SYN-202509-D00197,SYN-202509-P00197,2025-09-23 13:45:00,Store Search,Store Intent,Reward Story H,iOS,APAC,False,active,True
2025-09,SYN-202509-D00198,SYN-202509-P00198,2025-09-25 22:25:00,Store Search,Store Intent,Reward Story H,iOS,Western Europe,False,active,True
2025-09,SYN-202509-D00199,SYN-202509-P00199,2025-09-06 04:29:00,Game Network,Playable Broad,Playable Puzzle C,iOS,APAC,False,active,True
2025-09,SYN-202509-D00200,SYN-202509-P00200,2025-09-29 22:26:00,Game Network,Playable Premium,Playable Puzzle D,iOS,APAC,False,active,True
2025-09,SYN-202509-D00201,SYN-202509-P00201,2025-09-05 05:07:00,Game Network,Playable Broad,Progress Video C,iOS,North America,False,active,True
2025-09,SYN-202509-D00202,SYN-202509-P00202,2025-09-26 22:07:00,Game Network,Playable Premium,Reward Story D,iOS,North America,False,active,True
2025-09,SYN-202509-D00203,SYN-202509-P00203,2025-09-20 15:20:00,Search Network,Search Value North,Reward Story B,Android,North America,False,active,True
2025-09,SYN-202509-D00204,SYN-202509-P00204,2025-09-05 11:36:00,Search Network,Search Value Global,Reward Story A,Android,LATAM,False,active,True
2025-09,SYN-202509-D00205,SYN-202509-P00205,2025-09-27 09:49:00,Search Network,Search Value Global,Progress Video A,Android,APAC,False,active,True
2025-09,SYN-202509-D00206,SYN-202509-P00206,2025-09-07 08:01:00,Store Search,Store Intent,Reward Story H,iOS,APAC,False,active,True
2025-09,SYN-202509-D00207,SYN-202509-P00207,2025-09-13 23:41:00,Social Network,Social Gameplay,Playable Puzzle E,iOS,LATAM,False,active,True
2025-09,SYN-202509-D00208,SYN-202509-P00208,2025-09-05 20:38:00,Social Network,Social Lifestyle,Progress Video F,iOS,North America,False,stopped,True
2025-09,SYN-202509-D00209,SYN-202509-P00209,2025-09-19 13:49:00,Store Search,Store Intent,Reward Story H,iOS,North America,False,active,True
2025-09,SYN-202509-D00210,SYN-202509-P00210,2025-09-17 04:42:00,Game Network,Playable Premium,Progress Video D,iOS,APAC,False,active,True
2025-09,SYN-202509-D00211,SYN-202509-P00211,2025-09-27 23:33:00,Game Network,Playable Premium,Playable Puzzle D,iOS,LATAM,False,active,False
2025-09,SYN-202509-D00212,SYN-202509-P00212,2025-09-03 04:33:00,Game Network,Playable Broad,Playable Puzzle C,iOS,Western Europe,False,active,True
2025-09,SYN-202509-D00214,SYN-202509-P00214,2025-09-01 06:50:00,Search Network,Search Value Global,Progress Video A,Android,LATAM,False,active,True
2025-09,SYN-202509-D00215,SYN-202509-P00215,2025-09-14 07:33:00,Search Network,Search Value Global,Reward Story A,Android,North America,False,active,True
2025-09,SYN-202509-D00216,SYN-202509-P00216,2025-09-22 21:26:00,Game Network,Playable Broad,Progress Video C,iOS,APAC,False,active,True
2025-09,SYN-202509-D00217,SYN-202509-P00217,2025-09-29 01:43:00,Game Network,Playable Premium,Reward Story D,iOS,APAC,False,active,True
2025-09,SYN-202509-D00218,SYN-202509-P00218,2025-09-03 14:22:00,Discovery Network,Discovery Rewarded,Progress Video G,Android,APAC,False,stopped,True
2025-09,SYN-202509-D00220,SYN-202509-P00220,2025-09-21 04:10:00,Social Network,Social Gameplay,Progress Video E,iOS,Western Europe,False,active,True
2025-09,SYN-202509-D00221,SYN-202509-P00221,2025-09-27 16:23:00,Search Network,Search Value Global,Reward Story A,Android,APAC,False,active,True
2025-09,SYN-202509-D00222,SYN-202509-P00222,2025-09-07 06:03:00,Game Network,Playable Premium,Reward Story D,iOS,Western Europe,False,active,True
2025-09,SYN-202509-D00224,SYN-202509-P00224,2025-09-30 19:11:00,Game Network,Playable Broad,Progress Video C,iOS,North America,False,active,True
2025-09,SYN-202509-D00225,SYN-202509-P00225,2025-09-25 08:25:00,Search Network,Search Value North,Reward Story B,Android,LATAM,False,active,True
2025-09,SYN-202509-D00226,SYN-202509-P00226,2025-09-30 23:33:00,Game Network,Playable Premium,Reward Story D,iOS,Western Europe,False,active,True
2025-09,SYN-202509-D00227,SYN-202509-P00227,2025-09-11 12:21:00,Store Search,Store Intent,Progress Video H,iOS,Western Europe,False,active,True
2025-09,SYN-202509-D00228,SYN-202509-P00228,2025-09-08 02:58:00,Discovery Network,Discovery Rewarded,Progress Video G,Android,Western Europe,False,stopped,True
2025-09,SYN-202509-D00229,SYN-202509-P00229,2025-09-10 02:19:00,Game Network,Playable Premium,Playable Puzzle D,iOS,North America,False,active,True
2025-09,SYN-202509-D00230,SYN-202509-P00230,2025-09-03 08:09:00,Store Search,Store Intent,Playable Puzzle H,iOS,APAC,False,active,True
2025-09,SYN-202509-D00231,SYN-202509-P00231,2025-09-14 20:56:00,Search Network,Search Value North,Progress Video B,Android,Western Europe,False,active,True
2025-09,SYN-202509-D00232,SYN-202509-P00232,2025-09-09 03:54:00,Game Network,Playable Broad,Playable Puzzle C,iOS,Western Europe,False,active,True
2025-09,SYN-202509-D00233,SYN-202509-P00233,2025-09-02 07:07:00,Game Network,Playable Broad,Playable Puzzle C,iOS,North America,False,active,True
2025-09,SYN-202509-D00234,SYN-202509-P00234,2025-09-29 07:19:00,Search Network,Search Value North,Playable Puzzle B,Android,North America,False,active,True
2025-09,SYN-202509-D00235,SYN-202509-P00235,2025-09-03 16:19:00,Social Network,Social Gameplay,Reward Story E,iOS,APAC,False,active,True
2025-09,SYN-202509-D00236,SYN-202509-P00236,2025-09-03 10:42:00,Social Network,Social Gameplay,Playable Puzzle E,iOS,North America,False,active,True
2025-09,SYN-202509-D00237,SYN-202509-P00237,2025-09-08 01:12:00,Game Network,Playable Broad,Progress Video C,iOS,LATAM,False,active,True
2025-09,SYN-202509-D00238,SYN-202509-P00238,2025-09-29 13:23:00,Store Search,Store Intent,Reward Story H,iOS,Western Europe,False,active,True
2025-09,SYN-202509-D00239,SYN-202509-P00239,2025-09-06 15:17:00,Social Network,Social Gameplay,Progress Video E,iOS,APAC,False,active,False
2025-09,SYN-202509-D00240,SYN-202509-P00240,2025-09-16 00:27:00,Social Network,Social Gameplay,Playable Puzzle E,iOS,North America,False,active,True
2025-09,SYN-202509-D00241,SYN-202509-P00241,2025-09-20 13:49:00,Store Search,Store Intent,Progress Video H,iOS,APAC,False,active,True
2025-09,SYN-202509-D00242,SYN-202509-P00242,2025-09-29 00:43:00,Search Network,Search Value North,Reward Story B,Android,APAC,False,active,True
2025-09,SYN-202509-D00243,SYN-202509-P00243,2025-09-08 22:38:00,Social Network,Social Gameplay,Playable Puzzle E,iOS,Western Europe,False,active,True
2025-09,SYN-202509-D00244,SYN-202509-P00244,2025-09-04 14:29:00,Store Search,Store Intent,Playable Puzzle H,iOS,APAC,False,active,True
2025-09,SYN-202509-D00245,SYN-202509-P00245,2025-09-07 16:01:00,Game Network,Playable Broad,Progress Video C,iOS,APAC,False,active,True
2025-09,SYN-202509-D00246,SYN-202509-P00246,2025-09-23 04:35:00,Game Network,Playable Premium,Progress Video D,iOS,Western Europe,False,active,True
2025-09,SYN-202509-D00247,SYN-202509-P00247,2025-09-22 13:30:00,Game Network,Playable Premium,Reward Story D,iOS,North America,False,active,True
2025-09,SYN-202509-D00248,SYN-202509-P00248,2025-09-26 17:22:00,Store Search,Store Intent,Progress Video H,iOS,LATAM,False,active,True
2025-09,SYN-202509-D00249,SYN-202509-P00249,2025-09-02 22:17:00,Store Search,Store Intent,Playable Puzzle H,iOS,Western Europe,False,active,True
2025-09,SYN-202509-D00250,SYN-202509-P00250,2025-09-11 14:29:00,Search Network,Search Value North,Reward Story B,Android,Western Europe,False,active,True
2025-09,SYN-202509-D00251,SYN-202509-P00251,2025-09-17 16:59:00,Game Network,Playable Broad,Playable Puzzle C,iOS,Western Europe,False,active,True
2025-09,SYN-202509-D00253,SYN-202509-P00253,2025-09-19 19:48:00,Social Network,Social Gameplay,Reward Story E,iOS,North America,False,active,True
2025-09,SYN-202509-D00254,SYN-202509-P00254,2025-09-10 08:06:00,Game Network,Playable Broad,Progress Video C,iOS,APAC,False,active,True
2025-09,SYN-202509-D00255,SYN-202509-P00255,2025-09-28 09:18:00,Game Network,Playable Premium,Playable Puzzle D,iOS,APAC,False,active,True
2025-09,SYN-202509-D00256,SYN-202509-P00256,2025-09-21 10:30:00,Store Search,Store Intent,Progress Video H,iOS,APAC,False,active,True
2025-09,SYN-202509-D00257,SYN-202509-P00257,2025-09-02 00:47:00,Social Network,Social Gameplay,Progress Video E,iOS,APAC,False,active,True
2025-09,SYN-202509-D00258,SYN-202509-P00258,2025-09-21 07:02:00,Social Network,Social Gameplay,Playable Puzzle E,iOS,LATAM,False,active,True
2025-09,SYN-202509-D00259,SYN-202509-P00259,2025-09-14 09:47:00,Social Network,Social Gameplay,Playable Puzzle E,iOS,North America,False,active,False
2025-09,SYN-202509-D00260,SYN-202509-P00260,2025-09-26 21:17:00,Game Network,Playable Broad,Playable Puzzle C,iOS,Western Europe,False,active,True
2025-09,SYN-202509-D00261,SYN-202509-P00261,2025-09-07 16:37:00,Social Network,Social Lifestyle,Playable Puzzle F,iOS,APAC,False,stopped,True
2025-09,SYN-202509-D00262,SYN-202509-P00262,2025-09-07 16:33:00,Social Network,Social Lifestyle,Reward Story F,iOS,Western Europe,False,stopped,True
2025-09,SYN-202509-D00263,SYN-202509-P00263,2025-09-27 20:49:00,Search Network,Search Value Global,Reward Story A,Android,Western Europe,False,active,True
2025-09,SYN-202509-D00264,SYN-202509-P00264,2025-09-11 02:56:00,Game Network,Playable Broad,Progress Video C,iOS,APAC,False,active,True
2025-09,SYN-202509-D00265,SYN-202509-P00265,2025-09-21 21:34:00,Store Search,Store Intent,Reward Story H,iOS,North America,False,active,True
2025-09,SYN-202509-D00266,SYN-202509-P00266,2025-09-09 10:00:00,Social Network,Social Lifestyle,Playable Puzzle F,iOS,North America,False,stopped,True
2025-09,SYN-202509-D00267,SYN-202509-P00267,2025-09-23 06:47:00,Search Network,Search Value North,Progress Video B,Android,North America,False,active,True
2025-09,SYN-202509-D00268,SYN-202509-P00268,2025-09-30 04:30:00,Search Network,Search Value Global,Playable Puzzle A,Android,LATAM,False,active,True
2025-09,SYN-202509-D00269,SYN-202509-P00269,2025-09-28 05:49:00,Search Network,Search Value Global,Playable Puzzle A,Android,Western Europe,False,active,True
2025-09,SYN-202509-D00270,SYN-202509-P00270,2025-09-11 20:49:00,Social Network,Social Gameplay,Progress Video E,iOS,APAC,False,active,True
2025-09,SYN-202509-D00271,SYN-202509-P00271,2025-09-14 09:54:00,Game Network,Playable Broad,Reward Story C,iOS,Western Europe,False,active,True
2025-09,SYN-202509-D00272,SYN-202509-P00272,2025-09-10 03:14:00,Search Network,Search Value North,Progress Video B,Android,Western Europe,False,active,True
2025-09,SYN-202509-D00273,SYN-202509-P00273,2025-09-10 01:29:00,Game Network,Playable Premium,Progress Video D,iOS,LATAM,False,active,True
2025-09,SYN-202509-D00274,SYN-202509-P00274,2025-09-27 13:08:00,Social Network,Social Gameplay,Progress Video E,iOS,Western Europe,False,active,True
2025-09,SYN-202509-D00275,SYN-202509-P00275,2025-09-02 02:54:00,Social Network,Social Lifestyle,Reward Story F,iOS,Western Europe,False,stopped,True
2025-09,SYN-202509-D00276,SYN-202509-P00276,2025-09-25 14:00:00,Social Network,Social Gameplay,Playable Puzzle E,iOS,North America,False,active,True
2025-09,SYN-202509-D00277,SYN-202509-P00277,2025-09-21 13:03:00,Game Network,Playable Broad,Playable Puzzle C,iOS,Western Europe,False,active,True
2025-09,SYN-202509-D00278,SYN-202509-P00278,2025-09-08 07:09:00,Search Network,Search Value Global,Reward Story A,Android,Western Europe,False,active,True
2025-09,SYN-202509-D00279,SYN-202509-P00279,2025-09-13 06:52:00,Social Network,Social Gameplay,Playable Puzzle E,iOS,APAC,False,active,True
2025-09,SYN-202509-D00280,SYN-202509-P00280,2025-09-01 02:21:00,Game Network,Playable Broad,Reward Story C,iOS,Western Europe,False,active,True
2025-09,SYN-202509-D00281,SYN-202509-P00281,2025-09-20 13:06:00,Search Network,Search Value Global,Playable Puzzle A,Android,North America,False,active,True
2025-09,SYN-202509-D00282,SYN-202509-P00282,2025-09-02 20:33:00,Social Network,Social Gameplay,Progress Video E,iOS,APAC,False,active,True
2025-09,SYN-202509-D00283,SYN-202509-P00283,2025-09-15 01:57:00,Search Network,Search Value North,Reward Story B,Android,North America,False,active,True
2025-09,SYN-202509-D00284,SYN-202509-P00284,2025-09-09 04:17:00,Store Search,Store Intent,Progress Video H,iOS,North America,False,active,True
2025-09,SYN-202509-D00285,SYN-202509-P00285,2025-09-23 05:32:00,Store Search,Store Intent,Progress Video H,iOS,LATAM,False,active,True
2025-09,SYN-202509-D00286,SYN-202509-P00286,2025-09-13 13:03:00,Social Network,Social Gameplay,Playable Puzzle E,iOS,APAC,False,active,True
2025-09,SYN-202509-D00287,SYN-202509-P00287,2025-09-10 01:43:00,Social Network,Social Gameplay,Playable Puzzle E,iOS,North America,False,active,True
2025-09,SYN-202509-D00288,SYN-202509-P00288,2025-09-02 09:17:00,Game Network,Playable Broad,Progress Video C,iOS,APAC,False,active,True
2025-09,SYN-202509-D00289,SYN-202509-P00289,2025-09-11 05:43:00,Search Network,Search Value Global,Reward Story A,Android,LATAM,False,active,True
2025-09,SYN-202509-D00290,SYN-202509-P00290,2025-09-07 04:30:00,Social Network,Social Lifestyle,Reward Story F,iOS,APAC,False,stopped,True
2025-09,SYN-202509-D00291,SYN-202509-P00291,2025-09-16 03:47:00,Game Network,Playable Premium,Reward Story D,iOS,North America,False,active,True
2025-09,SYN-202509-D00292,SYN-202509-P00292,2025-09-08 11:28:00,Discovery Network,Discovery Rewarded,Progress Video G,Android,Western Europe,False,stopped,True
2025-09,SYN-202509-D00294,SYN-202509-P00294,2025-09-25 12:46:00,Game Network,Playable Broad,Progress Video C,iOS,APAC,False,active,True
2025-09,SYN-202509-D00295,SYN-202509-P00295,2025-09-02 13:05:00,Game Network,Playable Premium,Playable Puzzle D,iOS,APAC,False,active,True
2025-09,SYN-202509-D00296,SYN-202509-P00296,2025-09-09 03:39:00,Social Network,Social Gameplay,Playable Puzzle E,iOS,Western Europe,False,active,True
2025-09,SYN-202509-D00297,SYN-202509-P00297,2025-09-02 01:02:00,Store Search,Store Intent,Progress Video H,iOS,LATAM,False,active,True
2025-09,SYN-202509-D00298,SYN-202509-P00298,2025-09-14 00:08:00,Game Network,Playable Broad,Playable Puzzle C,iOS,North America,False,active,True
2025-09,SYN-202509-D00299,SYN-202509-P00299,2025-09-21 10:44:00,Game Network,Playable Broad,Playable Puzzle C,iOS,Western Europe,False,active,True
2025-09,SYN-202509-D00300,SYN-202509-P00300,2025-09-04 05:39:00,Store Search,Store Intent,Playable Puzzle H,iOS,North America,False,active,True
2025-09,SYN-202509-D00301,SYN-202509-P00301,2025-09-22 18:26:00,Store Search,Store Intent,Progress Video H,iOS,Western Europe,False,active,True
2025-09,SYN-202509-D00302,SYN-202509-P00302,2025-09-13 21:36:00,Social Network,Social Gameplay,Playable Puzzle E,iOS,LATAM,False,active,True
2025-09,SYN-202509-D00303,SYN-202509-P00303,2025-09-08 22:23:00,Game Network,Playable Premium,Playable Puzzle D,iOS,North America,False,active,True
2025-09,SYN-202509-D00304,SYN-202509-P00304,2025-09-15 20:26:00,Store Search,Store Intent,Reward Story H,iOS,APAC,False,active,True
2025-09,SYN-202509-D00305,SYN-202509-P00305,2025-09-04 04:51:00,Social Network,Social Gameplay,Reward Story E,iOS,APAC,False,active,True
2025-09,SYN-202509-D00306,SYN-202509-P00306,2025-09-22 06:11:00,Search Network,Search Value North,Progress Video B,Android,North America,False,active,True
2025-09,SYN-202509-D00307,SYN-202509-P00307,2025-09-09 01:38:00,Store Search,Store Intent,Progress Video H,iOS,LATAM,False,active,True
2025-09,SYN-202509-D00308,SYN-202509-P00308,2025-09-25 12:48:00,Search Network,Search Value Global,Progress Video A,Android,North America,False,active,True
2025-09,SYN-202509-D00309,SYN-202509-P00309,2025-09-09 00:38:00,Game Network,Playable Broad,Playable Puzzle C,iOS,APAC,False,active,False
2025-09,SYN-202509-D00310,SYN-202509-P00310,2025-09-10 21:23:00,Game Network,Playable Premium,Progress Video D,iOS,APAC,False,active,True
2025-09,SYN-202509-D00311,SYN-202509-P00311,2025-09-21 08:09:00,Search Network,Search Value North,Reward Story B,Android,North America,False,active,True
2025-09,SYN-202509-D00312,SYN-202509-P00312,2025-09-05 22:42:00,Search Network,Search Value Global,Playable Puzzle A,Android,North America,False,active,True
2025-09,SYN-202509-D00313,SYN-202509-P00313,2025-09-16 23:22:00,Game Network,Playable Premium,Playable Puzzle D,iOS,Western Europe,False,active,False
2025-09,SYN-202509-D00314,SYN-202509-P00314,2025-09-19 17:07:00,Game Network,Playable Broad,Reward Story C,iOS,APAC,False,active,True
2025-09,SYN-202509-D00315,SYN-202509-P00315,2025-09-05 07:43:00,Search Network,Search Value North,Playable Puzzle B,Android,APAC,False,active,True
2025-09,SYN-202509-D00316,SYN-202509-P00316,2025-09-08 06:11:00,Store Search,Store Intent,Progress Video H,iOS,North America,False,active,True
2025-09,SYN-202509-D00317,SYN-202509-P00317,2025-09-11 17:22:00,Search Network,Search Value North,Playable Puzzle B,Android,APAC,False,active,True
2025-09,SYN-202509-D00318,SYN-202509-P00318,2025-09-25 17:58:00,Social Network,Social Gameplay,Reward Story E,iOS,APAC,False,active,True
2025-09,SYN-202509-D00319,SYN-202509-P00319,2025-09-14 04:35:00,Store Search,Store Intent,Reward Story H,iOS,LATAM,False,active,True
2025-09,SYN-202509-D00320,SYN-202509-P00320,2025-09-07 11:41:00,Game Network,Playable Premium,Progress Video D,iOS,Western Europe,False,active,True
2025-09,SYN-202509-D00321,SYN-202509-P00321,2025-09-03 19:25:00,Game Network,Playable Premium,Progress Video D,iOS,North America,False,active,False
2025-09,SYN-202509-D00322,SYN-202509-P00322,2025-09-11 08:21:00,Game Network,Playable Broad,Playable Puzzle C,iOS,Western Europe,False,active,True
2025-09,SYN-202509-D00323,SYN-202509-P00323,2025-09-23 21:11:00,Game Network,Playable Broad,Reward Story C,iOS,APAC,False,active,True
2025-09,SYN-202509-D00324,SYN-202509-P00324,2025-09-27 14:40:00,Game Network,Playable Broad,Progress Video C,iOS,APAC,False,active,True
2025-09,SYN-202509-D00326,SYN-202509-P00326,2025-09-29 09:22:00,Store Search,Store Intent,Progress Video H,iOS,North America,False,active,True
2025-09,SYN-202509-D00327,SYN-202509-P00327,2025-09-20 06:41:00,Social Network,Social Gameplay,Progress Video E,iOS,Western Europe,False,active,False
2025-09,SYN-202509-D00328,SYN-202509-P00328,2025-09-27 17:08:00,Game Network,Playable Broad,Progress Video C,iOS,Western Europe,False,active,True
2025-09,SYN-202509-D00329,SYN-202509-P00329,2025-09-03 22:55:00,Social Network,Social Lifestyle,Progress Video F,iOS,APAC,False,stopped,True
2025-09,SYN-202509-D00330,SYN-202509-P00330,2025-09-08 18:32:00,Search Network,Search Value Global,Progress Video A,Android,Western Europe,False,active,True
2025-09,SYN-202509-D00331,SYN-202509-P00331,2025-09-30 11:33:00,Search Network,Search Value North,Progress Video B,Android,Western Europe,False,active,True
2025-09,SYN-202509-D00332,SYN-202509-P00332,2025-09-05 02:35:00,Game Network,Playable Premium,Playable Puzzle D,iOS,North America,False,active,True
2025-09,SYN-202509-D00333,SYN-202509-P00333,2025-09-10 22:05:00,Discovery Network,Discovery Rewarded,Playable Puzzle G,Android,APAC,False,stopped,True
2025-09,SYN-202509-D00334,SYN-202509-P00334,2025-09-19 04:37:00,Game Network,Playable Broad,Reward Story C,iOS,Western Europe,False,active,True
2025-09,SYN-202509-D00335,SYN-202509-P00335,2025-09-19 03:45:00,Store Search,Store Intent,Playable Puzzle H,iOS,Western Europe,False,active,True
2025-09,SYN-202509-D00336,SYN-202509-P00336,2025-09-21 03:00:00,Store Search,Store Intent,Progress Video H,iOS,North America,False,active,True
2025-09,SYN-202509-D00337,SYN-202509-P00337,2025-09-01 16:38:00,Search Network,Search Value North,Reward Story B,Android,North America,False,active,True
2025-09,SYN-202509-D00338,SYN-202509-P00338,2025-09-23 18:46:00,Social Network,Social Gameplay,Playable Puzzle E,iOS,APAC,False,active,True
2025-09,SYN-202509-D00339,SYN-202509-P00339,2025-09-25 13:01:00,Store Search,Store Intent,Reward Story H,iOS,North America,False,active,True
2025-09,SYN-202509-D00340,SYN-202509-P00340,2025-09-01 16:57:00,Store Search,Store Intent,Playable Puzzle H,iOS,North America,False,active,True
2025-09,SYN-202509-D00341,SYN-202509-P00341,2025-09-24 05:35:00,Store Search,Store Intent,Progress Video H,iOS,APAC,False,active,True
2025-09,SYN-202509-D00342,SYN-202509-P00342,2025-09-16 14:49:00,Store Search,Store Intent,Reward Story H,iOS,Western Europe,False,active,True
2025-09,SYN-202509-D00343,SYN-202509-P00343,2025-09-23 06:58:00,Game Network,Playable Premium,Progress Video D,iOS,LATAM,False,active,True
2025-09,SYN-202509-D00344,SYN-202509-P00344,2025-09-20 14:17:00,Social Network,Social Gameplay,Progress Video E,iOS,North America,False,active,True
2025-09,SYN-202509-D00345,SYN-202509-P00345,2025-09-12 05:50:00,Game Network,Playable Broad,Reward Story C,iOS,North America,False,active,False
2025-09,SYN-202509-D00346,SYN-202509-P00346,2025-09-21 09:31:00,Search Network,Search Value Global,Playable Puzzle A,Android,LATAM,False,active,True
2025-09,SYN-202509-D00347,SYN-202509-P00347,2025-09-17 12:39:00,Search Network,Search Value Global,Reward Story A,Android,Western Europe,False,active,True
2025-09,SYN-202509-D00348,SYN-202509-P00348,2025-09-06 05:31:00,Store Search,Store Intent,Reward Story H,iOS,APAC,False,active,True
2025-09,SYN-202509-D00349,SYN-202509-P00349,2025-09-28 07:39:00,Search Network,Search Value Global,Progress Video A,Android,Western Europe,False,active,True
2025-09,SYN-202509-D00350,SYN-202509-P00350,2025-09-13 23:18:00,Search Network,Search Value North,Playable Puzzle B,Android,Western Europe,False,active,False
2025-09,SYN-202509-D00351,SYN-202509-P00351,2025-09-26 10:30:00,Social Network,Social Gameplay,Playable Puzzle E,iOS,APAC,False,active,True
2025-09,SYN-202509-D00352,SYN-202509-P00352,2025-09-20 19:21:00,Search Network,Search Value Global,Reward Story A,Android,North America,False,active,False
2025-09,SYN-202509-D00353,SYN-202509-P00353,2025-09-07 07:01:00,Store Search,Store Intent,Progress Video H,iOS,North America,False,active,True
2025-09,SYN-202509-D00354,SYN-202509-P00354,2025-09-09 00:22:00,Store Search,Store Intent,Playable Puzzle H,iOS,North America,False,active,True
2025-09,SYN-202509-D00355,SYN-202509-P00355,2025-09-26 12:17:00,Search Network,Search Value Global,Progress Video A,Android,North America,False,active,True
2025-09,SYN-202509-D00356,SYN-202509-P00356,2025-09-08 20:48:00,Search Network,Search Value North,Progress Video B,Android,LATAM,False,active,True
2025-09,SYN-202509-D00357,SYN-202509-P00357,2025-09-23 10:52:00,Game Network,Playable Broad,Reward Story C,iOS,APAC,False,active,True
2025-09,SYN-202509-D00358,SYN-202509-P00358,2025-09-15 05:42:00,Store Search,Store Intent,Progress Video H,iOS,LATAM,False,active,True
2025-09,SYN-202509-D00359,SYN-202509-P00359,2025-09-28 05:28:00,Search Network,Search Value Global,Playable Puzzle A,Android,North America,False,active,True
2025-09,SYN-202509-D00360,SYN-202509-P00360,2025-09-03 20:59:00,Game Network,Playable Broad,Progress Video C,iOS,North America,False,active,True
2025-09,SYN-202509-D00361,SYN-202509-P00361,2025-09-04 14:07:00,Discovery Network,Discovery Rewarded,Progress Video G,Android,North America,False,stopped,True
2025-09,SYN-202509-D00362,SYN-202509-P00362,2025-09-16 09:07:00,Game Network,Playable Broad,Playable Puzzle C,iOS,LATAM,False,active,True
2025-09,SYN-202509-D00363,SYN-202509-P00363,2025-09-01 19:59:00,Store Search,Store Intent,Progress Video H,iOS,Western Europe,False,active,True
2025-09,SYN-202509-D00364,SYN-202509-P00364,2025-09-21 09:33:00,Store Search,Store Intent,Progress Video H,iOS,North America,False,active,True
2025-09,SYN-202509-D00365,SYN-202509-P00365,2025-09-15 15:58:00,Store Search,Store Intent,Reward Story H,iOS,Western Europe,False,active,True
2025-09,SYN-202509-D00366,SYN-202509-P00366,2025-09-11 04:48:00,Game Network,Playable Premium,Progress Video D,iOS,North America,False,active,True
2025-09,SYN-202509-D00367,SYN-202509-P00367,2025-09-15 19:07:00,Game Network,Playable Premium,Reward Story D,iOS,Western Europe,False,active,True
2025-09,SYN-202509-D00368,SYN-202509-P00368,2025-09-02 11:05:00,Store Search,Store Intent,Progress Video H,iOS,APAC,False,active,True
2025-09,SYN-202509-D00369,SYN-202509-P00369,2025-09-29 08:26:00,Game Network,Playable Broad,Progress Video C,iOS,APAC,False,active,False
2025-09,SYN-202509-D00370,SYN-202509-P00370,2025-09-06 01:05:00,Store Search,Store Intent,Playable Puzzle H,iOS,North America,False,active,True
2025-09,SYN-202509-D00371,SYN-202509-P00371,2025-09-24 16:34:00,Social Network,Social Gameplay,Progress Video E,iOS,North America,False,active,True
2025-09,SYN-202509-D00372,SYN-202509-P00372,2025-09-16 15:33:00,Game Network,Playable Broad,Reward Story C,iOS,Western Europe,False,active,True
2025-09,SYN-202509-D00373,SYN-202509-P00373,2025-09-25 01:23:00,Game Network,Playable Broad,Reward Story C,iOS,Western Europe,False,active,True
2025-09,SYN-202509-D00374,SYN-202509-P00374,2025-09-17 11:10:00,Game Network,Playable Premium,Playable Puzzle D,iOS,North America,False,active,True
2025-09,SYN-202509-D00375,SYN-202509-P00375,2025-09-18 17:37:00,Game Network,Playable Premium,Playable Puzzle D,iOS,North America,False,active,True
2025-09,SYN-202509-D00376,SYN-202509-P00376,2025-09-14 13:32:00,Game Network,Playable Broad,Progress Video C,iOS,Western Europe,False,active,True
2025-09,SYN-202509-D00377,SYN-202509-P00377,2025-09-25 14:09:00,Game Network,Playable Broad,Progress Video C,iOS,Western Europe,False,active,True
2025-09,SYN-202509-D00378,SYN-202509-P00378,2025-09-21 02:40:00,Game Network,Playable Broad,Playable Puzzle C,iOS,APAC,False,active,True
2025-09,SYN-202509-D00379,SYN-202509-P00379,2025-09-10 13:35:00,Game Network,Playable Broad,Playable Puzzle C,iOS,Western Europe,False,active,True
2025-09,SYN-202509-D00380,SYN-202509-P00380,2025-09-30 19:29:00,Game Network,Playable Broad,Reward Story C,iOS,North America,False,active,True
2025-09,SYN-202509-D00381,SYN-202509-P00381,2025-09-05 07:00:00,Social Network,Social Gameplay,Progress Video E,iOS,North America,False,active,True
2025-09,SYN-202509-D00382,SYN-202509-P00382,2025-09-28 03:15:00,Social Network,Social Gameplay,Playable Puzzle E,iOS,North America,False,active,True
2025-09,SYN-202509-D00383,SYN-202509-P00383,2025-09-11 15:00:00,Game Network,Playable Premium,Reward Story D,iOS,APAC,False,active,True
2025-09,SYN-202509-D00384,SYN-202509-P00384,2025-09-04 15:55:00,Store Search,Store Intent,Progress Video H,iOS,North America,False,active,True
2025-09,SYN-202509-D00385,SYN-202509-P00385,2025-09-14 03:35:00,Social Network,Social Gameplay,Reward Story E,iOS,APAC,False,active,True
2025-09,SYN-202509-D00386,SYN-202509-P00386,2025-09-09 07:34:00,Search Network,Search Value Global,Playable Puzzle A,Android,Western Europe,False,active,True
2025-09,SYN-202509-D00387,SYN-202509-P00387,2025-09-29 01:49:00,Search Network,Search Value North,Progress Video B,Android,North America,False,active,True
2025-09,SYN-202509-D00388,SYN-202509-P00388,2025-09-27 17:30:00,Game Network,Playable Broad,Playable Puzzle C,iOS,APAC,False,active,True
2025-09,SYN-202509-D00389,SYN-202509-P00389,2025-09-08 09:37:00,Store Search,Store Intent,Progress Video H,iOS,Western Europe,False,active,True
2025-09,SYN-202509-D00390,SYN-202509-P00390,2025-09-20 20:41:00,Game Network,Playable Broad,Progress Video C,iOS,LATAM,False,active,True
2025-09,SYN-202509-D00391,SYN-202509-P00391,2025-09-24 19:03:00,Game Network,Playable Premium,Progress Video D,iOS,Western Europe,False,active,False
2025-09,SYN-202509-D00392,SYN-202509-P00392,2025-09-16 20:35:00,Game Network,Playable Broad,Reward Story C,iOS,Western Europe,False,active,True
2025-09,SYN-202509-D00393,SYN-202509-P00393,2025-09-21 06:18:00,Social Network,Social Gameplay,Progress Video E,iOS,APAC,False,active,True
2025-09,SYN-202509-D00394,SYN-202509-P00394,2025-09-19 11:34:00,Search Network,Search Value Global,Progress Video A,Android,APAC,False,active,True
2025-09,SYN-202509-D00395,SYN-202509-P00395,2025-09-22 11:16:00,Store Search,Store Intent,Reward Story H,iOS,North America,False,active,True
2025-09,SYN-202509-D00396,SYN-202509-P00396,2025-09-30 00:01:00,Game Network,Playable Broad,Reward Story C,iOS,LATAM,False,active,True
2025-09,SYN-202509-D00397,SYN-202509-P00397,2025-09-11 13:41:00,Discovery Network,Discovery Rewarded,Playable Puzzle G,Android,North America,False,stopped,True
2025-09,SYN-202509-D00398,SYN-202509-P00398,2025-09-06 14:44:00,Search Network,Search Value North,Reward Story B,Android,APAC,False,active,True
2025-09,SYN-202509-D00399,SYN-202509-P00399,2025-09-02 02:35:00,Search Network,Search Value Global,Reward Story A,Android,Western Europe,False,active,True
2025-09,SYN-202509-D00400,SYN-202509-P00400,2025-09-04 09:34:00,Game Network,Playable Broad,Progress Video C,iOS,Western Europe,False,active,True
2025-09,SYN-202509-D00401,SYN-202509-P00401,2025-09-09 16:57:00,Store Search,Store Intent,Reward Story H,iOS,Western Europe,False,active,True
2025-09,SYN-202509-D00402,SYN-202509-P00402,2025-09-14 11:17:00,Game Network,Playable Premium,Progress Video D,iOS,APAC,False,active,True
2025-09,SYN-202509-D00403,SYN-202509-P00403,2025-09-05 02:15:00,Social Network,Social Lifestyle,Playable Puzzle F,iOS,North America,False,stopped,True
2025-09,SYN-202509-D00404,SYN-202509-P00404,2025-09-17 14:22:00,Store Search,Store Intent,Playable Puzzle H,iOS,APAC,False,active,True
2025-09,SYN-202509-D00405,SYN-202509-P00405,2025-09-27 18:42:00,Store Search,Store Intent,Progress Video H,iOS,Western Europe,False,active,True
2025-09,SYN-202509-D00406,SYN-202509-P00406,2025-09-16 22:24:00,Game Network,Playable Broad,Playable Puzzle C,iOS,APAC,False,active,True
2025-09,SYN-202509-D00407,SYN-202509-P00407,2025-09-06 06:13:00,Store Search,Store Intent,Reward Story H,iOS,APAC,False,active,True
2025-09,SYN-202509-D00408,SYN-202509-P00408,2025-09-24 14:59:00,Social Network,Social Gameplay,Reward Story E,iOS,North America,False,active,True
2025-09,SYN-202509-D00409,SYN-202509-P00409,2025-09-12 12:30:00,Store Search,Store Intent,Playable Puzzle H,iOS,LATAM,False,active,True
2025-09,SYN-202509-D00410,SYN-202509-P00410,2025-09-06 16:42:00,Game Network,Playable Broad,Progress Video C,iOS,Western Europe,False,active,True
2025-09,SYN-202509-D00411,SYN-202509-P00411,2025-09-26 22:36:00,Social Network,Social Gameplay,Playable Puzzle E,iOS,North America,False,active,True
2025-09,SYN-202509-D00412,SYN-202509-P00412,2025-09-24 05:18:00,Social Network,Social Gameplay,Playable Puzzle E,iOS,North America,False,active,True
2025-09,SYN-202509-D00413,SYN-202509-P00413,2025-09-01 03:44:00,Social Network,Social Gameplay,Progress Video E,iOS,APAC,False,active,True
2025-09,SYN-202509-D00414,SYN-202509-P00414,2025-09-08 03:37:00,Game Network,Playable Premium,Progress Video D,iOS,North America,False,active,True
2025-09,SYN-202509-D00415,SYN-202509-P00415,2025-09-14 09:13:00,Search Network,Search Value North,Playable Puzzle B,Android,LATAM,False,active,True
2025-09,SYN-202509-D00416,SYN-202509-P00416,2025-09-04 16:56:00,Search Network,Search Value North,Reward Story B,Android,APAC,False,active,True
2025-09,SYN-202509-D00417,SYN-202509-P00417,2025-09-29 17:33:00,Game Network,Playable Broad,Reward Story C,iOS,LATAM,False,active,True
2025-09,SYN-202509-D00418,SYN-202509-P00418,2025-09-02 07:05:00,Game Network,Playable Broad,Playable Puzzle C,iOS,North America,False,active,True
2025-09,SYN-202509-D00419,SYN-202509-P00419,2025-09-10 20:45:00,Game Network,Playable Broad,Playable Puzzle C,iOS,North America,False,active,True
2025-09,SYN-202509-D00420,SYN-202509-P00420,2025-09-09 09:56:00,Game Network,Playable Broad,Playable Puzzle C,iOS,North America,False,active,True
2025-09,SYN-202509-D00422,SYN-202509-P00422,2025-09-05 20:08:00,Game Network,Playable Broad,Reward Story C,iOS,APAC,False,active,True
2025-09,SYN-202509-D00423,SYN-202509-P00423,2025-09-30 03:51:00,Social Network,Social Gameplay,Playable Puzzle E,iOS,LATAM,False,active,True
2025-09,SYN-202509-D00424,SYN-202509-P00424,2025-09-23 16:36:00,Social Network,Social Gameplay,Reward Story E,iOS,LATAM,False,active,True
2025-09,SYN-202509-D00425,SYN-202509-P00425,2025-09-03 06:49:00,Game Network,Playable Premium,Reward Story D,iOS,APAC,False,active,True
2025-09,SYN-202509-D00426,SYN-202509-P00426,2025-09-12 19:24:00,Game Network,Playable Broad,Reward Story C,iOS,North America,False,active,True
2025-09,SYN-202509-D00427,SYN-202509-P00427,2025-09-13 04:17:00,Social Network,Social Gameplay,Playable Puzzle E,iOS,North America,False,active,True
2025-09,SYN-202509-D00428,SYN-202509-P00428,2025-09-29 19:43:00,Social Network,Social Gameplay,Reward Story E,iOS,Western Europe,False,active,True
2025-09,SYN-202509-D00429,SYN-202509-P00429,2025-09-15 10:28:00,Store Search,Store Intent,Playable Puzzle H,iOS,North America,False,active,True
2025-09,SYN-202509-D00430,SYN-202509-P00430,2025-09-08 23:04:00,Store Search,Store Intent,Progress Video H,iOS,APAC,False,active,True
2025-09,SYN-202509-D00431,SYN-202509-P00431,2025-09-25 15:15:00,Store Search,Store Intent,Reward Story H,iOS,North America,False,active,True
2025-09,SYN-202509-D00432,SYN-202509-P00432,2025-09-04 19:03:00,Game Network,Playable Premium,Reward Story D,iOS,North America,False,active,True
2025-09,SYN-202509-D00433,SYN-202509-P00433,2025-09-23 19:21:00,Social Network,Social Gameplay,Playable Puzzle E,iOS,Western Europe,False,active,True
2025-09,SYN-202509-D00434,SYN-202509-P00434,2025-09-22 04:24:00,Social Network,Social Gameplay,Playable Puzzle E,iOS,APAC,False,active,True
2025-09,SYN-202509-D00435,SYN-202509-P00435,2025-09-25 13:20:00,Search Network,Search Value Global,Reward Story A,Android,APAC,False,active,True
2025-09,SYN-202509-D00436,SYN-202509-P00436,2025-09-12 13:16:00,Discovery Network,Discovery Rewarded,Playable Puzzle G,Android,North America,False,stopped,True
2025-09,SYN-202509-D00437,SYN-202509-P00437,2025-09-06 23:38:00,Game Network,Playable Broad,Progress Video C,iOS,APAC,False,active,True
2025-09,SYN-202509-D00438,SYN-202509-P00438,2025-09-21 14:01:00,Game Network,Playable Premium,Playable Puzzle D,iOS,APAC,False,active,True
2025-09,SYN-202509-D00439,SYN-202509-P00439,2025-09-24 21:34:00,Search Network,Search Value Global,Progress Video A,Android,APAC,False,active,True
2025-09,SYN-202509-D00440,SYN-202509-P00440,2025-09-08 15:42:00,Store Search,Store Intent,Progress Video H,iOS,North America,False,active,True
2025-09,SYN-202509-D00441,SYN-202509-P00441,2025-09-22 13:07:00,Game Network,Playable Premium,Reward Story D,iOS,APAC,False,active,True
2025-09,SYN-202509-D00442,SYN-202509-P00442,2025-09-13 13:17:00,Store Search,Store Intent,Reward Story H,iOS,APAC,False,active,True
2025-09,SYN-202509-D00443,SYN-202509-P00443,2025-09-05 09:19:00,Game Network,Playable Premium,Playable Puzzle D,iOS,Western Europe,False,active,True
2025-09,SYN-202509-D00444,SYN-202509-P00444,2025-09-24 23:57:00,Search Network,Search Value North,Progress Video B,Android,APAC,False,active,True
2025-09,SYN-202509-D00445,SYN-202509-P00445,2025-09-23 12:21:00,Game Network,Playable Premium,Progress Video D,iOS,North America,False,active,True
2025-09,SYN-202509-D00446,SYN-202509-P00446,2025-09-19 21:16:00,Search Network,Search Value Global,Progress Video A,Android,Western Europe,False,active,True
2025-09,SYN-202509-D00447,SYN-202509-P00447,2025-09-18 06:53:00,Game Network,Playable Broad,Progress Video C,iOS,LATAM,False,active,True
2025-09,SYN-202509-D00448,SYN-202509-P00448,2025-09-12 10:14:00,Game Network,Playable Premium,Progress Video D,iOS,APAC,False,active,True
2025-09,SYN-202509-D00449,SYN-202509-P00449,2025-09-20 04:44:00,Game Network,Playable Broad,Progress Video C,iOS,North America,False,active,True
2025-09,SYN-202509-D00450,SYN-202509-P00450,2025-09-07 13:02:00,Game Network,Playable Broad,Playable Puzzle C,iOS,APAC,False,active,True
2025-09,SYN-202509-D00451,SYN-202509-P00451,2025-09-14 20:05:00,Social Network,Social Gameplay,Reward Story E,iOS,APAC,False,active,True
2025-09,SYN-202509-D00452,SYN-202509-P00452,2025-09-09 13:03:00,Search Network,Search Value Global,Reward Story A,Android,Western Europe,False,active,True
2025-09,SYN-202509-D00453,SYN-202509-P00453,2025-09-22 15:58:00,Game Network,Playable Premium,Playable Puzzle D,iOS,APAC,False,active,True
2025-09,SYN-202509-D00454,SYN-202509-P00454,2025-09-01 15:16:00,Social Network,Social Gameplay,Reward Story E,iOS,North America,False,active,True
2025-09,SYN-202509-D00455,SYN-202509-P00455,2025-09-19 07:06:00,Game Network,Playable Premium,Playable Puzzle D,iOS,Western Europe,False,active,True
2025-09,SYN-202509-D00456,SYN-202509-P00456,2025-09-30 13:09:00,Store Search,Store Intent,Playable Puzzle H,iOS,LATAM,False,active,True
2025-09,SYN-202509-D00457,SYN-202509-P00457,2025-09-19 12:00:00,Game Network,Playable Broad,Progress Video C,iOS,APAC,False,active,True
2025-09,SYN-202509-D00458,SYN-202509-P00458,2025-09-06 12:25:00,Game Network,Playable Premium,Playable Puzzle D,iOS,APAC,False,active,True
2025-09,SYN-202509-D00460,SYN-202509-P00460,2025-09-01 18:21:00,Store Search,Store Intent,Playable Puzzle H,iOS,North America,False,active,False
2025-09,SYN-202509-D00461,SYN-202509-P00461,2025-09-03 04:57:00,Search Network,Search Value Global,Progress Video A,Android,North America,False,active,True
2025-09,SYN-202509-D00462,SYN-202509-P00462,2025-09-14 01:53:00,Store Search,Store Intent,Progress Video H,iOS,APAC,False,active,True
2025-09,SYN-202509-D00463,SYN-202509-P00463,2025-09-14 23:22:00,Store Search,Store Intent,Reward Story H,iOS,North America,False,active,True
2025-09,SYN-202509-D00464,SYN-202509-P00464,2025-09-03 05:27:00,Game Network,Playable Broad,Reward Story C,iOS,Western Europe,False,active,True
2025-09,SYN-202509-D00465,SYN-202509-P00465,2025-09-30 06:14:00,Game Network,Playable Broad,Progress Video C,iOS,Western Europe,False,active,True
2025-09,SYN-202509-D00466,SYN-202509-P00466,2025-09-12 21:13:00,Discovery Network,Discovery Rewarded,Playable Puzzle G,Android,North America,False,stopped,True
2025-09,SYN-202509-D00467,SYN-202509-P00467,2025-09-01 16:12:00,Store Search,Store Intent,Playable Puzzle H,iOS,LATAM,False,active,True
2025-09,SYN-202509-D00468,SYN-202509-P00468,2025-09-01 09:17:00,Game Network,Playable Premium,Playable Puzzle D,iOS,APAC,False,active,True
2025-09,SYN-202509-D00469,SYN-202509-P00469,2025-09-05 10:36:00,Game Network,Playable Premium,Reward Story D,iOS,Western Europe,False,active,True
2025-09,SYN-202509-D00470,SYN-202509-P00470,2025-09-01 23:39:00,Social Network,Social Gameplay,Reward Story E,iOS,North America,False,active,True
2025-09,SYN-202509-D00471,SYN-202509-P00471,2025-09-08 02:03:00,Store Search,Store Intent,Reward Story H,iOS,Western Europe,False,active,True
2025-09,SYN-202509-D00472,SYN-202509-P00472,2025-09-09 20:55:00,Store Search,Store Intent,Reward Story H,iOS,APAC,False,active,True
2025-09,SYN-202509-D00473,SYN-202509-P00473,2025-09-11 08:10:00,Store Search,Store Intent,Playable Puzzle H,iOS,Western Europe,False,active,True
2025-09,SYN-202509-D00474,SYN-202509-P00474,2025-09-20 02:40:00,Game Network,Playable Broad,Reward Story C,iOS,Western Europe,False,active,True
2025-09,SYN-202509-D00475,SYN-202509-P00475,2025-09-11 04:34:00,Discovery Network,Discovery Rewarded,Reward Story G,Android,North America,False,stopped,True
2025-09,SYN-202509-D00476,SYN-202509-P00476,2025-09-27 11:44:00,Search Network,Search Value North,Progress Video B,Android,Western Europe,False,active,True
2025-09,SYN-202509-D00477,SYN-202509-P00477,2025-09-25 04:22:00,Store Search,Store Intent,Playable Puzzle H,iOS,APAC,False,active,False
2025-09,SYN-202509-D00478,SYN-202509-P00478,2025-09-14 18:34:00,Game Network,Playable Premium,Reward Story D,iOS,LATAM,False,active,True
2025-09,SYN-202509-D00479,SYN-202509-P00479,2025-09-07 12:10:00,Game Network,Playable Broad,Progress Video C,iOS,North America,False,active,True
2025-09,SYN-202509-D00480,SYN-202509-P00480,2025-09-15 22:02:00,Search Network,Search Value North,Progress Video B,Android,APAC,False,active,True
2025-09,SYN-202509-D00481,SYN-202509-P00481,2025-09-07 22:50:00,Search Network,Search Value North,Progress Video B,Android,APAC,False,active,True
2025-09,SYN-202509-D00482,SYN-202509-P00482,2025-09-14 01:07:00,Search Network,Search Value Global,Progress Video A,Android,North America,False,active,True
2025-09,SYN-202509-D00483,SYN-202509-P00483,2025-09-15 12:40:00,Store Search,Store Intent,Progress Video H,iOS,APAC,False,active,True
2025-09,SYN-202509-D00484,SYN-202509-P00484,2025-09-07 10:20:00,Search Network,Search Value North,Progress Video B,Android,APAC,False,active,True
2025-09,SYN-202509-D00485,SYN-202509-P00485,2025-09-19 18:39:00,Search Network,Search Value Global,Progress Video A,Android,APAC,False,active,True
2025-09,SYN-202509-D00486,SYN-202509-P00486,2025-09-01 21:26:00,Search Network,Search Value North,Playable Puzzle B,Android,Western Europe,False,active,True
2025-09,SYN-202509-D00487,SYN-202509-P00487,2025-09-19 16:20:00,Game Network,Playable Premium,Reward Story D,iOS,Western Europe,False,active,True
2025-09,SYN-202509-D00488,SYN-202509-P00488,2025-09-19 00:12:00,Game Network,Playable Premium,Playable Puzzle D,iOS,Western Europe,False,active,True
2025-09,SYN-202509-D00489,SYN-202509-P00489,2025-09-19 16:12:00,Social Network,Social Gameplay,Reward Story E,iOS,APAC,False,active,True
2025-09,SYN-202509-D00490,SYN-202509-P00490,2025-09-27 10:37:00,Game Network,Playable Premium,Reward Story D,iOS,North America,False,active,True
2025-09,SYN-202509-D00491,SYN-202509-P00491,2025-09-23 02:09:00,Store Search,Store Intent,Progress Video H,iOS,Western Europe,False,active,True
2025-09,SYN-202509-D00492,SYN-202509-P00492,2025-09-03 08:41:00,Game Network,Playable Broad,Reward Story C,iOS,APAC,False,active,True
2025-09,SYN-202509-D00493,SYN-202509-P00493,2025-09-13 02:37:00,Search Network,Search Value North,Reward Story B,Android,North America,False,active,True
2025-09,SYN-202509-D00494,SYN-202509-P00494,2025-09-18 10:50:00,Search Network,Search Value North,Progress Video B,Android,Western Europe,False,active,True
2025-09,SYN-202509-D00495,SYN-202509-P00495,2025-09-14 02:42:00,Game Network,Playable Broad,Playable Puzzle C,iOS,Western Europe,False,active,True
2025-09,SYN-202509-D00496,SYN-202509-P00496,2025-09-11 20:34:00,Game Network,Playable Broad,Playable Puzzle C,iOS,Western Europe,False,active,True
2025-09,SYN-202509-D00497,SYN-202509-P00497,2025-09-22 22:07:00,Search Network,Search Value North,Progress Video B,Android,North America,False,active,True
2025-09,SYN-202509-D00499,SYN-202509-P00499,2025-09-04 04:36:00,Game Network,Playable Premium,Playable Puzzle D,iOS,North America,False,active,True
2025-09,SYN-202509-D00500,SYN-202509-P00500,2025-09-23 06:22:00,Store Search,Store Intent,Progress Video H,iOS,LATAM,False,active,True
2025-09,SYN-202509-D00501,SYN-202509-P00501,2025-09-14 05:47:00,Search Network,Search Value North,Reward Story B,Android,APAC,False,active,True
2025-09,SYN-202509-D00502,SYN-202509-P00502,2025-09-15 09:11:00,Social Network,Social Gameplay,Reward Story E,iOS,APAC,False,active,True
2025-09,SYN-202509-D00503,SYN-202509-P00503,2025-09-07 02:41:00,Search Network,Search Value Global,Playable Puzzle A,Android,North America,False,active,True
2025-09,SYN-202509-D00504,SYN-202509-P00504,2025-09-10 01:37:00,Search Network,Search Value Global,Progress Video A,Android,APAC,False,active,True
2025-09,SYN-202509-D00505,SYN-202509-P00505,2025-09-13 14:01:00,Search Network,Search Value North,Reward Story B,Android,Western Europe,False,active,True
2025-09,SYN-202509-D00506,SYN-202509-P00506,2025-09-29 14:12:00,Social Network,Social Gameplay,Playable Puzzle E,iOS,North America,False,active,True
2025-09,SYN-202509-D00507,SYN-202509-P00507,2025-09-06 22:04:00,Social Network,Social Gameplay,Reward Story E,iOS,North America,False,active,True
2025-09,SYN-202509-D00508,SYN-202509-P00508,2025-09-05 02:37:00,Game Network,Playable Premium,Playable Puzzle D,iOS,Western Europe,False,active,True
2025-09,SYN-202509-D00509,SYN-202509-P00509,2025-09-08 07:55:00,Social Network,Social Lifestyle,Reward Story F,iOS,North America,False,stopped,True
2025-09,SYN-202509-D00511,SYN-202509-P00511,2025-09-13 10:55:00,Game Network,Playable Broad,Playable Puzzle C,iOS,APAC,False,active,True
2025-09,SYN-202509-D00512,SYN-202509-P00512,2025-09-27 19:14:00,Search Network,Search Value North,Reward Story B,Android,North America,False,active,False
2025-09,SYN-202509-D00513,SYN-202509-P00513,2025-09-20 18:23:00,Search Network,Search Value North,Playable Puzzle B,Android,LATAM,False,active,False
2025-09,SYN-202509-D00514,SYN-202509-P00514,2025-09-11 09:46:00,Search Network,Search Value Global,Playable Puzzle A,Android,LATAM,False,active,True
2025-09,SYN-202509-D00515,SYN-202509-P00515,2025-09-14 16:03:00,Store Search,Store Intent,Reward Story H,iOS,APAC,False,active,True
2025-09,SYN-202509-D00516,SYN-202509-P00516,2025-09-09 04:10:00,Game Network,Playable Broad,Progress Video C,iOS,APAC,False,active,True
2025-09,SYN-202509-D00517,SYN-202509-P00517,2025-09-30 15:44:00,Game Network,Playable Premium,Reward Story D,iOS,Western Europe,False,active,True
2025-09,SYN-202509-D00518,SYN-202509-P00518,2025-09-25 07:11:00,Game Network,Playable Broad,Reward Story C,iOS,Western Europe,False,active,True
2025-09,SYN-202509-D00519,SYN-202509-P00519,2025-09-27 00:10:00,Search Network,Search Value Global,Reward Story A,Android,Western Europe,False,active,True
2025-09,SYN-202509-D00520,SYN-202509-P00520,2025-09-30 08:41:00,Game Network,Playable Broad,Playable Puzzle C,iOS,Western Europe,False,active,True
2025-09,SYN-202509-D00521,SYN-202509-P00521,2025-09-20 15:05:00,Search Network,Search Value Global,Reward Story A,Android,North America,False,active,True
2025-09,SYN-202509-D00522,SYN-202509-P00522,2025-09-26 08:24:00,Game Network,Playable Broad,Reward Story C,iOS,APAC,False,active,True
2025-09,SYN-202509-D00523,SYN-202509-P00523,2025-09-02 07:44:00,Store Search,Store Intent,Reward Story H,iOS,Western Europe,False,active,True
2025-09,SYN-202509-D00524,SYN-202509-P00524,2025-09-04 15:25:00,Game Network,Playable Premium,Reward Story D,iOS,Western Europe,False,active,True
2025-09,SYN-202509-D00525,SYN-202509-P00525,2025-09-24 23:17:00,Game Network,Playable Broad,Playable Puzzle C,iOS,Western Europe,False,active,True
2025-09,SYN-202509-D00526,SYN-202509-P00526,2025-09-10 20:38:00,Game Network,Playable Premium,Reward Story D,iOS,APAC,False,active,True
2025-09,SYN-202509-D00527,SYN-202509-P00527,2025-09-09 21:52:00,Game Network,Playable Premium,Playable Puzzle D,iOS,LATAM,False,active,True
2025-09,SYN-202509-D00528,SYN-202509-P00528,2025-09-11 10:26:00,Game Network,Playable Premium,Progress Video D,iOS,North America,False,active,True
2025-09,SYN-202509-D00529,SYN-202509-P00529,2025-09-15 08:34:00,Social Network,Social Lifestyle,Reward Story F,iOS,North America,False,stopped,True
2025-09,SYN-202509-D00530,SYN-202509-P00530,2025-09-21 15:07:00,Game Network,Playable Premium,Progress Video D,iOS,North America,False,active,True
2025-09,SYN-202509-D00531,SYN-202509-P00531,2025-09-25 10:31:00,Store Search,Store Intent,Playable Puzzle H,iOS,LATAM,False,active,True
2025-09,SYN-202509-D00532,SYN-202509-P00532,2025-09-23 22:54:00,Social Network,Social Gameplay,Playable Puzzle E,iOS,Western Europe,False,active,True
2025-09,SYN-202509-D00533,SYN-202509-P00533,2025-09-06 09:11:00,Social Network,Social Lifestyle,Progress Video F,iOS,Western Europe,False,stopped,True
2025-09,SYN-202509-D00534,SYN-202509-P00534,2025-09-04 14:13:00,Game Network,Playable Broad,Reward Story C,iOS,North America,False,active,True
2025-09,SYN-202509-D00535,SYN-202509-P00535,2025-09-05 05:56:00,Store Search,Store Intent,Playable Puzzle H,iOS,APAC,False,active,False
2025-09,SYN-202509-D00536,SYN-202509-P00536,2025-09-25 08:55:00,Store Search,Store Intent,Reward Story H,iOS,APAC,False,active,True
2025-09,SYN-202509-D00537,SYN-202509-P00537,2025-09-02 05:50:00,Search Network,Search Value Global,Playable Puzzle A,Android,Western Europe,False,active,True
2025-09,SYN-202509-D00538,SYN-202509-P00538,2025-09-17 03:30:00,Store Search,Store Intent,Playable Puzzle H,iOS,North America,False,active,True
2025-09,SYN-202509-D00539,SYN-202509-P00539,2025-09-07 11:01:00,Social Network,Social Gameplay,Playable Puzzle E,iOS,APAC,False,active,True
2025-09,SYN-202509-D00540,SYN-202509-P00540,2025-09-05 14:30:00,Social Network,Social Gameplay,Reward Story E,iOS,North America,False,active,True
2025-09,SYN-202509-D00541,SYN-202509-P00541,2025-09-08 19:36:00,Game Network,Playable Broad,Progress Video C,iOS,APAC,False,active,True
2025-09,SYN-202509-D00542,SYN-202509-P00542,2025-09-26 00:52:00,Game Network,Playable Broad,Playable Puzzle C,iOS,North America,False,active,True
2025-09,SYN-202509-D00543,SYN-202509-P00543,2025-09-11 14:40:00,Game Network,Playable Broad,Progress Video C,iOS,Western Europe,False,active,True
2025-09,SYN-202509-D00544,SYN-202509-P00544,2025-09-04 23:10:00,Game Network,Playable Broad,Progress Video C,iOS,APAC,False,active,True
2025-09,SYN-202509-D00545,SYN-202509-P00545,2025-09-14 18:37:00,Search Network,Search Value Global,Reward Story A,Android,APAC,False,active,True
2025-09,SYN-202509-D00546,SYN-202509-P00546,2025-09-07 18:17:00,Game Network,Playable Broad,Progress Video C,iOS,APAC,False,active,True
2025-09,SYN-202509-D00547,SYN-202509-P00547,2025-09-02 16:39:00,Game Network,Playable Broad,Playable Puzzle C,iOS,North America,False,active,True
2025-09,SYN-202509-D00548,SYN-202509-P00548,2025-09-23 04:22:00,Social Network,Social Gameplay,Playable Puzzle E,iOS,APAC,False,active,True
2025-09,SYN-202509-D00549,SYN-202509-P00549,2025-09-15 04:18:00,Game Network,Playable Broad,Progress Video C,iOS,LATAM,False,active,True
2025-09,SYN-202509-D00550,SYN-202509-P00550,2025-09-08 17:18:00,Game Network,Playable Premium,Reward Story D,iOS,North America,False,active,True
2025-09,SYN-202509-D00551,SYN-202509-P00551,2025-09-02 11:31:00,Game Network,Playable Premium,Progress Video D,iOS,North America,False,active,False
2025-09,SYN-202509-D00552,SYN-202509-P00552,2025-09-23 05:05:00,Game Network,Playable Broad,Reward Story C,iOS,North America,False,active,True
2025-09,SYN-202509-D00553,SYN-202509-P00553,2025-09-17 03:01:00,Social Network,Social Gameplay,Reward Story E,iOS,North America,False,active,True
2025-09,SYN-202509-D00554,SYN-202509-P00554,2025-09-20 23:29:00,Store Search,Store Intent,Playable Puzzle H,iOS,APAC,False,active,True
2025-09,SYN-202509-D00555,SYN-202509-P00555,2025-09-22 20:21:00,Game Network,Playable Broad,Reward Story C,iOS,North America,False,active,True
2025-09,SYN-202509-D00557,SYN-202509-P00557,2025-09-30 05:29:00,Game Network,Playable Broad,Progress Video C,iOS,North America,False,active,True
2025-09,SYN-202509-D00558,SYN-202509-P00558,2025-09-07 07:45:00,Game Network,Playable Broad,Playable Puzzle C,iOS,North America,False,active,True
2025-09,SYN-202509-D00559,SYN-202509-P00559,2025-09-25 08:19:00,Social Network,Social Gameplay,Reward Story E,iOS,LATAM,False,active,True
2025-09,SYN-202509-D00560,SYN-202509-P00560,2025-09-23 19:33:00,Social Network,Social Gameplay,Reward Story E,iOS,North America,False,active,True
2025-09,SYN-202509-D00561,SYN-202509-P00561,2025-09-09 07:28:00,Social Network,Social Gameplay,Reward Story E,iOS,North America,False,active,True
2025-09,SYN-202509-D00562,SYN-202509-P00562,2025-09-17 03:39:00,Game Network,Playable Broad,Reward Story C,iOS,Western Europe,False,active,True
2025-09,SYN-202509-D00563,SYN-202509-P00563,2025-09-01 15:23:00,Search Network,Search Value North,Playable Puzzle B,Android,LATAM,False,active,True
2025-09,SYN-202509-D00564,SYN-202509-P00564,2025-09-10 11:24:00,Social Network,Social Lifestyle,Reward Story F,iOS,APAC,False,stopped,True
2025-09,SYN-202509-D00565,SYN-202509-P00565,2025-09-01 08:19:00,Social Network,Social Gameplay,Reward Story E,iOS,Western Europe,False,active,True
2025-09,SYN-202509-D00566,SYN-202509-P00566,2025-09-22 02:28:00,Social Network,Social Gameplay,Progress Video E,iOS,Western Europe,False,active,True
2025-09,SYN-202509-D00567,SYN-202509-P00567,2025-09-24 04:29:00,Social Network,Social Gameplay,Playable Puzzle E,iOS,APAC,False,active,True
2025-09,SYN-202509-D00569,SYN-202509-P00569,2025-09-09 14:16:00,Game Network,Playable Premium,Progress Video D,iOS,North America,False,active,True
2025-09,SYN-202509-D00570,SYN-202509-P00570,2025-09-09 05:13:00,Search Network,Search Value North,Playable Puzzle B,Android,LATAM,False,active,True
2025-09,SYN-202509-D00572,SYN-202509-P00572,2025-09-14 20:08:00,Store Search,Store Intent,Reward Story H,iOS,Western Europe,False,active,True
2025-09,SYN-202509-D00573,SYN-202509-P00573,2025-09-06 02:32:00,Social Network,Social Gameplay,Playable Puzzle E,iOS,North America,False,active,True
2025-09,SYN-202509-D00574,SYN-202509-P00574,2025-09-05 17:44:00,Store Search,Store Intent,Progress Video H,iOS,APAC,False,active,True
2025-09,SYN-202509-D00575,SYN-202509-P00575,2025-09-18 02:06:00,Search Network,Search Value Global,Progress Video A,Android,Western Europe,False,active,True
2025-09,SYN-202509-D00576,SYN-202509-P00576,2025-09-06 16:49:00,Discovery Network,Discovery Rewarded,Progress Video G,Android,North America,False,stopped,True
2025-09,SYN-202509-D00578,SYN-202509-P00578,2025-09-04 01:29:00,Store Search,Store Intent,Playable Puzzle H,iOS,North America,False,active,True
2025-09,SYN-202509-D00579,SYN-202509-P00579,2025-09-12 18:35:00,Store Search,Store Intent,Progress Video H,iOS,APAC,False,active,True
2025-09,SYN-202509-D00580,SYN-202509-P00580,2025-09-20 15:29:00,Search Network,Search Value Global,Playable Puzzle A,Android,Western Europe,False,active,True
2025-09,SYN-202509-D00581,SYN-202509-P00581,2025-09-12 09:31:00,Search Network,Search Value Global,Progress Video A,Android,North America,False,active,False
2025-09,SYN-202509-D00582,SYN-202509-P00582,2025-09-11 10:04:00,Game Network,Playable Premium,Reward Story D,iOS,Western Europe,False,active,True
2025-09,SYN-202509-D00583,SYN-202509-P00583,2025-09-12 02:41:00,Store Search,Store Intent,Progress Video H,iOS,North America,False,active,True
2025-09,SYN-202509-D00584,SYN-202509-P00584,2025-09-09 14:51:00,Game Network,Playable Premium,Progress Video D,iOS,Western Europe,False,active,True
2025-09,SYN-202509-D00585,SYN-202509-P00585,2025-09-23 14:55:00,Search Network,Search Value Global,Playable Puzzle A,Android,Western Europe,False,active,True
2025-09,SYN-202509-D00587,SYN-202509-P00587,2025-09-11 21:58:00,Game Network,Playable Broad,Progress Video C,iOS,North America,False,active,True
2025-09,SYN-202509-D00588,SYN-202509-P00588,2025-09-06 04:17:00,Store Search,Store Intent,Progress Video H,iOS,North America,False,active,True
2025-09,SYN-202509-D00589,SYN-202509-P00589,2025-09-27 12:13:00,Store Search,Store Intent,Reward Story H,iOS,APAC,False,active,True
2025-09,SYN-202509-D00590,SYN-202509-P00590,2025-09-24 02:22:00,Social Network,Social Gameplay,Reward Story E,iOS,APAC,False,active,True
2025-09,SYN-202509-D00591,SYN-202509-P00591,2025-09-30 22:41:00,Game Network,Playable Broad,Progress Video C,iOS,Western Europe,False,active,True
2025-09,SYN-202509-D00592,SYN-202509-P00592,2025-09-22 01:25:00,Store Search,Store Intent,Reward Story H,iOS,North America,False,active,True
2025-09,SYN-202509-D00593,SYN-202509-P00593,2025-09-20 20:16:00,Game Network,Playable Broad,Playable Puzzle C,iOS,APAC,False,active,True
2025-09,SYN-202509-D00594,SYN-202509-P00594,2025-09-07 02:21:00,Store Search,Store Intent,Playable Puzzle H,iOS,APAC,False,active,True
2025-09,SYN-202509-D00595,SYN-202509-P00595,2025-09-11 21:51:00,Store Search,Store Intent,Reward Story H,iOS,Western Europe,False,active,True
2025-09,SYN-202509-D00596,SYN-202509-P00596,2025-09-09 10:32:00,Social Network,Social Gameplay,Playable Puzzle E,iOS,LATAM,False,active,True
2025-09,SYN-202509-D00597,SYN-202509-P00597,2025-09-05 21:31:00,Search Network,Search Value North,Reward Story B,Android,LATAM,False,active,True
2025-09,SYN-202509-D00598,SYN-202509-P00598,2025-09-24 02:30:00,Social Network,Social Gameplay,Progress Video E,iOS,North America,False,active,True
2025-09,SYN-202509-D00600,SYN-202509-P00600,2025-09-02 02:43:00,Social Network,Social Lifestyle,Playable Puzzle F,iOS,North America,False,stopped,True
2025-09,SYN-202509-D00601,SYN-202509-P00601,2025-09-09 09:17:00,Game Network,Playable Broad,Reward Story C,iOS,North America,False,active,True
2025-09,SYN-202509-D00602,SYN-202509-P00602,2025-09-06 15:32:00,Social Network,Social Gameplay,Progress Video E,iOS,APAC,False,active,True
2025-09,SYN-202509-D00603,SYN-202509-P00603,2025-09-29 13:14:00,Search Network,Search Value Global,Reward Story A,Android,APAC,False,active,True
2025-09,SYN-202509-D00604,SYN-202509-P00604,2025-09-05 18:47:00,Discovery Network,Discovery Rewarded,Reward Story G,Android,North America,False,stopped,True
2025-09,SYN-202509-D00605,SYN-202509-P00605,2025-09-25 23:30:00,Social Network,Social Gameplay,Progress Video E,iOS,North America,False,active,True
2025-09,SYN-202509-D00607,SYN-202509-P00607,2025-09-09 07:10:00,Store Search,Store Intent,Reward Story H,iOS,LATAM,False,active,False
2025-09,SYN-202509-D00608,SYN-202509-P00608,2025-09-06 01:19:00,Social Network,Social Gameplay,Reward Story E,iOS,North America,False,active,True
2025-09,SYN-202509-D00609,SYN-202509-P00609,2025-09-19 02:39:00,Game Network,Playable Broad,Progress Video C,iOS,APAC,False,active,True
2025-09,SYN-202509-D00610,SYN-202509-P00610,2025-09-05 22:35:00,Game Network,Playable Broad,Playable Puzzle C,iOS,Western Europe,False,active,True
2025-09,SYN-202509-D00611,SYN-202509-P00611,2025-09-28 01:36:00,Search Network,Search Value North,Reward Story B,Android,North America,False,active,True
2025-09,SYN-202509-D00612,SYN-202509-P00612,2025-09-25 15:55:00,Social Network,Social Gameplay,Playable Puzzle E,iOS,North America,False,active,True
2025-09,SYN-202509-D00613,SYN-202509-P00613,2025-09-10 17:16:00,Game Network,Playable Broad,Progress Video C,iOS,Western Europe,False,active,True
2025-09,SYN-202509-D00614,SYN-202509-P00614,2025-09-27 18:27:00,Social Network,Social Gameplay,Progress Video E,iOS,North America,False,active,True
2025-09,SYN-202509-D00615,SYN-202509-P00615,2025-09-11 09:02:00,Game Network,Playable Premium,Playable Puzzle D,iOS,APAC,False,active,True
2025-09,SYN-202509-D00616,SYN-202509-P00616,2025-09-08 03:15:00,Game Network,Playable Broad,Progress Video C,iOS,Western Europe,False,active,True
2025-09,SYN-202509-D00617,SYN-202509-P00617,2025-09-11 00:07:00,Store Search,Store Intent,Playable Puzzle H,iOS,Western Europe,False,active,False
2025-09,SYN-202509-D00618,SYN-202509-P00618,2025-09-10 05:14:00,Social Network,Social Gameplay,Reward Story E,iOS,North America,False,active,True
2025-09,SYN-202509-D00619,SYN-202509-P00619,2025-09-21 12:48:00,Game Network,Playable Broad,Playable Puzzle C,iOS,North America,False,active,True
2025-09,SYN-202509-D00620,SYN-202509-P00620,2025-09-14 07:57:00,Search Network,Search Value North,Progress Video B,Android,LATAM,False,active,True
2025-09,SYN-202509-D00621,SYN-202509-P00621,2025-09-13 22:05:00,Search Network,Search Value North,Playable Puzzle B,Android,North America,False,active,True
2025-09,SYN-202509-D00622,SYN-202509-P00622,2025-09-27 15:09:00,Search Network,Search Value Global,Reward Story A,Android,North America,False,active,True
2025-09,SYN-202509-D00623,SYN-202509-P00623,2025-09-09 21:02:00,Game Network,Playable Premium,Reward Story D,iOS,Western Europe,False,active,True
2025-09,SYN-202509-D00624,SYN-202509-P00624,2025-09-01 11:03:00,Store Search,Store Intent,Reward Story H,iOS,LATAM,False,active,True
2025-09,SYN-202509-D00625,SYN-202509-P00625,2025-09-21 14:29:00,Game Network,Playable Premium,Playable Puzzle D,iOS,Western Europe,False,active,True
2025-09,SYN-202509-D00626,SYN-202509-P00626,2025-09-07 14:03:00,Social Network,Social Lifestyle,Progress Video F,iOS,APAC,False,stopped,True
2025-09,SYN-202509-D00627,SYN-202509-P00627,2025-09-05 16:52:00,Game Network,Playable Broad,Playable Puzzle C,iOS,Western Europe,False,active,True
2025-09,SYN-202509-D00628,SYN-202509-P00628,2025-09-22 21:04:00,Social Network,Social Gameplay,Playable Puzzle E,iOS,LATAM,False,active,False
2025-09,SYN-202509-D00629,SYN-202509-P00629,2025-09-26 18:40:00,Store Search,Store Intent,Reward Story H,iOS,North America,False,active,True
2025-09,SYN-202509-D00630,SYN-202509-P00630,2025-09-17 08:26:00,Game Network,Playable Premium,Progress Video D,iOS,North America,False,active,True
2025-09,SYN-202509-D00631,SYN-202509-P00631,2025-09-08 04:51:00,Discovery Network,Discovery Rewarded,Reward Story G,Android,APAC,False,stopped,True
2025-09,SYN-202509-D00632,SYN-202509-P00632,2025-09-08 22:17:00,Game Network,Playable Broad,Playable Puzzle C,iOS,LATAM,False,active,True
2025-09,SYN-202509-D00633,SYN-202509-P00633,2025-09-23 09:22:00,Game Network,Playable Broad,Progress Video C,iOS,APAC,False,active,True
2025-09,SYN-202509-D00634,SYN-202509-P00634,2025-09-15 19:42:00,Store Search,Store Intent,Reward Story H,iOS,North America,False,active,True
2025-09,SYN-202509-D00635,SYN-202509-P00635,2025-09-26 10:15:00,Search Network,Search Value North,Reward Story B,Android,APAC,False,active,True
2025-09,SYN-202509-D00636,SYN-202509-P00636,2025-09-03 15:01:00,Game Network,Playable Premium,Playable Puzzle D,iOS,APAC,False,active,True
2025-09,SYN-202509-D00637,SYN-202509-P00637,2025-09-09 09:05:00,Search Network,Search Value Global,Playable Puzzle A,Android,Western Europe,False,active,True
2025-09,SYN-202509-D00638,SYN-202509-P00638,2025-09-03 19:14:00,Game Network,Playable Premium,Reward Story D,iOS,LATAM,False,active,True
2025-09,SYN-202509-D00639,SYN-202509-P00639,2025-09-12 02:53:00,Game Network,Playable Broad,Playable Puzzle C,iOS,APAC,False,active,True
2025-09,SYN-202509-D00640,SYN-202509-P00640,2025-09-16 06:47:00,Game Network,Playable Premium,Progress Video D,iOS,Western Europe,False,active,True
2025-09,SYN-202509-D00641,SYN-202509-P00641,2025-09-07 10:36:00,Search Network,Search Value North,Playable Puzzle B,Android,APAC,False,active,True
2025-09,SYN-202509-D00642,SYN-202509-P00642,2025-09-06 08:42:00,Search Network,Search Value Global,Reward Story A,Android,APAC,False,active,True
2025-09,SYN-202509-D00643,SYN-202509-P00643,2025-09-05 05:07:00,Game Network,Playable Broad,Progress Video C,iOS,APAC,False,active,True
2025-09,SYN-202509-D00644,SYN-202509-P00644,2025-09-04 03:38:00,Search Network,Search Value North,Reward Story B,Android,Western Europe,False,active,True
2025-09,SYN-202509-D00645,SYN-202509-P00645,2025-09-29 19:00:00,Game Network,Playable Broad,Progress Video C,iOS,Western Europe,False,active,True
2025-09,SYN-202509-D00646,SYN-202509-P00646,2025-09-29 09:58:00,Store Search,Store Intent,Playable Puzzle H,iOS,North America,False,active,True
2025-09,SYN-202509-D00647,SYN-202509-P00647,2025-09-11 19:24:00,Game Network,Playable Broad,Progress Video C,iOS,Western Europe,False,active,True
2025-09,SYN-202509-D00648,SYN-202509-P00648,2025-09-09 20:48:00,Search Network,Search Value North,Playable Puzzle B,Android,LATAM,False,active,True
2025-09,SYN-202509-D00649,SYN-202509-P00649,2025-09-25 20:08:00,Game Network,Playable Broad,Reward Story C,iOS,APAC,False,active,True
2025-09,SYN-202509-D00650,SYN-202509-P00650,2025-09-18 05:27:00,Social Network,Social Gameplay,Reward Story E,iOS,Western Europe,False,active,True
2025-09,SYN-202509-D00651,SYN-202509-P00651,2025-09-08 14:31:00,Social Network,Social Gameplay,Playable Puzzle E,iOS,Western Europe,False,active,True
2025-09,SYN-202509-D00652,SYN-202509-P00652,2025-09-02 19:55:00,Discovery Network,Discovery Rewarded,Progress Video G,Android,APAC,False,stopped,True
2025-09,SYN-202509-D00653,SYN-202509-P00653,2025-09-11 13:56:00,Search Network,Search Value Global,Progress Video A,Android,APAC,False,active,True
2025-09,SYN-202509-D00654,SYN-202509-P00654,2025-09-18 13:51:00,Game Network,Playable Broad,Progress Video C,iOS,Western Europe,False,active,True
2025-09,SYN-202509-D00655,SYN-202509-P00655,2025-09-21 00:11:00,Store Search,Store Intent,Progress Video H,iOS,APAC,False,active,True
2025-09,SYN-202509-D00656,SYN-202509-P00656,2025-09-28 20:22:00,Game Network,Playable Broad,Playable Puzzle C,iOS,APAC,False,active,True
2025-09,SYN-202509-D00657,SYN-202509-P00657,2025-09-11 02:28:00,Search Network,Search Value North,Playable Puzzle B,Android,North America,False,active,True
2025-09,SYN-202509-D00658,SYN-202509-P00658,2025-09-25 14:10:00,Social Network,Social Gameplay,Playable Puzzle E,iOS,APAC,False,active,True
2025-09,SYN-202509-D00659,SYN-202509-P00659,2025-09-14 06:59:00,Store Search,Store Intent,Playable Puzzle H,iOS,North America,False,active,True
2025-09,SYN-202509-D00660,SYN-202509-P00660,2025-09-25 07:41:00,Search Network,Search Value North,Reward Story B,Android,Western Europe,False,active,True
2025-09,SYN-202509-D00661,SYN-202509-P00661,2025-09-08 23:51:00,Game Network,Playable Premium,Reward Story D,iOS,North America,False,active,True
2025-09,SYN-202509-D00662,SYN-202509-P00662,2025-09-05 12:17:00,Social Network,Social Gameplay,Reward Story E,iOS,APAC,False,active,True
2025-09,SYN-202509-D00663,SYN-202509-P00663,2025-09-22 22:23:00,Game Network,Playable Broad,Playable Puzzle C,iOS,APAC,False,active,True
2025-09,SYN-202509-D00664,SYN-202509-P00664,2025-09-28 10:49:00,Search Network,Search Value Global,Progress Video A,Android,North America,False,active,True
2025-09,SYN-202509-D00665,SYN-202509-P00665,2025-09-13 07:43:00,Game Network,Playable Premium,Progress Video D,iOS,Western Europe,False,active,True
2025-09,SYN-202509-D00666,SYN-202509-P00666,2025-09-13 04:32:00,Discovery Network,Discovery Rewarded,Progress Video G,Android,North America,False,stopped,True
2025-09,SYN-202509-D00667,SYN-202509-P00667,2025-09-24 02:58:00,Search Network,Search Value North,Playable Puzzle B,Android,North America,False,active,True
2025-09,SYN-202509-D00668,SYN-202509-P00668,2025-09-29 06:32:00,Social Network,Social Gameplay,Progress Video E,iOS,North America,False,active,True
2025-09,SYN-202509-D00669,SYN-202509-P00669,2025-09-20 19:18:00,Store Search,Store Intent,Reward Story H,iOS,Western Europe,False,active,True
2025-09,SYN-202509-D00670,SYN-202509-P00670,2025-09-30 09:41:00,Social Network,Social Gameplay,Reward Story E,iOS,Western Europe,False,active,True
2025-09,SYN-202509-D00671,SYN-202509-P00671,2025-09-26 06:09:00,Store Search,Store Intent,Progress Video H,iOS,APAC,False,active,True
2025-09,SYN-202509-D00672,SYN-202509-P00672,2025-09-12 02:59:00,Social Network,Social Lifestyle,Progress Video F,iOS,LATAM,False,stopped,True
2025-09,SYN-202509-D00673,SYN-202509-P00673,2025-09-05 10:02:00,Discovery Network,Discovery Rewarded,Reward Story G,Android,North America,False,stopped,True
2025-09,SYN-202509-D00674,SYN-202509-P00674,2025-09-05 11:06:00,Game Network,Playable Broad,Reward Story C,iOS,APAC,False,active,False
2025-09,SYN-202509-D00675,SYN-202509-P00675,2025-09-30 08:55:00,Social Network,Social Gameplay,Playable Puzzle E,iOS,North America,False,active,True
2025-09,SYN-202509-D00676,SYN-202509-P00676,2025-09-25 01:11:00,Game Network,Playable Broad,Reward Story C,iOS,APAC,False,active,True
2025-09,SYN-202509-D00677,SYN-202509-P00677,2025-09-14 22:33:00,Discovery Network,Discovery Rewarded,Reward Story G,Android,APAC,False,stopped,True
2025-09,SYN-202509-D00678,SYN-202509-P00678,2025-09-27 19:09:00,Social Network,Social Gameplay,Playable Puzzle E,iOS,APAC,False,active,True
2025-09,SYN-202509-D00679,SYN-202509-P00679,2025-09-15 23:31:00,Game Network,Playable Broad,Reward Story C,iOS,LATAM,False,active,True
2025-09,SYN-202509-D00680,SYN-202509-P00680,2025-09-05 23:36:00,Game Network,Playable Premium,Reward Story D,iOS,Western Europe,False,active,True
2025-09,SYN-202509-D00681,SYN-202509-P00681,2025-09-03 12:11:00,Store Search,Store Intent,Playable Puzzle H,iOS,APAC,False,active,True
2025-09,SYN-202509-D00682,SYN-202509-P00682,2025-09-02 11:38:00,Store Search,Store Intent,Progress Video H,iOS,APAC,False,active,True
2025-09,SYN-202509-D00683,SYN-202509-P00683,2025-09-12 14:33:00,Discovery Network,Discovery Rewarded,Progress Video G,Android,North America,False,stopped,True
2025-09,SYN-202509-D00684,SYN-202509-P00684,2025-09-30 03:40:00,Search Network,Search Value North,Progress Video B,Android,APAC,False,active,True
2025-09,SYN-202509-D00685,SYN-202509-P00685,2025-09-15 13:50:00,Store Search,Store Intent,Progress Video H,iOS,North America,False,active,True
2025-09,SYN-202509-D00686,SYN-202509-P00686,2025-09-17 10:51:00,Game Network,Playable Broad,Playable Puzzle C,iOS,North America,False,active,True
2025-09,SYN-202509-D00687,SYN-202509-P00687,2025-09-09 19:23:00,Social Network,Social Gameplay,Reward Story E,iOS,Western Europe,False,active,True
2025-09,SYN-202509-D00688,SYN-202509-P00688,2025-09-25 05:25:00,Search Network,Search Value North,Reward Story B,Android,APAC,False,active,True
2025-09,SYN-202509-D00689,SYN-202509-P00689,2025-09-07 19:39:00,Game Network,Playable Premium,Progress Video D,iOS,APAC,False,active,True
2025-09,SYN-202509-D00690,SYN-202509-P00690,2025-09-12 23:48:00,Store Search,Store Intent,Reward Story H,iOS,LATAM,False,active,True
2025-09,SYN-202509-D00691,SYN-202509-P00691,2025-09-04 03:00:00,Social Network,Social Gameplay,Progress Video E,iOS,North America,False,active,True
2025-09,SYN-202509-D00692,SYN-202509-P00692,2025-09-24 04:01:00,Game Network,Playable Broad,Reward Story C,iOS,LATAM,False,active,True
2025-09,SYN-202509-D00693,SYN-202509-P00693,2025-09-01 11:59:00,Game Network,Playable Broad,Progress Video C,iOS,LATAM,False,active,True
2025-09,SYN-202509-D00694,SYN-202509-P00694,2025-09-24 19:30:00,Game Network,Playable Broad,Progress Video C,iOS,LATAM,False,active,True
2025-09,SYN-202509-D00695,SYN-202509-P00695,2025-09-05 18:07:00,Game Network,Playable Broad,Reward Story C,iOS,Western Europe,False,active,True
2025-09,SYN-202509-D00696,SYN-202509-P00696,2025-09-05 10:41:00,Social Network,Social Gameplay,Reward Story E,iOS,North America,False,active,True
2025-09,SYN-202509-D00697,SYN-202509-P00697,2025-09-08 06:56:00,Social Network,Social Gameplay,Playable Puzzle E,iOS,Western Europe,False,active,True
2025-09,SYN-202509-D00698,SYN-202509-P00698,2025-09-27 10:54:00,Search Network,Search Value North,Reward Story B,Android,North America,False,active,True
2025-09,SYN-202509-D00699,SYN-202509-P00699,2025-09-26 14:34:00,Game Network,Playable Broad,Progress Video C,iOS,North America,False,active,True
2025-09,SYN-202509-D00700,SYN-202509-P00700,2025-09-22 05:25:00,Game Network,Playable Premium,Progress Video D,iOS,LATAM,False,active,True
2025-09,SYN-202509-D00701,SYN-202509-P00701,2025-09-21 08:17:00,Game Network,Playable Premium,Progress Video D,iOS,North America,False,active,True
2025-09,SYN-202509-D00702,SYN-202509-P00702,2025-09-20 23:24:00,Game Network,Playable Premium,Progress Video D,iOS,North America,False,active,True
2025-09,SYN-202509-D00703,SYN-202509-P00703,2025-09-30 08:46:00,Social Network,Social Gameplay,Reward Story E,iOS,North America,False,active,True
2025-09,SYN-202509-D00704,SYN-202509-P00704,2025-09-12 11:04:00,Social Network,Social Lifestyle,Playable Puzzle F,iOS,APAC,False,stopped,True
2025-09,SYN-202509-D00705,SYN-202509-P00705,2025-09-04 02:04:00,Search Network,Search Value North,Playable Puzzle B,Android,North America,False,active,True
2025-09,SYN-202509-D00706,SYN-202509-P00706,2025-09-19 21:51:00,Search Network,Search Value Global,Playable Puzzle A,Android,North America,False,active,True
2025-09,SYN-202509-D00707,SYN-202509-P00707,2025-09-11 23:44:00,Game Network,Playable Broad,Reward Story C,iOS,APAC,False,active,True
2025-09,SYN-202509-D00708,SYN-202509-P00708,2025-09-30 05:01:00,Game Network,Playable Broad,Reward Story C,iOS,APAC,False,active,True
2025-09,SYN-202509-D00709,SYN-202509-P00709,2025-09-10 09:57:00,Search Network,Search Value Global,Playable Puzzle A,Android,LATAM,False,active,True
2025-09,SYN-202509-D00710,SYN-202509-P00710,2025-09-14 08:31:00,Store Search,Store Intent,Progress Video H,iOS,APAC,False,active,True
2025-09,SYN-202509-D00711,SYN-202509-P00711,2025-09-29 05:25:00,Search Network,Search Value Global,Reward Story A,Android,APAC,False,active,True
2025-09,SYN-202509-D00712,SYN-202509-P00712,2025-09-04 04:01:00,Game Network,Playable Broad,Progress Video C,iOS,APAC,False,active,True
2025-09,SYN-202509-D00713,SYN-202509-P00713,2025-09-18 08:00:00,Game Network,Playable Broad,Playable Puzzle C,iOS,North America,False,active,True
2025-09,SYN-202509-D00714,SYN-202509-P00714,2025-09-03 10:48:00,Social Network,Social Lifestyle,Reward Story F,iOS,APAC,False,stopped,True
2025-09,SYN-202509-D00715,SYN-202509-P00715,2025-09-10 23:15:00,Social Network,Social Gameplay,Playable Puzzle E,iOS,North America,False,active,True
2025-09,SYN-202509-D00716,SYN-202509-P00716,2025-09-07 10:54:00,Social Network,Social Gameplay,Reward Story E,iOS,APAC,False,active,True
2025-09,SYN-202509-D00717,SYN-202509-P00717,2025-09-07 17:45:00,Discovery Network,Discovery Rewarded,Progress Video G,Android,APAC,False,stopped,True
2025-09,SYN-202509-D00718,SYN-202509-P00718,2025-09-21 09:11:00,Game Network,Playable Premium,Playable Puzzle D,iOS,North America,False,active,True
2025-09,SYN-202509-D00719,SYN-202509-P00719,2025-09-03 17:38:00,Search Network,Search Value North,Progress Video B,Android,APAC,False,active,True
2025-09,SYN-202509-D00720,SYN-202509-P00720,2025-09-03 23:46:00,Store Search,Store Intent,Reward Story H,iOS,North America,False,active,True
2025-09,SYN-202509-D00721,SYN-202509-P00721,2025-09-03 04:34:00,Social Network,Social Gameplay,Progress Video E,iOS,APAC,False,active,True
2025-09,SYN-202509-D00722,SYN-202509-P00722,2025-09-30 06:19:00,Search Network,Search Value Global,Progress Video A,Android,APAC,False,active,True
2025-09,SYN-202509-D00723,SYN-202509-P00723,2025-09-13 07:53:00,Game Network,Playable Broad,Progress Video C,iOS,North America,False,active,True
2025-09,SYN-202509-D00724,SYN-202509-P00724,2025-09-19 07:11:00,Game Network,Playable Broad,Progress Video C,iOS,North America,False,active,False
2025-09,SYN-202509-D00725,SYN-202509-P00725,2025-09-03 09:26:00,Search Network,Search Value North,Playable Puzzle B,Android,APAC,False,active,False
2025-09,SYN-202509-D00726,SYN-202509-P00726,2025-09-01 00:59:00,Game Network,Playable Broad,Progress Video C,iOS,North America,False,active,True
2025-09,SYN-202509-D00727,SYN-202509-P00727,2025-09-04 00:39:00,Social Network,Social Gameplay,Reward Story E,iOS,LATAM,False,active,True
2025-09,SYN-202509-D00728,SYN-202509-P00728,2025-09-02 06:17:00,Discovery Network,Discovery Rewarded,Playable Puzzle G,Android,North America,False,stopped,True
2025-09,SYN-202509-D00729,SYN-202509-P00729,2025-09-23 09:30:00,Search Network,Search Value Global,Reward Story A,Android,North America,False,active,True
2025-09,SYN-202509-D00730,SYN-202509-P00730,2025-09-13 19:18:00,Social Network,Social Lifestyle,Progress Video F,iOS,APAC,False,stopped,True
2025-09,SYN-202509-D00731,SYN-202509-P00731,2025-09-27 05:39:00,Store Search,Store Intent,Reward Story H,iOS,North America,False,active,True
2025-09,SYN-202509-D00732,SYN-202509-P00732,2025-09-20 01:03:00,Search Network,Search Value Global,Progress Video A,Android,APAC,False,active,True
2025-09,SYN-202509-D00733,SYN-202509-P00733,2025-09-16 14:42:00,Store Search,Store Intent,Playable Puzzle H,iOS,APAC,False,active,False
2025-09,SYN-202509-D00734,SYN-202509-P00734,2025-09-15 19:41:00,Discovery Network,Discovery Rewarded,Reward Story G,Android,Western Europe,False,stopped,True
2025-09,SYN-202509-D00735,SYN-202509-P00735,2025-09-10 09:10:00,Search Network,Search Value Global,Playable Puzzle A,Android,Western Europe,False,active,True
2025-09,SYN-202509-D00736,SYN-202509-P00736,2025-09-09 01:23:00,Game Network,Playable Premium,Progress Video D,iOS,Western Europe,False,active,True
2025-09,SYN-202509-D00737,SYN-202509-P00737,2025-09-16 10:49:00,Game Network,Playable Broad,Progress Video C,iOS,APAC,False,active,True
2025-09,SYN-202509-D00738,SYN-202509-P00738,2025-09-14 16:21:00,Social Network,Social Lifestyle,Reward Story F,iOS,North America,False,stopped,True
2025-09,SYN-202509-D00739,SYN-202509-P00739,2025-09-25 17:42:00,Search Network,Search Value Global,Reward Story A,Android,Western Europe,False,active,True
2025-09,SYN-202509-D00740,SYN-202509-P00740,2025-09-25 18:11:00,Game Network,Playable Broad,Reward Story C,iOS,North America,False,active,True
2025-09,SYN-202509-D00741,SYN-202509-P00741,2025-09-24 17:19:00,Search Network,Search Value North,Progress Video B,Android,Western Europe,False,active,True
2025-09,SYN-202509-D00742,SYN-202509-P00742,2025-09-11 03:35:00,Game Network,Playable Broad,Reward Story C,iOS,North America,False,active,False
2025-09,SYN-202509-D00743,SYN-202509-P00743,2025-09-09 01:39:00,Search Network,Search Value North,Progress Video B,Android,North America,False,active,True
2025-09,SYN-202509-D00744,SYN-202509-P00744,2025-09-11 17:13:00,Search Network,Search Value Global,Progress Video A,Android,APAC,False,active,True
2025-09,SYN-202509-D00745,SYN-202509-P00745,2025-09-04 14:48:00,Search Network,Search Value North,Playable Puzzle B,Android,North America,False,active,True
2025-09,SYN-202509-D00746,SYN-202509-P00746,2025-09-15 03:56:00,Search Network,Search Value Global,Progress Video A,Android,Western Europe,False,active,True
2025-09,SYN-202509-D00747,SYN-202509-P00747,2025-09-08 11:23:00,Discovery Network,Discovery Rewarded,Reward Story G,Android,Western Europe,False,stopped,True
2025-09,SYN-202509-D00748,SYN-202509-P00748,2025-09-28 01:55:00,Game Network,Playable Broad,Progress Video C,iOS,APAC,False,active,True
2025-09,SYN-202509-D00749,SYN-202509-P00749,2025-09-19 09:06:00,Social Network,Social Gameplay,Playable Puzzle E,iOS,Western Europe,False,active,True
2025-09,SYN-202509-D00750,SYN-202509-P00750,2025-09-05 03:43:00,Search Network,Search Value North,Progress Video B,Android,APAC,False,active,True
2025-09,SYN-202509-D00751,SYN-202509-P00751,2025-09-02 05:11:00,Social Network,Social Lifestyle,Reward Story F,iOS,North America,False,stopped,True
2025-09,SYN-202509-D00752,SYN-202509-P00752,2025-09-06 03:57:00,Store Search,Store Intent,Progress Video H,iOS,LATAM,False,active,True
2025-09,SYN-202509-D00754,SYN-202509-P00754,2025-09-08 07:29:00,Social Network,Social Lifestyle,Progress Video F,iOS,APAC,False,stopped,True
2025-09,SYN-202509-D00755,SYN-202509-P00755,2025-09-20 10:56:00,Game Network,Playable Broad,Reward Story C,iOS,LATAM,False,active,True
2025-09,SYN-202509-D00757,SYN-202509-P00757,2025-09-13 23:37:00,Game Network,Playable Broad,Reward Story C,iOS,Western Europe,False,active,True
2025-09,SYN-202509-D00758,SYN-202509-P00758,2025-09-10 07:00:00,Game Network,Playable Broad,Playable Puzzle C,iOS,APAC,False,active,True
2025-09,SYN-202509-D00759,SYN-202509-P00759,2025-09-22 01:15:00,Search Network,Search Value Global,Reward Story A,Android,APAC,False,active,True
2025-09,SYN-202509-D00760,SYN-202509-P00760,2025-09-08 04:18:00,Game Network,Playable Premium,Progress Video D,iOS,Western Europe,False,active,True
2025-09,SYN-202509-D00761,SYN-202509-P00761,2025-09-16 16:13:00,Store Search,Store Intent,Reward Story H,iOS,Western Europe,False,active,True
2025-09,SYN-202509-D00762,SYN-202509-P00762,2025-09-10 09:59:00,Game Network,Playable Broad,Reward Story C,iOS,APAC,False,active,True
2025-09,SYN-202509-D00763,SYN-202509-P00763,2025-09-18 10:11:00,Game Network,Playable Broad,Progress Video C,iOS,Western Europe,False,active,True
2025-09,SYN-202509-D00764,SYN-202509-P00764,2025-09-22 10:07:00,Game Network,Playable Broad,Playable Puzzle C,iOS,LATAM,False,active,True
2025-09,SYN-202509-D00765,SYN-202509-P00765,2025-09-10 22:15:00,Social Network,Social Gameplay,Progress Video E,iOS,APAC,False,active,True
2025-09,SYN-202509-D00766,SYN-202509-P00766,2025-09-19 21:00:00,Search Network,Search Value North,Progress Video B,Android,North America,False,active,True
2025-09,SYN-202509-D00767,SYN-202509-P00767,2025-09-20 07:02:00,Search Network,Search Value North,Reward Story B,Android,APAC,False,active,True
2025-09,SYN-202509-D00768,SYN-202509-P00768,2025-09-20 00:23:00,Game Network,Playable Premium,Playable Puzzle D,iOS,North America,False,active,True
2025-09,SYN-202509-D00769,SYN-202509-P00769,2025-09-08 04:12:00,Search Network,Search Value North,Progress Video B,Android,Western Europe,False,active,True
2025-09,SYN-202509-D00770,SYN-202509-P00770,2025-09-22 03:03:00,Social Network,Social Gameplay,Playable Puzzle E,iOS,Western Europe,False,active,True
2025-09,SYN-202509-D00771,SYN-202509-P00771,2025-09-17 03:36:00,Game Network,Playable Broad,Playable Puzzle C,iOS,North America,False,active,True
2025-09,SYN-202509-D00772,SYN-202509-P00772,2025-09-11 11:07:00,Search Network,Search Value North,Reward Story B,Android,APAC,False,active,True
2025-09,SYN-202509-D00773,SYN-202509-P00773,2025-09-04 14:28:00,Search Network,Search Value North,Reward Story B,Android,APAC,False,active,True
2025-09,SYN-202509-D00774,SYN-202509-P00774,2025-09-28 04:26:00,Store Search,Store Intent,Playable Puzzle H,iOS,APAC,False,active,True
2025-09,SYN-202509-D00775,SYN-202509-P00775,2025-09-06 01:02:00,Search Network,Search Value North,Reward Story B,Android,North America,False,active,True
2025-09,SYN-202509-D00776,SYN-202509-P00776,2025-09-17 03:09:00,Game Network,Playable Broad,Progress Video C,iOS,Western Europe,False,active,True
2025-09,SYN-202509-D00777,SYN-202509-P00777,2025-09-25 07:28:00,Game Network,Playable Premium,Playable Puzzle D,iOS,North America,False,active,True
2025-09,SYN-202509-D00778,SYN-202509-P00778,2025-09-30 16:38:00,Store Search,Store Intent,Reward Story H,iOS,Western Europe,False,active,True
2025-09,SYN-202509-D00779,SYN-202509-P00779,2025-09-12 15:42:00,Search Network,Search Value North,Reward Story B,Android,LATAM,False,active,True
2025-09,SYN-202509-D00780,SYN-202509-P00780,2025-09-10 15:31:00,Store Search,Store Intent,Playable Puzzle H,iOS,Western Europe,False,active,True
2025-09,SYN-202509-D00781,SYN-202509-P00781,2025-09-18 03:31:00,Store Search,Store Intent,Reward Story H,iOS,North America,False,active,True
2025-09,SYN-202509-D00782,SYN-202509-P00782,2025-09-11 15:49:00,Store Search,Store Intent,Playable Puzzle H,iOS,APAC,False,active,True
2025-09,SYN-202509-D00783,SYN-202509-P00783,2025-09-23 15:38:00,Search Network,Search Value Global,Reward Story A,Android,APAC,False,active,True
2025-09,SYN-202509-D00784,SYN-202509-P00784,2025-09-15 01:52:00,Social Network,Social Gameplay,Reward Story E,iOS,North America,False,active,True
2025-09,SYN-202509-D00785,SYN-202509-P00785,2025-09-27 02:30:00,Game Network,Playable Broad,Progress Video C,iOS,APAC,False,active,True
2025-09,SYN-202509-D00786,SYN-202509-P00786,2025-09-19 19:04:00,Game Network,Playable Broad,Playable Puzzle C,iOS,Western Europe,False,active,True
2025-09,SYN-202509-D00787,SYN-202509-P00787,2025-09-02 17:41:00,Store Search,Store Intent,Playable Puzzle H,iOS,Western Europe,False,active,True
2025-09,SYN-202509-D00788,SYN-202509-P00788,2025-09-15 11:19:00,Social Network,Social Gameplay,Progress Video E,iOS,APAC,False,active,True
2025-09,SYN-202509-D00789,SYN-202509-P00789,2025-09-08 18:36:00,Game Network,Playable Broad,Reward Story C,iOS,APAC,False,active,True
2025-09,SYN-202509-D00790,SYN-202509-P00790,2025-09-22 15:52:00,Store Search,Store Intent,Reward Story H,iOS,North America,False,active,True
2025-09,SYN-202509-D00791,SYN-202509-P00791,2025-09-22 20:22:00,Game Network,Playable Broad,Playable Puzzle C,iOS,North America,False,active,True
2025-09,SYN-202509-D00792,SYN-202509-P00792,2025-09-12 10:48:00,Game Network,Playable Premium,Progress Video D,iOS,Western Europe,False,active,True
2025-09,SYN-202509-D00793,SYN-202509-P00793,2025-09-15 01:49:00,Game Network,Playable Broad,Reward Story C,iOS,APAC,False,active,True
2025-09,SYN-202509-D00794,SYN-202509-P00794,2025-09-19 05:37:00,Search Network,Search Value North,Playable Puzzle B,Android,APAC,False,active,True
2025-09,SYN-202509-D00795,SYN-202509-P00795,2025-09-23 11:31:00,Search Network,Search Value Global,Progress Video A,Android,Western Europe,False,active,False
2025-09,SYN-202509-D00796,SYN-202509-P00796,2025-09-28 11:09:00,Game Network,Playable Broad,Progress Video C,iOS,APAC,False,active,True
2025-09,SYN-202509-D00797,SYN-202509-P00797,2025-09-16 18:54:00,Game Network,Playable Premium,Reward Story D,iOS,North America,False,active,True
2025-09,SYN-202509-D00798,SYN-202509-P00798,2025-09-21 10:40:00,Social Network,Social Gameplay,Progress Video E,iOS,APAC,False,active,True
2025-09,SYN-202509-D00799,SYN-202509-P00799,2025-09-09 03:36:00,Social Network,Social Lifestyle,Playable Puzzle F,iOS,North America,False,stopped,True
2025-09,SYN-202509-D00800,SYN-202509-P00800,2025-09-10 02:01:00,Social Network,Social Gameplay,Playable Puzzle E,iOS,Western Europe,False,active,True
2025-09,SYN-202509-D00801,SYN-202509-P00801,2025-09-07 01:28:00,Social Network,Social Gameplay,Progress Video E,iOS,North America,False,active,True
2025-09,SYN-202509-D00802,SYN-202509-P00802,2025-09-28 13:15:00,Store Search,Store Intent,Reward Story H,iOS,Western Europe,False,active,True
2025-09,SYN-202509-D00803,SYN-202509-P00803,2025-09-18 22:31:00,Game Network,Playable Premium,Progress Video D,iOS,APAC,False,active,False
2025-09,SYN-202509-D00804,SYN-202509-P00804,2025-09-15 14:04:00,Game Network,Playable Premium,Reward Story D,iOS,North America,False,active,True
2025-09,SYN-202509-D00805,SYN-202509-P00805,2025-09-10 08:06:00,Search Network,Search Value North,Playable Puzzle B,Android,North America,False,active,True
2025-09,SYN-202509-D00806,SYN-202509-P00806,2025-09-03 22:47:00,Search Network,Search Value North,Reward Story B,Android,LATAM,False,active,True
2025-09,SYN-202509-D00807,SYN-202509-P00807,2025-09-24 02:21:00,Game Network,Playable Broad,Reward Story C,iOS,Western Europe,False,active,True
2025-09,SYN-202509-D00808,SYN-202509-P00808,2025-09-06 19:23:00,Store Search,Store Intent,Progress Video H,iOS,LATAM,False,active,True
2025-09,SYN-202509-D00809,SYN-202509-P00809,2025-09-17 00:16:00,Game Network,Playable Broad,Playable Puzzle C,iOS,LATAM,False,active,True
2025-09,SYN-202509-D00810,SYN-202509-P00810,2025-09-06 09:05:00,Search Network,Search Value Global,Progress Video A,Android,APAC,False,active,True
2025-09,SYN-202509-D00811,SYN-202509-P00811,2025-09-22 07:34:00,Store Search,Store Intent,Reward Story H,iOS,LATAM,False,active,False
2025-09,SYN-202509-D00812,SYN-202509-P00812,2025-09-17 09:37:00,Game Network,Playable Broad,Progress Video C,iOS,Western Europe,False,active,True
2025-09,SYN-202509-D00813,SYN-202509-P00813,2025-09-23 12:20:00,Search Network,Search Value Global,Progress Video A,Android,APAC,False,active,False
2025-09,SYN-202509-D00814,SYN-202509-P00814,2025-09-21 14:40:00,Game Network,Playable Premium,Progress Video D,iOS,North America,False,active,True
2025-09,SYN-202509-D00815,SYN-202509-P00815,2025-09-28 17:35:00,Social Network,Social Gameplay,Reward Story E,iOS,North America,False,active,True
2025-09,SYN-202509-D00816,SYN-202509-P00816,2025-09-13 22:06:00,Game Network,Playable Premium,Progress Video D,iOS,North America,False,active,False
2025-09,SYN-202509-D00817,SYN-202509-P00817,2025-09-06 00:39:00,Store Search,Store Intent,Progress Video H,iOS,APAC,False,active,True
2025-09,SYN-202509-D00818,SYN-202509-P00818,2025-09-05 22:42:00,Game Network,Playable Premium,Progress Video D,iOS,APAC,False,active,True
2025-09,SYN-202509-D00819,SYN-202509-P00819,2025-09-16 09:58:00,Search Network,Search Value Global,Progress Video A,Android,North America,False,active,False
2025-09,SYN-202509-D00820,SYN-202509-P00820,2025-09-29 22:24:00,Social Network,Social Gameplay,Playable Puzzle E,iOS,Western Europe,False,active,True
2025-09,SYN-202509-D00821,SYN-202509-P00821,2025-09-25 05:54:00,Game Network,Playable Broad,Playable Puzzle C,iOS,APAC,False,active,True
2025-09,SYN-202509-D00822,SYN-202509-P00822,2025-09-12 20:55:00,Game Network,Playable Premium,Reward Story D,iOS,North America,False,active,True
2025-09,SYN-202509-D00823,SYN-202509-P00823,2025-09-29 14:57:00,Game Network,Playable Broad,Playable Puzzle C,iOS,North America,False,active,True
2025-09,SYN-202509-D00824,SYN-202509-P00824,2025-09-01 02:07:00,Search Network,Search Value Global,Reward Story A,Android,Western Europe,False,active,True
2025-09,SYN-202509-D00825,SYN-202509-P00825,2025-09-23 13:20:00,Game Network,Playable Premium,Progress Video D,iOS,APAC,False,active,True
2025-09,SYN-202509-D00827,SYN-202509-P00827,2025-09-21 20:44:00,Search Network,Search Value Global,Playable Puzzle A,Android,North America,False,active,True
2025-09,SYN-202509-D00828,SYN-202509-P00828,2025-09-20 11:05:00,Game Network,Playable Broad,Reward Story C,iOS,Western Europe,False,active,True
2025-09,SYN-202509-D00829,SYN-202509-P00829,2025-09-02 05:02:00,Game Network,Playable Premium,Reward Story D,iOS,North America,False,active,True
2025-09,SYN-202509-D00831,SYN-202509-P00831,2025-09-26 16:05:00,Game Network,Playable Broad,Reward Story C,iOS,APAC,False,active,True
2025-09,SYN-202509-D00832,SYN-202509-P00832,2025-09-14 08:40:00,Game Network,Playable Broad,Progress Video C,iOS,APAC,False,active,True
2025-09,SYN-202509-D00833,SYN-202509-P00833,2025-09-18 18:16:00,Search Network,Search Value Global,Reward Story A,Android,North America,False,active,True
2025-09,SYN-202509-D00834,SYN-202509-P00834,2025-09-28 01:05:00,Search Network,Search Value Global,Reward Story A,Android,North America,False,active,True
2025-09,SYN-202509-D00835,SYN-202509-P00835,2025-09-21 01:16:00,Game Network,Playable Premium,Reward Story D,iOS,LATAM,False,active,True
2025-09,SYN-202509-D00836,SYN-202509-P00836,2025-09-23 07:34:00,Social Network,Social Gameplay,Reward Story E,iOS,North America,False,active,True
2025-09,SYN-202509-D00837,SYN-202509-P00837,2025-09-06 22:01:00,Search Network,Search Value North,Playable Puzzle B,Android,Western Europe,False,active,True
2025-09,SYN-202509-D00838,SYN-202509-P00838,2025-09-07 17:43:00,Game Network,Playable Premium,Playable Puzzle D,iOS,LATAM,False,active,False
2025-09,SYN-202509-D00839,SYN-202509-P00839,2025-09-14 13:22:00,Game Network,Playable Broad,Progress Video C,iOS,Western Europe,False,active,True
2025-09,SYN-202509-D00840,SYN-202509-P00840,2025-09-17 13:16:00,Game Network,Playable Broad,Reward Story C,iOS,Western Europe,False,active,True
2025-09,SYN-202509-D00841,SYN-202509-P00841,2025-09-13 00:25:00,Game Network,Playable Broad,Progress Video C,iOS,North America,False,active,False
2025-09,SYN-202509-D00842,SYN-202509-P00842,2025-09-04 08:05:00,Social Network,Social Gameplay,Progress Video E,iOS,Western Europe,False,active,True
2025-09,SYN-202509-D00843,SYN-202509-P00843,2025-09-17 23:46:00,Social Network,Social Gameplay,Playable Puzzle E,iOS,North America,False,active,True
2025-09,SYN-202509-D00844,SYN-202509-P00844,2025-09-02 10:46:00,Social Network,Social Gameplay,Progress Video E,iOS,North America,False,active,True
2025-09,SYN-202509-D00845,SYN-202509-P00845,2025-09-08 09:56:00,Social Network,Social Lifestyle,Playable Puzzle F,iOS,North America,False,stopped,True
2025-09,SYN-202509-D00846,SYN-202509-P00846,2025-09-16 07:38:00,Social Network,Social Gameplay,Reward Story E,iOS,Western Europe,False,active,True
2025-09,SYN-202509-D00847,SYN-202509-P00847,2025-09-22 05:25:00,Social Network,Social Gameplay,Progress Video E,iOS,North America,False,active,True
2025-09,SYN-202509-D00848,SYN-202509-P00848,2025-09-30 07:17:00,Game Network,Playable Premium,Playable Puzzle D,iOS,Western Europe,False,active,True
2025-09,SYN-202509-D00849,SYN-202509-P00849,2025-09-25 20:13:00,Store Search,Store Intent,Progress Video H,iOS,North America,False,active,True
2025-09,SYN-202509-D00850,SYN-202509-P00850,2025-09-04 09:21:00,Social Network,Social Gameplay,Reward Story E,iOS,North America,False,active,True
2025-09,SYN-202509-D00851,SYN-202509-P00851,2025-09-24 03:22:00,Game Network,Playable Broad,Playable Puzzle C,iOS,Western Europe,False,active,True
2025-09,SYN-202509-D00852,SYN-202509-P00852,2025-09-28 17:42:00,Social Network,Social Gameplay,Playable Puzzle E,iOS,LATAM,False,active,True
2025-09,SYN-202509-D00853,SYN-202509-P00853,2025-09-14 18:52:00,Social Network,Social Gameplay,Playable Puzzle E,iOS,LATAM,False,active,True
2025-09,SYN-202509-D00854,SYN-202509-P00854,2025-09-27 09:25:00,Game Network,Playable Premium,Playable Puzzle D,iOS,Western Europe,False,active,True
2025-09,SYN-202509-D00855,SYN-202509-P00855,2025-09-08 20:48:00,Search Network,Search Value Global,Progress Video A,Android,LATAM,False,active,False
2025-09,SYN-202509-D00856,SYN-202509-P00856,2025-09-11 17:35:00,Search Network,Search Value Global,Reward Story A,Android,APAC,False,active,True
2025-09,SYN-202509-D00857,SYN-202509-P00857,2025-09-10 10:29:00,Social Network,Social Gameplay,Progress Video E,iOS,North America,False,active,True
2025-09,SYN-202509-D00858,SYN-202509-P00858,2025-09-19 12:28:00,Game Network,Playable Premium,Progress Video D,iOS,APAC,False,active,True
2025-09,SYN-202509-D00859,SYN-202509-P00859,2025-09-19 13:26:00,Game Network,Playable Broad,Playable Puzzle C,iOS,North America,False,active,True
2025-09,SYN-202509-D00860,SYN-202509-P00860,2025-09-09 15:36:00,Social Network,Social Gameplay,Progress Video E,iOS,Western Europe,False,active,True
2025-09,SYN-202509-D00861,SYN-202509-P00861,2025-09-15 20:07:00,Search Network,Search Value North,Reward Story B,Android,North America,False,active,True
2025-09,SYN-202509-D00862,SYN-202509-P00862,2025-09-11 16:18:00,Game Network,Playable Broad,Reward Story C,iOS,North America,False,active,True
2025-09,SYN-202509-D00863,SYN-202509-P00863,2025-09-11 14:43:00,Game Network,Playable Broad,Playable Puzzle C,iOS,Western Europe,False,active,True
2025-09,SYN-202509-D00864,SYN-202509-P00864,2025-09-28 19:11:00,Search Network,Search Value North,Reward Story B,Android,Western Europe,False,active,True
2025-09,SYN-202509-D00865,SYN-202509-P00865,2025-09-16 15:41:00,Game Network,Playable Broad,Progress Video C,iOS,APAC,False,active,True
2025-09,SYN-202509-D00866,SYN-202509-P00866,2025-09-13 04:46:00,Discovery Network,Discovery Rewarded,Playable Puzzle G,Android,APAC,False,stopped,True
2025-09,SYN-202509-D00867,SYN-202509-P00867,2025-09-10 14:23:00,Social Network,Social Gameplay,Playable Puzzle E,iOS,Western Europe,False,active,True
2025-09,SYN-202509-D00868,SYN-202509-P00868,2025-09-21 03:30:00,Game Network,Playable Premium,Playable Puzzle D,iOS,North America,False,active,True
2025-09,SYN-202509-D00869,SYN-202509-P00869,2025-09-08 13:11:00,Search Network,Search Value North,Progress Video B,Android,North America,False,active,True
2025-09,SYN-202509-D00870,SYN-202509-P00870,2025-09-26 01:25:00,Search Network,Search Value Global,Playable Puzzle A,Android,North America,False,active,True
2025-09,SYN-202509-D00871,SYN-202509-P00871,2025-09-09 12:35:00,Search Network,Search Value Global,Playable Puzzle A,Android,APAC,False,active,True
2025-09,SYN-202509-D00872,SYN-202509-P00872,2025-09-20 21:50:00,Social Network,Social Gameplay,Playable Puzzle E,iOS,North America,False,active,True
2025-09,SYN-202509-D00874,SYN-202509-P00874,2025-09-26 04:19:00,Search Network,Search Value Global,Playable Puzzle A,Android,North America,False,active,True
2025-09,SYN-202509-D00875,SYN-202509-P00875,2025-09-10 03:53:00,Social Network,Social Gameplay,Progress Video E,iOS,North America,False,active,True
2025-09,SYN-202509-D00876,SYN-202509-P00876,2025-09-28 07:53:00,Search Network,Search Value North,Playable Puzzle B,Android,North America,False,active,True
2025-09,SYN-202509-D00877,SYN-202509-P00877,2025-09-25 09:44:00,Search Network,Search Value Global,Reward Story A,Android,APAC,False,active,True
2025-09,SYN-202509-D00878,SYN-202509-P00878,2025-09-17 19:26:00,Game Network,Playable Broad,Playable Puzzle C,iOS,North America,False,active,True
2025-09,SYN-202509-D00879,SYN-202509-P00879,2025-09-14 03:34:00,Search Network,Search Value North,Progress Video B,Android,Western Europe,False,active,True
2025-09,SYN-202509-D00880,SYN-202509-P00880,2025-09-08 07:23:00,Search Network,Search Value Global,Reward Story A,Android,APAC,False,active,True
2025-09,SYN-202509-D00881,SYN-202509-P00881,2025-09-24 00:34:00,Social Network,Social Gameplay,Playable Puzzle E,iOS,North America,False,active,True
2025-09,SYN-202509-D00882,SYN-202509-P00882,2025-09-04 01:35:00,Game Network,Playable Broad,Reward Story C,iOS,APAC,False,active,True
2025-09,SYN-202509-D00883,SYN-202509-P00883,2025-09-15 15:58:00,Search Network,Search Value North,Progress Video B,Android,Western Europe,False,active,True
2025-09,SYN-202509-D00884,SYN-202509-P00884,2025-09-24 01:35:00,Game Network,Playable Broad,Progress Video C,iOS,North America,False,active,True
2025-09,SYN-202509-D00885,SYN-202509-P00885,2025-09-05 01:28:00,Social Network,Social Gameplay,Reward Story E,iOS,APAC,False,active,True
2025-09,SYN-202509-D00886,SYN-202509-P00886,2025-09-12 18:08:00,Social Network,Social Lifestyle,Reward Story F,iOS,Western Europe,False,stopped,False
2025-09,SYN-202509-D00887,SYN-202509-P00887,2025-09-05 01:40:00,Social Network,Social Gameplay,Progress Video E,iOS,LATAM,False,active,True
2025-09,SYN-202509-D00888,SYN-202509-P00888,2025-09-20 16:27:00,Social Network,Social Gameplay,Progress Video E,iOS,North America,False,active,True
2025-09,SYN-202509-D00889,SYN-202509-P00889,2025-09-20 12:52:00,Social Network,Social Gameplay,Reward Story E,iOS,Western Europe,False,active,True
2025-09,SYN-202509-D00890,SYN-202509-P00890,2025-09-04 20:30:00,Game Network,Playable Premium,Playable Puzzle D,iOS,North America,False,active,True
2025-09,SYN-202509-D00891,SYN-202509-P00891,2025-09-06 22:04:00,Game Network,Playable Broad,Progress Video C,iOS,North America,False,active,True
2025-09,SYN-202509-D00892,SYN-202509-P00892,2025-09-30 02:57:00,Game Network,Playable Premium,Progress Video D,iOS,North America,False,active,True
2025-09,SYN-202509-D00893,SYN-202509-P00893,2025-09-09 02:18:00,Social Network,Social Lifestyle,Progress Video F,iOS,Western Europe,False,stopped,True
2025-09,SYN-202509-D00894,SYN-202509-P00894,2025-09-29 14:03:00,Game Network,Playable Broad,Playable Puzzle C,iOS,LATAM,False,active,True
2025-09,SYN-202509-D00895,SYN-202509-P00895,2025-09-29 07:10:00,Store Search,Store Intent,Playable Puzzle H,iOS,Western Europe,False,active,True
2025-09,SYN-202509-D00896,SYN-202509-P00896,2025-09-11 07:40:00,Discovery Network,Discovery Rewarded,Playable Puzzle G,Android,Western Europe,False,stopped,True
2025-09,SYN-202509-D00897,SYN-202509-P00897,2025-09-30 13:49:00,Social Network,Social Gameplay,Progress Video E,iOS,LATAM,False,active,True
2025-09,SYN-202509-D00898,SYN-202509-P00898,2025-09-02 01:50:00,Store Search,Store Intent,Playable Puzzle H,iOS,North America,False,active,True
2025-09,SYN-202509-D00899,SYN-202509-P00899,2025-09-26 07:59:00,Social Network,Social Gameplay,Reward Story E,iOS,North America,False,active,True
2025-09,SYN-202509-D00900,SYN-202509-P00900,2025-09-30 10:26:00,Game Network,Playable Premium,Playable Puzzle D,iOS,Western Europe,False,active,True
2025-09,SYN-202509-D00901,SYN-202509-P00901,2025-09-13 22:09:00,Game Network,Playable Broad,Playable Puzzle C,iOS,Western Europe,False,active,True
2025-09,SYN-202509-D00902,SYN-202509-P00902,2025-09-02 02:46:00,Game Network,Playable Premium,Playable Puzzle D,iOS,North America,False,active,True
2025-09,SYN-202509-D00903,SYN-202509-P00903,2025-09-26 04:04:00,Game Network,Playable Broad,Playable Puzzle C,iOS,North America,False,active,True
2025-09,SYN-202509-D00904,SYN-202509-P00904,2025-09-15 23:25:00,Game Network,Playable Premium,Playable Puzzle D,iOS,Western Europe,False,active,True
2025-09,SYN-202509-D00905,SYN-202509-P00905,2025-09-02 19:20:00,Search Network,Search Value Global,Playable Puzzle A,Android,Western Europe,False,active,True
2025-09,SYN-202509-D00906,SYN-202509-P00906,2025-09-29 19:43:00,Game Network,Playable Broad,Progress Video C,iOS,North America,False,active,True
2025-09,SYN-202509-D00907,SYN-202509-P00907,2025-09-17 11:36:00,Store Search,Store Intent,Reward Story H,iOS,LATAM,False,active,True
2025-09,SYN-202509-D00908,SYN-202509-P00908,2025-09-20 20:01:00,Search Network,Search Value North,Progress Video B,Android,Western Europe,False,active,True
2025-09,SYN-202509-D00909,SYN-202509-P00909,2025-09-08 06:44:00,Game Network,Playable Broad,Progress Video C,iOS,North America,False,active,True
2025-09,SYN-202509-D00910,SYN-202509-P00910,2025-09-07 02:39:00,Game Network,Playable Premium,Progress Video D,iOS,North America,False,active,True
2025-09,SYN-202509-D00911,SYN-202509-P00911,2025-09-21 23:14:00,Store Search,Store Intent,Progress Video H,iOS,Western Europe,False,active,True
2025-09,SYN-202509-D00912,SYN-202509-P00912,2025-09-23 02:29:00,Social Network,Social Gameplay,Reward Story E,iOS,North America,False,active,True
2025-09,SYN-202509-D00913,SYN-202509-P00913,2025-09-26 16:14:00,Search Network,Search Value Global,Playable Puzzle A,Android,North America,False,active,True
2025-09,SYN-202509-D00915,SYN-202509-P00915,2025-09-09 03:59:00,Game Network,Playable Premium,Playable Puzzle D,iOS,Western Europe,False,active,True
2025-09,SYN-202509-D00916,SYN-202509-P00916,2025-09-14 03:37:00,Game Network,Playable Premium,Reward Story D,iOS,North America,False,active,True
2025-09,SYN-202509-D00917,SYN-202509-P00917,2025-09-25 13:28:00,Game Network,Playable Broad,Playable Puzzle C,iOS,LATAM,False,active,True
2025-09,SYN-202509-D00918,SYN-202509-P00918,2025-09-06 21:59:00,Game Network,Playable Broad,Progress Video C,iOS,Western Europe,False,active,True
2025-09,SYN-202509-D00920,SYN-202509-P00920,2025-09-08 04:32:00,Social Network,Social Gameplay,Progress Video E,iOS,Western Europe,False,active,True
2025-09,SYN-202509-D00921,SYN-202509-P00921,2025-09-24 07:40:00,Store Search,Store Intent,Progress Video H,iOS,APAC,False,active,True
2025-09,SYN-202509-D00922,SYN-202509-P00922,2025-09-02 03:32:00,Game Network,Playable Premium,Reward Story D,iOS,North America,False,active,True
2025-09,SYN-202509-D00923,SYN-202509-P00923,2025-09-24 01:17:00,Search Network,Search Value Global,Playable Puzzle A,Android,APAC,False,active,True
2025-09,SYN-202509-D00924,SYN-202509-P00924,2025-09-15 13:21:00,Social Network,Social Lifestyle,Progress Video F,iOS,APAC,False,stopped,True
2025-09,SYN-202509-D00925,SYN-202509-P00925,2025-09-26 04:49:00,Store Search,Store Intent,Reward Story H,iOS,North America,False,active,True
2025-09,SYN-202509-D00926,SYN-202509-P00926,2025-09-22 19:59:00,Social Network,Social Gameplay,Playable Puzzle E,iOS,LATAM,False,active,True
2025-09,SYN-202509-D00927,SYN-202509-P00927,2025-09-05 11:12:00,Search Network,Search Value Global,Progress Video A,Android,North America,False,active,True
2025-09,SYN-202509-D00928,SYN-202509-P00928,2025-09-15 19:18:00,Social Network,Social Lifestyle,Progress Video F,iOS,North America,False,stopped,True
2025-09,SYN-202509-D00929,SYN-202509-P00929,2025-09-21 20:50:00,Search Network,Search Value North,Reward Story B,Android,North America,False,active,True
2025-09,SYN-202509-D00930,SYN-202509-P00930,2025-09-24 09:47:00,Game Network,Playable Premium,Reward Story D,iOS,Western Europe,False,active,True
2025-09,SYN-202509-D00931,SYN-202509-P00931,2025-09-22 22:25:00,Social Network,Social Gameplay,Playable Puzzle E,iOS,North America,False,active,True
2025-09,SYN-202509-D00932,SYN-202509-P00932,2025-09-14 21:26:00,Search Network,Search Value North,Playable Puzzle B,Android,Western Europe,False,active,True
2025-09,SYN-202509-D00933,SYN-202509-P00933,2025-09-18 15:27:00,Game Network,Playable Premium,Progress Video D,iOS,LATAM,False,active,True
2025-09,SYN-202509-D00934,SYN-202509-P00934,2025-09-17 05:19:00,Game Network,Playable Premium,Reward Story D,iOS,APAC,False,active,True
2025-09,SYN-202509-D00935,SYN-202509-P00935,2025-09-25 11:47:00,Search Network,Search Value North,Progress Video B,Android,North America,False,active,True
2025-09,SYN-202509-D00936,SYN-202509-P00936,2025-09-27 01:15:00,Social Network,Social Gameplay,Progress Video E,iOS,North America,False,active,True
2025-09,SYN-202509-D00937,SYN-202509-P00937,2025-09-23 05:45:00,Game Network,Playable Broad,Progress Video C,iOS,Western Europe,False,active,True
2025-09,SYN-202509-D00938,SYN-202509-P00938,2025-09-02 10:12:00,Social Network,Social Gameplay,Playable Puzzle E,iOS,APAC,False,active,True
2025-09,SYN-202509-D00939,SYN-202509-P00939,2025-09-06 16:18:00,Store Search,Store Intent,Progress Video H,iOS,APAC,False,active,True
2025-09,SYN-202509-D00940,SYN-202509-P00940,2025-09-20 23:33:00,Game Network,Playable Broad,Playable Puzzle C,iOS,LATAM,False,active,True
2025-09,SYN-202509-D00941,SYN-202509-P00941,2025-09-07 02:46:00,Game Network,Playable Broad,Playable Puzzle C,iOS,Western Europe,False,active,True
2025-09,SYN-202509-D00942,SYN-202509-P00942,2025-09-06 22:47:00,Discovery Network,Discovery Rewarded,Progress Video G,Android,APAC,False,stopped,True
2025-09,SYN-202509-D00943,SYN-202509-P00943,2025-09-22 04:08:00,Search Network,Search Value Global,Playable Puzzle A,Android,APAC,False,active,True
2025-09,SYN-202509-D00944,SYN-202509-P00944,2025-09-18 12:51:00,Store Search,Store Intent,Reward Story H,iOS,APAC,False,active,True
2025-09,SYN-202509-D00945,SYN-202509-P00945,2025-09-05 15:14:00,Social Network,Social Lifestyle,Reward Story F,iOS,North America,False,stopped,True
2025-09,SYN-202509-D00946,SYN-202509-P00946,2025-09-06 08:56:00,Search Network,Search Value Global,Playable Puzzle A,Android,North America,False,active,True
2025-09,SYN-202509-D00947,SYN-202509-P00947,2025-09-13 14:48:00,Game Network,Playable Premium,Progress Video D,iOS,Western Europe,False,active,True
2025-09,SYN-202509-D00948,SYN-202509-P00948,2025-09-29 14:09:00,Social Network,Social Gameplay,Playable Puzzle E,iOS,North America,False,active,True
2025-09,SYN-202509-D00949,SYN-202509-P00949,2025-09-14 00:52:00,Social Network,Social Lifestyle,Playable Puzzle F,iOS,North America,False,stopped,True
2025-09,SYN-202509-D00950,SYN-202509-P00950,2025-09-12 03:18:00,Game Network,Playable Broad,Reward Story C,iOS,Western Europe,False,active,True
2025-09,SYN-202509-D00951,SYN-202509-P00951,2025-09-14 02:46:00,Search Network,Search Value Global,Reward Story A,Android,Western Europe,False,active,True
2025-09,SYN-202509-D00952,SYN-202509-P00952,2025-09-25 05:42:00,Game Network,Playable Broad,Progress Video C,iOS,LATAM,False,active,True
2025-09,SYN-202509-D00953,SYN-202509-P00953,2025-09-14 02:33:00,Store Search,Store Intent,Progress Video H,iOS,APAC,False,active,True
2025-09,SYN-202509-D00954,SYN-202509-P00954,2025-09-18 19:05:00,Store Search,Store Intent,Playable Puzzle H,iOS,LATAM,False,active,True
2025-09,SYN-202509-D00955,SYN-202509-P00955,2025-09-28 18:46:00,Search Network,Search Value North,Progress Video B,Android,LATAM,False,active,True
2025-09,SYN-202509-D00956,SYN-202509-P00956,2025-09-02 20:38:00,Game Network,Playable Premium,Playable Puzzle D,iOS,North America,False,active,True
2025-09,SYN-202509-D00957,SYN-202509-P00957,2025-09-11 14:01:00,Discovery Network,Discovery Rewarded,Playable Puzzle G,Android,North America,False,stopped,True
2025-09,SYN-202509-D00958,SYN-202509-P00958,2025-09-18 08:54:00,Game Network,Playable Broad,Playable Puzzle C,iOS,North America,False,active,True
2025-09,SYN-202509-D00959,SYN-202509-P00959,2025-09-05 09:40:00,Search Network,Search Value North,Progress Video B,Android,Western Europe,False,active,True
2025-09,SYN-202509-D00960,SYN-202509-P00960,2025-09-30 17:07:00,Game Network,Playable Broad,Playable Puzzle C,iOS,North America,False,active,True
2025-09,SYN-202509-D00961,SYN-202509-P00961,2025-09-14 11:42:00,Game Network,Playable Broad,Playable Puzzle C,iOS,APAC,False,active,True
2025-09,SYN-202509-D00962,SYN-202509-P00962,2025-09-17 14:25:00,Game Network,Playable Broad,Progress Video C,iOS,Western Europe,False,active,True
2025-09,SYN-202509-D00963,SYN-202509-P00963,2025-09-14 23:53:00,Game Network,Playable Broad,Progress Video C,iOS,North America,False,active,True
2025-09,SYN-202509-D00964,SYN-202509-P00964,2025-09-27 15:28:00,Game Network,Playable Premium,Progress Video D,iOS,Western Europe,False,active,True
2025-09,SYN-202509-D00965,SYN-202509-P00965,2025-09-02 18:52:00,Game Network,Playable Premium,Reward Story D,iOS,North America,False,active,True
2025-09,SYN-202509-D00966,SYN-202509-P00966,2025-09-21 19:45:00,Game Network,Playable Premium,Progress Video D,iOS,LATAM,False,active,True
2025-09,SYN-202509-D00967,SYN-202509-P00967,2025-09-19 15:43:00,Social Network,Social Gameplay,Reward Story E,iOS,APAC,False,active,True
2025-09,SYN-202509-D00968,SYN-202509-P00968,2025-09-11 05:03:00,Social Network,Social Gameplay,Playable Puzzle E,iOS,Western Europe,False,active,True
2025-09,SYN-202509-D00969,SYN-202509-P00969,2025-09-29 13:38:00,Game Network,Playable Premium,Playable Puzzle D,iOS,North America,False,active,True
2025-09,SYN-202509-D00970,SYN-202509-P00970,2025-09-01 11:52:00,Game Network,Playable Broad,Reward Story C,iOS,Western Europe,False,active,True
2025-09,SYN-202509-D00971,SYN-202509-P00971,2025-09-19 09:34:00,Game Network,Playable Broad,Reward Story C,iOS,APAC,False,active,True
2025-09,SYN-202509-D00972,SYN-202509-P00972,2025-09-23 12:13:00,Game Network,Playable Broad,Reward Story C,iOS,APAC,False,active,True
2025-09,SYN-202509-D00973,SYN-202509-P00973,2025-09-08 03:38:00,Game Network,Playable Broad,Reward Story C,iOS,Western Europe,False,active,True
2025-09,SYN-202509-D00974,SYN-202509-P00974,2025-09-07 00:36:00,Game Network,Playable Broad,Progress Video C,iOS,Western Europe,False,active,True
2025-09,SYN-202509-D00975,SYN-202509-P00975,2025-09-26 17:46:00,Search Network,Search Value North,Reward Story B,Android,North America,False,active,True
2025-09,SYN-202509-D00976,SYN-202509-P00976,2025-09-03 02:32:00,Search Network,Search Value North,Progress Video B,Android,Western Europe,False,active,True
2025-09,SYN-202509-D00977,SYN-202509-P00977,2025-09-08 14:38:00,Store Search,Store Intent,Progress Video H,iOS,APAC,False,active,True
2025-09,SYN-202509-D00978,SYN-202509-P00978,2025-09-13 22:00:00,Search Network,Search Value North,Reward Story B,Android,Western Europe,False,active,True
2025-09,SYN-202509-D00979,SYN-202509-P00979,2025-09-28 03:29:00,Game Network,Playable Premium,Playable Puzzle D,iOS,North America,False,active,True
2025-09,SYN-202509-D00980,SYN-202509-P00980,2025-09-19 09:15:00,Game Network,Playable Premium,Progress Video D,iOS,APAC,False,active,True
2025-09,SYN-202509-D00981,SYN-202509-P00981,2025-09-18 07:54:00,Game Network,Playable Broad,Reward Story C,iOS,Western Europe,False,active,True
2025-09,SYN-202509-D00982,SYN-202509-P00982,2025-09-02 07:53:00,Game Network,Playable Broad,Playable Puzzle C,iOS,APAC,False,active,True
2025-09,SYN-202509-D00983,SYN-202509-P00983,2025-09-10 15:30:00,Search Network,Search Value North,Reward Story B,Android,LATAM,False,active,True
2025-09,SYN-202509-D00984,SYN-202509-P00984,2025-09-20 09:16:00,Search Network,Search Value North,Playable Puzzle B,Android,North America,False,active,True
2025-09,SYN-202509-D00985,SYN-202509-P00985,2025-09-03 03:58:00,Social Network,Social Gameplay,Playable Puzzle E,iOS,North America,False,active,True
2025-09,SYN-202509-D00986,SYN-202509-P00986,2025-09-13 21:27:00,Game Network,Playable Premium,Progress Video D,iOS,Western Europe,False,active,True
2025-09,SYN-202509-D00987,SYN-202509-P00987,2025-09-05 23:57:00,Search Network,Search Value Global,Reward Story A,Android,North America,False,active,True
2025-09,SYN-202509-D00988,SYN-202509-P00988,2025-09-10 21:00:00,Discovery Network,Discovery Rewarded,Playable Puzzle G,Android,APAC,False,stopped,True
2025-09,SYN-202509-D00989,SYN-202509-P00989,2025-09-07 16:53:00,Game Network,Playable Premium,Playable Puzzle D,iOS,North America,False,active,True
2025-09,SYN-202509-D00990,SYN-202509-P00990,2025-09-22 12:05:00,Search Network,Search Value Global,Playable Puzzle A,Android,Western Europe,False,active,True
2025-09,SYN-202509-D00991,SYN-202509-P00991,2025-09-12 00:05:00,Game Network,Playable Broad,Reward Story C,iOS,North America,False,active,True
2025-09,SYN-202509-D00992,SYN-202509-P00992,2025-09-20 23:35:00,Game Network,Playable Premium,Playable Puzzle D,iOS,APAC,False,active,True
2025-09,SYN-202509-D00993,SYN-202509-P00993,2025-09-11 10:34:00,Discovery Network,Discovery Rewarded,Progress Video G,Android,Western Europe,False,stopped,True
2025-09,SYN-202509-D00994,SYN-202509-P00994,2025-09-06 04:49:00,Store Search,Store Intent,Playable Puzzle H,iOS,North America,False,active,True
2025-09,SYN-202509-D00995,SYN-202509-P00995,2025-09-01 21:19:00,Discovery Network,Discovery Rewarded,Reward Story G,Android,North America,False,stopped,True
2025-09,SYN-202509-D00996,SYN-202509-P00996,2025-09-13 13:20:00,Store Search,Store Intent,Progress Video H,iOS,North America,False,active,True
2025-09,SYN-202509-D00997,SYN-202509-P00997,2025-09-16 22:55:00,Search Network,Search Value North,Playable Puzzle B,Android,Western Europe,False,active,True
2025-09,SYN-202509-D00998,SYN-202509-P00998,2025-09-30 04:07:00,Store Search,Store Intent,Playable Puzzle H,iOS,Western Europe,False,active,True
2025-09,SYN-202509-D00999,SYN-202509-P00999,2025-09-14 13:28:00,Game Network,Playable Broad,Progress Video C,iOS,Western Europe,False,active,True
2025-09,SYN-202509-D01000,SYN-202509-P01000,2025-09-16 09:21:00,Game Network,Playable Premium,Progress Video D,iOS,North America,False,active,True
2025-09,SYN-202509-D01001,SYN-202509-P01001,2025-09-15 04:16:00,Store Search,Store Intent,Progress Video H,iOS,North America,False,active,True
2025-09,SYN-202509-D01002,SYN-202509-P01002,2025-09-05 06:43:00,Store Search,Store Intent,Playable Puzzle H,iOS,APAC,False,active,True
2025-09,SYN-202509-D01003,SYN-202509-P01003,2025-09-30 21:29:00,Game Network,Playable Broad,Playable Puzzle C,iOS,North America,False,active,True
2025-09,SYN-202509-D01004,SYN-202509-P01004,2025-09-17 22:55:00,Search Network,Search Value Global,Reward Story A,Android,APAC,False,active,True
2025-09,SYN-202509-D01005,SYN-202509-P01005,2025-09-29 01:01:00,Game Network,Playable Premium,Playable Puzzle D,iOS,Western Europe,False,active,True
2025-09,SYN-202509-D01006,SYN-202509-P01006,2025-09-06 23:11:00,Game Network,Playable Premium,Progress Video D,iOS,Western Europe,False,active,True
2025-09,SYN-202509-D01007,SYN-202509-P01007,2025-09-08 15:53:00,Search Network,Search Value North,Progress Video B,Android,LATAM,False,active,False
2025-09,SYN-202509-D01008,SYN-202509-P01008,2025-09-14 20:52:00,Game Network,Playable Premium,Progress Video D,iOS,North America,False,active,True
2025-09,SYN-202509-D01010,SYN-202509-P01010,2025-09-28 03:27:00,Game Network,Playable Premium,Playable Puzzle D,iOS,APAC,False,active,True
2025-09,SYN-202509-D01011,SYN-202509-P01011,2025-09-08 09:02:00,Social Network,Social Gameplay,Progress Video E,iOS,Western Europe,False,active,True
2025-09,SYN-202509-D01012,SYN-202509-P01012,2025-09-04 11:25:00,Social Network,Social Gameplay,Progress Video E,iOS,Western Europe,False,active,True
2025-09,SYN-202509-D01013,SYN-202509-P01013,2025-09-08 07:03:00,Social Network,Social Lifestyle,Playable Puzzle F,iOS,APAC,False,stopped,True
2025-09,SYN-202509-D01014,SYN-202509-P01014,2025-09-06 20:31:00,Game Network,Playable Premium,Progress Video D,iOS,Western Europe,False,active,False
2025-09,SYN-202509-D01015,SYN-202509-P01015,2025-09-01 09:33:00,Game Network,Playable Premium,Progress Video D,iOS,North America,False,active,True
2025-09,SYN-202509-D01016,SYN-202509-P01016,2025-09-12 23:22:00,Search Network,Search Value North,Playable Puzzle B,Android,LATAM,False,active,True
2025-09,SYN-202509-D01017,SYN-202509-P01017,2025-09-06 00:53:00,Search Network,Search Value North,Playable Puzzle B,Android,LATAM,False,active,True
2025-09,SYN-202509-D01018,SYN-202509-P01018,2025-09-03 04:40:00,Store Search,Store Intent,Progress Video H,iOS,LATAM,False,active,True
2025-09,SYN-202509-D01019,SYN-202509-P01019,2025-09-19 06:33:00,Store Search,Store Intent,Reward Story H,iOS,APAC,False,active,True
2025-09,SYN-202509-D01020,SYN-202509-P01020,2025-09-06 17:30:00,Search Network,Search Value Global,Reward Story A,Android,APAC,False,active,True
2025-09,SYN-202509-D01021,SYN-202509-P01021,2025-09-16 22:21:00,Game Network,Playable Premium,Playable Puzzle D,iOS,Western Europe,False,active,True
2025-09,SYN-202509-D01022,SYN-202509-P01022,2025-09-13 13:06:00,Search Network,Search Value Global,Playable Puzzle A,Android,Western Europe,False,active,True
2025-09,SYN-202509-D01023,SYN-202509-P01023,2025-09-08 03:01:00,Game Network,Playable Broad,Reward Story C,iOS,North America,False,active,True
2025-09,SYN-202509-D01024,SYN-202509-P01024,2025-09-10 06:59:00,Social Network,Social Gameplay,Playable Puzzle E,iOS,North America,False,active,True
2025-09,SYN-202509-D01025,SYN-202509-P01025,2025-09-26 15:12:00,Social Network,Social Gameplay,Reward Story E,iOS,North America,False,active,True
2025-09,SYN-202509-D01026,SYN-202509-P01026,2025-09-07 23:22:00,Search Network,Search Value Global,Playable Puzzle A,Android,APAC,False,active,False
2025-09,SYN-202509-D01027,SYN-202509-P01027,2025-09-03 19:37:00,Game Network,Playable Broad,Progress Video C,iOS,APAC,False,active,True
2025-09,SYN-202509-D01029,SYN-202509-P01029,2025-09-03 18:25:00,Social Network,Social Gameplay,Playable Puzzle E,iOS,North America,False,active,True
2025-09,SYN-202509-D01030,SYN-202509-P01030,2025-09-15 02:03:00,Search Network,Search Value North,Progress Video B,Android,Western Europe,False,active,True
2025-09,SYN-202509-D01032,SYN-202509-P01032,2025-09-03 04:19:00,Game Network,Playable Premium,Reward Story D,iOS,Western Europe,False,active,True
2025-09,SYN-202509-D01033,SYN-202509-P01033,2025-09-30 12:19:00,Search Network,Search Value North,Playable Puzzle B,Android,North America,False,active,True
2025-09,SYN-202509-D01034,SYN-202509-P01034,2025-09-17 21:26:00,Social Network,Social Gameplay,Progress Video E,iOS,APAC,False,active,True
2025-09,SYN-202509-D01035,SYN-202509-P01035,2025-09-26 03:47:00,Search Network,Search Value Global,Progress Video A,Android,North America,False,active,True
2025-09,SYN-202509-D01036,SYN-202509-P01036,2025-09-09 20:32:00,Game Network,Playable Premium,Progress Video D,iOS,LATAM,False,active,True
2025-09,SYN-202509-D01037,SYN-202509-P01037,2025-09-02 08:04:00,Search Network,Search Value North,Progress Video B,Android,Western Europe,False,active,True
2025-09,SYN-202509-D01038,SYN-202509-P01038,2025-09-20 22:32:00,Search Network,Search Value Global,Reward Story A,Android,APAC,False,active,True
2025-09,SYN-202509-D01039,SYN-202509-P01039,2025-09-29 07:21:00,Game Network,Playable Premium,Reward Story D,iOS,Western Europe,False,active,True
2025-09,SYN-202509-D01040,SYN-202509-P01040,2025-09-16 03:15:00,Game Network,Playable Broad,Playable Puzzle C,iOS,Western Europe,False,active,True
2025-09,SYN-202509-D01041,SYN-202509-P01041,2025-09-10 12:40:00,Search Network,Search Value Global,Progress Video A,Android,APAC,False,active,True
2025-09,SYN-202509-D01042,SYN-202509-P01042,2025-09-16 09:13:00,Search Network,Search Value Global,Playable Puzzle A,Android,APAC,False,active,True
2025-09,SYN-202509-D01043,SYN-202509-P01043,2025-09-06 10:34:00,Search Network,Search Value Global,Reward Story A,Android,APAC,False,active,True
2025-09,SYN-202509-D01044,SYN-202509-P01044,2025-09-07 22:24:00,Game Network,Playable Premium,Reward Story D,iOS,North America,False,active,True
2025-09,SYN-202509-D01045,SYN-202509-P01045,2025-09-06 12:51:00,Social Network,Social Gameplay,Progress Video E,iOS,APAC,False,active,True
2025-09,SYN-202509-D01046,SYN-202509-P01046,2025-09-02 14:19:00,Game Network,Playable Premium,Playable Puzzle D,iOS,Western Europe,False,active,True
2025-09,SYN-202509-D01047,SYN-202509-P01047,2025-09-17 10:56:00,Search Network,Search Value North,Reward Story B,Android,APAC,False,active,False
2025-09,SYN-202509-D01048,SYN-202509-P01048,2025-09-14 01:39:00,Game Network,Playable Premium,Playable Puzzle D,iOS,Western Europe,False,active,True
2025-09,SYN-202509-D01049,SYN-202509-P01049,2025-09-12 11:08:00,Game Network,Playable Broad,Reward Story C,iOS,APAC,False,active,True
2025-09,SYN-202509-D01051,SYN-202509-P01051,2025-09-02 19:15:00,Discovery Network,Discovery Rewarded,Reward Story G,Android,APAC,False,stopped,True
2025-09,SYN-202509-D01052,SYN-202509-P01052,2025-09-29 18:47:00,Game Network,Playable Premium,Playable Puzzle D,iOS,APAC,False,active,True
2025-09,SYN-202509-D01053,SYN-202509-P01053,2025-09-02 06:15:00,Search Network,Search Value North,Playable Puzzle B,Android,Western Europe,False,active,True
2025-09,SYN-202509-D01054,SYN-202509-P01054,2025-09-05 18:50:00,Discovery Network,Discovery Rewarded,Reward Story G,Android,North America,False,stopped,True
2025-09,SYN-202509-D01055,SYN-202509-P01055,2025-09-13 12:18:00,Store Search,Store Intent,Playable Puzzle H,iOS,Western Europe,False,active,True
2025-09,SYN-202509-D01056,SYN-202509-P01056,2025-09-05 05:17:00,Store Search,Store Intent,Progress Video H,iOS,APAC,False,active,True
2025-09,SYN-202509-D01057,SYN-202509-P01057,2025-09-06 02:33:00,Game Network,Playable Premium,Reward Story D,iOS,North America,False,active,True
2025-09,SYN-202509-D01058,SYN-202509-P01058,2025-09-14 19:58:00,Search Network,Search Value Global,Progress Video A,Android,North America,False,active,True
2025-09,SYN-202509-D01059,SYN-202509-P01059,2025-09-24 21:13:00,Game Network,Playable Premium,Reward Story D,iOS,Western Europe,False,active,True
2025-09,SYN-202509-D01060,SYN-202509-P01060,2025-09-03 05:23:00,Discovery Network,Discovery Rewarded,Reward Story G,Android,Western Europe,False,stopped,True
2025-09,SYN-202509-D01061,SYN-202509-P01061,2025-09-06 14:53:00,Social Network,Social Lifestyle,Reward Story F,iOS,APAC,False,stopped,True
2025-09,SYN-202509-D01062,SYN-202509-P01062,2025-09-06 06:31:00,Store Search,Store Intent,Progress Video H,iOS,Western Europe,False,active,True
2025-09,SYN-202509-D01063,SYN-202509-P01063,2025-09-01 23:08:00,Search Network,Search Value Global,Reward Story A,Android,North America,False,active,True
2025-09,SYN-202509-D01064,SYN-202509-P01064,2025-09-13 15:27:00,Discovery Network,Discovery Rewarded,Progress Video G,Android,Western Europe,False,stopped,True
2025-09,SYN-202509-D01065,SYN-202509-P01065,2025-09-23 18:49:00,Social Network,Social Gameplay,Reward Story E,iOS,Western Europe,False,active,True
2025-09,SYN-202509-D01066,SYN-202509-P01066,2025-09-17 18:27:00,Search Network,Search Value Global,Playable Puzzle A,Android,LATAM,False,active,True
2025-09,SYN-202509-D01067,SYN-202509-P01067,2025-09-21 18:07:00,Search Network,Search Value Global,Reward Story A,Android,North America,False,active,True
2025-09,SYN-202509-D01068,SYN-202509-P01068,2025-09-12 10:26:00,Discovery Network,Discovery Rewarded,Playable Puzzle G,Android,North America,False,stopped,True
2025-09,SYN-202509-D01069,SYN-202509-P01069,2025-09-27 19:16:00,Store Search,Store Intent,Playable Puzzle H,iOS,LATAM,False,active,True
2025-09,SYN-202509-D01070,SYN-202509-P01070,2025-09-15 16:49:00,Game Network,Playable Premium,Progress Video D,iOS,LATAM,False,active,False
2025-09,SYN-202509-D01071,SYN-202509-P01071,2025-09-11 10:02:00,Game Network,Playable Broad,Reward Story C,iOS,APAC,False,active,True
2025-09,SYN-202509-D01072,SYN-202509-P01072,2025-09-18 09:50:00,Search Network,Search Value Global,Playable Puzzle A,Android,North America,False,active,True
2025-09,SYN-202509-D01073,SYN-202509-P01073,2025-09-07 19:16:00,Game Network,Playable Premium,Playable Puzzle D,iOS,Western Europe,False,active,True
2025-09,SYN-202509-D01074,SYN-202509-P01074,2025-09-17 07:53:00,Search Network,Search Value North,Reward Story B,Android,APAC,False,active,True
2025-09,SYN-202509-D01075,SYN-202509-P01075,2025-09-30 15:12:00,Game Network,Playable Premium,Playable Puzzle D,iOS,North America,False,active,True
2025-09,SYN-202509-D01076,SYN-202509-P01076,2025-09-14 17:32:00,Search Network,Search Value North,Progress Video B,Android,Western Europe,False,active,True
2025-09,SYN-202509-D01077,SYN-202509-P01077,2025-09-15 18:50:00,Game Network,Playable Premium,Playable Puzzle D,iOS,North America,False,active,True
2025-09,SYN-202509-D01078,SYN-202509-P01078,2025-09-21 15:55:00,Game Network,Playable Broad,Reward Story C,iOS,Western Europe,False,active,True
2025-09,SYN-202509-D01079,SYN-202509-P01079,2025-09-09 03:17:00,Game Network,Playable Broad,Progress Video C,iOS,Western Europe,False,active,True
2025-09,SYN-202509-D01080,SYN-202509-P01080,2025-09-02 18:55:00,Store Search,Store Intent,Progress Video H,iOS,North America,False,active,True
2025-09,SYN-202509-D01081,SYN-202509-P01081,2025-09-08 11:44:00,Search Network,Search Value North,Progress Video B,Android,North America,False,active,True
2025-09,SYN-202509-D01082,SYN-202509-P01082,2025-09-05 06:31:00,Game Network,Playable Premium,Progress Video D,iOS,North America,False,active,True
2025-09,SYN-202509-D01083,SYN-202509-P01083,2025-09-20 08:33:00,Game Network,Playable Premium,Progress Video D,iOS,North America,False,active,True
2025-09,SYN-202509-D01084,SYN-202509-P01084,2025-09-23 06:02:00,Game Network,Playable Broad,Reward Story C,iOS,North America,False,active,True
2025-09,SYN-202509-D01085,SYN-202509-P01085,2025-09-07 20:46:00,Search Network,Search Value Global,Reward Story A,Android,North America,False,active,True
2025-09,SYN-202509-D01086,SYN-202509-P01086,2025-09-23 07:51:00,Social Network,Social Gameplay,Progress Video E,iOS,APAC,False,active,True
2025-09,SYN-202509-D01087,SYN-202509-P01087,2025-09-08 09:52:00,Game Network,Playable Broad,Playable Puzzle C,iOS,LATAM,False,active,True
2025-09,SYN-202509-D01088,SYN-202509-P01088,2025-09-04 22:29:00,Social Network,Social Lifestyle,Progress Video F,iOS,North America,False,stopped,True
2025-09,SYN-202509-D01089,SYN-202509-P01089,2025-09-17 01:01:00,Search Network,Search Value North,Reward Story B,Android,APAC,False,active,True
2025-09,SYN-202509-D01090,SYN-202509-P01090,2025-09-05 00:32:00,Game Network,Playable Broad,Progress Video C,iOS,APAC,False,active,True
2025-09,SYN-202509-D01091,SYN-202509-P01091,2025-09-18 02:21:00,Search Network,Search Value North,Progress Video B,Android,APAC,False,active,True
2025-09,SYN-202509-D01092,SYN-202509-P01092,2025-09-15 06:54:00,Game Network,Playable Premium,Reward Story D,iOS,APAC,False,active,True
2025-09,SYN-202509-D01093,SYN-202509-P01093,2025-09-15 17:47:00,Store Search,Store Intent,Progress Video H,iOS,Western Europe,False,active,True
2025-09,SYN-202509-D01094,SYN-202509-P01094,2025-09-14 07:18:00,Game Network,Playable Broad,Progress Video C,iOS,North America,False,active,True
2025-09,SYN-202509-D01095,SYN-202509-P01095,2025-09-25 17:47:00,Store Search,Store Intent,Reward Story H,iOS,LATAM,False,active,True
2025-09,SYN-202509-D01096,SYN-202509-P01096,2025-09-08 15:19:00,Search Network,Search Value Global,Playable Puzzle A,Android,Western Europe,False,active,True
2025-09,SYN-202509-D01097,SYN-202509-P01097,2025-09-08 09:21:00,Game Network,Playable Premium,Reward Story D,iOS,APAC,False,active,True
2025-09,SYN-202509-D01098,SYN-202509-P01098,2025-09-19 15:02:00,Search Network,Search Value North,Playable Puzzle B,Android,North America,False,active,True
2025-09,SYN-202509-D01099,SYN-202509-P01099,2025-09-25 19:51:00,Game Network,Playable Premium,Playable Puzzle D,iOS,APAC,False,active,True
2025-09,SYN-202509-D01100,SYN-202509-P01100,2025-09-21 07:45:00,Game Network,Playable Broad,Reward Story C,iOS,LATAM,False,active,True
2025-09,SYN-202509-D01101,SYN-202509-P01101,2025-09-16 04:41:00,Store Search,Store Intent,Progress Video H,iOS,North America,False,active,True
2025-09,SYN-202509-D01102,SYN-202509-P01102,2025-09-19 21:16:00,Search Network,Search Value Global,Reward Story A,Android,LATAM,False,active,True
2025-09,SYN-202509-D01103,SYN-202509-P01103,2025-09-11 04:03:00,Search Network,Search Value Global,Playable Puzzle A,Android,LATAM,False,active,True
2025-09,SYN-202509-D01104,SYN-202509-P01104,2025-09-08 21:01:00,Store Search,Store Intent,Reward Story H,iOS,APAC,False,active,True
2025-09,SYN-202509-D01105,SYN-202509-P01105,2025-09-27 14:01:00,Store Search,Store Intent,Playable Puzzle H,iOS,Western Europe,False,active,True
2025-09,SYN-202509-D01106,SYN-202509-P01106,2025-09-15 17:53:00,Game Network,Playable Broad,Progress Video C,iOS,North America,False,active,True
2025-09,SYN-202509-D01107,SYN-202509-P01107,2025-09-08 08:54:00,Store Search,Store Intent,Progress Video H,iOS,APAC,False,active,True
2025-09,SYN-202509-D01108,SYN-202509-P01108,2025-09-27 20:20:00,Game Network,Playable Premium,Progress Video D,iOS,Western Europe,False,active,True
2025-09,SYN-202509-D01109,SYN-202509-P01109,2025-09-12 17:44:00,Game Network,Playable Premium,Progress Video D,iOS,APAC,False,active,True
2025-09,SYN-202509-D01110,SYN-202509-P01110,2025-09-06 16:52:00,Social Network,Social Gameplay,Playable Puzzle E,iOS,LATAM,False,active,True
2025-09,SYN-202509-D01111,SYN-202509-P01111,2025-09-18 21:16:00,Game Network,Playable Broad,Progress Video C,iOS,Western Europe,False,active,True
2025-09,SYN-202509-D01112,SYN-202509-P01112,2025-09-09 17:03:00,Game Network,Playable Premium,Reward Story D,iOS,North America,False,active,True
2025-09,SYN-202509-D01113,SYN-202509-P01113,2025-09-03 05:02:00,Game Network,Playable Broad,Playable Puzzle C,iOS,North America,False,active,True
2025-09,SYN-202509-D01114,SYN-202509-P01114,2025-09-09 19:18:00,Game Network,Playable Broad,Playable Puzzle C,iOS,Western Europe,False,active,True
2025-09,SYN-202509-D01115,SYN-202509-P01115,2025-09-09 08:37:00,Store Search,Store Intent,Reward Story H,iOS,North America,False,active,True
2025-09,SYN-202509-D01116,SYN-202509-P01116,2025-09-15 18:41:00,Social Network,Social Gameplay,Playable Puzzle E,iOS,APAC,False,active,True
2025-09,SYN-202509-D01117,SYN-202509-P01117,2025-09-11 00:32:00,Search Network,Search Value North,Playable Puzzle B,Android,APAC,False,active,True
2025-09,SYN-202509-D01118,SYN-202509-P01118,2025-09-20 01:16:00,Social Network,Social Gameplay,Reward Story E,iOS,North America,False,active,True
2025-09,SYN-202509-D01119,SYN-202509-P01119,2025-09-18 07:31:00,Search Network,Search Value North,Playable Puzzle B,Android,Western Europe,False,active,True
2025-09,SYN-202509-D01120,SYN-202509-P01120,2025-09-05 06:54:00,Social Network,Social Lifestyle,Reward Story F,iOS,APAC,False,stopped,True
2025-09,SYN-202509-D01121,SYN-202509-P01121,2025-09-22 02:54:00,Social Network,Social Gameplay,Reward Story E,iOS,APAC,False,active,True
2025-09,SYN-202509-D01122,SYN-202509-P01122,2025-09-23 04:46:00,Game Network,Playable Broad,Progress Video C,iOS,North America,False,active,True
2025-09,SYN-202509-D01123,SYN-202509-P01123,2025-09-14 15:02:00,Social Network,Social Gameplay,Reward Story E,iOS,North America,False,active,True
2025-09,SYN-202509-D01124,SYN-202509-P01124,2025-09-17 15:56:00,Game Network,Playable Premium,Progress Video D,iOS,LATAM,False,active,False
2025-09,SYN-202509-D01125,SYN-202509-P01125,2025-09-10 06:45:00,Store Search,Store Intent,Progress Video H,iOS,APAC,False,active,True
2025-09,SYN-202509-D01126,SYN-202509-P01126,2025-09-17 01:51:00,Social Network,Social Gameplay,Reward Story E,iOS,North America,False,active,True
2025-09,SYN-202509-D01128,SYN-202509-P01128,2025-09-21 06:24:00,Search Network,Search Value North,Progress Video B,Android,North America,False,active,True
2025-09,SYN-202509-D01129,SYN-202509-P01129,2025-09-10 18:27:00,Game Network,Playable Premium,Playable Puzzle D,iOS,North America,False,active,True
2025-09,SYN-202509-D01130,SYN-202509-P01130,2025-09-19 17:39:00,Game Network,Playable Broad,Progress Video C,iOS,Western Europe,False,active,True
2025-09,SYN-202509-D01131,SYN-202509-P01131,2025-09-20 20:26:00,Search Network,Search Value Global,Playable Puzzle A,Android,LATAM,False,active,True
2025-09,SYN-202509-D01132,SYN-202509-P01132,2025-09-22 22:15:00,Search Network,Search Value Global,Playable Puzzle A,Android,APAC,False,active,True
2025-09,SYN-202509-D01133,SYN-202509-P01133,2025-09-21 16:32:00,Social Network,Social Gameplay,Reward Story E,iOS,Western Europe,False,active,True
2025-09,SYN-202509-D01134,SYN-202509-P01134,2025-09-05 12:33:00,Search Network,Search Value Global,Progress Video A,Android,APAC,False,active,True
2025-09,SYN-202509-D01135,SYN-202509-P01135,2025-09-04 15:17:00,Game Network,Playable Premium,Progress Video D,iOS,North America,False,active,True
2025-09,SYN-202509-D01136,SYN-202509-P01136,2025-09-07 04:00:00,Search Network,Search Value North,Reward Story B,Android,North America,False,active,True
2025-09,SYN-202509-D01137,SYN-202509-P01137,2025-09-16 18:16:00,Social Network,Social Gameplay,Playable Puzzle E,iOS,LATAM,False,active,True
2025-09,SYN-202509-D01138,SYN-202509-P01138,2025-09-04 01:12:00,Game Network,Playable Broad,Reward Story C,iOS,North America,False,active,True
2025-09,SYN-202509-D01139,SYN-202509-P01139,2025-09-25 22:43:00,Search Network,Search Value North,Playable Puzzle B,Android,North America,False,active,True
2025-09,SYN-202509-D01140,SYN-202509-P01140,2025-09-28 08:21:00,Store Search,Store Intent,Progress Video H,iOS,North America,False,active,True
2025-09,SYN-202509-D01141,SYN-202509-P01141,2025-09-04 21:08:00,Social Network,Social Gameplay,Progress Video E,iOS,APAC,False,active,True
2025-09,SYN-202509-D01142,SYN-202509-P01142,2025-09-19 08:12:00,Search Network,Search Value Global,Playable Puzzle A,Android,Western Europe,False,active,True
2025-09,SYN-202509-D01143,SYN-202509-P01143,2025-09-20 17:15:00,Game Network,Playable Premium,Reward Story D,iOS,Western Europe,False,active,True
2025-09,SYN-202509-D01144,SYN-202509-P01144,2025-09-27 02:39:00,Game Network,Playable Broad,Playable Puzzle C,iOS,Western Europe,False,active,True
2025-09,SYN-202509-D01145,SYN-202509-P01145,2025-09-28 00:56:00,Search Network,Search Value North,Reward Story B,Android,North America,False,active,True
2025-09,SYN-202509-D01146,SYN-202509-P01146,2025-09-03 19:05:00,Game Network,Playable Premium,Playable Puzzle D,iOS,North America,False,active,True
2025-09,SYN-202509-D01147,SYN-202509-P01147,2025-09-25 08:53:00,Search Network,Search Value Global,Playable Puzzle A,Android,APAC,False,active,True
2025-09,SYN-202509-D01148,SYN-202509-P01148,2025-09-24 10:03:00,Game Network,Playable Premium,Reward Story D,iOS,APAC,False,active,True
2025-09,SYN-202509-D01149,SYN-202509-P01149,2025-09-14 05:56:00,Game Network,Playable Premium,Playable Puzzle D,iOS,LATAM,False,active,True
2025-09,SYN-202509-D01150,SYN-202509-P01150,2025-09-15 12:11:00,Game Network,Playable Premium,Reward Story D,iOS,Western Europe,False,active,True
2025-09,SYN-202509-D01151,SYN-202509-P01151,2025-09-29 10:16:00,Game Network,Playable Broad,Reward Story C,iOS,North America,False,active,True
2025-09,SYN-202509-D01152,SYN-202509-P01152,2025-09-07 16:20:00,Game Network,Playable Premium,Playable Puzzle D,iOS,North America,False,active,True
2025-09,SYN-202509-D01153,SYN-202509-P01153,2025-09-15 02:55:00,Game Network,Playable Premium,Playable Puzzle D,iOS,APAC,False,active,True
2025-09,SYN-202509-D01154,SYN-202509-P01154,2025-09-10 04:33:00,Search Network,Search Value Global,Reward Story A,Android,North America,False,active,True
2025-09,SYN-202509-D01155,SYN-202509-P01155,2025-09-03 09:05:00,Search Network,Search Value North,Reward Story B,Android,Western Europe,False,active,True
2025-09,SYN-202509-D01156,SYN-202509-P01156,2025-09-14 21:46:00,Social Network,Social Lifestyle,Playable Puzzle F,iOS,North America,False,stopped,True
2025-09,SYN-202509-D01157,SYN-202509-P01157,2025-09-17 07:09:00,Social Network,Social Gameplay,Progress Video E,iOS,Western Europe,False,active,True
2025-09,SYN-202509-D01158,SYN-202509-P01158,2025-09-04 21:54:00,Store Search,Store Intent,Playable Puzzle H,iOS,APAC,False,active,True
2025-09,SYN-202509-D01159,SYN-202509-P01159,2025-09-21 23:36:00,Search Network,Search Value Global,Reward Story A,Android,North America,False,active,True
2025-09,SYN-202509-D01160,SYN-202509-P01160,2025-09-02 22:09:00,Social Network,Social Gameplay,Playable Puzzle E,iOS,APAC,False,active,False
2025-09,SYN-202509-D01161,SYN-202509-P01161,2025-09-03 04:14:00,Search Network,Search Value North,Progress Video B,Android,APAC,False,active,True
2025-09,SYN-202509-D01162,SYN-202509-P01162,2025-09-21 19:35:00,Game Network,Playable Broad,Playable Puzzle C,iOS,Western Europe,False,active,True
2025-09,SYN-202509-D01163,SYN-202509-P01163,2025-09-27 05:45:00,Game Network,Playable Broad,Reward Story C,iOS,North America,False,active,True
2025-09,SYN-202509-D01165,SYN-202509-P01165,2025-09-04 03:33:00,Game Network,Playable Premium,Playable Puzzle D,iOS,North America,False,active,True
2025-09,SYN-202509-D01166,SYN-202509-P01166,2025-09-07 07:07:00,Game Network,Playable Broad,Playable Puzzle C,iOS,APAC,False,active,True
2025-09,SYN-202509-D01167,SYN-202509-P01167,2025-09-01 11:15:00,Social Network,Social Gameplay,Progress Video E,iOS,APAC,False,active,True
2025-09,SYN-202509-D01168,SYN-202509-P01168,2025-09-23 03:19:00,Search Network,Search Value North,Reward Story B,Android,LATAM,False,active,True
2025-09,SYN-202509-D01169,SYN-202509-P01169,2025-09-29 18:33:00,Social Network,Social Gameplay,Progress Video E,iOS,APAC,False,active,True
2025-09,SYN-202509-D01170,SYN-202509-P01170,2025-09-24 20:36:00,Game Network,Playable Broad,Progress Video C,iOS,Western Europe,False,active,True
2025-09,SYN-202509-D01171,SYN-202509-P01171,2025-09-15 23:52:00,Store Search,Store Intent,Playable Puzzle H,iOS,North America,False,active,True
2025-09,SYN-202509-D01172,SYN-202509-P01172,2025-09-16 22:30:00,Store Search,Store Intent,Playable Puzzle H,iOS,LATAM,False,active,True
2025-09,SYN-202509-D01173,SYN-202509-P01173,2025-09-05 17:40:00,Search Network,Search Value Global,Reward Story A,Android,North America,False,active,True
2025-09,SYN-202509-D01174,SYN-202509-P01174,2025-09-06 10:38:00,Game Network,Playable Broad,Playable Puzzle C,iOS,APAC,False,active,True
2025-09,SYN-202509-D01175,SYN-202509-P01175,2025-09-09 05:39:00,Game Network,Playable Broad,Reward Story C,iOS,Western Europe,False,active,True
2025-09,SYN-202509-D01176,SYN-202509-P01176,2025-09-08 15:28:00,Social Network,Social Gameplay,Progress Video E,iOS,North America,False,active,True
2025-09,SYN-202509-D01177,SYN-202509-P01177,2025-09-06 05:00:00,Game Network,Playable Broad,Progress Video C,iOS,Western Europe,False,active,True
2025-09,SYN-202509-D01178,SYN-202509-P01178,2025-09-21 12:27:00,Game Network,Playable Broad,Reward Story C,iOS,APAC,False,active,True
2025-09,SYN-202509-D01179,SYN-202509-P01179,2025-09-12 00:57:00,Game Network,Playable Broad,Playable Puzzle C,iOS,North America,False,active,True
2025-09,SYN-202509-D01180,SYN-202509-P01180,2025-09-15 10:49:00,Social Network,Social Lifestyle,Playable Puzzle F,iOS,APAC,False,stopped,True
2025-09,SYN-202509-D01181,SYN-202509-P01181,2025-09-16 15:51:00,Game Network,Playable Broad,Playable Puzzle C,iOS,APAC,False,active,True
2025-09,SYN-202509-D01182,SYN-202509-P01182,2025-09-14 16:30:00,Game Network,Playable Broad,Reward Story C,iOS,Western Europe,False,active,True
2025-09,SYN-202509-D01183,SYN-202509-P01183,2025-09-19 17:18:00,Search Network,Search Value North,Playable Puzzle B,Android,North America,False,active,True
2025-09,SYN-202509-D01184,SYN-202509-P01184,2025-09-02 07:42:00,Store Search,Store Intent,Progress Video H,iOS,North America,False,active,True
2025-09,SYN-202509-D01185,SYN-202509-P01185,2025-09-17 11:01:00,Social Network,Social Gameplay,Progress Video E,iOS,North America,False,active,True
2025-09,SYN-202509-D01186,SYN-202509-P01186,2025-09-06 22:16:00,Social Network,Social Gameplay,Playable Puzzle E,iOS,North America,False,active,True
2025-09,SYN-202509-D01187,SYN-202509-P01187,2025-09-25 09:26:00,Game Network,Playable Broad,Progress Video C,iOS,APAC,False,active,True
2025-09,SYN-202509-D01188,SYN-202509-P01188,2025-09-03 01:52:00,Search Network,Search Value North,Progress Video B,Android,North America,False,active,True
2025-09,SYN-202509-D01189,SYN-202509-P01189,2025-09-27 08:57:00,Search Network,Search Value North,Progress Video B,Android,North America,False,active,True
2025-09,SYN-202509-D01190,SYN-202509-P01190,2025-09-28 09:06:00,Search Network,Search Value Global,Reward Story A,Android,APAC,False,active,True
2025-09,SYN-202509-D01191,SYN-202509-P01191,2025-09-18 12:51:00,Search Network,Search Value North,Reward Story B,Android,Western Europe,False,active,True
2025-09,SYN-202509-D01192,SYN-202509-P01192,2025-09-02 13:07:00,Search Network,Search Value Global,Progress Video A,Android,APAC,False,active,True
2025-09,SYN-202509-D01193,SYN-202509-P01193,2025-09-19 04:32:00,Game Network,Playable Premium,Progress Video D,iOS,LATAM,False,active,True
2025-09,SYN-202509-D01194,SYN-202509-P01194,2025-09-03 10:37:00,Discovery Network,Discovery Rewarded,Progress Video G,Android,LATAM,False,stopped,True
2025-09,SYN-202509-D01195,SYN-202509-P01195,2025-09-11 23:06:00,Social Network,Social Gameplay,Progress Video E,iOS,APAC,False,active,True
2025-09,SYN-202509-D01196,SYN-202509-P01196,2025-09-27 21:00:00,Game Network,Playable Broad,Reward Story C,iOS,North America,False,active,True
2025-09,SYN-202509-D01197,SYN-202509-P01197,2025-09-07 12:17:00,Store Search,Store Intent,Reward Story H,iOS,North America,False,active,True
2025-09,SYN-202509-D01198,SYN-202509-P01198,2025-09-24 16:13:00,Game Network,Playable Broad,Playable Puzzle C,iOS,APAC,False,active,True
2025-09,SYN-202509-D01199,SYN-202509-P01199,2025-09-29 13:16:00,Store Search,Store Intent,Progress Video H,iOS,North America,False,active,True
2025-09,SYN-202509-D01200,SYN-202509-P01200,2025-09-13 03:36:00,Game Network,Playable Premium,Reward Story D,iOS,APAC,False,active,True
2025-09,SYN-202509-D01201,SYN-202509-P01201,2025-09-12 22:16:00,Discovery Network,Discovery Rewarded,Progress Video G,Android,North America,False,stopped,True
2025-09,SYN-202509-D01202,SYN-202509-P01202,2025-09-17 14:28:00,Game Network,Playable Premium,Playable Puzzle D,iOS,North America,False,active,True
2025-09,SYN-202509-D01203,SYN-202509-P01203,2025-09-05 08:38:00,Social Network,Social Lifestyle,Reward Story F,iOS,APAC,False,stopped,True
2025-09,SYN-202509-D01204,SYN-202509-P01204,2025-09-18 06:38:00,Store Search,Store Intent,Reward Story H,iOS,North America,False,active,True
2025-09,SYN-202509-D01205,SYN-202509-P01205,2025-09-05 01:59:00,Social Network,Social Gameplay,Playable Puzzle E,iOS,APAC,False,active,True
2025-09,SYN-202509-D01206,SYN-202509-P01206,2025-09-05 06:30:00,Social Network,Social Gameplay,Reward Story E,iOS,North America,False,active,True
2025-09,SYN-202509-D01207,SYN-202509-P01207,2025-09-13 19:12:00,Search Network,Search Value North,Playable Puzzle B,Android,Western Europe,False,active,True
2025-09,SYN-202509-D01208,SYN-202509-P01208,2025-09-05 01:06:00,Social Network,Social Gameplay,Reward Story E,iOS,North America,False,active,True
2025-09,SYN-202509-D01209,SYN-202509-P01209,2025-09-24 13:41:00,Search Network,Search Value Global,Progress Video A,Android,APAC,False,active,True
2025-09,SYN-202509-D01210,SYN-202509-P01210,2025-09-06 21:46:00,Game Network,Playable Broad,Playable Puzzle C,iOS,APAC,False,active,True
2025-09,SYN-202509-D01211,SYN-202509-P01211,2025-09-25 01:21:00,Game Network,Playable Broad,Reward Story C,iOS,LATAM,False,active,True
2025-09,SYN-202509-D01212,SYN-202509-P01212,2025-09-13 04:19:00,Search Network,Search Value Global,Playable Puzzle A,Android,Western Europe,False,active,True
2025-09,SYN-202509-D01213,SYN-202509-P01213,2025-09-09 17:43:00,Store Search,Store Intent,Progress Video H,iOS,North America,False,active,True
2025-09,SYN-202509-D01214,SYN-202509-P01214,2025-09-29 07:37:00,Store Search,Store Intent,Progress Video H,iOS,APAC,False,active,True
2025-09,SYN-202509-D01215,SYN-202509-P01215,2025-09-07 03:14:00,Game Network,Playable Premium,Progress Video D,iOS,Western Europe,False,active,True
2025-09,SYN-202509-D01216,SYN-202509-P01216,2025-09-16 22:05:00,Social Network,Social Gameplay,Progress Video E,iOS,North America,False,active,True
2025-09,SYN-202509-D01217,SYN-202509-P01217,2025-09-18 01:09:00,Search Network,Search Value North,Progress Video B,Android,LATAM,False,active,True
2025-09,SYN-202509-D01218,SYN-202509-P01218,2025-09-11 23:56:00,Game Network,Playable Broad,Progress Video C,iOS,Western Europe,False,active,True
2025-09,SYN-202509-D01219,SYN-202509-P01219,2025-09-13 14:51:00,Game Network,Playable Broad,Playable Puzzle C,iOS,North America,False,active,True
2025-09,SYN-202509-D01221,SYN-202509-P01221,2025-09-12 13:00:00,Game Network,Playable Broad,Progress Video C,iOS,Western Europe,False,active,True
2025-09,SYN-202509-D01222,SYN-202509-P01222,2025-09-29 04:29:00,Search Network,Search Value Global,Playable Puzzle A,Android,North America,False,active,True
2025-09,SYN-202509-D01223,SYN-202509-P01223,2025-09-19 04:19:00,Search Network,Search Value North,Progress Video B,Android,North America,False,active,True
2025-09,SYN-202509-D01224,SYN-202509-P01224,2025-09-15 14:04:00,Discovery Network,Discovery Rewarded,Playable Puzzle G,Android,North America,False,stopped,True
2025-09,SYN-202509-D01225,SYN-202509-P01225,2025-09-18 20:49:00,Social Network,Social Gameplay,Progress Video E,iOS,APAC,False,active,True
2025-09,SYN-202509-D01226,SYN-202509-P01226,2025-09-16 19:44:00,Game Network,Playable Broad,Reward Story C,iOS,APAC,False,active,True
2025-09,SYN-202509-D01227,SYN-202509-P01227,2025-09-03 13:02:00,Search Network,Search Value North,Reward Story B,Android,Western Europe,False,active,True
2025-09,SYN-202509-D01228,SYN-202509-P01228,2025-09-05 10:33:00,Game Network,Playable Broad,Progress Video C,iOS,APAC,False,active,True
2025-09,SYN-202509-D01229,SYN-202509-P01229,2025-09-14 22:39:00,Social Network,Social Lifestyle,Reward Story F,iOS,APAC,False,stopped,True
2025-09,SYN-202509-D01230,SYN-202509-P01230,2025-09-20 20:07:00,Search Network,Search Value North,Reward Story B,Android,North America,False,active,True
2025-09,SYN-202509-D01231,SYN-202509-P01231,2025-09-28 09:19:00,Game Network,Playable Broad,Reward Story C,iOS,APAC,False,active,True
2025-09,SYN-202509-D01232,SYN-202509-P01232,2025-09-09 06:47:00,Game Network,Playable Broad,Progress Video C,iOS,LATAM,False,active,True
2025-09,SYN-202509-D01233,SYN-202509-P01233,2025-09-15 07:28:00,Search Network,Search Value Global,Reward Story A,Android,LATAM,False,active,True
2025-09,SYN-202509-D01234,SYN-202509-P01234,2025-09-19 22:18:00,Search Network,Search Value Global,Progress Video A,Android,LATAM,False,active,True
2025-09,SYN-202509-D01235,SYN-202509-P01235,2025-09-17 09:38:00,Store Search,Store Intent,Progress Video H,iOS,North America,False,active,True
2025-09,SYN-202509-D01236,SYN-202509-P01236,2025-09-08 08:07:00,Search Network,Search Value Global,Progress Video A,Android,Western Europe,False,active,True
2025-09,SYN-202509-D01237,SYN-202509-P01237,2025-09-20 21:55:00,Social Network,Social Gameplay,Progress Video E,iOS,Western Europe,False,active,True
2025-09,SYN-202509-D01238,SYN-202509-P01238,2025-09-18 09:23:00,Game Network,Playable Premium,Reward Story D,iOS,APAC,False,active,True
2025-09,SYN-202509-D01239,SYN-202509-P01239,2025-09-08 08:52:00,Search Network,Search Value North,Playable Puzzle B,Android,LATAM,False,active,True
2025-09,SYN-202509-D01240,SYN-202509-P01240,2025-09-20 20:48:00,Search Network,Search Value North,Playable Puzzle B,Android,Western Europe,False,active,True
2025-09,SYN-202509-D01241,SYN-202509-P01241,2025-09-25 01:47:00,Store Search,Store Intent,Reward Story H,iOS,APAC,False,active,True
2025-09,SYN-202509-D01242,SYN-202509-P01242,2025-09-23 12:24:00,Store Search,Store Intent,Playable Puzzle H,iOS,APAC,False,active,True
2025-09,SYN-202509-D01243,SYN-202509-P01243,2025-09-03 07:23:00,Game Network,Playable Premium,Progress Video D,iOS,North America,False,active,True
2025-09,SYN-202509-D01244,SYN-202509-P01244,2025-09-18 21:50:00,Search Network,Search Value North,Reward Story B,Android,North America,False,active,True
2025-09,SYN-202509-D01245,SYN-202509-P01245,2025-09-05 18:38:00,Discovery Network,Discovery Rewarded,Progress Video G,Android,APAC,False,stopped,True
2025-09,SYN-202509-D01247,SYN-202509-P01247,2025-09-14 13:49:00,Search Network,Search Value North,Progress Video B,Android,Western Europe,False,active,True
2025-09,SYN-202509-D01248,SYN-202509-P01248,2025-09-17 21:30:00,Game Network,Playable Broad,Playable Puzzle C,iOS,North America,False,active,True
2025-09,SYN-202509-D01249,SYN-202509-P01249,2025-09-08 08:53:00,Search Network,Search Value Global,Progress Video A,Android,North America,False,active,True
2025-09,SYN-202509-D01250,SYN-202509-P01250,2025-09-11 14:40:00,Social Network,Social Gameplay,Reward Story E,iOS,APAC,False,active,True
2025-09,SYN-202509-D01251,SYN-202509-P01251,2025-09-07 00:47:00,Discovery Network,Discovery Rewarded,Playable Puzzle G,Android,LATAM,False,stopped,True
2025-09,SYN-202509-D01252,SYN-202509-P01252,2025-09-12 21:32:00,Game Network,Playable Broad,Playable Puzzle C,iOS,APAC,False,active,True
2025-09,SYN-202509-D01253,SYN-202509-P01253,2025-09-04 07:13:00,Game Network,Playable Premium,Progress Video D,iOS,North America,False,active,True
2025-09,SYN-202509-D01254,SYN-202509-P01254,2025-09-14 08:22:00,Game Network,Playable Broad,Playable Puzzle C,iOS,APAC,False,active,True
2025-09,SYN-202509-D01255,SYN-202509-P01255,2025-09-12 18:34:00,Store Search,Store Intent,Progress Video H,iOS,North America,False,active,True
2025-09,SYN-202509-D01256,SYN-202509-P01256,2025-09-29 14:05:00,Store Search,Store Intent,Playable Puzzle H,iOS,APAC,False,active,True
2025-09,SYN-202509-D01257,SYN-202509-P01257,2025-09-17 14:57:00,Game Network,Playable Broad,Playable Puzzle C,iOS,APAC,False,active,True
2025-09,SYN-202509-D01258,SYN-202509-P01258,2025-09-06 07:19:00,Social Network,Social Lifestyle,Reward Story F,iOS,Western Europe,False,stopped,True
2025-09,SYN-202509-D01260,SYN-202509-P01260,2025-09-24 00:00:00,Store Search,Store Intent,Playable Puzzle H,iOS,APAC,False,active,True
2025-09,SYN-202509-D01261,SYN-202509-P01261,2025-09-03 08:36:00,Social Network,Social Gameplay,Progress Video E,iOS,Western Europe,False,active,True
2025-09,SYN-202509-D01262,SYN-202509-P01262,2025-09-05 13:03:00,Store Search,Store Intent,Reward Story H,iOS,APAC,False,active,True
2025-09,SYN-202509-D01263,SYN-202509-P01263,2025-09-12 04:41:00,Search Network,Search Value Global,Playable Puzzle A,Android,APAC,False,active,True
2025-09,SYN-202509-D01264,SYN-202509-P01264,2025-09-24 16:33:00,Game Network,Playable Broad,Playable Puzzle C,iOS,North America,False,active,True
2025-09,SYN-202509-D01265,SYN-202509-P01265,2025-09-19 06:17:00,Search Network,Search Value North,Reward Story B,Android,LATAM,False,active,True
2025-09,SYN-202509-D01266,SYN-202509-P01266,2025-09-13 20:36:00,Store Search,Store Intent,Playable Puzzle H,iOS,North America,False,active,True
2025-09,SYN-202509-D01267,SYN-202509-P01267,2025-09-15 14:41:00,Game Network,Playable Premium,Progress Video D,iOS,North America,False,active,True
2025-09,SYN-202509-D01268,SYN-202509-P01268,2025-09-07 18:28:00,Search Network,Search Value Global,Reward Story A,Android,Western Europe,False,active,True
2025-09,SYN-202509-D01269,SYN-202509-P01269,2025-09-13 12:04:00,Game Network,Playable Broad,Reward Story C,iOS,LATAM,False,active,True
2025-09,SYN-202509-D01270,SYN-202509-P01270,2025-09-07 18:29:00,Search Network,Search Value North,Playable Puzzle B,Android,APAC,False,active,True
2025-09,SYN-202509-D01271,SYN-202509-P01271,2025-09-17 13:39:00,Search Network,Search Value Global,Reward Story A,Android,LATAM,False,active,True
2025-09,SYN-202509-D01272,SYN-202509-P01272,2025-09-14 20:30:00,Store Search,Store Intent,Progress Video H,iOS,North America,False,active,True
2025-09,SYN-202509-D01273,SYN-202509-P01273,2025-09-14 07:09:00,Game Network,Playable Premium,Progress Video D,iOS,APAC,False,active,True
2025-09,SYN-202509-D01274,SYN-202509-P01274,2025-09-02 07:34:00,Search Network,Search Value North,Playable Puzzle B,Android,APAC,False,active,True
2025-09,SYN-202509-D01275,SYN-202509-P01275,2025-09-13 12:56:00,Search Network,Search Value Global,Progress Video A,Android,APAC,False,active,True
2025-09,SYN-202509-D01276,SYN-202509-P01276,2025-09-24 07:26:00,Game Network,Playable Broad,Progress Video C,iOS,LATAM,False,active,True
2025-09,SYN-202509-D01277,SYN-202509-P01277,2025-09-25 11:57:00,Social Network,Social Gameplay,Progress Video E,iOS,APAC,False,active,True
2025-09,SYN-202509-D01278,SYN-202509-P01278,2025-09-11 02:13:00,Game Network,Playable Broad,Progress Video C,iOS,APAC,False,active,True
2025-09,SYN-202509-D01279,SYN-202509-P01279,2025-09-06 21:32:00,Search Network,Search Value Global,Playable Puzzle A,Android,North America,False,active,True
2025-09,SYN-202509-D01280,SYN-202509-P01280,2025-09-12 04:05:00,Game Network,Playable Broad,Progress Video C,iOS,LATAM,False,active,True
2025-09,SYN-202509-D01281,SYN-202509-P01281,2025-09-01 07:37:00,Game Network,Playable Premium,Progress Video D,iOS,Western Europe,False,active,True
2025-09,SYN-202509-D01282,SYN-202509-P01282,2025-09-11 06:33:00,Search Network,Search Value Global,Reward Story A,Android,North America,False,active,True
2025-09,SYN-202509-D01283,SYN-202509-P01283,2025-09-14 12:12:00,Search Network,Search Value Global,Reward Story A,Android,Western Europe,False,active,False
2025-09,SYN-202509-D01284,SYN-202509-P01284,2025-09-11 22:51:00,Store Search,Store Intent,Progress Video H,iOS,Western Europe,False,active,True
2025-09,SYN-202509-D01285,SYN-202509-P01285,2025-09-07 01:40:00,Store Search,Store Intent,Reward Story H,iOS,North America,False,active,True
2025-09,SYN-202509-D01286,SYN-202509-P01286,2025-09-28 13:45:00,Store Search,Store Intent,Playable Puzzle H,iOS,North America,False,active,True
2025-09,SYN-202509-D01287,SYN-202509-P01287,2025-09-09 19:27:00,Search Network,Search Value Global,Progress Video A,Android,APAC,False,active,True
2025-09,SYN-202509-D01288,SYN-202509-P01288,2025-09-23 11:20:00,Social Network,Social Gameplay,Reward Story E,iOS,Western Europe,False,active,True
2025-09,SYN-202509-D01289,SYN-202509-P01289,2025-09-10 22:11:00,Store Search,Store Intent,Progress Video H,iOS,LATAM,False,active,True
2025-09,SYN-202509-D01290,SYN-202509-P01290,2025-09-28 23:11:00,Game Network,Playable Broad,Playable Puzzle C,iOS,APAC,False,active,True
2025-09,SYN-202509-D01291,SYN-202509-P01291,2025-09-14 03:02:00,Game Network,Playable Premium,Reward Story D,iOS,APAC,False,active,True
2025-09,SYN-202509-D01292,SYN-202509-P01292,2025-09-23 20:28:00,Search Network,Search Value Global,Progress Video A,Android,LATAM,False,active,True
2025-09,SYN-202509-D01293,SYN-202509-P01293,2025-09-06 12:52:00,Store Search,Store Intent,Progress Video H,iOS,APAC,False,active,True
2025-09,SYN-202509-D01294,SYN-202509-P01294,2025-09-26 03:30:00,Game Network,Playable Premium,Reward Story D,iOS,North America,False,active,True
2025-09,SYN-202509-D01295,SYN-202509-P01295,2025-09-19 13:45:00,Search Network,Search Value North,Reward Story B,Android,Western Europe,False,active,True
2025-09,SYN-202509-D01296,SYN-202509-P01296,2025-09-17 02:07:00,Search Network,Search Value North,Reward Story B,Android,North America,False,active,True
2025-09,SYN-202509-D01297,SYN-202509-P01297,2025-09-04 10:52:00,Game Network,Playable Premium,Progress Video D,iOS,LATAM,False,active,True
2025-09,SYN-202509-D01298,SYN-202509-P01298,2025-09-03 21:23:00,Store Search,Store Intent,Playable Puzzle H,iOS,Western Europe,False,active,True
2025-09,SYN-202509-D01299,SYN-202509-P01299,2025-09-11 13:29:00,Game Network,Playable Broad,Reward Story C,iOS,APAC,False,active,True
2025-09,SYN-202509-D01300,SYN-202509-P01300,2025-09-05 15:16:00,Discovery Network,Discovery Rewarded,Progress Video G,Android,Western Europe,False,stopped,True
2025-09,SYN-202509-D01301,SYN-202509-P01301,2025-09-05 02:56:00,Search Network,Search Value North,Playable Puzzle B,Android,APAC,False,active,True
2025-09,SYN-202509-D01302,SYN-202509-P01302,2025-09-01 02:40:00,Social Network,Social Gameplay,Playable Puzzle E,iOS,North America,False,active,True
2025-09,SYN-202509-D01303,SYN-202509-P01303,2025-09-30 06:42:00,Game Network,Playable Premium,Reward Story D,iOS,North America,False,active,True
2025-09,SYN-202509-D01304,SYN-202509-P01304,2025-09-21 10:34:00,Search Network,Search Value Global,Playable Puzzle A,Android,North America,False,active,True
2025-09,SYN-202509-D01305,SYN-202509-P01305,2025-09-26 20:10:00,Social Network,Social Gameplay,Reward Story E,iOS,North America,False,active,False
2025-09,SYN-202509-D01306,SYN-202509-P01306,2025-09-16 15:01:00,Store Search,Store Intent,Playable Puzzle H,iOS,North America,False,active,True
2025-09,SYN-202509-D01307,SYN-202509-P01307,2025-09-17 01:37:00,Store Search,Store Intent,Progress Video H,iOS,North America,False,active,True
2025-09,SYN-202509-D01308,SYN-202509-P01308,2025-09-10 20:27:00,Social Network,Social Gameplay,Playable Puzzle E,iOS,North America,False,active,True
2025-09,SYN-202509-D01309,SYN-202509-P01309,2025-09-16 10:06:00,Game Network,Playable Premium,Reward Story D,iOS,North America,False,active,True
2025-09,SYN-202509-D01310,SYN-202509-P01310,2025-09-11 12:41:00,Social Network,Social Gameplay,Reward Story E,iOS,Western Europe,False,active,True
2025-09,SYN-202509-D01311,SYN-202509-P01311,2025-09-03 10:18:00,Game Network,Playable Broad,Reward Story C,iOS,APAC,False,active,True
2025-09,SYN-202509-D01312,SYN-202509-P01312,2025-09-25 20:43:00,Game Network,Playable Broad,Reward Story C,iOS,Western Europe,False,active,True
2025-09,SYN-202509-D01313,SYN-202509-P01313,2025-09-19 22:14:00,Game Network,Playable Premium,Reward Story D,iOS,North America,False,active,False
2025-09,SYN-202509-D01314,SYN-202509-P01314,2025-09-25 08:42:00,Game Network,Playable Broad,Playable Puzzle C,iOS,Western Europe,False,active,True
2025-09,SYN-202509-D01315,SYN-202509-P01315,2025-09-25 10:25:00,Search Network,Search Value Global,Playable Puzzle A,Android,North America,False,active,True
2025-09,SYN-202509-D01316,SYN-202509-P01316,2025-09-05 17:00:00,Social Network,Social Gameplay,Playable Puzzle E,iOS,North America,False,active,True
2025-09,SYN-202509-D01317,SYN-202509-P01317,2025-09-23 09:52:00,Search Network,Search Value Global,Reward Story A,Android,Western Europe,False,active,True
2025-09,SYN-202509-D01318,SYN-202509-P01318,2025-09-07 09:43:00,Store Search,Store Intent,Progress Video H,iOS,Western Europe,False,active,True
2025-09,SYN-202509-D01319,SYN-202509-P01319,2025-09-11 02:46:00,Game Network,Playable Premium,Playable Puzzle D,iOS,APAC,False,active,True
2025-09,SYN-202509-D01320,SYN-202509-P01320,2025-09-04 06:04:00,Store Search,Store Intent,Playable Puzzle H,iOS,APAC,False,active,True
2025-09,SYN-202509-D01321,SYN-202509-P01321,2025-09-15 10:58:00,Social Network,Social Gameplay,Progress Video E,iOS,North America,False,active,True
2025-09,SYN-202509-D01322,SYN-202509-P01322,2025-09-14 04:52:00,Social Network,Social Gameplay,Progress Video E,iOS,Western Europe,False,active,True
2025-09,SYN-202509-D01323,SYN-202509-P01323,2025-09-01 01:53:00,Social Network,Social Gameplay,Reward Story E,iOS,APAC,False,active,True
2025-09,SYN-202509-D01324,SYN-202509-P01324,2025-09-02 01:14:00,Search Network,Search Value North,Playable Puzzle B,Android,APAC,False,active,True
2025-09,SYN-202509-D01325,SYN-202509-P01325,2025-09-15 14:50:00,Game Network,Playable Premium,Reward Story D,iOS,Western Europe,False,active,True
2025-09,SYN-202509-D01326,SYN-202509-P01326,2025-09-12 06:38:00,Social Network,Social Lifestyle,Playable Puzzle F,iOS,APAC,False,stopped,True
2025-09,SYN-202509-D01327,SYN-202509-P01327,2025-09-13 09:26:00,Store Search,Store Intent,Playable Puzzle H,iOS,APAC,False,active,True
2025-09,SYN-202509-D01328,SYN-202509-P01328,2025-09-03 08:55:00,Search Network,Search Value North,Playable Puzzle B,Android,North America,False,active,True
2025-09,SYN-202509-D01329,SYN-202509-P01329,2025-09-22 14:33:00,Game Network,Playable Broad,Playable Puzzle C,iOS,Western Europe,False,active,False
2025-09,SYN-202509-D01330,SYN-202509-P01330,2025-09-15 08:56:00,Game Network,Playable Premium,Reward Story D,iOS,Western Europe,False,active,True
2025-09,SYN-202509-D01331,SYN-202509-P01331,2025-09-24 06:14:00,Game Network,Playable Broad,Playable Puzzle C,iOS,LATAM,False,active,True
2025-09,SYN-202509-D01332,SYN-202509-P01332,2025-09-16 12:54:00,Game Network,Playable Broad,Reward Story C,iOS,LATAM,False,active,True
2025-09,SYN-202509-D01333,SYN-202509-P01333,2025-09-06 08:46:00,Social Network,Social Lifestyle,Progress Video F,iOS,North America,False,stopped,True
2025-09,SYN-202509-D01334,SYN-202509-P01334,2025-09-15 04:44:00,Game Network,Playable Broad,Playable Puzzle C,iOS,LATAM,False,active,True
2025-09,SYN-202509-D01335,SYN-202509-P01335,2025-09-02 19:13:00,Store Search,Store Intent,Progress Video H,iOS,APAC,False,active,True
2025-09,SYN-202509-D01336,SYN-202509-P01336,2025-09-09 22:34:00,Game Network,Playable Broad,Progress Video C,iOS,Western Europe,False,active,True
2025-09,SYN-202509-D01337,SYN-202509-P01337,2025-09-11 03:41:00,Store Search,Store Intent,Reward Story H,iOS,North America,False,active,True
2025-09,SYN-202509-D01338,SYN-202509-P01338,2025-09-12 09:12:00,Social Network,Social Lifestyle,Playable Puzzle F,iOS,North America,False,stopped,True
2025-09,SYN-202509-D01339,SYN-202509-P01339,2025-09-26 19:14:00,Game Network,Playable Broad,Progress Video C,iOS,APAC,False,active,True
2025-09,SYN-202509-D01340,SYN-202509-P01340,2025-09-28 12:22:00,Search Network,Search Value Global,Progress Video A,Android,North America,False,active,True
2025-09,SYN-202509-D01341,SYN-202509-P01341,2025-09-20 00:21:00,Search Network,Search Value Global,Reward Story A,Android,APAC,False,active,True
2025-09,SYN-202509-D01342,SYN-202509-P01342,2025-09-15 23:27:00,Social Network,Social Lifestyle,Playable Puzzle F,iOS,Western Europe,False,stopped,True
2025-09,SYN-202509-D01343,SYN-202509-P01343,2025-09-21 18:18:00,Game Network,Playable Broad,Reward Story C,iOS,North America,False,active,True
2025-09,SYN-202509-D01344,SYN-202509-P01344,2025-09-08 08:29:00,Store Search,Store Intent,Progress Video H,iOS,LATAM,False,active,True
2025-09,SYN-202509-D01345,SYN-202509-P01345,2025-09-28 11:29:00,Search Network,Search Value North,Reward Story B,Android,Western Europe,False,active,True
2025-09,SYN-202509-D01346,SYN-202509-P01346,2025-09-02 01:05:00,Game Network,Playable Broad,Reward Story C,iOS,Western Europe,False,active,True
2025-09,SYN-202509-D01347,SYN-202509-P01347,2025-09-03 03:31:00,Game Network,Playable Broad,Playable Puzzle C,iOS,Western Europe,False,active,True
2025-09,SYN-202509-D01349,SYN-202509-P01349,2025-09-23 23:41:00,Search Network,Search Value Global,Reward Story A,Android,Western Europe,False,active,True
2025-09,SYN-202509-D01350,SYN-202509-P01350,2025-09-30 10:23:00,Game Network,Playable Premium,Playable Puzzle D,iOS,LATAM,False,active,True
2025-09,SYN-202509-D01351,SYN-202509-P01351,2025-09-27 06:56:00,Game Network,Playable Broad,Playable Puzzle C,iOS,Western Europe,False,active,True
2025-09,SYN-202509-D01352,SYN-202509-P01352,2025-09-16 06:02:00,Search Network,Search Value Global,Reward Story A,Android,North America,False,active,True
2025-09,SYN-202509-D01353,SYN-202509-P01353,2025-09-03 05:34:00,Social Network,Social Gameplay,Progress Video E,iOS,North America,False,active,True
2025-09,SYN-202509-D01354,SYN-202509-P01354,2025-09-27 03:58:00,Search Network,Search Value Global,Playable Puzzle A,Android,North America,False,active,True
2025-09,SYN-202509-D01355,SYN-202509-P01355,2025-09-01 22:28:00,Social Network,Social Lifestyle,Playable Puzzle F,iOS,North America,False,stopped,True
2025-09,SYN-202509-D01356,SYN-202509-P01356,2025-09-16 16:35:00,Game Network,Playable Broad,Playable Puzzle C,iOS,North America,False,active,True
2025-09,SYN-202509-D01357,SYN-202509-P01357,2025-09-29 00:32:00,Social Network,Social Gameplay,Progress Video E,iOS,APAC,False,active,True
2025-09,SYN-202509-D01358,SYN-202509-P01358,2025-09-20 02:28:00,Search Network,Search Value Global,Playable Puzzle A,Android,APAC,False,active,True
2025-09,SYN-202509-D01359,SYN-202509-P01359,2025-09-11 02:52:00,Game Network,Playable Premium,Playable Puzzle D,iOS,North America,False,active,True
2025-09,SYN-202509-D01360,SYN-202509-P01360,2025-09-28 20:40:00,Game Network,Playable Premium,Progress Video D,iOS,Western Europe,False,active,True
2025-09,SYN-202509-D01361,SYN-202509-P01361,2025-09-14 21:19:00,Game Network,Playable Premium,Reward Story D,iOS,North America,False,active,True
2025-09,SYN-202509-D01362,SYN-202509-P01362,2025-09-06 15:49:00,Store Search,Store Intent,Progress Video H,iOS,Western Europe,False,active,True
2025-09,SYN-202509-D01363,SYN-202509-P01363,2025-09-24 11:10:00,Store Search,Store Intent,Reward Story H,iOS,Western Europe,False,active,False
2025-09,SYN-202509-D01364,SYN-202509-P01364,2025-09-04 22:42:00,Discovery Network,Discovery Rewarded,Progress Video G,Android,APAC,False,stopped,True
2025-09,SYN-202509-D01365,SYN-202509-P01365,2025-09-08 11:55:00,Search Network,Search Value North,Reward Story B,Android,North America,False,active,True
2025-09,SYN-202509-D01366,SYN-202509-P01366,2025-09-05 21:14:00,Game Network,Playable Premium,Progress Video D,iOS,North America,False,active,True
2025-09,SYN-202509-D01367,SYN-202509-P01367,2025-09-08 10:45:00,Social Network,Social Gameplay,Playable Puzzle E,iOS,North America,False,active,True
2025-09,SYN-202509-D01368,SYN-202509-P01368,2025-09-16 02:30:00,Game Network,Playable Premium,Reward Story D,iOS,North America,False,active,True
2025-09,SYN-202509-D01369,SYN-202509-P01369,2025-09-10 05:44:00,Search Network,Search Value Global,Playable Puzzle A,Android,Western Europe,False,active,True
2025-09,SYN-202509-D01370,SYN-202509-P01370,2025-09-21 18:51:00,Game Network,Playable Premium,Reward Story D,iOS,Western Europe,False,active,True
2025-09,SYN-202509-D01371,SYN-202509-P01371,2025-09-13 16:29:00,Store Search,Store Intent,Progress Video H,iOS,Western Europe,False,active,True
2025-09,SYN-202509-D01372,SYN-202509-P01372,2025-09-30 00:33:00,Game Network,Playable Premium,Playable Puzzle D,iOS,Western Europe,False,active,True
2025-09,SYN-202509-D01373,SYN-202509-P01373,2025-09-26 12:16:00,Store Search,Store Intent,Playable Puzzle H,iOS,North America,False,active,True
2025-09,SYN-202509-D01374,SYN-202509-P01374,2025-09-17 05:44:00,Game Network,Playable Premium,Progress Video D,iOS,APAC,False,active,True
2025-09,SYN-202509-D01375,SYN-202509-P01375,2025-09-05 15:56:00,Discovery Network,Discovery Rewarded,Playable Puzzle G,Android,APAC,False,stopped,True
2025-09,SYN-202509-D01376,SYN-202509-P01376,2025-09-03 10:22:00,Game Network,Playable Premium,Playable Puzzle D,iOS,North America,False,active,True
2025-09,SYN-202509-D01377,SYN-202509-P01377,2025-09-17 20:17:00,Search Network,Search Value North,Reward Story B,Android,APAC,False,active,True
2025-09,SYN-202509-D01378,SYN-202509-P01378,2025-09-29 10:27:00,Game Network,Playable Premium,Progress Video D,iOS,Western Europe,False,active,True
2025-09,SYN-202509-D01379,SYN-202509-P01379,2025-09-13 09:15:00,Search Network,Search Value North,Playable Puzzle B,Android,LATAM,False,active,False
2025-09,SYN-202509-D01380,SYN-202509-P01380,2025-09-03 19:00:00,Game Network,Playable Broad,Progress Video C,iOS,APAC,False,active,False
2025-09,SYN-202509-D01381,SYN-202509-P01381,2025-09-12 17:19:00,Discovery Network,Discovery Rewarded,Progress Video G,Android,Western Europe,False,stopped,True
2025-09,SYN-202509-D01382,SYN-202509-P01382,2025-09-20 02:07:00,Social Network,Social Gameplay,Reward Story E,iOS,APAC,False,active,True
2025-09,SYN-202509-D01383,SYN-202509-P01383,2025-09-01 03:16:00,Game Network,Playable Broad,Progress Video C,iOS,North America,False,active,True
2025-09,SYN-202509-D01384,SYN-202509-P01384,2025-09-08 00:55:00,Social Network,Social Lifestyle,Progress Video F,iOS,LATAM,False,stopped,True
2025-09,SYN-202509-D01385,SYN-202509-P01385,2025-09-10 12:59:00,Social Network,Social Gameplay,Reward Story E,iOS,North America,False,active,True
2025-09,SYN-202509-D01386,SYN-202509-P01386,2025-09-20 02:22:00,Store Search,Store Intent,Progress Video H,iOS,APAC,False,active,True
2025-09,SYN-202509-D01387,SYN-202509-P01387,2025-09-29 07:19:00,Social Network,Social Gameplay,Progress Video E,iOS,Western Europe,False,active,True
2025-09,SYN-202509-D01388,SYN-202509-P01388,2025-09-06 19:52:00,Search Network,Search Value North,Playable Puzzle B,Android,APAC,False,active,False
2025-09,SYN-202509-D01389,SYN-202509-P01389,2025-09-21 23:08:00,Store Search,Store Intent,Progress Video H,iOS,North America,False,active,True
2025-09,SYN-202509-D01390,SYN-202509-P01390,2025-09-26 07:32:00,Game Network,Playable Premium,Progress Video D,iOS,APAC,False,active,True
2025-09,SYN-202509-D01391,SYN-202509-P01391,2025-09-03 02:31:00,Search Network,Search Value Global,Progress Video A,Android,LATAM,False,active,True
2025-09,SYN-202509-D01392,SYN-202509-P01392,2025-09-08 16:02:00,Game Network,Playable Broad,Reward Story C,iOS,APAC,False,active,True
2025-09,SYN-202509-D01393,SYN-202509-P01393,2025-09-10 15:43:00,Game Network,Playable Broad,Progress Video C,iOS,LATAM,False,active,True
2025-09,SYN-202509-D01394,SYN-202509-P01394,2025-09-17 05:30:00,Search Network,Search Value Global,Reward Story A,Android,APAC,False,active,True
2025-09,SYN-202509-D01395,SYN-202509-P01395,2025-09-26 02:08:00,Search Network,Search Value North,Reward Story B,Android,LATAM,False,active,True
2025-09,SYN-202509-D01396,SYN-202509-P01396,2025-09-29 05:44:00,Search Network,Search Value North,Progress Video B,Android,Western Europe,False,active,True
2025-09,SYN-202509-D01397,SYN-202509-P01397,2025-09-01 08:43:00,Game Network,Playable Broad,Progress Video C,iOS,North America,False,active,True
2025-09,SYN-202509-D01398,SYN-202509-P01398,2025-09-29 11:08:00,Store Search,Store Intent,Playable Puzzle H,iOS,North America,False,active,True
2025-09,SYN-202509-D01399,SYN-202509-P01399,2025-09-24 23:26:00,Game Network,Playable Broad,Reward Story C,iOS,Western Europe,False,active,True
2025-09,SYN-202509-D01400,SYN-202509-P01400,2025-09-17 12:11:00,Game Network,Playable Broad,Progress Video C,iOS,North America,False,active,True
2025-09,SYN-202509-D01401,SYN-202509-P01401,2025-09-21 06:00:00,Search Network,Search Value Global,Reward Story A,Android,LATAM,False,active,True
2025-09,SYN-202509-D01402,SYN-202509-P01402,2025-09-30 08:28:00,Game Network,Playable Broad,Reward Story C,iOS,APAC,False,active,True
2025-09,SYN-202509-D01403,SYN-202509-P01403,2025-09-10 07:49:00,Game Network,Playable Broad,Playable Puzzle C,iOS,Western Europe,False,active,True
2025-09,SYN-202509-D01405,SYN-202509-P01405,2025-09-22 14:18:00,Social Network,Social Gameplay,Reward Story E,iOS,Western Europe,False,active,True
2025-09,SYN-202509-D01406,SYN-202509-P01406,2025-09-20 16:39:00,Social Network,Social Gameplay,Playable Puzzle E,iOS,APAC,False,active,True
2025-09,SYN-202509-D01407,SYN-202509-P01407,2025-09-28 13:13:00,Search Network,Search Value North,Progress Video B,Android,North America,False,active,True
2025-09,SYN-202509-D01408,SYN-202509-P01408,2025-09-03 08:55:00,Game Network,Playable Broad,Playable Puzzle C,iOS,LATAM,False,active,True
2025-09,SYN-202509-D01409,SYN-202509-P01409,2025-09-24 21:25:00,Game Network,Playable Broad,Playable Puzzle C,iOS,Western Europe,False,active,True
2025-09,SYN-202509-D01410,SYN-202509-P01410,2025-09-12 00:24:00,Discovery Network,Discovery Rewarded,Progress Video G,Android,North America,False,stopped,True
2025-09,SYN-202509-D01411,SYN-202509-P01411,2025-09-18 09:44:00,Store Search,Store Intent,Reward Story H,iOS,North America,False,active,False
2025-09,SYN-202509-D01412,SYN-202509-P01412,2025-09-06 05:03:00,Search Network,Search Value North,Progress Video B,Android,Western Europe,False,active,True
2025-09,SYN-202509-D01413,SYN-202509-P01413,2025-09-17 18:43:00,Store Search,Store Intent,Progress Video H,iOS,Western Europe,False,active,True
2025-09,SYN-202509-D01414,SYN-202509-P01414,2025-09-06 17:23:00,Social Network,Social Gameplay,Playable Puzzle E,iOS,APAC,False,active,True
2025-09,SYN-202509-D01415,SYN-202509-P01415,2025-09-14 13:56:00,Search Network,Search Value Global,Progress Video A,Android,North America,False,active,True
2025-09,SYN-202509-D01416,SYN-202509-P01416,2025-09-07 02:01:00,Game Network,Playable Premium,Reward Story D,iOS,APAC,False,active,True
2025-09,SYN-202509-D01417,SYN-202509-P01417,2025-09-29 17:29:00,Store Search,Store Intent,Progress Video H,iOS,LATAM,False,active,True
2025-09,SYN-202509-D01418,SYN-202509-P01418,2025-09-20 20:03:00,Search Network,Search Value North,Playable Puzzle B,Android,APAC,False,active,True
2025-09,SYN-202509-D01419,SYN-202509-P01419,2025-09-14 09:10:00,Social Network,Social Lifestyle,Reward Story F,iOS,APAC,False,stopped,True
2025-09,SYN-202509-D01420,SYN-202509-P01420,2025-09-28 08:34:00,Search Network,Search Value North,Playable Puzzle B,Android,APAC,False,active,True
2025-09,SYN-202509-D01421,SYN-202509-P01421,2025-09-19 22:08:00,Game Network,Playable Broad,Reward Story C,iOS,North America,False,active,True
2025-09,SYN-202509-D01422,SYN-202509-P01422,2025-09-16 21:30:00,Search Network,Search Value Global,Progress Video A,Android,Western Europe,False,active,True
2025-09,SYN-202509-D01423,SYN-202509-P01423,2025-09-26 02:52:00,Search Network,Search Value North,Progress Video B,Android,North America,False,active,True
2025-09,SYN-202509-D01424,SYN-202509-P01424,2025-09-05 08:05:00,Game Network,Playable Broad,Reward Story C,iOS,Western Europe,False,active,True
2025-09,SYN-202509-D01425,SYN-202509-P01425,2025-09-15 07:44:00,Game Network,Playable Broad,Progress Video C,iOS,LATAM,False,active,True
2025-09,SYN-202509-D01426,SYN-202509-P01426,2025-09-20 14:45:00,Game Network,Playable Premium,Progress Video D,iOS,North America,False,active,True
2025-09,SYN-202509-D01427,SYN-202509-P01427,2025-09-06 02:56:00,Store Search,Store Intent,Reward Story H,iOS,Western Europe,False,active,True
2025-09,SYN-202509-D01428,SYN-202509-P01428,2025-09-14 10:14:00,Game Network,Playable Premium,Reward Story D,iOS,APAC,False,active,True
2025-09,SYN-202509-D01429,SYN-202509-P01429,2025-09-25 10:48:00,Search Network,Search Value Global,Playable Puzzle A,Android,North America,False,active,True
2025-09,SYN-202509-D01430,SYN-202509-P01430,2025-09-07 11:41:00,Search Network,Search Value Global,Progress Video A,Android,North America,False,active,True
2025-09,SYN-202509-D01431,SYN-202509-P01431,2025-09-28 07:55:00,Store Search,Store Intent,Playable Puzzle H,iOS,APAC,False,active,True
2025-09,SYN-202509-D01432,SYN-202509-P01432,2025-09-20 18:24:00,Game Network,Playable Broad,Playable Puzzle C,iOS,APAC,False,active,True
2025-09,SYN-202509-D01433,SYN-202509-P01433,2025-09-30 01:16:00,Social Network,Social Gameplay,Playable Puzzle E,iOS,North America,False,active,True
2025-09,SYN-202509-D01434,SYN-202509-P01434,2025-09-10 15:09:00,Discovery Network,Discovery Rewarded,Reward Story G,Android,APAC,False,stopped,True
2025-09,SYN-202509-D01436,SYN-202509-P01436,2025-09-19 16:34:00,Game Network,Playable Premium,Progress Video D,iOS,APAC,False,active,True
2025-09,SYN-202509-D01437,SYN-202509-P01437,2025-09-15 03:03:00,Search Network,Search Value North,Progress Video B,Android,LATAM,False,active,True
2025-09,SYN-202509-D01438,SYN-202509-P01438,2025-09-20 18:53:00,Game Network,Playable Broad,Progress Video C,iOS,APAC,False,active,True
2025-09,SYN-202509-D01439,SYN-202509-P01439,2025-09-04 09:46:00,Game Network,Playable Premium,Playable Puzzle D,iOS,APAC,False,active,True
2025-09,SYN-202509-D01440,SYN-202509-P01440,2025-09-04 08:14:00,Game Network,Playable Broad,Progress Video C,iOS,Western Europe,False,active,True
2025-09,SYN-202509-D01441,SYN-202509-P01441,2025-09-09 00:23:00,Store Search,Store Intent,Playable Puzzle H,iOS,APAC,False,active,True
2025-09,SYN-202509-D01442,SYN-202509-P01442,2025-09-06 08:19:00,Game Network,Playable Broad,Reward Story C,iOS,LATAM,False,active,True
2025-09,SYN-202509-D01443,SYN-202509-P01443,2025-09-18 19:25:00,Search Network,Search Value Global,Progress Video A,Android,North America,False,active,True
2025-09,SYN-202509-D01444,SYN-202509-P01444,2025-09-28 08:43:00,Social Network,Social Gameplay,Progress Video E,iOS,APAC,False,active,True
2025-09,SYN-202509-D01445,SYN-202509-P01445,2025-09-01 22:45:00,Search Network,Search Value North,Playable Puzzle B,Android,APAC,False,active,True
2025-09,SYN-202509-D01446,SYN-202509-P01446,2025-09-04 07:20:00,Store Search,Store Intent,Playable Puzzle H,iOS,North America,False,active,True
2025-09,SYN-202509-D01447,SYN-202509-P01447,2025-09-24 18:15:00,Store Search,Store Intent,Reward Story H,iOS,North America,False,active,True
2025-09,SYN-202509-D01448,SYN-202509-P01448,2025-09-05 13:50:00,Game Network,Playable Premium,Playable Puzzle D,iOS,North America,False,active,True
2025-09,SYN-202509-D01449,SYN-202509-P01449,2025-09-11 10:38:00,Game Network,Playable Broad,Progress Video C,iOS,North America,False,active,True
2025-09,SYN-202509-D01450,SYN-202509-P01450,2025-09-29 16:52:00,Search Network,Search Value North,Progress Video B,Android,Western Europe,False,active,True
2025-09,SYN-202509-D01451,SYN-202509-P01451,2025-09-13 12:30:00,Discovery Network,Discovery Rewarded,Playable Puzzle G,Android,Western Europe,False,stopped,True
2025-09,SYN-202509-D01452,SYN-202509-P01452,2025-09-27 05:48:00,Search Network,Search Value North,Playable Puzzle B,Android,Western Europe,False,active,False
2025-09,SYN-202509-D01453,SYN-202509-P01453,2025-09-05 13:33:00,Social Network,Social Gameplay,Reward Story E,iOS,North America,False,active,True
2025-09,SYN-202509-D01454,SYN-202509-P01454,2025-09-10 23:48:00,Game Network,Playable Broad,Progress Video C,iOS,North America,False,active,True
2025-09,SYN-202509-D01455,SYN-202509-P01455,2025-09-03 08:25:00,Game Network,Playable Broad,Reward Story C,iOS,North America,False,active,True
2025-09,SYN-202509-D01456,SYN-202509-P01456,2025-09-03 06:26:00,Game Network,Playable Broad,Reward Story C,iOS,Western Europe,False,active,False
2025-09,SYN-202509-D01458,SYN-202509-P01458,2025-09-20 05:55:00,Social Network,Social Gameplay,Progress Video E,iOS,North America,False,active,True
2025-09,SYN-202509-D01459,SYN-202509-P01459,2025-09-05 11:46:00,Search Network,Search Value North,Progress Video B,Android,Western Europe,False,active,False
2025-09,SYN-202509-D01461,SYN-202509-P01461,2025-09-17 11:28:00,Store Search,Store Intent,Reward Story H,iOS,Western Europe,False,active,True
2025-09,SYN-202509-D01462,SYN-202509-P01462,2025-09-26 04:55:00,Game Network,Playable Broad,Progress Video C,iOS,Western Europe,False,active,True
2025-09,SYN-202509-D01463,SYN-202509-P01463,2025-09-28 05:54:00,Game Network,Playable Broad,Reward Story C,iOS,APAC,False,active,True
2025-09,SYN-202509-D01464,SYN-202509-P01464,2025-09-15 22:15:00,Social Network,Social Lifestyle,Progress Video F,iOS,North America,False,stopped,False
2025-09,SYN-202509-D01465,SYN-202509-P01465,2025-09-07 11:48:00,Discovery Network,Discovery Rewarded,Progress Video G,Android,North America,False,stopped,True
2025-09,SYN-202509-D01466,SYN-202509-P01466,2025-09-19 10:03:00,Search Network,Search Value North,Reward Story B,Android,North America,False,active,False
2025-09,SYN-202509-D01467,SYN-202509-P01467,2025-09-08 04:46:00,Social Network,Social Gameplay,Reward Story E,iOS,North America,False,active,True
2025-09,SYN-202509-D01468,SYN-202509-P01468,2025-09-30 06:30:00,Social Network,Social Gameplay,Reward Story E,iOS,North America,False,active,True
2025-09,SYN-202509-D01469,SYN-202509-P01469,2025-09-15 01:29:00,Game Network,Playable Premium,Reward Story D,iOS,Western Europe,False,active,True
2025-09,SYN-202509-D01470,SYN-202509-P01470,2025-09-04 07:05:00,Game Network,Playable Broad,Progress Video C,iOS,North America,False,active,True
2025-09,SYN-202509-D01471,SYN-202509-P01471,2025-09-30 08:02:00,Search Network,Search Value Global,Reward Story A,Android,LATAM,False,active,True
2025-09,SYN-202509-D01472,SYN-202509-P01472,2025-09-26 01:24:00,Game Network,Playable Premium,Playable Puzzle D,iOS,APAC,False,active,True
2025-09,SYN-202509-D01473,SYN-202509-P01473,2025-09-23 00:12:00,Search Network,Search Value North,Playable Puzzle B,Android,Western Europe,False,active,True
2025-09,SYN-202509-D01474,SYN-202509-P01474,2025-09-04 08:00:00,Game Network,Playable Premium,Playable Puzzle D,iOS,Western Europe,False,active,True
2025-09,SYN-202509-D01475,SYN-202509-P01475,2025-09-17 23:48:00,Game Network,Playable Broad,Playable Puzzle C,iOS,Western Europe,False,active,True
2025-09,SYN-202509-D01476,SYN-202509-P01476,2025-09-23 21:46:00,Game Network,Playable Broad,Playable Puzzle C,iOS,North America,False,active,True
2025-09,SYN-202509-D01477,SYN-202509-P01477,2025-09-29 17:28:00,Game Network,Playable Premium,Reward Story D,iOS,Western Europe,False,active,True
2025-09,SYN-202509-D01478,SYN-202509-P01478,2025-09-21 03:17:00,Social Network,Social Gameplay,Reward Story E,iOS,North America,False,active,True
2025-09,SYN-202509-D01479,SYN-202509-P01479,2025-09-01 20:21:00,Discovery Network,Discovery Rewarded,Progress Video G,Android,APAC,False,stopped,True
2025-09,SYN-202509-D01480,SYN-202509-P01480,2025-09-01 14:36:00,Social Network,Social Lifestyle,Reward Story F,iOS,North America,False,stopped,True
2025-09,SYN-202509-D01481,SYN-202509-P01481,2025-09-09 22:28:00,Store Search,Store Intent,Reward Story H,iOS,North America,False,active,True
2025-09,SYN-202509-D01482,SYN-202509-P01482,2025-09-06 16:46:00,Search Network,Search Value North,Progress Video B,Android,North America,False,active,True
2025-09,SYN-202509-D01483,SYN-202509-P01483,2025-09-10 12:36:00,Store Search,Store Intent,Playable Puzzle H,iOS,APAC,False,active,True
2025-09,SYN-202509-D01484,SYN-202509-P01484,2025-09-20 19:07:00,Store Search,Store Intent,Reward Story H,iOS,LATAM,False,active,True
2025-09,SYN-202509-D01485,SYN-202509-P01485,2025-09-01 14:17:00,Game Network,Playable Broad,Progress Video C,iOS,North America,False,active,True
2025-09,SYN-202509-D01486,SYN-202509-P01486,2025-09-03 11:05:00,Game Network,Playable Broad,Playable Puzzle C,iOS,APAC,False,active,True
2025-09,SYN-202509-D01487,SYN-202509-P01487,2025-09-09 11:35:00,Game Network,Playable Premium,Playable Puzzle D,iOS,APAC,False,active,True
2025-09,SYN-202509-D01488,SYN-202509-P01488,2025-09-11 08:29:00,Social Network,Social Gameplay,Progress Video E,iOS,North America,False,active,True
2025-09,SYN-202509-D01489,SYN-202509-P01489,2025-09-04 23:20:00,Game Network,Playable Broad,Progress Video C,iOS,APAC,False,active,True
2025-09,SYN-202509-D01490,SYN-202509-P01490,2025-09-26 16:50:00,Search Network,Search Value North,Playable Puzzle B,Android,Western Europe,False,active,True
2025-09,SYN-202509-D01491,SYN-202509-P01491,2025-09-09 17:50:00,Game Network,Playable Broad,Progress Video C,iOS,APAC,False,active,True
2025-09,SYN-202509-D01492,SYN-202509-P01492,2025-09-26 23:00:00,Game Network,Playable Premium,Progress Video D,iOS,North America,False,active,True
2025-09,SYN-202509-D01494,SYN-202509-P01494,2025-09-21 04:14:00,Game Network,Playable Broad,Progress Video C,iOS,North America,False,active,True
2025-09,SYN-202509-D01495,SYN-202509-P01495,2025-09-06 02:51:00,Store Search,Store Intent,Playable Puzzle H,iOS,Western Europe,False,active,True
2025-09,SYN-202509-D01496,SYN-202509-P01496,2025-09-24 21:30:00,Social Network,Social Gameplay,Playable Puzzle E,iOS,LATAM,False,active,False
2025-09,SYN-202509-D01497,SYN-202509-P01497,2025-09-27 23:18:00,Social Network,Social Gameplay,Reward Story E,iOS,Western Europe,False,active,True
2025-09,SYN-202509-D01498,SYN-202509-P01498,2025-09-10 09:27:00,Social Network,Social Lifestyle,Playable Puzzle F,iOS,North America,False,stopped,True
2025-09,SYN-202509-D01499,SYN-202509-P01499,2025-09-22 01:54:00,Store Search,Store Intent,Playable Puzzle H,iOS,LATAM,False,active,True
2025-09,SYN-202509-D01500,SYN-202509-P01500,2025-09-17 14:34:00,Store Search,Store Intent,Reward Story H,iOS,APAC,False,active,True
2025-09,SYN-202509-D01501,SYN-202509-P01501,2025-09-05 16:19:00,Search Network,Search Value Global,Reward Story A,Android,North America,False,active,False
2025-09,SYN-202509-D01502,SYN-202509-P01502,2025-09-08 13:20:00,Social Network,Social Lifestyle,Progress Video F,iOS,Western Europe,False,stopped,True
2025-09,SYN-202509-D01503,SYN-202509-P01503,2025-09-24 21:58:00,Game Network,Playable Premium,Playable Puzzle D,iOS,North America,False,active,False
2025-09,SYN-202509-D01504,SYN-202509-P01504,2025-09-16 14:56:00,Game Network,Playable Broad,Playable Puzzle C,iOS,APAC,False,active,True
2025-09,SYN-202509-D01505,SYN-202509-P01505,2025-09-27 23:58:00,Store Search,Store Intent,Progress Video H,iOS,APAC,False,active,False
2025-09,SYN-202509-D01506,SYN-202509-P01506,2025-09-02 08:02:00,Search Network,Search Value North,Reward Story B,Android,APAC,False,active,True
2025-09,SYN-202509-D01507,SYN-202509-P01507,2025-09-16 19:13:00,Game Network,Playable Broad,Progress Video C,iOS,Western Europe,False,active,True
2025-09,SYN-202509-D01508,SYN-202509-P01508,2025-09-25 12:27:00,Social Network,Social Gameplay,Playable Puzzle E,iOS,North America,False,active,True
2025-09,SYN-202509-D01509,SYN-202509-P01509,2025-09-17 20:28:00,Game Network,Playable Broad,Progress Video C,iOS,North America,False,active,True
2025-09,SYN-202509-D01510,SYN-202509-P01510,2025-09-03 08:13:00,Store Search,Store Intent,Reward Story H,iOS,Western Europe,False,active,True
2025-09,SYN-202509-D01511,SYN-202509-P01511,2025-09-22 11:01:00,Game Network,Playable Broad,Progress Video C,iOS,APAC,False,active,True
2025-09,SYN-202509-D01512,SYN-202509-P01512,2025-09-07 18:32:00,Search Network,Search Value Global,Progress Video A,Android,North America,False,active,True
2025-09,SYN-202509-D01513,SYN-202509-P01513,2025-09-21 21:44:00,Social Network,Social Gameplay,Reward Story E,iOS,LATAM,False,active,True
2025-09,SYN-202509-D01514,SYN-202509-P01514,2025-09-27 01:16:00,Search Network,Search Value North,Reward Story B,Android,APAC,False,active,True
2025-09,SYN-202509-D01515,SYN-202509-P01515,2025-09-14 05:00:00,Game Network,Playable Broad,Progress Video C,iOS,Western Europe,False,active,True
2025-09,SYN-202509-D01517,SYN-202509-P01517,2025-09-14 17:05:00,Search Network,Search Value Global,Progress Video A,Android,LATAM,False,active,True
2025-09,SYN-202509-D01518,SYN-202509-P01518,2025-09-19 01:45:00,Game Network,Playable Premium,Progress Video D,iOS,APAC,False,active,True
2025-09,SYN-202509-D01519,SYN-202509-P01519,2025-09-27 01:12:00,Search Network,Search Value North,Playable Puzzle B,Android,North America,False,active,True
2025-09,SYN-202509-D01520,SYN-202509-P01520,2025-09-02 02:36:00,Search Network,Search Value North,Playable Puzzle B,Android,APAC,False,active,True
2025-09,SYN-202509-D01521,SYN-202509-P01521,2025-09-17 13:22:00,Store Search,Store Intent,Reward Story H,iOS,Western Europe,False,active,True
2025-09,SYN-202509-D01522,SYN-202509-P01522,2025-09-23 00:27:00,Social Network,Social Gameplay,Playable Puzzle E,iOS,Western Europe,False,active,True
2025-09,SYN-202509-D01523,SYN-202509-P01523,2025-09-28 13:29:00,Search Network,Search Value North,Reward Story B,Android,Western Europe,False,active,False
2025-09,SYN-202509-D01524,SYN-202509-P01524,2025-09-12 06:56:00,Game Network,Playable Premium,Reward Story D,iOS,Western Europe,False,active,True
2025-09,SYN-202509-D01525,SYN-202509-P01525,2025-09-11 01:42:00,Game Network,Playable Broad,Progress Video C,iOS,North America,False,active,True
2025-09,SYN-202509-D01526,SYN-202509-P01526,2025-09-26 09:38:00,Game Network,Playable Broad,Playable Puzzle C,iOS,North America,False,active,True
2025-09,SYN-202509-D01527,SYN-202509-P01527,2025-09-03 21:23:00,Discovery Network,Discovery Rewarded,Progress Video G,Android,Western Europe,False,stopped,True
2025-09,SYN-202509-D01528,SYN-202509-P01528,2025-09-04 12:25:00,Search Network,Search Value Global,Playable Puzzle A,Android,APAC,False,active,True
2025-09,SYN-202509-D01529,SYN-202509-P01529,2025-09-07 07:05:00,Social Network,Social Gameplay,Reward Story E,iOS,APAC,False,active,True
2025-09,SYN-202509-D01530,SYN-202509-P01530,2025-09-28 11:19:00,Game Network,Playable Broad,Progress Video C,iOS,APAC,False,active,True
2025-09,SYN-202509-D01531,SYN-202509-P01531,2025-09-16 11:42:00,Search Network,Search Value North,Playable Puzzle B,Android,Western Europe,False,active,True
2025-09,SYN-202509-D01532,SYN-202509-P01532,2025-09-04 13:48:00,Game Network,Playable Premium,Reward Story D,iOS,APAC,False,active,True
2025-09,SYN-202509-D01533,SYN-202509-P01533,2025-09-03 19:41:00,Store Search,Store Intent,Progress Video H,iOS,APAC,False,active,True
2025-09,SYN-202509-D01534,SYN-202509-P01534,2025-09-12 03:00:00,Game Network,Playable Broad,Playable Puzzle C,iOS,North America,False,active,False
2025-09,SYN-202509-D01535,SYN-202509-P01535,2025-09-10 16:20:00,Search Network,Search Value Global,Reward Story A,Android,North America,False,active,True
2025-09,SYN-202509-D01536,SYN-202509-P01536,2025-09-27 04:18:00,Search Network,Search Value Global,Progress Video A,Android,Western Europe,False,active,True
2025-09,SYN-202509-D01537,SYN-202509-P01537,2025-09-13 01:05:00,Game Network,Playable Broad,Playable Puzzle C,iOS,North America,False,active,True
2025-09,SYN-202509-D01538,SYN-202509-P01538,2025-09-16 04:16:00,Store Search,Store Intent,Reward Story H,iOS,North America,False,active,True
2025-09,SYN-202509-D01539,SYN-202509-P01539,2025-09-09 11:59:00,Search Network,Search Value North,Playable Puzzle B,Android,APAC,False,active,True
2025-09,SYN-202509-D01540,SYN-202509-P01540,2025-09-17 01:24:00,Search Network,Search Value Global,Reward Story A,Android,Western Europe,False,active,True
2025-09,SYN-202509-D01541,SYN-202509-P01541,2025-09-29 02:02:00,Game Network,Playable Premium,Reward Story D,iOS,North America,False,active,True
2025-09,SYN-202509-D01542,SYN-202509-P01542,2025-09-26 10:44:00,Game Network,Playable Broad,Playable Puzzle C,iOS,Western Europe,False,active,True
2025-09,SYN-202509-D01543,SYN-202509-P01543,2025-09-14 02:02:00,Game Network,Playable Premium,Reward Story D,iOS,North America,False,active,True
2025-09,SYN-202509-D01544,SYN-202509-P01544,2025-09-23 00:12:00,Game Network,Playable Broad,Reward Story C,iOS,Western Europe,False,active,True
2025-09,SYN-202509-D01545,SYN-202509-P01545,2025-09-24 21:42:00,Store Search,Store Intent,Progress Video H,iOS,APAC,False,active,True
2025-09,SYN-202509-D01546,SYN-202509-P01546,2025-09-10 10:08:00,Store Search,Store Intent,Playable Puzzle H,iOS,North America,False,active,True
2025-09,SYN-202509-D01547,SYN-202509-P01547,2025-09-28 15:32:00,Social Network,Social Gameplay,Progress Video E,iOS,North America,False,active,True
2025-09,SYN-202509-D01548,SYN-202509-P01548,2025-09-28 02:44:00,Social Network,Social Gameplay,Progress Video E,iOS,North America,False,active,True
2025-09,SYN-202509-D01549,SYN-202509-P01549,2025-09-22 06:57:00,Game Network,Playable Broad,Playable Puzzle C,iOS,Western Europe,False,active,True
2025-09,SYN-202509-D01550,SYN-202509-P01550,2025-09-16 06:22:00,Search Network,Search Value North,Reward Story B,Android,North America,False,active,False
2025-09,SYN-202509-D01552,SYN-202509-P01552,2025-09-21 09:49:00,Game Network,Playable Broad,Progress Video C,iOS,Western Europe,False,active,True
2025-09,SYN-202509-D01553,SYN-202509-P01553,2025-09-21 17:10:00,Store Search,Store Intent,Progress Video H,iOS,LATAM,False,active,True
2025-09,SYN-202509-D01554,SYN-202509-P01554,2025-09-09 01:58:00,Search Network,Search Value North,Reward Story B,Android,North America,False,active,True
2025-09,SYN-202509-D01555,SYN-202509-P01555,2025-09-14 17:08:00,Game Network,Playable Premium,Playable Puzzle D,iOS,APAC,False,active,True
2025-09,SYN-202509-D01556,SYN-202509-P01556,2025-09-14 22:30:00,Search Network,Search Value North,Playable Puzzle B,Android,APAC,False,active,True
2025-09,SYN-202509-D01557,SYN-202509-P01557,2025-09-21 07:29:00,Social Network,Social Gameplay,Progress Video E,iOS,APAC,False,active,True
2025-09,SYN-202509-D01558,SYN-202509-P01558,2025-09-05 09:29:00,Social Network,Social Gameplay,Progress Video E,iOS,Western Europe,False,active,True
2025-09,SYN-202509-D01559,SYN-202509-P01559,2025-09-07 01:37:00,Search Network,Search Value Global,Reward Story A,Android,Western Europe,False,active,True
2025-09,SYN-202509-D01560,SYN-202509-P01560,2025-09-23 15:19:00,Social Network,Social Gameplay,Playable Puzzle E,iOS,Western Europe,False,active,False
2025-09,SYN-202509-D01561,SYN-202509-P01561,2025-09-16 02:52:00,Social Network,Social Gameplay,Progress Video E,iOS,APAC,False,active,True
2025-09,SYN-202509-D01562,SYN-202509-P01562,2025-09-21 11:27:00,Social Network,Social Gameplay,Reward Story E,iOS,North America,False,active,True
2025-09,SYN-202509-D01563,SYN-202509-P01563,2025-09-29 21:39:00,Search Network,Search Value Global,Playable Puzzle A,Android,Western Europe,False,active,True
2025-09,SYN-202509-D01564,SYN-202509-P01564,2025-09-30 18:23:00,Search Network,Search Value North,Progress Video B,Android,North America,False,active,False
2025-09,SYN-202509-D01565,SYN-202509-P01565,2025-09-26 07:24:00,Game Network,Playable Broad,Progress Video C,iOS,North America,False,active,True
2025-09,SYN-202509-D01566,SYN-202509-P01566,2025-09-13 14:26:00,Social Network,Social Gameplay,Progress Video E,iOS,North America,False,active,True
2025-09,SYN-202509-D01567,SYN-202509-P01567,2025-09-09 10:20:00,Search Network,Search Value North,Reward Story B,Android,LATAM,False,active,True
2025-09,SYN-202509-D01568,SYN-202509-P01568,2025-09-26 08:40:00,Game Network,Playable Broad,Reward Story C,iOS,North America,False,active,True
2025-09,SYN-202509-D01569,SYN-202509-P01569,2025-09-22 06:42:00,Search Network,Search Value North,Playable Puzzle B,Android,North America,False,active,True
2025-09,SYN-202509-D01570,SYN-202509-P01570,2025-09-08 18:06:00,Game Network,Playable Premium,Playable Puzzle D,iOS,Western Europe,False,active,True
2025-09,SYN-202509-D01571,SYN-202509-P01571,2025-09-28 02:09:00,Store Search,Store Intent,Progress Video H,iOS,Western Europe,False,active,True
2025-09,SYN-202509-D01572,SYN-202509-P01572,2025-09-14 06:03:00,Search Network,Search Value Global,Playable Puzzle A,Android,Western Europe,False,active,True
2025-09,SYN-202509-D01573,SYN-202509-P01573,2025-09-16 21:01:00,Game Network,Playable Broad,Reward Story C,iOS,APAC,False,active,True
2025-09,SYN-202509-D01574,SYN-202509-P01574,2025-09-17 06:05:00,Search Network,Search Value Global,Progress Video A,Android,APAC,False,active,True
2025-09,SYN-202509-D01575,SYN-202509-P01575,2025-09-22 01:49:00,Game Network,Playable Premium,Reward Story D,iOS,North America,False,active,True
2025-09,SYN-202509-D01576,SYN-202509-P01576,2025-09-15 17:03:00,Game Network,Playable Premium,Playable Puzzle D,iOS,North America,False,active,True
2025-09,SYN-202509-D01577,SYN-202509-P01577,2025-09-22 01:08:00,Game Network,Playable Premium,Progress Video D,iOS,APAC,False,active,True
2025-09,SYN-202509-D01578,SYN-202509-P01578,2025-09-21 06:06:00,Search Network,Search Value Global,Playable Puzzle A,Android,APAC,False,active,True
2025-09,SYN-202509-D01579,SYN-202509-P01579,2025-09-22 05:38:00,Game Network,Playable Broad,Progress Video C,iOS,APAC,False,active,True
2025-09,SYN-202509-D01580,SYN-202509-P01580,2025-09-17 18:02:00,Game Network,Playable Premium,Playable Puzzle D,iOS,APAC,False,active,True
2025-09,SYN-202509-D01581,SYN-202509-P01581,2025-09-14 10:30:00,Search Network,Search Value Global,Playable Puzzle A,Android,Western Europe,False,active,True
2025-09,SYN-202509-D01582,SYN-202509-P01582,2025-09-03 05:00:00,Game Network,Playable Broad,Reward Story C,iOS,LATAM,False,active,True
2025-09,SYN-202509-D01584,SYN-202509-P01584,2025-09-14 08:44:00,Game Network,Playable Broad,Progress Video C,iOS,Western Europe,False,active,False
2025-09,SYN-202509-D01585,SYN-202509-P01585,2025-09-17 05:04:00,Game Network,Playable Premium,Progress Video D,iOS,Western Europe,False,active,True
2025-09,SYN-202509-D01586,SYN-202509-P01586,2025-09-04 05:00:00,Store Search,Store Intent,Playable Puzzle H,iOS,APAC,False,active,True
2025-09,SYN-202509-D01587,SYN-202509-P01587,2025-09-03 05:13:00,Game Network,Playable Broad,Playable Puzzle C,iOS,APAC,False,active,False
2025-09,SYN-202509-D01588,SYN-202509-P01588,2025-09-26 08:11:00,Social Network,Social Gameplay,Reward Story E,iOS,Western Europe,False,active,True
2025-09,SYN-202509-D01589,SYN-202509-P01589,2025-09-06 06:23:00,Game Network,Playable Broad,Playable Puzzle C,iOS,Western Europe,False,active,True
2025-09,SYN-202509-D01590,SYN-202509-P01590,2025-09-08 10:17:00,Search Network,Search Value Global,Reward Story A,Android,North America,False,active,True
2025-09,SYN-202509-D01591,SYN-202509-P01591,2025-09-12 16:52:00,Store Search,Store Intent,Reward Story H,iOS,North America,False,active,True
2025-09,SYN-202509-D01592,SYN-202509-P01592,2025-09-25 06:49:00,Search Network,Search Value North,Playable Puzzle B,Android,LATAM,False,active,True
2025-09,SYN-202509-D01593,SYN-202509-P01593,2025-09-27 21:03:00,Social Network,Social Gameplay,Playable Puzzle E,iOS,North America,False,active,True
2025-09,SYN-202509-D01594,SYN-202509-P01594,2025-09-11 16:23:00,Game Network,Playable Premium,Progress Video D,iOS,Western Europe,False,active,True
2025-09,SYN-202509-D01595,SYN-202509-P01595,2025-09-12 03:47:00,Social Network,Social Gameplay,Progress Video E,iOS,North America,False,active,True
2025-09,SYN-202509-D01596,SYN-202509-P01596,2025-09-12 05:19:00,Store Search,Store Intent,Reward Story H,iOS,North America,False,active,False
2025-09,SYN-202509-D01597,SYN-202509-P01597,2025-09-06 05:07:00,Game Network,Playable Premium,Playable Puzzle D,iOS,APAC,False,active,True
2025-09,SYN-202509-D01598,SYN-202509-P01598,2025-09-20 10:08:00,Search Network,Search Value Global,Reward Story A,Android,Western Europe,False,active,True
2025-09,SYN-202509-D01599,SYN-202509-P01599,2025-09-20 05:40:00,Search Network,Search Value Global,Progress Video A,Android,North America,False,active,True
2025-09,SYN-202509-D01600,SYN-202509-P01600,2025-09-14 18:28:00,Game Network,Playable Broad,Playable Puzzle C,iOS,Western Europe,False,active,True
2025-09,SYN-202509-D01601,SYN-202509-P01601,2025-09-07 13:54:00,Game Network,Playable Broad,Playable Puzzle C,iOS,North America,False,active,True
2025-09,SYN-202509-D01602,SYN-202509-P01602,2025-09-15 20:28:00,Game Network,Playable Premium,Progress Video D,iOS,North America,False,active,True
2025-09,SYN-202509-D01603,SYN-202509-P01603,2025-09-04 16:45:00,Search Network,Search Value North,Reward Story B,Android,Western Europe,False,active,True
2025-09,SYN-202509-D01604,SYN-202509-P01604,2025-09-05 20:29:00,Game Network,Playable Premium,Progress Video D,iOS,North America,False,active,True
2025-09,SYN-202509-D01605,SYN-202509-P01605,2025-09-25 13:06:00,Game Network,Playable Broad,Reward Story C,iOS,North America,False,active,True
2025-09,SYN-202509-D01606,SYN-202509-P01606,2025-09-06 02:04:00,Social Network,Social Lifestyle,Progress Video F,iOS,LATAM,False,stopped,True
2025-09,SYN-202509-D01607,SYN-202509-P01607,2025-09-16 00:40:00,Game Network,Playable Premium,Reward Story D,iOS,APAC,False,active,True
2025-09,SYN-202509-D01608,SYN-202509-P01608,2025-09-01 18:17:00,Search Network,Search Value Global,Progress Video A,Android,North America,False,active,True
2025-09,SYN-202509-D01609,SYN-202509-P01609,2025-09-25 07:58:00,Game Network,Playable Broad,Playable Puzzle C,iOS,LATAM,False,active,True
2025-09,SYN-202509-D01610,SYN-202509-P01610,2025-09-03 22:33:00,Social Network,Social Gameplay,Reward Story E,iOS,Western Europe,False,active,True
2025-09,SYN-202509-D01611,SYN-202509-P01611,2025-09-20 06:04:00,Game Network,Playable Premium,Progress Video D,iOS,North America,False,active,True
2025-09,SYN-202509-D01612,SYN-202509-P01612,2025-09-07 16:07:00,Social Network,Social Lifestyle,Reward Story F,iOS,North America,False,stopped,True
2025-09,SYN-202509-D01613,SYN-202509-P01613,2025-09-29 14:56:00,Search Network,Search Value North,Reward Story B,Android,LATAM,False,active,True
2025-09,SYN-202509-D01614,SYN-202509-P01614,2025-09-21 16:57:00,Game Network,Playable Broad,Progress Video C,iOS,North America,False,active,True
2025-09,SYN-202509-D01615,SYN-202509-P01615,2025-09-14 21:47:00,Game Network,Playable Premium,Progress Video D,iOS,APAC,False,active,True
2025-09,SYN-202509-D01617,SYN-202509-P01617,2025-09-22 08:47:00,Search Network,Search Value North,Reward Story B,Android,Western Europe,False,active,True
2025-09,SYN-202509-D01618,SYN-202509-P01618,2025-09-18 11:02:00,Search Network,Search Value North,Playable Puzzle B,Android,North America,False,active,False
2025-09,SYN-202509-D01619,SYN-202509-P01619,2025-09-14 22:51:00,Search Network,Search Value North,Playable Puzzle B,Android,North America,False,active,True
2025-09,SYN-202509-D01620,SYN-202509-P01620,2025-09-20 17:57:00,Game Network,Playable Premium,Playable Puzzle D,iOS,North America,False,active,True
2025-09,SYN-202509-D01622,SYN-202509-P01622,2025-09-03 23:36:00,Search Network,Search Value Global,Playable Puzzle A,Android,North America,False,active,True
2025-09,SYN-202509-D01623,SYN-202509-P01623,2025-09-19 17:40:00,Game Network,Playable Broad,Progress Video C,iOS,North America,False,active,True
2025-09,SYN-202509-D01624,SYN-202509-P01624,2025-09-26 17:20:00,Game Network,Playable Premium,Playable Puzzle D,iOS,APAC,False,active,True
2025-09,SYN-202509-D01625,SYN-202509-P01625,2025-09-05 12:36:00,Search Network,Search Value Global,Progress Video A,Android,North America,False,active,True
2025-09,SYN-202509-D01626,SYN-202509-P01626,2025-09-04 02:55:00,Social Network,Social Gameplay,Playable Puzzle E,iOS,North America,False,active,True
2025-09,SYN-202509-D01627,SYN-202509-P01627,2025-09-30 20:44:00,Social Network,Social Gameplay,Reward Story E,iOS,North America,False,active,True
2025-09,SYN-202509-D01628,SYN-202509-P01628,2025-09-28 13:29:00,Store Search,Store Intent,Progress Video H,iOS,North America,False,active,True
2025-09,SYN-202509-D01629,SYN-202509-P01629,2025-09-10 21:59:00,Search Network,Search Value Global,Reward Story A,Android,Western Europe,False,active,True
2025-09,SYN-202509-D01630,SYN-202509-P01630,2025-09-19 01:02:00,Store Search,Store Intent,Progress Video H,iOS,North America,False,active,True
2025-09,SYN-202509-D01631,SYN-202509-P01631,2025-09-01 00:47:00,Store Search,Store Intent,Progress Video H,iOS,APAC,False,active,True
2025-09,SYN-202509-D01632,SYN-202509-P01632,2025-09-20 21:26:00,Store Search,Store Intent,Reward Story H,iOS,APAC,False,active,True
2025-09,SYN-202509-D01633,SYN-202509-P01633,2025-09-18 17:05:00,Search Network,Search Value North,Reward Story B,Android,LATAM,False,active,True
2025-09,SYN-202509-D01634,SYN-202509-P01634,2025-09-27 05:25:00,Social Network,Social Gameplay,Reward Story E,iOS,Western Europe,False,active,True
2025-09,SYN-202509-D01635,SYN-202509-P01635,2025-09-08 18:58:00,Search Network,Search Value Global,Progress Video A,Android,Western Europe,False,active,True
2025-09,SYN-202509-D01636,SYN-202509-P01636,2025-09-06 01:18:00,Game Network,Playable Broad,Progress Video C,iOS,North America,False,active,True
2025-09,SYN-202509-D01637,SYN-202509-P01637,2025-09-27 02:52:00,Game Network,Playable Broad,Playable Puzzle C,iOS,LATAM,False,active,True
2025-09,SYN-202509-D01638,SYN-202509-P01638,2025-09-07 20:55:00,Social Network,Social Gameplay,Playable Puzzle E,iOS,North America,False,active,True
2025-09,SYN-202509-D01639,SYN-202509-P01639,2025-09-13 18:11:00,Game Network,Playable Broad,Reward Story C,iOS,North America,False,active,True
2025-09,SYN-202509-D01640,SYN-202509-P01640,2025-09-07 13:25:00,Store Search,Store Intent,Playable Puzzle H,iOS,Western Europe,False,active,True
2025-09,SYN-202509-D01641,SYN-202509-P01641,2025-09-23 09:09:00,Game Network,Playable Broad,Reward Story C,iOS,Western Europe,False,active,True
2025-09,SYN-202509-D01642,SYN-202509-P01642,2025-09-27 19:38:00,Search Network,Search Value Global,Reward Story A,Android,Western Europe,False,active,True
2025-09,SYN-202509-D01643,SYN-202509-P01643,2025-09-20 06:20:00,Store Search,Store Intent,Progress Video H,iOS,APAC,False,active,True
2025-09,SYN-202509-D01644,SYN-202509-P01644,2025-09-19 05:22:00,Store Search,Store Intent,Reward Story H,iOS,Western Europe,False,active,True
2025-09,SYN-202509-D01645,SYN-202509-P01645,2025-09-06 14:09:00,Social Network,Social Gameplay,Progress Video E,iOS,APAC,False,active,True
2025-09,SYN-202509-D01646,SYN-202509-P01646,2025-09-06 15:06:00,Social Network,Social Gameplay,Reward Story E,iOS,North America,False,active,True
2025-09,SYN-202509-D01647,SYN-202509-P01647,2025-09-09 18:42:00,Discovery Network,Discovery Rewarded,Reward Story G,Android,North America,False,stopped,True
2025-09,SYN-202509-D01648,SYN-202509-P01648,2025-09-20 12:38:00,Game Network,Playable Premium,Playable Puzzle D,iOS,North America,False,active,True
2025-09,SYN-202509-D01649,SYN-202509-P01649,2025-09-12 00:57:00,Search Network,Search Value Global,Playable Puzzle A,Android,North America,False,active,True
2025-09,SYN-202509-D01650,SYN-202509-P01650,2025-09-09 13:34:00,Search Network,Search Value Global,Progress Video A,Android,North America,False,active,True
2025-09,SYN-202509-D01651,SYN-202509-P01651,2025-09-08 21:13:00,Social Network,Social Lifestyle,Reward Story F,iOS,APAC,False,stopped,True
2025-09,SYN-202509-D01652,SYN-202509-P01652,2025-09-06 21:05:00,Search Network,Search Value Global,Playable Puzzle A,Android,LATAM,False,active,True
2025-09,SYN-202509-D01654,SYN-202509-P01654,2025-09-03 00:28:00,Search Network,Search Value North,Progress Video B,Android,APAC,False,active,True
2025-09,SYN-202509-D01655,SYN-202509-P01655,2025-09-11 00:48:00,Discovery Network,Discovery Rewarded,Reward Story G,Android,APAC,False,stopped,True
2025-09,SYN-202509-D01656,SYN-202509-P01656,2025-09-04 11:38:00,Game Network,Playable Broad,Reward Story C,iOS,North America,False,active,True
2025-09,SYN-202509-D01657,SYN-202509-P01657,2025-09-30 00:00:00,Game Network,Playable Broad,Progress Video C,iOS,LATAM,False,active,True
2025-09,SYN-202509-D01658,SYN-202509-P01658,2025-09-22 23:20:00,Social Network,Social Gameplay,Progress Video E,iOS,APAC,False,active,True
2025-09,SYN-202509-D01659,SYN-202509-P01659,2025-09-21 12:14:00,Search Network,Search Value Global,Reward Story A,Android,APAC,False,active,True
2025-09,SYN-202509-D01660,SYN-202509-P01660,2025-09-06 15:33:00,Game Network,Playable Premium,Reward Story D,iOS,North America,False,active,False
2025-09,SYN-202509-D01661,SYN-202509-P01661,2025-09-08 04:03:00,Game Network,Playable Premium,Reward Story D,iOS,North America,False,active,True
2025-09,SYN-202509-D01662,SYN-202509-P01662,2025-09-18 21:46:00,Search Network,Search Value Global,Playable Puzzle A,Android,APAC,False,active,True
2025-09,SYN-202509-D01663,SYN-202509-P01663,2025-09-17 17:44:00,Game Network,Playable Premium,Reward Story D,iOS,LATAM,False,active,True
2025-09,SYN-202509-D01664,SYN-202509-P01664,2025-09-17 17:38:00,Game Network,Playable Broad,Reward Story C,iOS,North America,False,active,True
2025-09,SYN-202509-D01665,SYN-202509-P01665,2025-09-11 18:06:00,Social Network,Social Gameplay,Progress Video E,iOS,North America,False,active,True
2025-09,SYN-202509-D01666,SYN-202509-P01666,2025-09-21 23:18:00,Search Network,Search Value North,Reward Story B,Android,North America,False,active,True
2025-09,SYN-202509-D01668,SYN-202509-P01668,2025-09-03 06:04:00,Social Network,Social Gameplay,Progress Video E,iOS,North America,False,active,True
2025-09,SYN-202509-D01669,SYN-202509-P01669,2025-09-27 07:42:00,Store Search,Store Intent,Progress Video H,iOS,Western Europe,False,active,True
2025-09,SYN-202509-D01670,SYN-202509-P01670,2025-09-09 13:07:00,Game Network,Playable Premium,Progress Video D,iOS,North America,False,active,True
2025-09,SYN-202509-D01671,SYN-202509-P01671,2025-09-05 06:08:00,Social Network,Social Gameplay,Reward Story E,iOS,North America,False,active,False
2025-09,SYN-202509-D01672,SYN-202509-P01672,2025-09-28 18:00:00,Search Network,Search Value North,Reward Story B,Android,APAC,False,active,True
2025-09,SYN-202509-D01673,SYN-202509-P01673,2025-09-02 08:51:00,Social Network,Social Gameplay,Progress Video E,iOS,North America,False,active,True
2025-09,SYN-202509-D01674,SYN-202509-P01674,2025-09-10 02:44:00,Search Network,Search Value Global,Progress Video A,Android,Western Europe,False,active,True
2025-09,SYN-202509-D01675,SYN-202509-P01675,2025-09-01 16:55:00,Game Network,Playable Premium,Reward Story D,iOS,APAC,False,active,True
2025-09,SYN-202509-D01676,SYN-202509-P01676,2025-09-21 05:40:00,Social Network,Social Gameplay,Playable Puzzle E,iOS,LATAM,False,active,True
2025-09,SYN-202509-D01677,SYN-202509-P01677,2025-09-06 12:00:00,Game Network,Playable Broad,Playable Puzzle C,iOS,Western Europe,False,active,True
2025-09,SYN-202509-D01678,SYN-202509-P01678,2025-09-29 06:27:00,Game Network,Playable Premium,Playable Puzzle D,iOS,North America,False,active,True
2025-09,SYN-202509-D01679,SYN-202509-P01679,2025-09-15 18:34:00,Game Network,Playable Premium,Playable Puzzle D,iOS,North America,False,active,True
2025-09,SYN-202509-D01680,SYN-202509-P01680,2025-09-08 07:09:00,Game Network,Playable Premium,Progress Video D,iOS,LATAM,False,active,True
2025-09,SYN-202509-D01682,SYN-202509-P01682,2025-09-08 09:42:00,Search Network,Search Value Global,Progress Video A,Android,APAC,False,active,True
2025-09,SYN-202509-D01683,SYN-202509-P01683,2025-09-19 00:40:00,Game Network,Playable Premium,Progress Video D,iOS,North America,False,active,True
2025-09,SYN-202509-D01684,SYN-202509-P01684,2025-09-06 14:33:00,Game Network,Playable Broad,Reward Story C,iOS,North America,False,active,True
2025-09,SYN-202509-D01685,SYN-202509-P01685,2025-09-23 05:10:00,Social Network,Social Gameplay,Playable Puzzle E,iOS,Western Europe,False,active,True
2025-09,SYN-202509-D01686,SYN-202509-P01686,2025-09-15 03:57:00,Game Network,Playable Broad,Progress Video C,iOS,Western Europe,False,active,True
2025-09,SYN-202509-D01688,SYN-202509-P01688,2025-09-13 02:53:00,Social Network,Social Gameplay,Reward Story E,iOS,APAC,False,active,True
2025-09,SYN-202509-D01689,SYN-202509-P01689,2025-09-03 11:31:00,Game Network,Playable Broad,Reward Story C,iOS,North America,False,active,True
2025-09,SYN-202509-D01690,SYN-202509-P01690,2025-09-06 20:17:00,Social Network,Social Gameplay,Playable Puzzle E,iOS,APAC,False,active,True
2025-09,SYN-202509-D01691,SYN-202509-P01691,2025-09-28 13:56:00,Store Search,Store Intent,Progress Video H,iOS,Western Europe,False,active,True
2025-09,SYN-202509-D01692,SYN-202509-P01692,2025-09-03 17:50:00,Store Search,Store Intent,Playable Puzzle H,iOS,North America,False,active,True
2025-09,SYN-202509-D01693,SYN-202509-P01693,2025-09-13 14:43:00,Store Search,Store Intent,Reward Story H,iOS,North America,False,active,True
2025-09,SYN-202509-D01694,SYN-202509-P01694,2025-09-29 20:11:00,Game Network,Playable Broad,Progress Video C,iOS,Western Europe,False,active,True
2025-09,SYN-202509-D01695,SYN-202509-P01695,2025-09-30 18:14:00,Social Network,Social Gameplay,Playable Puzzle E,iOS,Western Europe,False,active,True
2025-09,SYN-202509-D01696,SYN-202509-P01696,2025-09-16 20:51:00,Game Network,Playable Premium,Playable Puzzle D,iOS,Western Europe,False,active,True
2025-09,SYN-202509-D01698,SYN-202509-P01698,2025-09-26 01:56:00,Store Search,Store Intent,Reward Story H,iOS,North America,False,active,True
2025-09,SYN-202509-D01699,SYN-202509-P01699,2025-09-05 16:08:00,Store Search,Store Intent,Playable Puzzle H,iOS,APAC,False,active,True
2025-09,SYN-202509-D01700,SYN-202509-P01700,2025-09-13 08:30:00,Social Network,Social Lifestyle,Reward Story F,iOS,APAC,False,stopped,True
2025-09,SYN-202509-D01701,SYN-202509-P01701,2025-09-15 01:41:00,Discovery Network,Discovery Rewarded,Reward Story G,Android,Western Europe,False,stopped,True
2025-09,SYN-202509-D01702,SYN-202509-P01702,2025-09-08 20:37:00,Social Network,Social Gameplay,Progress Video E,iOS,North America,False,active,True
2025-09,SYN-202509-D01703,SYN-202509-P01703,2025-09-29 21:26:00,Social Network,Social Gameplay,Playable Puzzle E,iOS,Western Europe,False,active,True
2025-09,SYN-202509-D01704,SYN-202509-P01704,2025-09-28 20:46:00,Social Network,Social Gameplay,Progress Video E,iOS,North America,False,active,True
2025-09,SYN-202509-D01705,SYN-202509-P01705,2025-09-19 09:38:00,Game Network,Playable Premium,Reward Story D,iOS,APAC,False,active,True
2025-09,SYN-202509-D01706,SYN-202509-P01706,2025-09-15 13:17:00,Social Network,Social Gameplay,Progress Video E,iOS,APAC,False,active,True
2025-09,SYN-202509-D01707,SYN-202509-P01707,2025-09-03 02:06:00,Game Network,Playable Premium,Progress Video D,iOS,North America,False,active,True
2025-09,SYN-202509-D01710,SYN-202509-P01710,2025-09-17 17:25:00,Search Network,Search Value Global,Playable Puzzle A,Android,North America,False,active,True
2025-09,SYN-202509-D01711,SYN-202509-P01711,2025-09-27 02:56:00,Game Network,Playable Broad,Reward Story C,iOS,North America,False,active,True
2025-09,SYN-202509-D01712,SYN-202509-P01712,2025-09-03 04:34:00,Social Network,Social Gameplay,Progress Video E,iOS,North America,False,active,True
2025-09,SYN-202509-D01713,SYN-202509-P01713,2025-09-21 02:56:00,Store Search,Store Intent,Progress Video H,iOS,North America,False,active,True
2025-09,SYN-202509-D01714,SYN-202509-P01714,2025-09-06 21:15:00,Game Network,Playable Premium,Progress Video D,iOS,LATAM,False,active,True
2025-09,SYN-202509-D01715,SYN-202509-P01715,2025-09-01 23:24:00,Store Search,Store Intent,Reward Story H,iOS,Western Europe,False,active,True
2025-09,SYN-202509-D01716,SYN-202509-P01716,2025-09-09 02:22:00,Social Network,Social Gameplay,Reward Story E,iOS,LATAM,False,active,False
2025-09,SYN-202509-D01717,SYN-202509-P01717,2025-09-17 22:13:00,Search Network,Search Value North,Reward Story B,Android,LATAM,False,active,True
2025-09,SYN-202509-D01718,SYN-202509-P01718,2025-09-20 18:00:00,Search Network,Search Value Global,Progress Video A,Android,APAC,False,active,True
2025-09,SYN-202509-D01720,SYN-202509-P01720,2025-09-19 12:01:00,Social Network,Social Gameplay,Progress Video E,iOS,LATAM,False,active,True
2025-09,SYN-202509-D01721,SYN-202509-P01721,2025-09-20 13:03:00,Game Network,Playable Broad,Playable Puzzle C,iOS,North America,False,active,False
2025-09,SYN-202509-D01722,SYN-202509-P01722,2025-09-13 07:09:00,Search Network,Search Value Global,Playable Puzzle A,Android,Western Europe,False,active,True
2025-09,SYN-202509-D01723,SYN-202509-P01723,2025-09-22 11:53:00,Game Network,Playable Broad,Reward Story C,iOS,North America,False,active,True
2025-09,SYN-202509-D01724,SYN-202509-P01724,2025-09-18 09:29:00,Game Network,Playable Broad,Reward Story C,iOS,Western Europe,False,active,True
2025-09,SYN-202509-D01725,SYN-202509-P01725,2025-09-04 22:34:00,Game Network,Playable Broad,Playable Puzzle C,iOS,North America,False,active,False
2025-09,SYN-202509-D01726,SYN-202509-P01726,2025-09-16 18:35:00,Game Network,Playable Broad,Reward Story C,iOS,Western Europe,False,active,True
2025-09,SYN-202509-D01727,SYN-202509-P01727,2025-09-08 11:55:00,Game Network,Playable Premium,Reward Story D,iOS,North America,False,active,True
2025-09,SYN-202509-D01728,SYN-202509-P01728,2025-09-04 21:15:00,Search Network,Search Value Global,Playable Puzzle A,Android,North America,False,active,True
2025-09,SYN-202509-D01729,SYN-202509-P01729,2025-09-13 13:59:00,Store Search,Store Intent,Progress Video H,iOS,APAC,False,active,True
2025-09,SYN-202509-D01731,SYN-202509-P01731,2025-09-02 21:55:00,Search Network,Search Value Global,Reward Story A,Android,North America,False,active,True
2025-09,SYN-202509-D01732,SYN-202509-P01732,2025-09-29 09:12:00,Search Network,Search Value Global,Reward Story A,Android,North America,False,active,True
2025-09,SYN-202509-D01733,SYN-202509-P01733,2025-09-22 00:11:00,Game Network,Playable Broad,Reward Story C,iOS,LATAM,False,active,True
2025-09,SYN-202509-D01734,SYN-202509-P01734,2025-09-24 21:28:00,Game Network,Playable Broad,Playable Puzzle C,iOS,APAC,False,active,True
2025-09,SYN-202509-D01735,SYN-202509-P01735,2025-09-27 12:31:00,Store Search,Store Intent,Playable Puzzle H,iOS,North America,False,active,True
2025-09,SYN-202509-D01736,SYN-202509-P01736,2025-09-01 22:14:00,Search Network,Search Value Global,Playable Puzzle A,Android,North America,False,active,True
2025-09,SYN-202509-D01737,SYN-202509-P01737,2025-09-24 08:19:00,Search Network,Search Value North,Playable Puzzle B,Android,LATAM,False,active,True
2025-09,SYN-202509-D01738,SYN-202509-P01738,2025-09-07 19:24:00,Game Network,Playable Premium,Playable Puzzle D,iOS,North America,False,active,True
2025-09,SYN-202509-D01739,SYN-202509-P01739,2025-09-22 01:57:00,Game Network,Playable Broad,Playable Puzzle C,iOS,APAC,False,active,True
2025-09,SYN-202509-D01740,SYN-202509-P01740,2025-09-15 03:47:00,Social Network,Social Gameplay,Reward Story E,iOS,LATAM,False,active,True
2025-09,SYN-202509-D01741,SYN-202509-P01741,2025-09-11 21:30:00,Search Network,Search Value North,Playable Puzzle B,Android,LATAM,False,active,True
2025-09,SYN-202509-D01742,SYN-202509-P01742,2025-09-09 08:55:00,Social Network,Social Lifestyle,Progress Video F,iOS,North America,False,stopped,True
2025-09,SYN-202509-D01743,SYN-202509-P01743,2025-09-11 13:11:00,Search Network,Search Value Global,Reward Story A,Android,LATAM,False,active,False
2025-09,SYN-202509-D01744,SYN-202509-P01744,2025-09-11 04:49:00,Store Search,Store Intent,Playable Puzzle H,iOS,APAC,False,active,True
2025-09,SYN-202509-D01745,SYN-202509-P01745,2025-09-06 03:25:00,Social Network,Social Lifestyle,Reward Story F,iOS,APAC,False,stopped,True
2025-09,SYN-202509-D01746,SYN-202509-P01746,2025-09-01 15:31:00,Store Search,Store Intent,Playable Puzzle H,iOS,North America,False,active,True
2025-09,SYN-202509-D01747,SYN-202509-P01747,2025-09-06 00:52:00,Social Network,Social Gameplay,Playable Puzzle E,iOS,APAC,False,active,False
2025-09,SYN-202509-D01748,SYN-202509-P01748,2025-09-10 15:23:00,Store Search,Store Intent,Playable Puzzle H,iOS,North America,False,active,False
2025-09,SYN-202509-D01749,SYN-202509-P01749,2025-09-05 09:11:00,Search Network,Search Value Global,Playable Puzzle A,Android,APAC,False,active,True
2025-09,SYN-202509-D01751,SYN-202509-P01751,2025-09-01 08:01:00,Game Network,Playable Premium,Progress Video D,iOS,Western Europe,False,active,True
2025-09,SYN-202509-D01752,SYN-202509-P01752,2025-09-15 16:06:00,Game Network,Playable Broad,Playable Puzzle C,iOS,LATAM,False,active,True
2025-09,SYN-202509-D01753,SYN-202509-P01753,2025-09-19 19:51:00,Store Search,Store Intent,Reward Story H,iOS,North America,False,active,True
2025-09,SYN-202509-D01754,SYN-202509-P01754,2025-09-12 14:12:00,Game Network,Playable Broad,Progress Video C,iOS,Western Europe,False,active,True
2025-09,SYN-202509-D01755,SYN-202509-P01755,2025-09-03 18:57:00,Game Network,Playable Broad,Reward Story C,iOS,North America,False,active,True
2025-09,SYN-202509-D01756,SYN-202509-P01756,2025-09-14 22:08:00,Social Network,Social Gameplay,Progress Video E,iOS,APAC,False,active,True
2025-09,SYN-202509-D01757,SYN-202509-P01757,2025-09-21 15:06:00,Game Network,Playable Broad,Playable Puzzle C,iOS,APAC,False,active,True
2025-09,SYN-202509-D01758,SYN-202509-P01758,2025-09-25 07:18:00,Game Network,Playable Broad,Playable Puzzle C,iOS,APAC,False,active,True
2025-09,SYN-202509-D01759,SYN-202509-P01759,2025-09-07 10:02:00,Game Network,Playable Broad,Progress Video C,iOS,Western Europe,False,active,True
2025-09,SYN-202509-D01760,SYN-202509-P01760,2025-09-19 00:54:00,Game Network,Playable Premium,Reward Story D,iOS,Western Europe,False,active,True
2025-09,SYN-202509-D01761,SYN-202509-P01761,2025-09-22 00:06:00,Search Network,Search Value Global,Progress Video A,Android,Western Europe,False,active,True
2025-09,SYN-202509-D01762,SYN-202509-P01762,2025-09-17 10:27:00,Store Search,Store Intent,Playable Puzzle H,iOS,LATAM,False,active,True
2025-09,SYN-202509-D01763,SYN-202509-P01763,2025-09-03 09:03:00,Game Network,Playable Premium,Playable Puzzle D,iOS,North America,False,active,False
2025-09,SYN-202509-D01765,SYN-202509-P01765,2025-09-29 15:04:00,Social Network,Social Gameplay,Progress Video E,iOS,North America,False,active,True
2025-09,SYN-202509-D01766,SYN-202509-P01766,2025-09-05 11:17:00,Store Search,Store Intent,Playable Puzzle H,iOS,North America,False,active,True
2025-09,SYN-202509-D01767,SYN-202509-P01767,2025-09-12 10:12:00,Search Network,Search Value Global,Progress Video A,Android,North America,False,active,True
2025-09,SYN-202509-D01768,SYN-202509-P01768,2025-09-03 10:30:00,Store Search,Store Intent,Progress Video H,iOS,North America,False,active,True
2025-09,SYN-202509-D01769,SYN-202509-P01769,2025-09-30 12:54:00,Social Network,Social Gameplay,Reward Story E,iOS,LATAM,False,active,True
2025-09,SYN-202509-D01770,SYN-202509-P01770,2025-09-19 23:39:00,Game Network,Playable Premium,Playable Puzzle D,iOS,Western Europe,False,active,True
2025-09,SYN-202509-D01771,SYN-202509-P01771,2025-09-05 02:02:00,Store Search,Store Intent,Progress Video H,iOS,LATAM,False,active,True
2025-09,SYN-202509-D01772,SYN-202509-P01772,2025-09-03 06:42:00,Discovery Network,Discovery Rewarded,Reward Story G,Android,LATAM,False,stopped,True
2025-09,SYN-202509-D01773,SYN-202509-P01773,2025-09-11 05:21:00,Social Network,Social Gameplay,Playable Puzzle E,iOS,North America,False,active,True
2025-09,SYN-202509-D01774,SYN-202509-P01774,2025-09-13 08:25:00,Store Search,Store Intent,Progress Video H,iOS,LATAM,False,active,True
2025-09,SYN-202509-D01775,SYN-202509-P01775,2025-09-27 08:13:00,Search Network,Search Value North,Progress Video B,Android,Western Europe,False,active,True
2025-09,SYN-202509-D01776,SYN-202509-P01776,2025-09-24 03:21:00,Game Network,Playable Premium,Progress Video D,iOS,APAC,False,active,True
2025-09,SYN-202509-D01777,SYN-202509-P01777,2025-09-14 21:36:00,Store Search,Store Intent,Reward Story H,iOS,North America,False,active,True
2025-09,SYN-202509-D01778,SYN-202509-P01778,2025-09-25 06:32:00,Search Network,Search Value North,Reward Story B,Android,APAC,False,active,True
2025-09,SYN-202509-D01779,SYN-202509-P01779,2025-09-20 16:07:00,Social Network,Social Gameplay,Playable Puzzle E,iOS,APAC,False,active,True
2025-09,SYN-202509-D01780,SYN-202509-P01780,2025-09-12 16:06:00,Game Network,Playable Broad,Progress Video C,iOS,North America,False,active,True
2025-09,SYN-202509-D01781,SYN-202509-P01781,2025-09-05 22:27:00,Game Network,Playable Broad,Playable Puzzle C,iOS,APAC,False,active,True
2025-09,SYN-202509-D01782,SYN-202509-P01782,2025-09-24 20:02:00,Game Network,Playable Premium,Playable Puzzle D,iOS,APAC,False,active,True
2025-09,SYN-202509-D01783,SYN-202509-P01783,2025-09-19 18:33:00,Game Network,Playable Broad,Progress Video C,iOS,APAC,False,active,True
2025-09,SYN-202509-D01784,SYN-202509-P01784,2025-09-13 05:27:00,Search Network,Search Value North,Progress Video B,Android,Western Europe,False,active,True
2025-09,SYN-202509-D01785,SYN-202509-P01785,2025-09-06 00:54:00,Search Network,Search Value North,Progress Video B,Android,Western Europe,False,active,True
2025-09,SYN-202509-D01786,SYN-202509-P01786,2025-09-01 13:02:00,Search Network,Search Value Global,Reward Story A,Android,North America,False,active,False
2025-09,SYN-202509-D01787,SYN-202509-P01787,2025-09-29 02:50:00,Store Search,Store Intent,Reward Story H,iOS,APAC,False,active,True
2025-09,SYN-202509-D01788,SYN-202509-P01788,2025-09-15 18:00:00,Search Network,Search Value North,Reward Story B,Android,North America,False,active,True
2025-09,SYN-202509-D01789,SYN-202509-P01789,2025-09-01 00:48:00,Game Network,Playable Premium,Playable Puzzle D,iOS,North America,False,active,True
2025-09,SYN-202509-D01790,SYN-202509-P01790,2025-09-05 18:18:00,Game Network,Playable Broad,Playable Puzzle C,iOS,North America,False,active,True
2025-09,SYN-202509-D01791,SYN-202509-P01791,2025-09-13 16:24:00,Social Network,Social Lifestyle,Playable Puzzle F,iOS,North America,False,stopped,True
2025-09,SYN-202509-D01792,SYN-202509-P01792,2025-09-15 20:46:00,Store Search,Store Intent,Playable Puzzle H,iOS,APAC,False,active,True
2025-09,SYN-202509-D01793,SYN-202509-P01793,2025-09-20 18:09:00,Search Network,Search Value Global,Progress Video A,Android,APAC,False,active,True
2025-09,SYN-202509-D01794,SYN-202509-P01794,2025-09-09 08:11:00,Social Network,Social Lifestyle,Progress Video F,iOS,North America,False,stopped,True
2025-09,SYN-202509-D01795,SYN-202509-P01795,2025-09-01 00:40:00,Social Network,Social Lifestyle,Reward Story F,iOS,North America,False,stopped,True
2025-09,SYN-202509-D01796,SYN-202509-P01796,2025-09-04 03:12:00,Social Network,Social Gameplay,Progress Video E,iOS,Western Europe,False,active,False
2025-09,SYN-202509-D01797,SYN-202509-P01797,2025-09-15 17:42:00,Social Network,Social Lifestyle,Reward Story F,iOS,LATAM,False,stopped,True
2025-09,SYN-202509-D01798,SYN-202509-P01798,2025-09-17 14:59:00,Game Network,Playable Premium,Playable Puzzle D,iOS,APAC,False,active,True
2025-09,SYN-202509-D01799,SYN-202509-P01799,2025-09-17 06:39:00,Game Network,Playable Broad,Progress Video C,iOS,North America,False,active,True
2025-09,SYN-202509-D01800,SYN-202509-P01800,2025-09-07 06:40:00,Game Network,Playable Broad,Reward Story C,iOS,North America,False,active,True
2025-09,SYN-202509-D01801,SYN-202509-P01801,2025-09-12 17:24:00,Social Network,Social Gameplay,Playable Puzzle E,iOS,LATAM,False,active,True
2025-09,SYN-202509-D01803,SYN-202509-P01803,2025-09-07 02:07:00,Social Network,Social Lifestyle,Playable Puzzle F,iOS,North America,False,stopped,True
2025-09,SYN-202509-D01804,SYN-202509-P01804,2025-09-20 14:47:00,Game Network,Playable Premium,Playable Puzzle D,iOS,APAC,False,active,True
2025-09,SYN-202509-D01805,SYN-202509-P01805,2025-09-06 22:18:00,Game Network,Playable Premium,Reward Story D,iOS,North America,False,active,True
2025-09,SYN-202509-D01806,SYN-202509-P01806,2025-09-14 09:23:00,Search Network,Search Value Global,Playable Puzzle A,Android,Western Europe,False,active,False
2025-09,SYN-202509-D01807,SYN-202509-P01807,2025-09-03 22:48:00,Store Search,Store Intent,Progress Video H,iOS,Western Europe,False,active,True
2025-09,SYN-202509-D01808,SYN-202509-P01808,2025-09-13 15:09:00,Search Network,Search Value Global,Reward Story A,Android,APAC,False,active,True
2025-09,SYN-202509-D01809,SYN-202509-P01809,2025-09-09 22:23:00,Game Network,Playable Broad,Reward Story C,iOS,North America,False,active,True
2025-09,SYN-202509-D01810,SYN-202509-P01810,2025-09-05 03:24:00,Discovery Network,Discovery Rewarded,Progress Video G,Android,Western Europe,False,stopped,True
2025-09,SYN-202509-D01811,SYN-202509-P01811,2025-09-17 05:29:00,Game Network,Playable Broad,Playable Puzzle C,iOS,LATAM,False,active,True
2025-09,SYN-202509-D01812,SYN-202509-P01812,2025-09-10 13:16:00,Search Network,Search Value North,Playable Puzzle B,Android,North America,False,active,True
2025-09,SYN-202509-D01813,SYN-202509-P01813,2025-09-22 05:11:00,Store Search,Store Intent,Progress Video H,iOS,Western Europe,False,active,True
2025-09,SYN-202509-D01814,SYN-202509-P01814,2025-09-03 17:47:00,Search Network,Search Value North,Playable Puzzle B,Android,APAC,False,active,True
2025-09,SYN-202509-D01815,SYN-202509-P01815,2025-09-08 04:13:00,Search Network,Search Value Global,Playable Puzzle A,Android,LATAM,False,active,True
2025-09,SYN-202509-D01816,SYN-202509-P01816,2025-09-04 04:54:00,Game Network,Playable Broad,Reward Story C,iOS,LATAM,False,active,True
2025-09,SYN-202509-D01817,SYN-202509-P01817,2025-09-20 04:49:00,Search Network,Search Value North,Playable Puzzle B,Android,Western Europe,False,active,True
2025-09,SYN-202509-D01818,SYN-202509-P01818,2025-09-15 07:26:00,Store Search,Store Intent,Reward Story H,iOS,Western Europe,False,active,True
2025-09,SYN-202509-D01819,SYN-202509-P01819,2025-09-03 15:13:00,Game Network,Playable Broad,Reward Story C,iOS,North America,False,active,True
2025-09,SYN-202509-D01820,SYN-202509-P01820,2025-09-19 14:37:00,Store Search,Store Intent,Playable Puzzle H,iOS,North America,False,active,True
2025-09,SYN-202509-D01821,SYN-202509-P01821,2025-09-16 15:03:00,Game Network,Playable Premium,Progress Video D,iOS,Western Europe,False,active,True
2025-09,SYN-202509-D01822,SYN-202509-P01822,2025-09-26 15:02:00,Social Network,Social Gameplay,Playable Puzzle E,iOS,LATAM,False,active,True
2025-09,SYN-202509-D01823,SYN-202509-P01823,2025-09-30 17:46:00,Search Network,Search Value Global,Progress Video A,Android,APAC,False,active,True
2025-09,SYN-202509-D01824,SYN-202509-P01824,2025-09-10 06:31:00,Social Network,Social Gameplay,Reward Story E,iOS,North America,False,active,True
2025-09,SYN-202509-D01825,SYN-202509-P01825,2025-09-25 18:11:00,Game Network,Playable Premium,Reward Story D,iOS,Western Europe,False,active,True
2025-09,SYN-202509-D01826,SYN-202509-P01826,2025-09-18 22:10:00,Store Search,Store Intent,Playable Puzzle H,iOS,North America,False,active,True
2025-09,SYN-202509-D01827,SYN-202509-P01827,2025-09-01 20:35:00,Game Network,Playable Premium,Playable Puzzle D,iOS,APAC,False,active,True
2025-09,SYN-202509-D01828,SYN-202509-P01828,2025-09-03 01:07:00,Discovery Network,Discovery Rewarded,Progress Video G,Android,Western Europe,False,stopped,True
2025-09,SYN-202509-D01829,SYN-202509-P01829,2025-09-05 14:58:00,Store Search,Store Intent,Progress Video H,iOS,LATAM,False,active,True
2025-09,SYN-202509-D01830,SYN-202509-P01830,2025-09-08 17:45:00,Search Network,Search Value North,Playable Puzzle B,Android,APAC,False,active,True
2025-09,SYN-202509-D01831,SYN-202509-P01831,2025-09-23 03:42:00,Search Network,Search Value North,Progress Video B,Android,North America,False,active,True
2025-09,SYN-202509-D01832,SYN-202509-P01832,2025-09-11 01:56:00,Store Search,Store Intent,Progress Video H,iOS,North America,False,active,True
2025-09,SYN-202509-D01833,SYN-202509-P01833,2025-09-03 07:03:00,Store Search,Store Intent,Progress Video H,iOS,Western Europe,False,active,True
2025-09,SYN-202509-D01834,SYN-202509-P01834,2025-09-16 19:06:00,Game Network,Playable Premium,Playable Puzzle D,iOS,APAC,False,active,True
2025-09,SYN-202509-D01835,SYN-202509-P01835,2025-09-16 15:21:00,Social Network,Social Gameplay,Playable Puzzle E,iOS,LATAM,False,active,True
2025-09,SYN-202509-D01836,SYN-202509-P01836,2025-09-14 03:09:00,Store Search,Store Intent,Reward Story H,iOS,North America,False,active,True
2025-09,SYN-202509-D01837,SYN-202509-P01837,2025-09-03 03:52:00,Search Network,Search Value Global,Reward Story A,Android,Western Europe,False,active,True
2025-09,SYN-202509-D01838,SYN-202509-P01838,2025-09-05 05:59:00,Social Network,Social Lifestyle,Reward Story F,iOS,APAC,False,stopped,True
2025-09,SYN-202509-D01839,SYN-202509-P01839,2025-09-13 10:34:00,Social Network,Social Gameplay,Playable Puzzle E,iOS,North America,False,active,False
2025-09,SYN-202509-D01840,SYN-202509-P01840,2025-09-21 19:33:00,Search Network,Search Value Global,Reward Story A,Android,Western Europe,False,active,True
2025-09,SYN-202509-D01841,SYN-202509-P01841,2025-09-23 08:58:00,Game Network,Playable Premium,Reward Story D,iOS,APAC,False,active,True
2025-09,SYN-202509-D01842,SYN-202509-P01842,2025-09-22 03:41:00,Game Network,Playable Broad,Playable Puzzle C,iOS,APAC,False,active,True
2025-09,SYN-202509-D01843,SYN-202509-P01843,2025-09-19 20:02:00,Search Network,Search Value Global,Progress Video A,Android,North America,False,active,True
2025-09,SYN-202509-D01844,SYN-202509-P01844,2025-09-30 02:58:00,Game Network,Playable Broad,Playable Puzzle C,iOS,Western Europe,False,active,True
2025-09,SYN-202509-D01845,SYN-202509-P01845,2025-09-01 02:42:00,Search Network,Search Value North,Progress Video B,Android,Western Europe,False,active,True
2025-09,SYN-202509-D01846,SYN-202509-P01846,2025-09-24 15:48:00,Social Network,Social Gameplay,Progress Video E,iOS,North America,False,active,True
2025-09,SYN-202509-D01848,SYN-202509-P01848,2025-09-25 19:54:00,Store Search,Store Intent,Progress Video H,iOS,APAC,False,active,True
2025-09,SYN-202509-D01849,SYN-202509-P01849,2025-09-07 02:27:00,Social Network,Social Gameplay,Reward Story E,iOS,Western Europe,False,active,True
2025-09,SYN-202509-D01850,SYN-202509-P01850,2025-09-13 04:26:00,Search Network,Search Value North,Playable Puzzle B,Android,North America,False,active,True
