month,event_id,device_id,person_id,event_timestamp,install_timestamp,event_name,level_value,revenue_usd
2025-10,EVT-202510-1904353128A3-0001,SYN-202510-D1904353128A3,SYN-202510-P1904353128A3,2025-10-01T01:54:00,2025-10-01T01:41:59,session_start,0,0.0
2025-10,EVT-202510-1904353128A3-0004,SYN-202510-D1904353128A3,SYN-202510-P1904353128A3,2025-10-01T02:06:00,2025-10-01T01:41:59,level_completed,1,0.0
2025-10,EVT-202510-1904353128A3-0007,SYN-202510-D1904353128A3,SYN-202510-P1904353128A3,2025-10-01T02:07:00,2025-10-01T01:41:59,level_completed,1,0.0
2025-10,EVT-202510-FF2366326311-0001,SYN-202510-DFF2366326311,SYN-202510-PFF2366326311,2025-10-01T02:22:43,2025-10-01T02:21:43,session_start,0,0.0
2025-10,EVT-202510-FF2366326311-0003,SYN-202510-DFF2366326311,SYN-202510-PFF2366326311,2025-10-01T02:28:43,2025-10-01T02:21:43,level_completed,1,0.0
2025-10,EVT-202510-FF2366326311-0009,SYN-202510-DFF2366326311,SYN-202510-PFF2366326311,2025-10-01T02:29:43,2025-10-01T02:21:43,level_completed,1,0.0
2025-10,EVT-202510-FF2366326311-0013,SYN-202510-DFF2366326311,SYN-202510-PFF2366326311,2025-10-01T02:32:43,2025-10-01T02:21:43,level_completed,1,0.0
2025-10,EVT-202510-FF2366326311-0006,SYN-202510-DFF2366326311,SYN-202510-PFF2366326311,2025-10-01T02:35:43,2025-10-01T02:21:43,level_completed,1,0.0
2025-10,EVT-202510-FF2366326311-0011,SYN-202510-DFF2366326311,SYN-202510-PFF2366326311,2025-10-01T02:36:43,2025-10-01T02:21:43,level_completed,1,0.0
2025-10,EVT-202510-FF2366326311-0017,SYN-202510-DFF2366326311,SYN-202510-PFF2366326311,2025-10-01T02:37:43,2025-10-01T02:21:43,ad_impression,0,0.017
2025-10,EVT-202510-FF2366326311-0015,SYN-202510-DFF2366326311,SYN-202510-PFF2366326311,2025-10-01T02:39:43,2025-10-01T02:21:43,level_completed,1,0.0
2025-10,EVT-202510-FF2366326311-0007,SYN-202510-DFF2366326311,SYN-202510-PFF2366326311,2025-10-01T02:51:43,2025-10-01T02:21:43,level_completed,1,0.0
2025-10,EVT-202510-FF2366326311-0004,SYN-202510-DFF2366326311,SYN-202510-PFF2366326311,2025-10-01T02:53:43,2025-10-01T02:21:43,level_completed,1,0.0
2025-10,EVT-202510-FF2366326311-0019,SYN-202510-DFF2366326311,SYN-202510-PFF2366326311,2025-10-01T03:07:43,2025-10-01T02:21:43,ad_impression,0,0.017
2025-10,EVT-202510-FF2366326311-0014,SYN-202510-DFF2366326311,SYN-202510-PFF2366326311,2025-10-01T03:16:43,2025-10-01T02:21:43,level_completed,1,0.0
2025-10,EVT-202510-FF2366326311-0002,SYN-202510-DFF2366326311,SYN-202510-PFF2366326311,2025-10-01T03:20:43,2025-10-01T02:21:43,level_completed,1,0.0
2025-10,EVT-202510-FF2366326311-0010,SYN-202510-DFF2366326311,SYN-202510-PFF2366326311,2025-10-01T03:20:43,2025-10-01T02:21:43,level_completed,1,0.0
2025-10,EVT-202510-FF2366326311-0016,SYN-202510-DFF2366326311,SYN-202510-PFF2366326311,2025-10-01T03:21:43,2025-10-01T02:21:43,ad_impression,0,0.017
2025-10,EVT-202510-FF2366326311-0012,SYN-202510-DFF2366326311,SYN-202510-PFF2366326311,2025-10-01T03:26:43,2025-10-01T02:21:43,level_completed,1,0.0
2025-10,EVT-202510-FF2366326311-0018,SYN-202510-DFF2366326311,SYN-202510-PFF2366326311,2025-10-01T03:26:43,2025-10-01T02:21:43,ad_impression,0,0.017
2025-10,EVT-202510-FF2366326311-0008,SYN-202510-DFF2366326311,SYN-202510-PFF2366326311,2025-10-01T03:32:43,2025-10-01T02:21:43,level_completed,1,0.0
2025-10,EVT-202510-443BE78895A5-0001,SYN-202510-D443BE78895A5,SYN-202510-P443BE78895A5,2025-10-01T03:38:42,2025-10-01T03:37:42,session_start,0,0.0
2025-10,EVT-202510-443BE78895A5-0002,SYN-202510-D443BE78895A5,SYN-202510-P443BE78895A5,2025-10-01T03:38:42,2025-10-01T03:37:42,session_start,0,0.0
2025-10,EVT-202510-FF2366326311-0005,SYN-202510-DFF2366326311,SYN-202510-PFF2366326311,2025-10-01T03:39:43,2025-10-01T02:21:43,level_completed,1,0.0
2025-10,EVT-202510-443BE78895A5-0008,SYN-202510-D443BE78895A5,SYN-202510-P443BE78895A5,2025-10-01T03:50:42,2025-10-01T03:37:42,level_completed,1,0.0
2025-10,EVT-202510-443BE78895A5-0009,SYN-202510-D443BE78895A5,SYN-202510-P443BE78895A5,2025-10-01T03:56:42,2025-10-01T03:37:42,level_completed,1,0.0
2025-10,EVT-202510-443BE78895A5-0007,SYN-202510-D443BE78895A5,SYN-202510-P443BE78895A5,2025-10-01T03:57:42,2025-10-01T03:37:42,level_completed,1,0.0
2025-10,EVT-202510-443BE78895A5-0012,SYN-202510-D443BE78895A5,SYN-202510-P443BE78895A5,2025-10-01T03:57:42,2025-10-01T03:37:42,ad_impression,0,0.1552
2025-10,EVT-202510-443BE78895A5-0006,SYN-202510-D443BE78895A5,SYN-202510-P443BE78895A5,2025-10-01T04:10:42,2025-10-01T03:37:42,level_completed,1,0.0
2025-10,EVT-202510-443BE78895A5-0003,SYN-202510-D443BE78895A5,SYN-202510-P443BE78895A5,2025-10-01T04:11:42,2025-10-01T03:37:42,level_completed,1,0.0
2025-10,EVT-202510-443BE78895A5-0004,SYN-202510-D443BE78895A5,SYN-202510-P443BE78895A5,2025-10-01T04:15:42,2025-10-01T03:37:42,level_completed,1,0.0
2025-10,EVT-202510-443BE78895A5-0005,SYN-202510-D443BE78895A5,SYN-202510-P443BE78895A5,2025-10-01T04:30:42,2025-10-01T03:37:42,level_completed,1,0.0
2025-10,EVT-202510-443BE78895A5-0013,SYN-202510-D443BE78895A5,SYN-202510-P443BE78895A5,2025-10-01T04:32:42,2025-10-01T03:37:42,ad_impression,0,0.1552
2025-10,EVT-202510-443BE78895A5-0010,SYN-202510-D443BE78895A5,SYN-202510-P443BE78895A5,2025-10-01T04:42:42,2025-10-01T03:37:42,level_completed,1,0.0
2025-10,EVT-202510-0398F246D8BC-0001,SYN-202510-D0398F246D8BC,SYN-202510-P0398F246D8BC,2025-10-01T04:51:07,2025-10-01T04:50:07,session_start,0,0.0
2025-10,EVT-202510-443BE78895A5-0011,SYN-202510-D443BE78895A5,SYN-202510-P443BE78895A5,2025-10-01T04:52:42,2025-10-01T03:37:42,level_completed,1,0.0
2025-10,EVT-202510-0398F246D8BC-0005,SYN-202510-D0398F246D8BC,SYN-202510-P0398F246D8BC,2025-10-01T04:53:07,2025-10-01T04:50:07,level_completed,1,0.0
2025-10,EVT-202510-0398F246D8BC-0006,SYN-202510-D0398F246D8BC,SYN-202510-P0398F246D8BC,2025-10-01T04:53:07,2025-10-01T04:50:07,level_completed,1,0.0
2025-10,EVT-202510-0398F246D8BC-0004,SYN-202510-D0398F246D8BC,SYN-202510-P0398F246D8BC,2025-10-01T04:58:07,2025-10-01T04:50:07,level_completed,1,0.0
2025-10,EVT-202510-0398F246D8BC-0002,SYN-202510-D0398F246D8BC,SYN-202510-P0398F246D8BC,2025-10-01T05:26:07,2025-10-01T04:50:07,level_completed,1,0.0
2025-10,EVT-202510-79293B362BD6-0001,SYN-202510-D79293B362BD6,SYN-202510-P79293B362BD6,2025-10-01T05:53:05,2025-10-01T05:52:05,session_start,0,0.0
2025-10,EVT-202510-79293B362BD6-0008,SYN-202510-D79293B362BD6,SYN-202510-P79293B362BD6,2025-10-01T05:55:05,2025-10-01T05:52:05,level_completed,1,0.0
2025-10,EVT-202510-79293B362BD6-0014,SYN-202510-D79293B362BD6,SYN-202510-P79293B362BD6,2025-10-01T05:55:05,2025-10-01T05:52:05,level_completed,1,0.0
2025-10,EVT-202510-79293B362BD6-0045,SYN-202510-D79293B362BD6,SYN-202510-P79293B362BD6,2025-10-01T05:55:05,2025-10-01T05:52:05,level_completed,1,0.0
2025-10,EVT-202510-79293B362BD6-0028,SYN-202510-D79293B362BD6,SYN-202510-P79293B362BD6,2025-10-01T05:57:05,2025-10-01T05:52:05,level_completed,1,0.0
2025-10,EVT-202510-7704ED0111AA-0001,SYN-202510-D7704ED0111AA,SYN-202510-P7704ED0111AA,2025-10-01T05:58:44,2025-10-01T05:57:44,session_start,0,0.0
2025-10,EVT-202510-7704ED0111AA-0002,SYN-202510-D7704ED0111AA,SYN-202510-P7704ED0111AA,2025-10-01T05:58:44,2025-10-01T05:57:44,session_start,0,0.0
2025-10,EVT-202510-79293B362BD6-0026,SYN-202510-D79293B362BD6,SYN-202510-P79293B362BD6,2025-10-01T06:03:05,2025-10-01T05:52:05,level_completed,1,0.0
2025-10,EVT-202510-0398F246D8BC-0003,SYN-202510-D0398F246D8BC,SYN-202510-P0398F246D8BC,2025-10-01T06:03:07,2025-10-01T04:50:07,level_completed,1,0.0
2025-10,EVT-202510-79293B362BD6-0055,SYN-202510-D79293B362BD6,SYN-202510-P79293B362BD6,2025-10-01T06:05:05,2025-10-01T05:52:05,ad_impression,0,0.0231
2025-10,EVT-202510-79293B362BD6-0053,SYN-202510-D79293B362BD6,SYN-202510-P79293B362BD6,2025-10-01T06:06:05,2025-10-01T05:52:05,ad_impression,0,0.0231
2025-10,EVT-202510-79293B362BD6-0054,SYN-202510-D79293B362BD6,SYN-202510-P79293B362BD6,2025-10-01T06:08:05,2025-10-01T05:52:05,ad_impression,0,0.0231
2025-10,EVT-202510-79293B362BD6-0025,SYN-202510-D79293B362BD6,SYN-202510-P79293B362BD6,2025-10-01T06:11:05,2025-10-01T05:52:05,level_completed,1,0.0
2025-10,EVT-202510-79293B362BD6-0048,SYN-202510-D79293B362BD6,SYN-202510-P79293B362BD6,2025-10-01T06:11:05,2025-10-01T05:52:05,ad_impression,0,0.0231
2025-10,EVT-202510-79293B362BD6-0004,SYN-202510-D79293B362BD6,SYN-202510-P79293B362BD6,2025-10-01T06:14:05,2025-10-01T05:52:05,level_completed,1,0.0
2025-10,EVT-202510-7704ED0111AA-0032,SYN-202510-D7704ED0111AA,SYN-202510-P7704ED0111AA,2025-10-01T06:18:44,2025-10-01T05:57:44,level_completed,1,0.0
2025-10,EVT-202510-79293B362BD6-0015,SYN-202510-D79293B362BD6,SYN-202510-P79293B362BD6,2025-10-01T06:21:05,2025-10-01T05:52:05,level_completed,1,0.0
2025-10,EVT-202510-DEE1747D7D6B-0001,SYN-202510-DDEE1747D7D6B,SYN-202510-PDEE1747D7D6B,2025-10-01T06:24:43,2025-10-01T06:23:43,session_start,0,0.0
2025-10,EVT-202510-79293B362BD6-0017,SYN-202510-D79293B362BD6,SYN-202510-P79293B362BD6,2025-10-01T06:25:05,2025-10-01T05:52:05,level_completed,1,0.0
2025-10,EVT-202510-79293B362BD6-0023,SYN-202510-D79293B362BD6,SYN-202510-P79293B362BD6,2025-10-01T06:26:05,2025-10-01T05:52:05,level_completed,1,0.0
2025-10,EVT-202510-79293B362BD6-0006,SYN-202510-D79293B362BD6,SYN-202510-P79293B362BD6,2025-10-01T06:27:05,2025-10-01T05:52:05,level_completed,1,0.0
2025-10,EVT-202510-DEE1747D7D6B-0026,SYN-202510-DDEE1747D7D6B,SYN-202510-PDEE1747D7D6B,2025-10-01T06:28:43,2025-10-01T06:23:43,level_completed,1,0.0
2025-10,EVT-202510-79293B362BD6-0042,SYN-202510-D79293B362BD6,SYN-202510-P79293B362BD6,2025-10-01T06:31:05,2025-10-01T05:52:05,level_completed,1,0.0
2025-10,EVT-202510-DEE1747D7D6B-0043,SYN-202510-DDEE1747D7D6B,SYN-202510-PDEE1747D7D6B,2025-10-01T06:35:43,2025-10-01T06:23:43,level_completed,1,0.0
2025-10,EVT-202510-79293B362BD6-0010,SYN-202510-D79293B362BD6,SYN-202510-P79293B362BD6,2025-10-01T06:39:05,2025-10-01T05:52:05,level_completed,1,0.0
2025-10,EVT-202510-DEE1747D7D6B-0058,SYN-202510-DDEE1747D7D6B,SYN-202510-PDEE1747D7D6B,2025-10-01T06:48:43,2025-10-01T06:23:43,level_completed,1,0.0
2025-10,EVT-202510-79293B362BD6-0021,SYN-202510-D79293B362BD6,SYN-202510-P79293B362BD6,2025-10-01T06:55:05,2025-10-01T05:52:05,level_completed,1,0.0
2025-10,EVT-202510-79293B362BD6-0040,SYN-202510-D79293B362BD6,SYN-202510-P79293B362BD6,2025-10-01T06:56:05,2025-10-01T05:52:05,level_completed,1,0.0
2025-10,EVT-202510-79293B362BD6-0020,SYN-202510-D79293B362BD6,SYN-202510-P79293B362BD6,2025-10-01T06:59:05,2025-10-01T05:52:05,level_completed,1,0.0
2025-10,EVT-202510-79293B362BD6-0029,SYN-202510-D79293B362BD6,SYN-202510-P79293B362BD6,2025-10-01T06:59:05,2025-10-01T05:52:05,level_completed,1,0.0
2025-10,EVT-202510-7704ED0111AA-0003,SYN-202510-D7704ED0111AA,SYN-202510-P7704ED0111AA,2025-10-01T07:04:00,2025-10-01T05:57:44,session_start,0,0.0
2025-10,EVT-202510-7704ED0111AA-0033,SYN-202510-D7704ED0111AA,SYN-202510-P7704ED0111AA,2025-10-01T07:05:44,2025-10-01T05:57:44,level_completed,1,0.0
2025-10,EVT-202510-7704ED0111AA-0022,SYN-202510-D7704ED0111AA,SYN-202510-P7704ED0111AA,2025-10-01T07:07:00,2025-10-01T05:57:44,level_completed,1,0.0
2025-10,EVT-202510-79293B362BD6-0024,SYN-202510-D79293B362BD6,SYN-202510-P79293B362BD6,2025-10-01T07:11:05,2025-10-01T05:52:05,level_completed,1,0.0
2025-10,EVT-202510-79293B362BD6-0031,SYN-202510-D79293B362BD6,SYN-202510-P79293B362BD6,2025-10-01T07:11:05,2025-10-01T05:52:05,level_completed,1,0.0
2025-10,EVT-202510-79293B362BD6-0050,SYN-202510-D79293B362BD6,SYN-202510-P79293B362BD6,2025-10-01T07:15:05,2025-10-01T05:52:05,ad_impression,0,0.0231
2025-10,EVT-202510-DEE1747D7D6B-0140,SYN-202510-DDEE1747D7D6B,SYN-202510-PDEE1747D7D6B,2025-10-01T07:17:43,2025-10-01T06:23:43,ad_impression,0,0.0039
2025-10,EVT-202510-DEE1747D7D6B-0091,SYN-202510-DDEE1747D7D6B,SYN-202510-PDEE1747D7D6B,2025-10-01T07:29:43,2025-10-01T06:23:43,level_completed,1,0.0
2025-10,EVT-202510-DEE1747D7D6B-0139,SYN-202510-DDEE1747D7D6B,SYN-202510-PDEE1747D7D6B,2025-10-01T07:34:43,2025-10-01T06:23:43,level_completed,1,0.0
2025-10,EVT-202510-D1241BB45A6D-0001,SYN-202510-DD1241BB45A6D,SYN-202510-PD1241BB45A6D,2025-10-01T07:36:00,2025-10-01T02:46:53,session_start,0,0.0
2025-10,EVT-202510-DEE1747D7D6B-0041,SYN-202510-DDEE1747D7D6B,SYN-202510-PDEE1747D7D6B,2025-10-01T07:44:43,2025-10-01T06:23:43,level_completed,1,0.0
2025-10,EVT-202510-7704ED0111AA-0019,SYN-202510-D7704ED0111AA,SYN-202510-P7704ED0111AA,2025-10-01T08:11:00,2025-10-01T05:57:44,level_completed,1,0.0
2025-10,EVT-202510-B2791408167B-0001,SYN-202510-DB2791408167B,SYN-202510-PB2791408167B,2025-10-01T08:40:22,2025-10-01T08:39:22,session_start,0,0.0
2025-10,EVT-202510-B2791408167B-0002,SYN-202510-DB2791408167B,SYN-202510-PB2791408167B,2025-10-01T08:40:22,2025-10-01T08:39:22,session_start,0,0.0
2025-10,EVT-202510-B2791408167B-0011,SYN-202510-DB2791408167B,SYN-202510-PB2791408167B,2025-10-01T08:44:22,2025-10-01T08:39:22,level_completed,1,0.0
2025-10,EVT-202510-B2791408167B-0010,SYN-202510-DB2791408167B,SYN-202510-PB2791408167B,2025-10-01T08:47:22,2025-10-01T08:39:22,level_completed,1,0.0
2025-10,EVT-202510-D1241BB45A6D-0002,SYN-202510-DD1241BB45A6D,SYN-202510-PD1241BB45A6D,2025-10-01T08:48:00,2025-10-01T02:46:53,level_completed,1,0.0
2025-10,EVT-202510-B2791408167B-0005,SYN-202510-DB2791408167B,SYN-202510-PB2791408167B,2025-10-01T08:55:22,2025-10-01T08:39:22,level_completed,1,0.0
2025-10,EVT-202510-B2791408167B-0007,SYN-202510-DB2791408167B,SYN-202510-PB2791408167B,2025-10-01T08:59:22,2025-10-01T08:39:22,level_completed,1,0.0
2025-10,EVT-202510-B2791408167B-0012,SYN-202510-DB2791408167B,SYN-202510-PB2791408167B,2025-10-01T09:03:22,2025-10-01T08:39:22,level_completed,1,0.0
2025-10,EVT-202510-B2791408167B-0009,SYN-202510-DB2791408167B,SYN-202510-PB2791408167B,2025-10-01T09:05:22,2025-10-01T08:39:22,level_completed,1,0.0
2025-10,EVT-202510-B2791408167B-0015,SYN-202510-DB2791408167B,SYN-202510-PB2791408167B,2025-10-01T09:06:22,2025-10-01T08:39:22,level_completed,1,0.0
2025-10,EVT-202510-B2791408167B-0004,SYN-202510-DB2791408167B,SYN-202510-PB2791408167B,2025-10-01T09:13:22,2025-10-01T08:39:22,level_completed,1,0.0
2025-10,EVT-202510-B2791408167B-0006,SYN-202510-DB2791408167B,SYN-202510-PB2791408167B,2025-10-01T09:19:22,2025-10-01T08:39:22,level_completed,1,0.0
2025-10,EVT-202510-B2791408167B-0008,SYN-202510-DB2791408167B,SYN-202510-PB2791408167B,2025-10-01T09:21:22,2025-10-01T08:39:22,level_completed,1,0.0
2025-10,EVT-202510-B2791408167B-0016,SYN-202510-DB2791408167B,SYN-202510-PB2791408167B,2025-10-01T09:24:22,2025-10-01T08:39:22,level_completed,1,0.0
2025-10,EVT-202510-B2791408167B-0003,SYN-202510-DB2791408167B,SYN-202510-PB2791408167B,2025-10-01T09:35:22,2025-10-01T08:39:22,level_completed,1,0.0
2025-10,EVT-202510-B2791408167B-0014,SYN-202510-DB2791408167B,SYN-202510-PB2791408167B,2025-10-01T09:42:22,2025-10-01T08:39:22,level_completed,1,0.0
2025-10,EVT-202510-B2791408167B-0018,SYN-202510-DB2791408167B,SYN-202510-PB2791408167B,2025-10-01T09:43:22,2025-10-01T08:39:22,ad_impression,0,0.1163
2025-10,EVT-202510-B2791408167B-0017,SYN-202510-DB2791408167B,SYN-202510-PB2791408167B,2025-10-01T09:44:22,2025-10-01T08:39:22,ad_impression,0,0.1163
2025-10,EVT-202510-B2791408167B-0013,SYN-202510-DB2791408167B,SYN-202510-PB2791408167B,2025-10-01T09:50:22,2025-10-01T08:39:22,level_completed,1,0.0
2025-10,EVT-202510-8F8D65B1E016-0001,SYN-202510-D8F8D65B1E016,SYN-202510-P8F8D65B1E016,2025-10-01T10:20:00,2025-10-01T06:00:49,session_start,0,0.0
2025-10,EVT-202510-8F8D65B1E016-0015,SYN-202510-D8F8D65B1E016,SYN-202510-P8F8D65B1E016,2025-10-01T10:25:00,2025-10-01T06:00:49,level_completed,1,0.0
2025-10,EVT-202510-8F8D65B1E016-0005,SYN-202510-D8F8D65B1E016,SYN-202510-P8F8D65B1E016,2025-10-01T10:27:00,2025-10-01T06:00:49,level_completed,1,0.0
2025-10,EVT-202510-8F8D65B1E016-0008,SYN-202510-D8F8D65B1E016,SYN-202510-P8F8D65B1E016,2025-10-01T10:28:00,2025-10-01T06:00:49,level_completed,1,0.0
2025-10,EVT-202510-81DB46A914AB-0001,SYN-202510-D81DB46A914AB,SYN-202510-P81DB46A914AB,2025-10-01T10:35:00,2025-10-01T03:31:45,session_start,0,0.0
2025-10,EVT-202510-8F8D65B1E016-0013,SYN-202510-D8F8D65B1E016,SYN-202510-P8F8D65B1E016,2025-10-01T10:37:00,2025-10-01T06:00:49,level_completed,1,0.0
2025-10,EVT-202510-8F8D65B1E016-0019,SYN-202510-D8F8D65B1E016,SYN-202510-P8F8D65B1E016,2025-10-01T10:48:00,2025-10-01T06:00:49,ad_impression,0,0.403
2025-10,EVT-202510-0CD0955BCE5A-0001,SYN-202510-D0CD0955BCE5A,SYN-202510-P0CD0955BCE5A,2025-10-01T10:55:00,2025-10-01T07:12:16,session_start,0,0.0
2025-10,EVT-202510-0CD0955BCE5A-0080,SYN-202510-D0CD0955BCE5A,SYN-202510-P0CD0955BCE5A,2025-10-01T10:58:00,2025-10-01T07:12:16,ad_impression,0,0.013
2025-10,EVT-202510-636FC2C0E3A7-0001,SYN-202510-D636FC2C0E3A7,SYN-202510-P636FC2C0E3A7,2025-10-01T11:00:48,2025-10-01T10:59:48,session_start,0,0.0
2025-10,EVT-202510-8F8D65B1E016-0004,SYN-202510-D8F8D65B1E016,SYN-202510-P8F8D65B1E016,2025-10-01T11:04:00,2025-10-01T06:00:49,level_completed,1,0.0
2025-10,EVT-202510-8F8D65B1E016-0012,SYN-202510-D8F8D65B1E016,SYN-202510-P8F8D65B1E016,2025-10-01T11:05:00,2025-10-01T06:00:49,level_completed,1,0.0
2025-10,EVT-202510-636FC2C0E3A7-0016,SYN-202510-D636FC2C0E3A7,SYN-202510-P636FC2C0E3A7,2025-10-01T11:05:48,2025-10-01T10:59:48,ad_impression,0,0.0638
2025-10,EVT-202510-636FC2C0E3A7-0006,SYN-202510-D636FC2C0E3A7,SYN-202510-P636FC2C0E3A7,2025-10-01T11:06:48,2025-10-01T10:59:48,level_completed,1,0.0
2025-10,EVT-202510-81DB46A914AB-0003,SYN-202510-D81DB46A914AB,SYN-202510-P81DB46A914AB,2025-10-01T11:08:00,2025-10-01T03:31:45,level_completed,1,0.0
2025-10,EVT-202510-8F8D65B1E016-0020,SYN-202510-D8F8D65B1E016,SYN-202510-P8F8D65B1E016,2025-10-01T11:08:00,2025-10-01T06:00:49,ad_impression,0,0.403
2025-10,EVT-202510-636FC2C0E3A7-0011,SYN-202510-D636FC2C0E3A7,SYN-202510-P636FC2C0E3A7,2025-10-01T11:08:48,2025-10-01T10:59:48,level_completed,1,0.0
2025-10,EVT-202510-8F8D65B1E016-0010,SYN-202510-D8F8D65B1E016,SYN-202510-P8F8D65B1E016,2025-10-01T11:09:00,2025-10-01T06:00:49,level_completed,1,0.0
2025-10,EVT-202510-0CD0955BCE5A-0077,SYN-202510-D0CD0955BCE5A,SYN-202510-P0CD0955BCE5A,2025-10-01T11:12:00,2025-10-01T07:12:16,ad_impression,0,0.013
2025-10,EVT-202510-636FC2C0E3A7-0004,SYN-202510-D636FC2C0E3A7,SYN-202510-P636FC2C0E3A7,2025-10-01T11:12:48,2025-10-01T10:59:48,level_completed,1,0.0
2025-10,EVT-202510-0CD0955BCE5A-0061,SYN-202510-D0CD0955BCE5A,SYN-202510-P0CD0955BCE5A,2025-10-01T11:13:00,2025-10-01T07:12:16,level_completed,1,0.0
2025-10,EVT-202510-8F8D65B1E016-0003,SYN-202510-D8F8D65B1E016,SYN-202510-P8F8D65B1E016,2025-10-01T11:15:00,2025-10-01T06:00:49,level_completed,1,0.0
2025-10,EVT-202510-8F8D65B1E016-0006,SYN-202510-D8F8D65B1E016,SYN-202510-P8F8D65B1E016,2025-10-01T11:17:00,2025-10-01T06:00:49,level_completed,1,0.0
2025-10,EVT-202510-636FC2C0E3A7-0014,SYN-202510-D636FC2C0E3A7,SYN-202510-P636FC2C0E3A7,2025-10-01T11:23:48,2025-10-01T10:59:48,level_completed,1,0.0
2025-10,EVT-202510-8F8D65B1E016-0016,SYN-202510-D8F8D65B1E016,SYN-202510-P8F8D65B1E016,2025-10-01T11:24:00,2025-10-01T06:00:49,level_completed,1,0.0
2025-10,EVT-202510-FF6FFBB45560-0001,SYN-202510-DFF6FFBB45560,SYN-202510-PFF6FFBB45560,2025-10-01T11:24:50,2025-10-01T11:23:50,session_start,0,0.0
2025-10,EVT-202510-0CD0955BCE5A-0064,SYN-202510-D0CD0955BCE5A,SYN-202510-P0CD0955BCE5A,2025-10-01T11:25:00,2025-10-01T07:12:16,level_completed,1,0.0
2025-10,EVT-202510-0CD0955BCE5A-0076,SYN-202510-D0CD0955BCE5A,SYN-202510-P0CD0955BCE5A,2025-10-01T11:25:00,2025-10-01T07:12:16,ad_impression,0,0.013
2025-10,EVT-202510-81DB46A914AB-0005,SYN-202510-D81DB46A914AB,SYN-202510-P81DB46A914AB,2025-10-01T11:25:00,2025-10-01T03:31:45,level_completed,1,0.0
2025-10,EVT-202510-636FC2C0E3A7-0010,SYN-202510-D636FC2C0E3A7,SYN-202510-P636FC2C0E3A7,2025-10-01T11:25:48,2025-10-01T10:59:48,level_completed,1,0.0
2025-10,EVT-202510-0CD0955BCE5A-0018,SYN-202510-D0CD0955BCE5A,SYN-202510-P0CD0955BCE5A,2025-10-01T11:27:00,2025-10-01T07:12:16,level_completed,1,0.0
2025-10,EVT-202510-0CD0955BCE5A-0019,SYN-202510-D0CD0955BCE5A,SYN-202510-P0CD0955BCE5A,2025-10-01T11:27:00,2025-10-01T07:12:16,level_completed,1,0.0
2025-10,EVT-202510-0CD0955BCE5A-0060,SYN-202510-D0CD0955BCE5A,SYN-202510-P0CD0955BCE5A,2025-10-01T11:29:00,2025-10-01T07:12:16,level_completed,1,0.0
2025-10,EVT-202510-FF6FFBB45560-0005,SYN-202510-DFF6FFBB45560,SYN-202510-PFF6FFBB45560,2025-10-01T11:31:50,2025-10-01T11:23:50,level_completed,1,0.0
2025-10,EVT-202510-636FC2C0E3A7-0003,SYN-202510-D636FC2C0E3A7,SYN-202510-P636FC2C0E3A7,2025-10-01T11:34:48,2025-10-01T10:59:48,level_completed,1,0.0
2025-10,EVT-202510-636FC2C0E3A7-0002,SYN-202510-D636FC2C0E3A7,SYN-202510-P636FC2C0E3A7,2025-10-01T11:35:48,2025-10-01T10:59:48,level_completed,1,0.0
2025-10,EVT-202510-81DB46A914AB-0004,SYN-202510-D81DB46A914AB,SYN-202510-P81DB46A914AB,2025-10-01T11:36:00,2025-10-01T03:31:45,level_completed,1,0.0
2025-10,EVT-202510-0CD0955BCE5A-0037,SYN-202510-D0CD0955BCE5A,SYN-202510-P0CD0955BCE5A,2025-10-01T11:37:00,2025-10-01T07:12:16,level_completed,1,0.0
2025-10,EVT-202510-636FC2C0E3A7-0012,SYN-202510-D636FC2C0E3A7,SYN-202510-P636FC2C0E3A7,2025-10-01T11:37:48,2025-10-01T10:59:48,level_completed,1,0.0
2025-10,EVT-202510-FF6FFBB45560-0010,SYN-202510-DFF6FFBB45560,SYN-202510-PFF6FFBB45560,2025-10-01T11:37:50,2025-10-01T11:23:50,level_completed,1,0.0
2025-10,EVT-202510-0CD0955BCE5A-0014,SYN-202510-D0CD0955BCE5A,SYN-202510-P0CD0955BCE5A,2025-10-01T11:43:00,2025-10-01T07:12:16,level_completed,1,0.0
2025-10,EVT-202510-636FC2C0E3A7-0015,SYN-202510-D636FC2C0E3A7,SYN-202510-P636FC2C0E3A7,2025-10-01T11:50:48,2025-10-01T10:59:48,ad_impression,0,0.0638
2025-10,EVT-202510-FF6FFBB45560-0009,SYN-202510-DFF6FFBB45560,SYN-202510-PFF6FFBB45560,2025-10-01T11:50:50,2025-10-01T11:23:50,level_completed,1,0.0
2025-10,EVT-202510-636FC2C0E3A7-0007,SYN-202510-D636FC2C0E3A7,SYN-202510-P636FC2C0E3A7,2025-10-01T11:52:48,2025-10-01T10:59:48,level_completed,1,0.0
2025-10,EVT-202510-91B65F8F6D53-0001,SYN-202510-D91B65F8F6D53,SYN-202510-P91B65F8F6D53,2025-10-01T11:52:59,2025-10-01T11:51:59,session_start,0,0.0
2025-10,EVT-202510-636FC2C0E3A7-0005,SYN-202510-D636FC2C0E3A7,SYN-202510-P636FC2C0E3A7,2025-10-01T11:54:48,2025-10-01T10:59:48,level_completed,1,0.0
2025-10,EVT-202510-91B65F8F6D53-0019,SYN-202510-D91B65F8F6D53,SYN-202510-P91B65F8F6D53,2025-10-01T11:56:59,2025-10-01T11:51:59,level_completed,1,0.0
2025-10,EVT-202510-91B65F8F6D53-0002,SYN-202510-D91B65F8F6D53,SYN-202510-P91B65F8F6D53,2025-10-01T11:58:00,2025-10-01T11:51:59,session_start,0,0.0
2025-10,EVT-202510-91B65F8F6D53-0025,SYN-202510-D91B65F8F6D53,SYN-202510-P91B65F8F6D53,2025-10-01T11:59:59,2025-10-01T11:51:59,level_completed,1,0.0
2025-10,EVT-202510-0CD0955BCE5A-0065,SYN-202510-D0CD0955BCE5A,SYN-202510-P0CD0955BCE5A,2025-10-01T12:03:00,2025-10-01T07:12:16,level_completed,1,0.0
2025-10,EVT-202510-0CD0955BCE5A-0073,SYN-202510-D0CD0955BCE5A,SYN-202510-P0CD0955BCE5A,2025-10-01T12:04:00,2025-10-01T07:12:16,ad_impression,0,0.013
2025-10,EVT-202510-91B65F8F6D53-0024,SYN-202510-D91B65F8F6D53,SYN-202510-P91B65F8F6D53,2025-10-01T12:06:00,2025-10-01T11:51:59,level_completed,1,0.0
2025-10,EVT-202510-0CD0955BCE5A-0057,SYN-202510-D0CD0955BCE5A,SYN-202510-P0CD0955BCE5A,2025-10-01T12:07:00,2025-10-01T07:12:16,level_completed,1,0.0
2025-10,EVT-202510-636FC2C0E3A7-0009,SYN-202510-D636FC2C0E3A7,SYN-202510-P636FC2C0E3A7,2025-10-01T12:07:48,2025-10-01T10:59:48,level_completed,1,0.0
2025-10,EVT-202510-0CD0955BCE5A-0052,SYN-202510-D0CD0955BCE5A,SYN-202510-P0CD0955BCE5A,2025-10-01T12:08:00,2025-10-01T07:12:16,level_completed,1,0.0
2025-10,EVT-202510-0CD0955BCE5A-0088,SYN-202510-D0CD0955BCE5A,SYN-202510-P0CD0955BCE5A,2025-10-01T12:09:00,2025-10-01T07:12:16,ad_impression,0,0.013
2025-10,EVT-202510-91B65F8F6D53-0034,SYN-202510-D91B65F8F6D53,SYN-202510-P91B65F8F6D53,2025-10-01T12:11:00,2025-10-01T11:51:59,level_completed,1,0.0
2025-10,EVT-202510-FF6FFBB45560-0008,SYN-202510-DFF6FFBB45560,SYN-202510-PFF6FFBB45560,2025-10-01T12:12:50,2025-10-01T11:23:50,level_completed,1,0.0
2025-10,EVT-202510-91B65F8F6D53-0048,SYN-202510-D91B65F8F6D53,SYN-202510-P91B65F8F6D53,2025-10-01T12:12:59,2025-10-01T11:51:59,level_completed,1,0.0
2025-10,EVT-202510-636FC2C0E3A7-0008,SYN-202510-D636FC2C0E3A7,SYN-202510-P636FC2C0E3A7,2025-10-01T12:13:48,2025-10-01T10:59:48,level_completed,1,0.0
2025-10,EVT-202510-0CD0955BCE5A-0066,SYN-202510-D0CD0955BCE5A,SYN-202510-P0CD0955BCE5A,2025-10-01T12:15:00,2025-10-01T07:12:16,level_completed,1,0.0
2025-10,EVT-202510-91B65F8F6D53-0007,SYN-202510-D91B65F8F6D53,SYN-202510-P91B65F8F6D53,2025-10-01T12:16:59,2025-10-01T11:51:59,level_completed,1,0.0
2025-10,EVT-202510-91B65F8F6D53-0049,SYN-202510-D91B65F8F6D53,SYN-202510-P91B65F8F6D53,2025-10-01T12:16:59,2025-10-01T11:51:59,level_completed,1,0.0
2025-10,EVT-202510-91B65F8F6D53-0054,SYN-202510-D91B65F8F6D53,SYN-202510-P91B65F8F6D53,2025-10-01T12:17:00,2025-10-01T11:51:59,ad_impression,0,0.0286
2025-10,EVT-202510-91B65F8F6D53-0016,SYN-202510-D91B65F8F6D53,SYN-202510-P91B65F8F6D53,2025-10-01T12:19:00,2025-10-01T11:51:59,level_completed,1,0.0
2025-10,EVT-202510-636FC2C0E3A7-0013,SYN-202510-D636FC2C0E3A7,SYN-202510-P636FC2C0E3A7,2025-10-01T12:19:48,2025-10-01T10:59:48,level_completed,1,0.0
2025-10,EVT-202510-91B65F8F6D53-0040,SYN-202510-D91B65F8F6D53,SYN-202510-P91B65F8F6D53,2025-10-01T12:24:59,2025-10-01T11:51:59,level_completed,1,0.0
2025-10,EVT-202510-91B65F8F6D53-0029,SYN-202510-D91B65F8F6D53,SYN-202510-P91B65F8F6D53,2025-10-01T12:26:59,2025-10-01T11:51:59,level_completed,1,0.0
2025-10,EVT-202510-91B65F8F6D53-0006,SYN-202510-D91B65F8F6D53,SYN-202510-P91B65F8F6D53,2025-10-01T12:29:59,2025-10-01T11:51:59,level_completed,1,0.0
2025-10,EVT-202510-91B65F8F6D53-0028,SYN-202510-D91B65F8F6D53,SYN-202510-P91B65F8F6D53,2025-10-01T12:29:59,2025-10-01T11:51:59,level_completed,1,0.0
2025-10,EVT-202510-91B65F8F6D53-0037,SYN-202510-D91B65F8F6D53,SYN-202510-P91B65F8F6D53,2025-10-01T12:37:00,2025-10-01T11:51:59,level_completed,1,0.0
2025-10,EVT-202510-91B65F8F6D53-0047,SYN-202510-D91B65F8F6D53,SYN-202510-P91B65F8F6D53,2025-10-01T12:40:00,2025-10-01T11:51:59,level_completed,1,0.0
2025-10,EVT-202510-91B65F8F6D53-0035,SYN-202510-D91B65F8F6D53,SYN-202510-P91B65F8F6D53,2025-10-01T12:44:59,2025-10-01T11:51:59,level_completed,1,0.0
2025-10,EVT-202510-91B65F8F6D53-0023,SYN-202510-D91B65F8F6D53,SYN-202510-P91B65F8F6D53,2025-10-01T12:45:00,2025-10-01T11:51:59,level_completed,1,0.0
2025-10,EVT-202510-5D76614FC056-0001,SYN-202510-D5D76614FC056,SYN-202510-P5D76614FC056,2025-10-01T12:49:40,2025-10-01T12:48:40,session_start,0,0.0
2025-10,EVT-202510-5D76614FC056-0002,SYN-202510-D5D76614FC056,SYN-202510-P5D76614FC056,2025-10-01T12:49:40,2025-10-01T12:48:40,session_start,0,0.0
2025-10,EVT-202510-5D76614FC056-0003,SYN-202510-D5D76614FC056,SYN-202510-P5D76614FC056,2025-10-01T12:49:40,2025-10-01T12:48:40,session_start,0,0.0
2025-10,EVT-202510-91B65F8F6D53-0036,SYN-202510-D91B65F8F6D53,SYN-202510-P91B65F8F6D53,2025-10-01T12:49:59,2025-10-01T11:51:59,level_completed,1,0.0
2025-10,EVT-202510-91B65F8F6D53-0031,SYN-202510-D91B65F8F6D53,SYN-202510-P91B65F8F6D53,2025-10-01T12:53:00,2025-10-01T11:51:59,level_completed,1,0.0
2025-10,EVT-202510-5D76614FC056-0057,SYN-202510-D5D76614FC056,SYN-202510-P5D76614FC056,2025-10-01T12:53:40,2025-10-01T12:48:40,level_completed,1,0.0
2025-10,EVT-202510-91B65F8F6D53-0032,SYN-202510-D91B65F8F6D53,SYN-202510-P91B65F8F6D53,2025-10-01T12:54:59,2025-10-01T11:51:59,level_completed,1,0.0
2025-10,EVT-202510-91B65F8F6D53-0020,SYN-202510-D91B65F8F6D53,SYN-202510-P91B65F8F6D53,2025-10-01T12:57:00,2025-10-01T11:51:59,level_completed,1,0.0
2025-10,EVT-202510-5D76614FC056-0133,SYN-202510-D5D76614FC056,SYN-202510-P5D76614FC056,2025-10-01T12:57:40,2025-10-01T12:48:40,ad_impression,0,0.0007
2025-10,EVT-202510-91B65F8F6D53-0052,SYN-202510-D91B65F8F6D53,SYN-202510-P91B65F8F6D53,2025-10-01T12:58:00,2025-10-01T11:51:59,ad_impression,0,0.0286
2025-10,EVT-202510-91B65F8F6D53-0045,SYN-202510-D91B65F8F6D53,SYN-202510-P91B65F8F6D53,2025-10-01T13:00:59,2025-10-01T11:51:59,level_completed,1,0.0
2025-10,EVT-202510-5D76614FC056-0045,SYN-202510-D5D76614FC056,SYN-202510-P5D76614FC056,2025-10-01T13:02:40,2025-10-01T12:48:40,level_completed,1,0.0
2025-10,EVT-202510-5D76614FC056-0123,SYN-202510-D5D76614FC056,SYN-202510-P5D76614FC056,2025-10-01T13:02:40,2025-10-01T12:48:40,ad_impression,0,0.0007
2025-10,EVT-202510-5D76614FC056-0138,SYN-202510-D5D76614FC056,SYN-202510-P5D76614FC056,2025-10-01T13:02:40,2025-10-01T12:48:40,ad_impression,0,0.0007
2025-10,EVT-202510-5D76614FC056-0208,SYN-202510-D5D76614FC056,SYN-202510-P5D76614FC056,2025-10-01T13:03:40,2025-10-01T12:48:40,ad_impression,0,0.0007
2025-10,EVT-202510-91B65F8F6D53-0030,SYN-202510-D91B65F8F6D53,SYN-202510-P91B65F8F6D53,2025-10-01T13:06:00,2025-10-01T11:51:59,level_completed,1,0.0
2025-10,EVT-202510-5D76614FC056-0038,SYN-202510-D5D76614FC056,SYN-202510-P5D76614FC056,2025-10-01T13:06:40,2025-10-01T12:48:40,level_completed,1,0.0
2025-10,EVT-202510-91B65F8F6D53-0044,SYN-202510-D91B65F8F6D53,SYN-202510-P91B65F8F6D53,2025-10-01T13:10:00,2025-10-01T11:51:59,level_completed,1,0.0
2025-10,EVT-202510-5D76614FC056-0161,SYN-202510-D5D76614FC056,SYN-202510-P5D76614FC056,2025-10-01T13:10:40,2025-10-01T12:48:40,ad_impression,0,0.0007
2025-10,EVT-202510-91B65F8F6D53-0018,SYN-202510-D91B65F8F6D53,SYN-202510-P91B65F8F6D53,2025-10-01T13:13:00,2025-10-01T11:51:59,level_completed,1,0.0
2025-10,EVT-202510-5D76614FC056-0205,SYN-202510-D5D76614FC056,SYN-202510-P5D76614FC056,2025-10-01T13:18:40,2025-10-01T12:48:40,ad_impression,0,0.0007
2025-10,EVT-202510-5D76614FC056-0076,SYN-202510-D5D76614FC056,SYN-202510-P5D76614FC056,2025-10-01T13:24:40,2025-10-01T12:48:40,level_completed,1,0.0
2025-10,EVT-202510-5D76614FC056-0054,SYN-202510-D5D76614FC056,SYN-202510-P5D76614FC056,2025-10-01T13:25:40,2025-10-01T12:48:40,level_completed,1,0.0
2025-10,EVT-202510-5D76614FC056-0121,SYN-202510-D5D76614FC056,SYN-202510-P5D76614FC056,2025-10-01T13:25:40,2025-10-01T12:48:40,ad_impression,0,0.0007
2025-10,EVT-202510-5D76614FC056-0049,SYN-202510-D5D76614FC056,SYN-202510-P5D76614FC056,2025-10-01T13:27:40,2025-10-01T12:48:40,level_completed,1,0.0
2025-10,EVT-202510-5D76614FC056-0096,SYN-202510-D5D76614FC056,SYN-202510-P5D76614FC056,2025-10-01T13:27:40,2025-10-01T12:48:40,level_completed,1,0.0
2025-10,EVT-202510-5D76614FC056-0203,SYN-202510-D5D76614FC056,SYN-202510-P5D76614FC056,2025-10-01T13:29:40,2025-10-01T12:48:40,ad_impression,0,0.0007
2025-10,EVT-202510-5D76614FC056-0168,SYN-202510-D5D76614FC056,SYN-202510-P5D76614FC056,2025-10-01T13:33:40,2025-10-01T12:48:40,ad_impression,0,0.0007
2025-10,EVT-202510-5D76614FC056-0185,SYN-202510-D5D76614FC056,SYN-202510-P5D76614FC056,2025-10-01T13:34:40,2025-10-01T12:48:40,ad_impression,0,0.0007
2025-10,EVT-202510-5D76614FC056-0186,SYN-202510-D5D76614FC056,SYN-202510-P5D76614FC056,2025-10-01T13:34:40,2025-10-01T12:48:40,ad_impression,0,0.0007
2025-10,EVT-202510-5D76614FC056-0190,SYN-202510-D5D76614FC056,SYN-202510-P5D76614FC056,2025-10-01T13:35:40,2025-10-01T12:48:40,ad_impression,0,0.0007
2025-10,EVT-202510-5D76614FC056-0083,SYN-202510-D5D76614FC056,SYN-202510-P5D76614FC056,2025-10-01T13:39:40,2025-10-01T12:48:40,level_completed,1,0.0
2025-10,EVT-202510-5D76614FC056-0148,SYN-202510-D5D76614FC056,SYN-202510-P5D76614FC056,2025-10-01T13:44:40,2025-10-01T12:48:40,ad_impression,0,0.0007
2025-10,EVT-202510-5D76614FC056-0156,SYN-202510-D5D76614FC056,SYN-202510-P5D76614FC056,2025-10-01T13:50:40,2025-10-01T12:48:40,ad_impression,0,0.0007
2025-10,EVT-202510-5D76614FC056-0210,SYN-202510-D5D76614FC056,SYN-202510-P5D76614FC056,2025-10-01T13:56:40,2025-10-01T12:48:40,ad_impression,0,0.0007
2025-10,EVT-202510-5D76614FC056-0144,SYN-202510-D5D76614FC056,SYN-202510-P5D76614FC056,2025-10-01T13:57:40,2025-10-01T12:48:40,ad_impression,0,0.0007
2025-10,EVT-202510-5D76614FC056-0189,SYN-202510-D5D76614FC056,SYN-202510-P5D76614FC056,2025-10-01T13:57:40,2025-10-01T12:48:40,ad_impression,0,0.0007
2025-10,EVT-202510-DEE1747D7D6B-0002,SYN-202510-DDEE1747D7D6B,SYN-202510-PDEE1747D7D6B,2025-10-01T14:02:00,2025-10-01T06:23:43,session_start,0,0.0
2025-10,EVT-202510-5D76614FC056-0124,SYN-202510-D5D76614FC056,SYN-202510-P5D76614FC056,2025-10-01T14:02:40,2025-10-01T12:48:40,ad_impression,0,0.0007
2025-10,EVT-202510-5D76614FC056-0064,SYN-202510-D5D76614FC056,SYN-202510-P5D76614FC056,2025-10-01T14:06:40,2025-10-01T12:48:40,level_completed,1,0.0
2025-10,EVT-202510-5D76614FC056-0034,SYN-202510-D5D76614FC056,SYN-202510-P5D76614FC056,2025-10-01T14:07:40,2025-10-01T12:48:40,level_completed,1,0.0
2025-10,EVT-202510-5D76614FC056-0162,SYN-202510-D5D76614FC056,SYN-202510-P5D76614FC056,2025-10-01T14:12:40,2025-10-01T12:48:40,ad_impression,0,0.0007
2025-10,EVT-202510-DEE1747D7D6B-0107,SYN-202510-DDEE1747D7D6B,SYN-202510-PDEE1747D7D6B,2025-10-01T14:14:00,2025-10-01T06:23:43,level_completed,1,0.0
2025-10,EVT-202510-DEE1747D7D6B-0126,SYN-202510-DDEE1747D7D6B,SYN-202510-PDEE1747D7D6B,2025-10-01T14:15:00,2025-10-01T06:23:43,level_completed,1,0.0
2025-10,EVT-202510-DEE1747D7D6B-0100,SYN-202510-DDEE1747D7D6B,SYN-202510-PDEE1747D7D6B,2025-10-01T14:16:00,2025-10-01T06:23:43,level_completed,1,0.0
2025-10,EVT-202510-DEE1747D7D6B-0157,SYN-202510-DDEE1747D7D6B,SYN-202510-PDEE1747D7D6B,2025-10-01T14:24:00,2025-10-01T06:23:43,ad_impression,0,0.0039
2025-10,EVT-202510-DEE1747D7D6B-0017,SYN-202510-DDEE1747D7D6B,SYN-202510-PDEE1747D7D6B,2025-10-01T14:41:00,2025-10-01T06:23:43,level_completed,1,0.0
2025-10,EVT-202510-7704ED0111AA-0004,SYN-202510-D7704ED0111AA,SYN-202510-P7704ED0111AA,2025-10-01T14:47:00,2025-10-01T05:57:44,session_start,0,0.0
2025-10,EVT-202510-DEE1747D7D6B-0155,SYN-202510-DDEE1747D7D6B,SYN-202510-PDEE1747D7D6B,2025-10-01T14:49:00,2025-10-01T06:23:43,ad_impression,0,0.0039
2025-10,EVT-202510-DEE1747D7D6B-0102,SYN-202510-DDEE1747D7D6B,SYN-202510-PDEE1747D7D6B,2025-10-01T14:57:00,2025-10-01T06:23:43,level_completed,1,0.0
2025-10,EVT-202510-7704ED0111AA-0039,SYN-202510-D7704ED0111AA,SYN-202510-P7704ED0111AA,2025-10-01T14:59:00,2025-10-01T05:57:44,ad_impression,0,0.046
2025-10,EVT-202510-9A04055BD018-0001,SYN-202510-D9A04055BD018,SYN-202510-P9A04055BD018,2025-10-01T15:06:00,2025-10-01T04:51:07,session_start,0,0.0
2025-10,EVT-202510-AA14D45B98B6-0001,SYN-202510-DAA14D45B98B6,SYN-202510-PAA14D45B98B6,2025-10-01T15:07:59,2025-10-01T15:06:59,session_start,0,0.0
2025-10,EVT-202510-AA14D45B98B6-0002,SYN-202510-DAA14D45B98B6,SYN-202510-PAA14D45B98B6,2025-10-01T15:07:59,2025-10-01T15:06:59,session_start,0,0.0
2025-10,EVT-202510-AA14D45B98B6-0044,SYN-202510-DAA14D45B98B6,SYN-202510-PAA14D45B98B6,2025-10-01T15:11:59,2025-10-01T15:06:59,level_completed,1,0.0
2025-10,EVT-202510-AA14D45B98B6-0054,SYN-202510-DAA14D45B98B6,SYN-202510-PAA14D45B98B6,2025-10-01T15:13:59,2025-10-01T15:06:59,level_completed,1,0.0
2025-10,EVT-202510-9A04055BD018-0013,SYN-202510-D9A04055BD018,SYN-202510-P9A04055BD018,2025-10-01T15:17:00,2025-10-01T04:51:07,level_completed,1,0.0
2025-10,EVT-202510-AA14D45B98B6-0057,SYN-202510-DAA14D45B98B6,SYN-202510-PAA14D45B98B6,2025-10-01T15:17:59,2025-10-01T15:06:59,ad_impression,0,0.0112
2025-10,EVT-202510-79293B362BD6-0002,SYN-202510-D79293B362BD6,SYN-202510-P79293B362BD6,2025-10-01T15:24:00,2025-10-01T05:52:05,session_start,0,0.0
2025-10,EVT-202510-9A04055BD018-0009,SYN-202510-D9A04055BD018,SYN-202510-P9A04055BD018,2025-10-01T15:24:00,2025-10-01T04:51:07,level_completed,1,0.0
2025-10,EVT-202510-DEE1747D7D6B-0176,SYN-202510-DDEE1747D7D6B,SYN-202510-PDEE1747D7D6B,2025-10-01T15:27:00,2025-10-01T06:23:43,ad_impression,0,0.0039
2025-10,EVT-202510-AA14D45B98B6-0058,SYN-202510-DAA14D45B98B6,SYN-202510-PAA14D45B98B6,2025-10-01T15:29:59,2025-10-01T15:06:59,ad_impression,0,0.0112
2025-10,EVT-202510-79293B362BD6-0057,SYN-202510-D79293B362BD6,SYN-202510-P79293B362BD6,2025-10-01T15:35:00,2025-10-01T05:52:05,ad_impression,0,0.0231
2025-10,EVT-202510-AA14D45B98B6-0032,SYN-202510-DAA14D45B98B6,SYN-202510-PAA14D45B98B6,2025-10-01T15:35:59,2025-10-01T15:06:59,level_completed,1,0.0
2025-10,EVT-202510-79293B362BD6-0044,SYN-202510-D79293B362BD6,SYN-202510-P79293B362BD6,2025-10-01T15:36:00,2025-10-01T05:52:05,level_completed,1,0.0
2025-10,EVT-202510-AA14D45B98B6-0041,SYN-202510-DAA14D45B98B6,SYN-202510-PAA14D45B98B6,2025-10-01T15:37:59,2025-10-01T15:06:59,level_completed,1,0.0
2025-10,EVT-202510-AA14D45B98B6-0018,SYN-202510-DAA14D45B98B6,SYN-202510-PAA14D45B98B6,2025-10-01T15:38:59,2025-10-01T15:06:59,level_completed,1,0.0
2025-10,EVT-202510-79293B362BD6-0032,SYN-202510-D79293B362BD6,SYN-202510-P79293B362BD6,2025-10-01T15:39:00,2025-10-01T05:52:05,level_completed,1,0.0
2025-10,EVT-202510-7704ED0111AA-0016,SYN-202510-D7704ED0111AA,SYN-202510-P7704ED0111AA,2025-10-01T15:40:00,2025-10-01T05:57:44,level_completed,1,0.0
2025-10,EVT-202510-AA14D45B98B6-0056,SYN-202510-DAA14D45B98B6,SYN-202510-PAA14D45B98B6,2025-10-01T15:40:59,2025-10-01T15:06:59,level_completed,1,0.0
2025-10,EVT-202510-9A04055BD018-0010,SYN-202510-D9A04055BD018,SYN-202510-P9A04055BD018,2025-10-01T15:41:00,2025-10-01T04:51:07,level_completed,1,0.0
2025-10,EVT-202510-AA14D45B98B6-0048,SYN-202510-DAA14D45B98B6,SYN-202510-PAA14D45B98B6,2025-10-01T15:41:59,2025-10-01T15:06:59,level_completed,1,0.0
2025-10,EVT-202510-AA14D45B98B6-0053,SYN-202510-DAA14D45B98B6,SYN-202510-PAA14D45B98B6,2025-10-01T15:41:59,2025-10-01T15:06:59,level_completed,1,0.0
2025-10,EVT-202510-9A04055BD018-0003,SYN-202510-D9A04055BD018,SYN-202510-P9A04055BD018,2025-10-01T15:43:00,2025-10-01T04:51:07,level_completed,1,0.0
2025-10,EVT-202510-79293B362BD6-0043,SYN-202510-D79293B362BD6,SYN-202510-P79293B362BD6,2025-10-01T15:44:00,2025-10-01T05:52:05,level_completed,1,0.0
2025-10,EVT-202510-AA14D45B98B6-0011,SYN-202510-DAA14D45B98B6,SYN-202510-PAA14D45B98B6,2025-10-01T15:44:59,2025-10-01T15:06:59,level_completed,1,0.0
2025-10,EVT-202510-79293B362BD6-0018,SYN-202510-D79293B362BD6,SYN-202510-P79293B362BD6,2025-10-01T15:45:00,2025-10-01T05:52:05,level_completed,1,0.0
2025-10,EVT-202510-79293B362BD6-0037,SYN-202510-D79293B362BD6,SYN-202510-P79293B362BD6,2025-10-01T15:45:00,2025-10-01T05:52:05,level_completed,1,0.0
2025-10,EVT-202510-AA14D45B98B6-0052,SYN-202510-DAA14D45B98B6,SYN-202510-PAA14D45B98B6,2025-10-01T15:45:59,2025-10-01T15:06:59,level_completed,1,0.0
2025-10,EVT-202510-8F8D65B1E016-0002,SYN-202510-D8F8D65B1E016,SYN-202510-P8F8D65B1E016,2025-10-01T15:49:00,2025-10-01T06:00:49,session_start,0,0.0
2025-10,EVT-202510-9A04055BD018-0011,SYN-202510-D9A04055BD018,SYN-202510-P9A04055BD018,2025-10-01T15:51:00,2025-10-01T04:51:07,level_completed,1,0.0
2025-10,EVT-202510-AA14D45B98B6-0030,SYN-202510-DAA14D45B98B6,SYN-202510-PAA14D45B98B6,2025-10-01T15:53:59,2025-10-01T15:06:59,level_completed,1,0.0
2025-10,EVT-202510-9A04055BD018-0014,SYN-202510-D9A04055BD018,SYN-202510-P9A04055BD018,2025-10-01T15:54:00,2025-10-01T04:51:07,ad_impression,0,0.1789
2025-10,EVT-202510-79293B362BD6-0019,SYN-202510-D79293B362BD6,SYN-202510-P79293B362BD6,2025-10-01T15:59:00,2025-10-01T05:52:05,level_completed,1,0.0
2025-10,EVT-202510-8F8D65B1E016-0009,SYN-202510-D8F8D65B1E016,SYN-202510-P8F8D65B1E016,2025-10-01T15:59:00,2025-10-01T06:00:49,level_completed,1,0.0
2025-10,EVT-202510-79293B362BD6-0007,SYN-202510-D79293B362BD6,SYN-202510-P79293B362BD6,2025-10-01T16:01:00,2025-10-01T05:52:05,level_completed,1,0.0
2025-10,EVT-202510-9A04055BD018-0007,SYN-202510-D9A04055BD018,SYN-202510-P9A04055BD018,2025-10-01T16:02:00,2025-10-01T04:51:07,level_completed,1,0.0
2025-10,EVT-202510-AA14D45B98B6-0042,SYN-202510-DAA14D45B98B6,SYN-202510-PAA14D45B98B6,2025-10-01T16:03:59,2025-10-01T15:06:59,level_completed,1,0.0
2025-10,EVT-202510-AA14D45B98B6-0046,SYN-202510-DAA14D45B98B6,SYN-202510-PAA14D45B98B6,2025-10-01T16:03:59,2025-10-01T15:06:59,level_completed,1,0.0
2025-10,EVT-202510-79293B362BD6-0034,SYN-202510-D79293B362BD6,SYN-202510-P79293B362BD6,2025-10-01T16:04:00,2025-10-01T05:52:05,level_completed,1,0.0
2025-10,EVT-202510-9A04055BD018-0002,SYN-202510-D9A04055BD018,SYN-202510-P9A04055BD018,2025-10-01T16:05:00,2025-10-01T04:51:07,level_completed,1,0.0
2025-10,EVT-202510-79293B362BD6-0056,SYN-202510-D79293B362BD6,SYN-202510-P79293B362BD6,2025-10-01T16:07:00,2025-10-01T05:52:05,ad_impression,0,0.0231
2025-10,EVT-202510-AA14D45B98B6-0009,SYN-202510-DAA14D45B98B6,SYN-202510-PAA14D45B98B6,2025-10-01T16:07:59,2025-10-01T15:06:59,level_completed,1,0.0
2025-10,EVT-202510-AA14D45B98B6-0033,SYN-202510-DAA14D45B98B6,SYN-202510-PAA14D45B98B6,2025-10-01T16:07:59,2025-10-01T15:06:59,level_completed,1,0.0
2025-10,EVT-202510-AA14D45B98B6-0021,SYN-202510-DAA14D45B98B6,SYN-202510-PAA14D45B98B6,2025-10-01T16:08:59,2025-10-01T15:06:59,level_completed,1,0.0
2025-10,EVT-202510-79293B362BD6-0005,SYN-202510-D79293B362BD6,SYN-202510-P79293B362BD6,2025-10-01T16:09:00,2025-10-01T05:52:05,level_completed,1,0.0
2025-10,EVT-202510-79293B362BD6-0013,SYN-202510-D79293B362BD6,SYN-202510-P79293B362BD6,2025-10-01T16:09:00,2025-10-01T05:52:05,level_completed,1,0.0
2025-10,EVT-202510-79293B362BD6-0036,SYN-202510-D79293B362BD6,SYN-202510-P79293B362BD6,2025-10-01T16:10:00,2025-10-01T05:52:05,level_completed,1,0.0
2025-10,EVT-202510-9A04055BD018-0004,SYN-202510-D9A04055BD018,SYN-202510-P9A04055BD018,2025-10-01T16:10:00,2025-10-01T04:51:07,level_completed,1,0.0
2025-10,EVT-202510-AA14D45B98B6-0060,SYN-202510-DAA14D45B98B6,SYN-202510-PAA14D45B98B6,2025-10-01T16:11:59,2025-10-01T15:06:59,ad_impression,0,0.0112
2025-10,EVT-202510-79293B362BD6-0041,SYN-202510-D79293B362BD6,SYN-202510-P79293B362BD6,2025-10-01T16:13:00,2025-10-01T05:52:05,level_completed,1,0.0
2025-10,EVT-202510-8F8D65B1E016-0011,SYN-202510-D8F8D65B1E016,SYN-202510-P8F8D65B1E016,2025-10-01T16:13:00,2025-10-01T06:00:49,level_completed,1,0.0
2025-10,EVT-202510-9A04055BD018-0005,SYN-202510-D9A04055BD018,SYN-202510-P9A04055BD018,2025-10-01T16:13:00,2025-10-01T04:51:07,level_completed,1,0.0
2025-10,EVT-202510-8F8D65B1E016-0014,SYN-202510-D8F8D65B1E016,SYN-202510-P8F8D65B1E016,2025-10-01T16:15:00,2025-10-01T06:00:49,level_completed,1,0.0
2025-10,EVT-202510-AA14D45B98B6-0034,SYN-202510-DAA14D45B98B6,SYN-202510-PAA14D45B98B6,2025-10-01T16:15:59,2025-10-01T15:06:59,level_completed,1,0.0
2025-10,EVT-202510-79293B362BD6-0022,SYN-202510-D79293B362BD6,SYN-202510-P79293B362BD6,2025-10-01T16:18:00,2025-10-01T05:52:05,level_completed,1,0.0
2025-10,EVT-202510-79293B362BD6-0046,SYN-202510-D79293B362BD6,SYN-202510-P79293B362BD6,2025-10-01T16:18:00,2025-10-01T05:52:05,ad_impression,0,0.0231
2025-10,EVT-202510-9A04055BD018-0012,SYN-202510-D9A04055BD018,SYN-202510-P9A04055BD018,2025-10-01T16:19:00,2025-10-01T04:51:07,level_completed,1,0.0
2025-10,EVT-202510-8F8D65B1E016-0018,SYN-202510-D8F8D65B1E016,SYN-202510-P8F8D65B1E016,2025-10-01T16:21:00,2025-10-01T06:00:49,level_completed,1,0.0
2025-10,EVT-202510-79293B362BD6-0030,SYN-202510-D79293B362BD6,SYN-202510-P79293B362BD6,2025-10-01T16:24:00,2025-10-01T05:52:05,level_completed,1,0.0
2025-10,EVT-202510-9A04055BD018-0006,SYN-202510-D9A04055BD018,SYN-202510-P9A04055BD018,2025-10-01T16:24:00,2025-10-01T04:51:07,level_completed,1,0.0
2025-10,EVT-202510-9A04055BD018-0008,SYN-202510-D9A04055BD018,SYN-202510-P9A04055BD018,2025-10-01T16:24:00,2025-10-01T04:51:07,level_completed,1,0.0
2025-10,EVT-202510-79293B362BD6-0011,SYN-202510-D79293B362BD6,SYN-202510-P79293B362BD6,2025-10-01T16:27:00,2025-10-01T05:52:05,level_completed,1,0.0
2025-10,EVT-202510-79293B362BD6-0033,SYN-202510-D79293B362BD6,SYN-202510-P79293B362BD6,2025-10-01T16:28:00,2025-10-01T05:52:05,level_completed,1,0.0
2025-10,EVT-202510-EA8E4F34168F-0001,SYN-202510-DEA8E4F34168F,SYN-202510-PEA8E4F34168F,2025-10-01T16:28:07,2025-10-01T16:27:07,session_start,0,0.0
2025-10,EVT-202510-AA14D45B98B6-0059,SYN-202510-DAA14D45B98B6,SYN-202510-PAA14D45B98B6,2025-10-01T16:28:59,2025-10-01T15:06:59,ad_impression,0,0.0112
2025-10,EVT-202510-79293B362BD6-0049,SYN-202510-D79293B362BD6,SYN-202510-P79293B362BD6,2025-10-01T16:29:00,2025-10-01T05:52:05,ad_impression,0,0.0231
2025-10,EVT-202510-8F8D65B1E016-0007,SYN-202510-D8F8D65B1E016,SYN-202510-P8F8D65B1E016,2025-10-01T16:33:00,2025-10-01T06:00:49,level_completed,1,0.0
2025-10,EVT-202510-AA14D45B98B6-0065,SYN-202510-DAA14D45B98B6,SYN-202510-PAA14D45B98B6,2025-10-01T16:35:59,2025-10-01T15:06:59,ad_impression,0,0.0112
2025-10,EVT-202510-79293B362BD6-0012,SYN-202510-D79293B362BD6,SYN-202510-P79293B362BD6,2025-10-01T16:37:00,2025-10-01T05:52:05,level_completed,1,0.0
2025-10,EVT-202510-79293B362BD6-0047,SYN-202510-D79293B362BD6,SYN-202510-P79293B362BD6,2025-10-01T16:37:00,2025-10-01T05:52:05,ad_impression,0,0.0231
2025-10,EVT-202510-79293B362BD6-0009,SYN-202510-D79293B362BD6,SYN-202510-P79293B362BD6,2025-10-01T16:38:00,2025-10-01T05:52:05,level_completed,1,0.0
2025-10,EVT-202510-79293B362BD6-0027,SYN-202510-D79293B362BD6,SYN-202510-P79293B362BD6,2025-10-01T16:44:00,2025-10-01T05:52:05,level_completed,1,0.0
2025-10,EVT-202510-EA8E4F34168F-0005,SYN-202510-DEA8E4F34168F,SYN-202510-PEA8E4F34168F,2025-10-01T16:47:07,2025-10-01T16:27:07,level_completed,1,0.0
2025-10,EVT-202510-E3E6A833812D-0001,SYN-202510-DE3E6A833812D,SYN-202510-PE3E6A833812D,2025-10-01T16:55:21,2025-10-01T16:54:21,session_start,0,0.0
2025-10,EVT-202510-E3E6A833812D-0002,SYN-202510-DE3E6A833812D,SYN-202510-PE3E6A833812D,2025-10-01T16:55:21,2025-10-01T16:54:21,session_start,0,0.0
2025-10,EVT-202510-8F8D65B1E016-0017,SYN-202510-D8F8D65B1E016,SYN-202510-P8F8D65B1E016,2025-10-01T17:01:00,2025-10-01T06:00:49,level_completed,1,0.0
2025-10,EVT-202510-3AAFFF8A2948-0001,SYN-202510-D3AAFFF8A2948,SYN-202510-P3AAFFF8A2948,2025-10-01T17:04:00,2025-10-01T10:28:19,session_start,0,0.0
2025-10,EVT-202510-8F8D65B1E016-0021,SYN-202510-D8F8D65B1E016,SYN-202510-P8F8D65B1E016,2025-10-01T17:04:00,2025-10-01T06:00:49,ad_impression,0,0.403
2025-10,EVT-202510-EA8E4F34168F-0004,SYN-202510-DEA8E4F34168F,SYN-202510-PEA8E4F34168F,2025-10-01T17:08:07,2025-10-01T16:27:07,level_completed,1,0.0
2025-10,EVT-202510-5D76614FC056-0004,SYN-202510-D5D76614FC056,SYN-202510-P5D76614FC056,2025-10-01T17:10:00,2025-10-01T12:48:40,session_start,0,0.0
2025-10,EVT-202510-EA8E4F34168F-0002,SYN-202510-DEA8E4F34168F,SYN-202510-PEA8E4F34168F,2025-10-01T17:25:07,2025-10-01T16:27:07,level_completed,1,0.0
2025-10,EVT-202510-DD19D3DAAC82-0001,SYN-202510-DDD19D3DAAC82,SYN-202510-PDD19D3DAAC82,2025-10-01T17:29:55,2025-10-01T17:28:55,session_start,0,0.0
2025-10,EVT-202510-913D681D9F30-0001,SYN-202510-D913D681D9F30,SYN-202510-P913D681D9F30,2025-10-01T17:30:00,2025-10-01T08:10:14,session_start,0,0.0
2025-10,EVT-202510-69FC3DB3D0F2-0001,SYN-202510-D69FC3DB3D0F2,SYN-202510-P69FC3DB3D0F2,2025-10-01T17:32:34,2025-10-01T17:31:34,session_start,0,0.0
2025-10,EVT-202510-69FC3DB3D0F2-0002,SYN-202510-D69FC3DB3D0F2,SYN-202510-P69FC3DB3D0F2,2025-10-01T17:32:34,2025-10-01T17:31:34,session_start,0,0.0
2025-10,EVT-202510-5D76614FC056-0056,SYN-202510-D5D76614FC056,SYN-202510-P5D76614FC056,2025-10-01T17:37:00,2025-10-01T12:48:40,level_completed,1,0.0
2025-10,EVT-202510-EA8E4F34168F-0003,SYN-202510-DEA8E4F34168F,SYN-202510-PEA8E4F34168F,2025-10-01T17:37:07,2025-10-01T16:27:07,level_completed,1,0.0
2025-10,EVT-202510-5D76614FC056-0025,SYN-202510-D5D76614FC056,SYN-202510-P5D76614FC056,2025-10-01T17:44:00,2025-10-01T12:48:40,level_completed,1,0.0
2025-10,EVT-202510-FF6FFBB45560-0002,SYN-202510-DFF6FFBB45560,SYN-202510-PFF6FFBB45560,2025-10-01T17:49:00,2025-10-01T11:23:50,session_start,0,0.0
2025-10,EVT-202510-3AAFFF8A2948-0002,SYN-202510-D3AAFFF8A2948,SYN-202510-P3AAFFF8A2948,2025-10-01T17:53:00,2025-10-01T10:28:19,level_completed,1,0.0
2025-10,EVT-202510-5D76614FC056-0120,SYN-202510-D5D76614FC056,SYN-202510-P5D76614FC056,2025-10-01T17:53:00,2025-10-01T12:48:40,ad_impression,0,0.0007
2025-10,EVT-202510-913D681D9F30-0006,SYN-202510-D913D681D9F30,SYN-202510-P913D681D9F30,2025-10-01T18:01:00,2025-10-01T08:10:14,level_completed,1,0.0
2025-10,EVT-202510-3AAFFF8A2948-0005,SYN-202510-D3AAFFF8A2948,SYN-202510-P3AAFFF8A2948,2025-10-01T18:09:00,2025-10-01T10:28:19,level_completed,1,0.0
2025-10,EVT-202510-5D76614FC056-0172,SYN-202510-D5D76614FC056,SYN-202510-P5D76614FC056,2025-10-01T18:09:00,2025-10-01T12:48:40,ad_impression,0,0.0007
2025-10,EVT-202510-FF6FFBB45560-0011,SYN-202510-DFF6FFBB45560,SYN-202510-PFF6FFBB45560,2025-10-01T18:10:00,2025-10-01T11:23:50,level_completed,1,0.0
2025-10,EVT-202510-3AAFFF8A2948-0003,SYN-202510-D3AAFFF8A2948,SYN-202510-P3AAFFF8A2948,2025-10-01T18:11:00,2025-10-01T10:28:19,level_completed,1,0.0
2025-10,EVT-202510-DD19D3DAAC82-0004,SYN-202510-DDD19D3DAAC82,SYN-202510-PDD19D3DAAC82,2025-10-01T18:11:55,2025-10-01T17:28:55,level_completed,1,0.0
2025-10,EVT-202510-5D76614FC056-0078,SYN-202510-D5D76614FC056,SYN-202510-P5D76614FC056,2025-10-01T18:12:00,2025-10-01T12:48:40,level_completed,1,0.0
2025-10,EVT-202510-3AAFFF8A2948-0004,SYN-202510-D3AAFFF8A2948,SYN-202510-P3AAFFF8A2948,2025-10-01T18:15:00,2025-10-01T10:28:19,level_completed,1,0.0
2025-10,EVT-202510-FF6FFBB45560-0012,SYN-202510-DFF6FFBB45560,SYN-202510-PFF6FFBB45560,2025-10-01T18:17:00,2025-10-01T11:23:50,level_completed,1,0.0
2025-10,EVT-202510-5D76614FC056-0035,SYN-202510-D5D76614FC056,SYN-202510-P5D76614FC056,2025-10-01T18:21:00,2025-10-01T12:48:40,level_completed,1,0.0
2025-10,EVT-202510-913D681D9F30-0005,SYN-202510-D913D681D9F30,SYN-202510-P913D681D9F30,2025-10-01T18:21:00,2025-10-01T08:10:14,level_completed,1,0.0
2025-10,EVT-202510-5D76614FC056-0174,SYN-202510-D5D76614FC056,SYN-202510-P5D76614FC056,2025-10-01T18:23:00,2025-10-01T12:48:40,ad_impression,0,0.0007
2025-10,EVT-202510-5D76614FC056-0193,SYN-202510-D5D76614FC056,SYN-202510-P5D76614FC056,2025-10-01T18:28:00,2025-10-01T12:48:40,ad_impression,0,0.0007
2025-10,EVT-202510-69FC3DB3D0F2-0006,SYN-202510-D69FC3DB3D0F2,SYN-202510-P69FC3DB3D0F2,2025-10-01T18:34:34,2025-10-01T17:31:34,level_completed,1,0.0
2025-10,EVT-202510-5D76614FC056-0005,SYN-202510-D5D76614FC056,SYN-202510-P5D76614FC056,2025-10-01T18:36:00,2025-10-01T12:48:40,session_start,0,0.0
2025-10,EVT-202510-DD19D3DAAC82-0003,SYN-202510-DDD19D3DAAC82,SYN-202510-PDD19D3DAAC82,2025-10-01T18:38:55,2025-10-01T17:28:55,level_completed,1,0.0
2025-10,EVT-202510-5D76614FC056-0058,SYN-202510-D5D76614FC056,SYN-202510-P5D76614FC056,2025-10-01T18:40:00,2025-10-01T12:48:40,level_completed,1,0.0
2025-10,EVT-202510-5D76614FC056-0212,SYN-202510-D5D76614FC056,SYN-202510-P5D76614FC056,2025-10-01T18:40:00,2025-10-01T12:48:40,ad_impression,0,0.0007
2025-10,EVT-202510-5D76614FC056-0154,SYN-202510-D5D76614FC056,SYN-202510-P5D76614FC056,2025-10-01T18:45:00,2025-10-01T12:48:40,ad_impression,0,0.0007
2025-10,EVT-202510-913D681D9F30-0003,SYN-202510-D913D681D9F30,SYN-202510-P913D681D9F30,2025-10-01T18:50:00,2025-10-01T08:10:14,level_completed,1,0.0
2025-10,EVT-202510-5D76614FC056-0087,SYN-202510-D5D76614FC056,SYN-202510-P5D76614FC056,2025-10-01T18:53:00,2025-10-01T12:48:40,level_completed,1,0.0
2025-10,EVT-202510-FF6FFBB45560-0006,SYN-202510-DFF6FFBB45560,SYN-202510-PFF6FFBB45560,2025-10-01T18:54:00,2025-10-01T11:23:50,level_completed,1,0.0
2025-10,EVT-202510-5D76614FC056-0065,SYN-202510-D5D76614FC056,SYN-202510-P5D76614FC056,2025-10-01T18:58:00,2025-10-01T12:48:40,level_completed,1,0.0
2025-10,EVT-202510-0CD0955BCE5A-0002,SYN-202510-D0CD0955BCE5A,SYN-202510-P0CD0955BCE5A,2025-10-01T19:00:00,2025-10-01T07:12:16,session_start,0,0.0
2025-10,EVT-202510-5D76614FC056-0086,SYN-202510-D5D76614FC056,SYN-202510-P5D76614FC056,2025-10-01T19:01:00,2025-10-01T12:48:40,level_completed,1,0.0
2025-10,EVT-202510-5D76614FC056-0202,SYN-202510-D5D76614FC056,SYN-202510-P5D76614FC056,2025-10-01T19:06:00,2025-10-01T12:48:40,ad_impression,0,0.0007
2025-10,EVT-202510-0CD0955BCE5A-0054,SYN-202510-D0CD0955BCE5A,SYN-202510-P0CD0955BCE5A,2025-10-01T19:08:00,2025-10-01T07:12:16,level_completed,1,0.0
2025-10,EVT-202510-DEE1747D7D6B-0003,SYN-202510-DDEE1747D7D6B,SYN-202510-PDEE1747D7D6B,2025-10-01T19:12:00,2025-10-01T06:23:43,session_start,0,0.0
2025-10,EVT-202510-DEE1747D7D6B-0049,SYN-202510-DDEE1747D7D6B,SYN-202510-PDEE1747D7D6B,2025-10-01T19:15:00,2025-10-01T06:23:43,level_completed,1,0.0
2025-10,EVT-202510-5D76614FC056-0201,SYN-202510-D5D76614FC056,SYN-202510-P5D76614FC056,2025-10-01T19:17:00,2025-10-01T12:48:40,ad_impression,0,0.0007
2025-10,EVT-202510-DEE1747D7D6B-0065,SYN-202510-DDEE1747D7D6B,SYN-202510-PDEE1747D7D6B,2025-10-01T19:20:00,2025-10-01T06:23:43,level_completed,1,0.0
2025-10,EVT-202510-DEE1747D7D6B-0159,SYN-202510-DDEE1747D7D6B,SYN-202510-PDEE1747D7D6B,2025-10-01T19:22:00,2025-10-01T06:23:43,ad_impression,0,0.0039
2025-10,EVT-202510-1148B92EB694-0001,SYN-202510-D1148B92EB694,SYN-202510-P1148B92EB694,2025-10-01T19:22:06,2025-10-01T19:21:06,session_start,0,0.0
2025-10,EVT-202510-1148B92EB694-0002,SYN-202510-D1148B92EB694,SYN-202510-P1148B92EB694,2025-10-01T19:22:06,2025-10-01T19:21:06,session_start,0,0.0
2025-10,EVT-202510-1148B92EB694-0003,SYN-202510-D1148B92EB694,SYN-202510-P1148B92EB694,2025-10-01T19:22:06,2025-10-01T19:21:06,session_start,0,0.0
2025-10,EVT-202510-1148B92EB694-0004,SYN-202510-D1148B92EB694,SYN-202510-P1148B92EB694,2025-10-01T19:24:06,2025-10-01T19:21:06,level_completed,1,0.0
2025-10,EVT-202510-DEE1747D7D6B-0152,SYN-202510-DDEE1747D7D6B,SYN-202510-PDEE1747D7D6B,2025-10-01T19:27:00,2025-10-01T06:23:43,ad_impression,0,0.0039
2025-10,EVT-202510-1148B92EB694-0015,SYN-202510-D1148B92EB694,SYN-202510-P1148B92EB694,2025-10-01T19:27:06,2025-10-01T19:21:06,level_completed,1,0.0
2025-10,EVT-202510-0CD0955BCE5A-0048,SYN-202510-D0CD0955BCE5A,SYN-202510-P0CD0955BCE5A,2025-10-01T19:29:00,2025-10-01T07:12:16,level_completed,1,0.0
2025-10,EVT-202510-1148B92EB694-0020,SYN-202510-D1148B92EB694,SYN-202510-P1148B92EB694,2025-10-01T19:30:06,2025-10-01T19:21:06,ad_impression,0,0.026
2025-10,EVT-202510-0CD0955BCE5A-0050,SYN-202510-D0CD0955BCE5A,SYN-202510-P0CD0955BCE5A,2025-10-01T19:31:00,2025-10-01T07:12:16,level_completed,1,0.0
2025-10,EVT-202510-0CD0955BCE5A-0032,SYN-202510-D0CD0955BCE5A,SYN-202510-P0CD0955BCE5A,2025-10-01T19:33:00,2025-10-01T07:12:16,level_completed,1,0.0
2025-10,EVT-202510-DEE1747D7D6B-0127,SYN-202510-DDEE1747D7D6B,SYN-202510-PDEE1747D7D6B,2025-10-01T19:33:00,2025-10-01T06:23:43,level_completed,1,0.0
2025-10,EVT-202510-1148B92EB694-0016,SYN-202510-D1148B92EB694,SYN-202510-P1148B92EB694,2025-10-01T19:34:06,2025-10-01T19:21:06,ad_impression,0,0.026
2025-10,EVT-202510-DEE1747D7D6B-0014,SYN-202510-DDEE1747D7D6B,SYN-202510-PDEE1747D7D6B,2025-10-01T19:36:00,2025-10-01T06:23:43,level_completed,1,0.0
2025-10,EVT-202510-5D76614FC056-0084,SYN-202510-D5D76614FC056,SYN-202510-P5D76614FC056,2025-10-01T19:39:00,2025-10-01T12:48:40,level_completed,1,0.0
2025-10,EVT-202510-DEE1747D7D6B-0117,SYN-202510-DDEE1747D7D6B,SYN-202510-PDEE1747D7D6B,2025-10-01T19:39:00,2025-10-01T06:23:43,level_completed,1,0.0
2025-10,EVT-202510-1148B92EB694-0019,SYN-202510-D1148B92EB694,SYN-202510-P1148B92EB694,2025-10-01T19:39:06,2025-10-01T19:21:06,ad_impression,0,0.026
2025-10,EVT-202510-1148B92EB694-0024,SYN-202510-D1148B92EB694,SYN-202510-P1148B92EB694,2025-10-01T19:40:06,2025-10-01T19:21:06,ad_impression,0,0.026
2025-10,EVT-202510-DEE1747D7D6B-0095,SYN-202510-DDEE1747D7D6B,SYN-202510-PDEE1747D7D6B,2025-10-01T19:42:00,2025-10-01T06:23:43,level_completed,1,0.0
2025-10,EVT-202510-1148B92EB694-0022,SYN-202510-D1148B92EB694,SYN-202510-P1148B92EB694,2025-10-01T19:44:06,2025-10-01T19:21:06,ad_impression,0,0.026
2025-10,EVT-202510-0CD0955BCE5A-0070,SYN-202510-D0CD0955BCE5A,SYN-202510-P0CD0955BCE5A,2025-10-01T19:45:00,2025-10-01T07:12:16,ad_impression,0,0.013
2025-10,EVT-202510-0CD0955BCE5A-0035,SYN-202510-D0CD0955BCE5A,SYN-202510-P0CD0955BCE5A,2025-10-01T19:46:00,2025-10-01T07:12:16,level_completed,1,0.0
2025-10,EVT-202510-0CD0955BCE5A-0089,SYN-202510-D0CD0955BCE5A,SYN-202510-P0CD0955BCE5A,2025-10-01T19:49:00,2025-10-01T07:12:16,ad_impression,0,0.013
2025-10,EVT-202510-5D76614FC056-0146,SYN-202510-D5D76614FC056,SYN-202510-P5D76614FC056,2025-10-01T19:49:00,2025-10-01T12:48:40,ad_impression,0,0.0007
2025-10,EVT-202510-1148B92EB694-0006,SYN-202510-D1148B92EB694,SYN-202510-P1148B92EB694,2025-10-01T19:50:06,2025-10-01T19:21:06,level_completed,1,0.0
2025-10,EVT-202510-1148B92EB694-0013,SYN-202510-D1148B92EB694,SYN-202510-P1148B92EB694,2025-10-01T19:50:06,2025-10-01T19:21:06,level_completed,1,0.0
2025-10,EVT-202510-5D76614FC056-0196,SYN-202510-D5D76614FC056,SYN-202510-P5D76614FC056,2025-10-01T19:51:00,2025-10-01T12:48:40,ad_impression,0,0.0007
2025-10,EVT-202510-DEE1747D7D6B-0022,SYN-202510-DDEE1747D7D6B,SYN-202510-PDEE1747D7D6B,2025-10-01T19:52:00,2025-10-01T06:23:43,level_completed,1,0.0
2025-10,EVT-202510-1148B92EB694-0009,SYN-202510-D1148B92EB694,SYN-202510-P1148B92EB694,2025-10-01T19:52:06,2025-10-01T19:21:06,level_completed,1,0.0
2025-10,EVT-202510-DD19D3DAAC82-0002,SYN-202510-DDD19D3DAAC82,SYN-202510-PDD19D3DAAC82,2025-10-01T19:53:00,2025-10-01T17:28:55,session_start,0,0.0
2025-10,EVT-202510-DEE1747D7D6B-0143,SYN-202510-DDEE1747D7D6B,SYN-202510-PDEE1747D7D6B,2025-10-01T19:54:00,2025-10-01T06:23:43,ad_impression,0,0.0039
2025-10,EVT-202510-DEE1747D7D6B-0103,SYN-202510-DDEE1747D7D6B,SYN-202510-PDEE1747D7D6B,2025-10-01T19:55:00,2025-10-01T06:23:43,level_completed,1,0.0
2025-10,EVT-202510-DEE1747D7D6B-0004,SYN-202510-DDEE1747D7D6B,SYN-202510-PDEE1747D7D6B,2025-10-01T19:56:00,2025-10-01T06:23:43,session_start,0,0.0
2025-10,EVT-202510-0CD0955BCE5A-0012,SYN-202510-D0CD0955BCE5A,SYN-202510-P0CD0955BCE5A,2025-10-01T19:59:00,2025-10-01T07:12:16,level_completed,1,0.0
2025-10,EVT-202510-0CD0955BCE5A-0068,SYN-202510-D0CD0955BCE5A,SYN-202510-P0CD0955BCE5A,2025-10-01T19:59:00,2025-10-01T07:12:16,ad_impression,0,0.013
2025-10,EVT-202510-67FEF20AEF23-0001,SYN-202510-D67FEF20AEF23,SYN-202510-P67FEF20AEF23,2025-10-01T20:00:42,2025-10-01T19:59:42,session_start,0,0.0
2025-10,EVT-202510-0CD0955BCE5A-0045,SYN-202510-D0CD0955BCE5A,SYN-202510-P0CD0955BCE5A,2025-10-01T20:02:00,2025-10-01T07:12:16,level_completed,1,0.0
2025-10,EVT-202510-5D76614FC056-0129,SYN-202510-D5D76614FC056,SYN-202510-P5D76614FC056,2025-10-01T20:02:00,2025-10-01T12:48:40,ad_impression,0,0.0007
2025-10,EVT-202510-DEE1747D7D6B-0015,SYN-202510-DDEE1747D7D6B,SYN-202510-PDEE1747D7D6B,2025-10-01T20:02:00,2025-10-01T06:23:43,level_completed,1,0.0
2025-10,EVT-202510-1148B92EB694-0005,SYN-202510-D1148B92EB694,SYN-202510-P1148B92EB694,2025-10-01T20:02:06,2025-10-01T19:21:06,level_completed,1,0.0
2025-10,EVT-202510-5C884385067E-0001,SYN-202510-D5C884385067E,SYN-202510-P5C884385067E,2025-10-01T20:02:27,2025-10-01T20:01:27,session_start,0,0.0
2025-10,EVT-202510-83E62781AB9E-0001,SYN-202510-D83E62781AB9E,SYN-202510-P83E62781AB9E,2025-10-01T20:02:53,2025-10-01T20:01:53,session_start,0,0.0
2025-10,EVT-202510-0CD0955BCE5A-0079,SYN-202510-D0CD0955BCE5A,SYN-202510-P0CD0955BCE5A,2025-10-01T20:03:00,2025-10-01T07:12:16,ad_impression,0,0.013
2025-10,EVT-202510-DEE1747D7D6B-0067,SYN-202510-DDEE1747D7D6B,SYN-202510-PDEE1747D7D6B,2025-10-01T20:03:00,2025-10-01T06:23:43,level_completed,1,0.0
2025-10,EVT-202510-1148B92EB694-0008,SYN-202510-D1148B92EB694,SYN-202510-P1148B92EB694,2025-10-01T20:03:06,2025-10-01T19:21:06,level_completed,1,0.0
2025-10,EVT-202510-DEE1747D7D6B-0070,SYN-202510-DDEE1747D7D6B,SYN-202510-PDEE1747D7D6B,2025-10-01T20:04:00,2025-10-01T06:23:43,level_completed,1,0.0
2025-10,EVT-202510-67FEF20AEF23-0008,SYN-202510-D67FEF20AEF23,SYN-202510-P67FEF20AEF23,2025-10-01T20:04:42,2025-10-01T19:59:42,level_completed,1,0.0
2025-10,EVT-202510-DEE1747D7D6B-0085,SYN-202510-DDEE1747D7D6B,SYN-202510-PDEE1747D7D6B,2025-10-01T20:05:00,2025-10-01T06:23:43,level_completed,1,0.0
2025-10,EVT-202510-83E62781AB9E-0036,SYN-202510-D83E62781AB9E,SYN-202510-P83E62781AB9E,2025-10-01T20:06:53,2025-10-01T20:01:53,level_completed,1,0.0
2025-10,EVT-202510-0CD0955BCE5A-0038,SYN-202510-D0CD0955BCE5A,SYN-202510-P0CD0955BCE5A,2025-10-01T20:07:00,2025-10-01T07:12:16,level_completed,1,0.0
2025-10,EVT-202510-DEE1747D7D6B-0037,SYN-202510-DDEE1747D7D6B,SYN-202510-PDEE1747D7D6B,2025-10-01T20:07:00,2025-10-01T06:23:43,level_completed,1,0.0
2025-10,EVT-202510-DEE1747D7D6B-0120,SYN-202510-DDEE1747D7D6B,SYN-202510-PDEE1747D7D6B,2025-10-01T20:08:00,2025-10-01T06:23:43,level_completed,1,0.0
2025-10,EVT-202510-67FEF20AEF23-0012,SYN-202510-D67FEF20AEF23,SYN-202510-P67FEF20AEF23,2025-10-01T20:08:42,2025-10-01T19:59:42,level_completed,1,0.0
2025-10,EVT-202510-83E62781AB9E-0022,SYN-202510-D83E62781AB9E,SYN-202510-P83E62781AB9E,2025-10-01T20:08:53,2025-10-01T20:01:53,level_completed,1,0.0
2025-10,EVT-202510-83E62781AB9E-0045,SYN-202510-D83E62781AB9E,SYN-202510-P83E62781AB9E,2025-10-01T20:08:53,2025-10-01T20:01:53,level_completed,1,0.0
2025-10,EVT-202510-DEE1747D7D6B-0113,SYN-202510-DDEE1747D7D6B,SYN-202510-PDEE1747D7D6B,2025-10-01T20:09:00,2025-10-01T06:23:43,level_completed,1,0.0
2025-10,EVT-202510-83E62781AB9E-0018,SYN-202510-D83E62781AB9E,SYN-202510-P83E62781AB9E,2025-10-01T20:09:53,2025-10-01T20:01:53,level_completed,1,0.0
2025-10,EVT-202510-83E62781AB9E-0034,SYN-202510-D83E62781AB9E,SYN-202510-P83E62781AB9E,2025-10-01T20:09:53,2025-10-01T20:01:53,level_completed,1,0.0
2025-10,EVT-202510-1148B92EB694-0011,SYN-202510-D1148B92EB694,SYN-202510-P1148B92EB694,2025-10-01T20:10:06,2025-10-01T19:21:06,level_completed,1,0.0
2025-10,EVT-202510-1148B92EB694-0010,SYN-202510-D1148B92EB694,SYN-202510-P1148B92EB694,2025-10-01T20:12:06,2025-10-01T19:21:06,level_completed,1,0.0
2025-10,EVT-202510-1148B92EB694-0012,SYN-202510-D1148B92EB694,SYN-202510-P1148B92EB694,2025-10-01T20:12:06,2025-10-01T19:21:06,level_completed,1,0.0
2025-10,EVT-202510-83E62781AB9E-0032,SYN-202510-D83E62781AB9E,SYN-202510-P83E62781AB9E,2025-10-01T20:12:53,2025-10-01T20:01:53,level_completed,1,0.0
2025-10,EVT-202510-1148B92EB694-0014,SYN-202510-D1148B92EB694,SYN-202510-P1148B92EB694,2025-10-01T20:14:06,2025-10-01T19:21:06,level_completed,1,0.0
2025-10,EVT-202510-67FEF20AEF23-0032,SYN-202510-D67FEF20AEF23,SYN-202510-P67FEF20AEF23,2025-10-01T20:14:42,2025-10-01T19:59:42,level_completed,1,0.0
2025-10,EVT-202510-83E62781AB9E-0008,SYN-202510-D83E62781AB9E,SYN-202510-P83E62781AB9E,2025-10-01T20:14:53,2025-10-01T20:01:53,level_completed,1,0.0
2025-10,EVT-202510-DEE1747D7D6B-0124,SYN-202510-DDEE1747D7D6B,SYN-202510-PDEE1747D7D6B,2025-10-01T20:15:00,2025-10-01T06:23:43,level_completed,1,0.0
2025-10,EVT-202510-83E62781AB9E-0027,SYN-202510-D83E62781AB9E,SYN-202510-P83E62781AB9E,2025-10-01T20:16:53,2025-10-01T20:01:53,level_completed,1,0.0
2025-10,EVT-202510-DEE1747D7D6B-0048,SYN-202510-DDEE1747D7D6B,SYN-202510-PDEE1747D7D6B,2025-10-01T20:17:00,2025-10-01T06:23:43,level_completed,1,0.0
2025-10,EVT-202510-67FEF20AEF23-0013,SYN-202510-D67FEF20AEF23,SYN-202510-P67FEF20AEF23,2025-10-01T20:17:42,2025-10-01T19:59:42,level_completed,1,0.0
2025-10,EVT-202510-DEE1747D7D6B-0088,SYN-202510-DDEE1747D7D6B,SYN-202510-PDEE1747D7D6B,2025-10-01T20:18:00,2025-10-01T06:23:43,level_completed,1,0.0
2025-10,EVT-202510-67FEF20AEF23-0026,SYN-202510-D67FEF20AEF23,SYN-202510-P67FEF20AEF23,2025-10-01T20:18:42,2025-10-01T19:59:42,level_completed,1,0.0
2025-10,EVT-202510-83E62781AB9E-0005,SYN-202510-D83E62781AB9E,SYN-202510-P83E62781AB9E,2025-10-01T20:18:53,2025-10-01T20:01:53,level_completed,1,0.0
2025-10,EVT-202510-1148B92EB694-0007,SYN-202510-D1148B92EB694,SYN-202510-P1148B92EB694,2025-10-01T20:19:06,2025-10-01T19:21:06,level_completed,1,0.0
2025-10,EVT-202510-DEE1747D7D6B-0018,SYN-202510-DDEE1747D7D6B,SYN-202510-PDEE1747D7D6B,2025-10-01T20:20:00,2025-10-01T06:23:43,level_completed,1,0.0
2025-10,EVT-202510-DEE1747D7D6B-0053,SYN-202510-DDEE1747D7D6B,SYN-202510-PDEE1747D7D6B,2025-10-01T20:20:00,2025-10-01T06:23:43,level_completed,1,0.0
2025-10,EVT-202510-83E62781AB9E-0019,SYN-202510-D83E62781AB9E,SYN-202510-P83E62781AB9E,2025-10-01T20:20:53,2025-10-01T20:01:53,level_completed,1,0.0
2025-10,EVT-202510-5C884385067E-0004,SYN-202510-D5C884385067E,SYN-202510-P5C884385067E,2025-10-01T20:21:27,2025-10-01T20:01:27,level_completed,1,0.0
2025-10,EVT-202510-83E62781AB9E-0029,SYN-202510-D83E62781AB9E,SYN-202510-P83E62781AB9E,2025-10-01T20:21:53,2025-10-01T20:01:53,level_completed,1,0.0
2025-10,EVT-202510-DEE1747D7D6B-0052,SYN-202510-DDEE1747D7D6B,SYN-202510-PDEE1747D7D6B,2025-10-01T20:22:00,2025-10-01T06:23:43,level_completed,1,0.0
2025-10,EVT-202510-DEE1747D7D6B-0154,SYN-202510-DDEE1747D7D6B,SYN-202510-PDEE1747D7D6B,2025-10-01T20:22:00,2025-10-01T06:23:43,ad_impression,0,0.0039
2025-10,EVT-202510-67FEF20AEF23-0034,SYN-202510-D67FEF20AEF23,SYN-202510-P67FEF20AEF23,2025-10-01T20:22:42,2025-10-01T19:59:42,level_completed,1,0.0
2025-10,EVT-202510-83E62781AB9E-0026,SYN-202510-D83E62781AB9E,SYN-202510-P83E62781AB9E,2025-10-01T20:22:53,2025-10-01T20:01:53,level_completed,1,0.0
2025-10,EVT-202510-67FEF20AEF23-0027,SYN-202510-D67FEF20AEF23,SYN-202510-P67FEF20AEF23,2025-10-01T20:23:42,2025-10-01T19:59:42,level_completed,1,0.0
2025-10,EVT-202510-DEE1747D7D6B-0036,SYN-202510-DDEE1747D7D6B,SYN-202510-PDEE1747D7D6B,2025-10-01T20:25:00,2025-10-01T06:23:43,level_completed,1,0.0
2025-10,EVT-202510-83E62781AB9E-0003,SYN-202510-D83E62781AB9E,SYN-202510-P83E62781AB9E,2025-10-01T20:25:53,2025-10-01T20:01:53,level_completed,1,0.0
2025-10,EVT-202510-83E62781AB9E-0006,SYN-202510-D83E62781AB9E,SYN-202510-P83E62781AB9E,2025-10-01T20:26:53,2025-10-01T20:01:53,level_completed,1,0.0
2025-10,EVT-202510-83E62781AB9E-0047,SYN-202510-D83E62781AB9E,SYN-202510-P83E62781AB9E,2025-10-01T20:26:53,2025-10-01T20:01:53,level_completed,1,0.0
2025-10,EVT-202510-67FEF20AEF23-0017,SYN-202510-D67FEF20AEF23,SYN-202510-P67FEF20AEF23,2025-10-01T20:27:42,2025-10-01T19:59:42,level_completed,1,0.0
2025-10,EVT-202510-0CD0955BCE5A-0091,SYN-202510-D0CD0955BCE5A,SYN-202510-P0CD0955BCE5A,2025-10-01T20:28:00,2025-10-01T07:12:16,ad_impression,0,0.013
2025-10,EVT-202510-83E62781AB9E-0040,SYN-202510-D83E62781AB9E,SYN-202510-P83E62781AB9E,2025-10-01T20:28:53,2025-10-01T20:01:53,level_completed,1,0.0
2025-10,EVT-202510-83E62781AB9E-0048,SYN-202510-D83E62781AB9E,SYN-202510-P83E62781AB9E,2025-10-01T20:29:53,2025-10-01T20:01:53,level_completed,1,0.0
2025-10,EVT-202510-1148B92EB694-0018,SYN-202510-D1148B92EB694,SYN-202510-P1148B92EB694,2025-10-01T20:30:06,2025-10-01T19:21:06,ad_impression,0,0.026
2025-10,EVT-202510-83E62781AB9E-0035,SYN-202510-D83E62781AB9E,SYN-202510-P83E62781AB9E,2025-10-01T20:30:53,2025-10-01T20:01:53,level_completed,1,0.0
2025-10,EVT-202510-DEE1747D7D6B-0090,SYN-202510-DDEE1747D7D6B,SYN-202510-PDEE1747D7D6B,2025-10-01T20:31:00,2025-10-01T06:23:43,level_completed,1,0.0
2025-10,EVT-202510-83E62781AB9E-0004,SYN-202510-D83E62781AB9E,SYN-202510-P83E62781AB9E,2025-10-01T20:31:53,2025-10-01T20:01:53,level_completed,1,0.0
2025-10,EVT-202510-83E62781AB9E-0007,SYN-202510-D83E62781AB9E,SYN-202510-P83E62781AB9E,2025-10-01T20:31:53,2025-10-01T20:01:53,level_completed,1,0.0
2025-10,EVT-202510-83E62781AB9E-0009,SYN-202510-D83E62781AB9E,SYN-202510-P83E62781AB9E,2025-10-01T20:31:53,2025-10-01T20:01:53,level_completed,1,0.0
2025-10,EVT-202510-83E62781AB9E-0020,SYN-202510-D83E62781AB9E,SYN-202510-P83E62781AB9E,2025-10-01T20:32:53,2025-10-01T20:01:53,level_completed,1,0.0
2025-10,EVT-202510-83E62781AB9E-0042,SYN-202510-D83E62781AB9E,SYN-202510-P83E62781AB9E,2025-10-01T20:32:53,2025-10-01T20:01:53,level_completed,1,0.0
2025-10,EVT-202510-DEE1747D7D6B-0080,SYN-202510-DDEE1747D7D6B,SYN-202510-PDEE1747D7D6B,2025-10-01T20:34:00,2025-10-01T06:23:43,level_completed,1,0.0
2025-10,EVT-202510-83E62781AB9E-0033,SYN-202510-D83E62781AB9E,SYN-202510-P83E62781AB9E,2025-10-01T20:34:53,2025-10-01T20:01:53,level_completed,1,0.0
2025-10,EVT-202510-5C884385067E-0003,SYN-202510-D5C884385067E,SYN-202510-P5C884385067E,2025-10-01T20:35:27,2025-10-01T20:01:27,level_completed,1,0.0
2025-10,EVT-202510-67FEF20AEF23-0005,SYN-202510-D67FEF20AEF23,SYN-202510-P67FEF20AEF23,2025-10-01T20:36:42,2025-10-01T19:59:42,level_completed,1,0.0
2025-10,EVT-202510-67FEF20AEF23-0030,SYN-202510-D67FEF20AEF23,SYN-202510-P67FEF20AEF23,2025-10-01T20:36:42,2025-10-01T19:59:42,level_completed,1,0.0
2025-10,EVT-202510-67FEF20AEF23-0039,SYN-202510-D67FEF20AEF23,SYN-202510-P67FEF20AEF23,2025-10-01T20:37:42,2025-10-01T19:59:42,ad_impression,0,0.0062
2025-10,EVT-202510-67FEF20AEF23-0004,SYN-202510-D67FEF20AEF23,SYN-202510-P67FEF20AEF23,2025-10-01T20:39:42,2025-10-01T19:59:42,level_completed,1,0.0
2025-10,EVT-202510-83E62781AB9E-0017,SYN-202510-D83E62781AB9E,SYN-202510-P83E62781AB9E,2025-10-01T20:39:53,2025-10-01T20:01:53,level_completed,1,0.0
2025-10,EVT-202510-83E62781AB9E-0023,SYN-202510-D83E62781AB9E,SYN-202510-P83E62781AB9E,2025-10-01T20:39:53,2025-10-01T20:01:53,level_completed,1,0.0
2025-10,EVT-202510-1148B92EB694-0023,SYN-202510-D1148B92EB694,SYN-202510-P1148B92EB694,2025-10-01T20:41:06,2025-10-01T19:21:06,ad_impression,0,0.026
2025-10,EVT-202510-67FEF20AEF23-0015,SYN-202510-D67FEF20AEF23,SYN-202510-P67FEF20AEF23,2025-10-01T20:41:42,2025-10-01T19:59:42,level_completed,1,0.0
2025-10,EVT-202510-DEE1747D7D6B-0181,SYN-202510-DDEE1747D7D6B,SYN-202510-PDEE1747D7D6B,2025-10-01T20:43:00,2025-10-01T06:23:43,ad_impression,0,0.0039
2025-10,EVT-202510-DEE1747D7D6B-0118,SYN-202510-DDEE1747D7D6B,SYN-202510-PDEE1747D7D6B,2025-10-01T20:44:00,2025-10-01T06:23:43,level_completed,1,0.0
2025-10,EVT-202510-DEE1747D7D6B-0184,SYN-202510-DDEE1747D7D6B,SYN-202510-PDEE1747D7D6B,2025-10-01T20:44:00,2025-10-01T06:23:43,ad_impression,0,0.0039
2025-10,EVT-202510-1148B92EB694-0017,SYN-202510-D1148B92EB694,SYN-202510-P1148B92EB694,2025-10-01T20:45:06,2025-10-01T19:21:06,ad_impression,0,0.026
2025-10,EVT-202510-83E62781AB9E-0031,SYN-202510-D83E62781AB9E,SYN-202510-P83E62781AB9E,2025-10-01T20:46:53,2025-10-01T20:01:53,level_completed,1,0.0
2025-10,EVT-202510-5C884385067E-0002,SYN-202510-D5C884385067E,SYN-202510-P5C884385067E,2025-10-01T20:47:27,2025-10-01T20:01:27,level_completed,1,0.0
2025-10,EVT-202510-83E62781AB9E-0030,SYN-202510-D83E62781AB9E,SYN-202510-P83E62781AB9E,2025-10-01T20:47:53,2025-10-01T20:01:53,level_completed,1,0.0
2025-10,EVT-202510-5C884385067E-0005,SYN-202510-D5C884385067E,SYN-202510-P5C884385067E,2025-10-01T20:48:27,2025-10-01T20:01:27,level_completed,1,0.0
2025-10,EVT-202510-83E62781AB9E-0024,SYN-202510-D83E62781AB9E,SYN-202510-P83E62781AB9E,2025-10-01T20:48:53,2025-10-01T20:01:53,level_completed,1,0.0
2025-10,EVT-202510-DEE1747D7D6B-0016,SYN-202510-DDEE1747D7D6B,SYN-202510-PDEE1747D7D6B,2025-10-01T20:49:00,2025-10-01T06:23:43,level_completed,1,0.0
2025-10,EVT-202510-67FEF20AEF23-0011,SYN-202510-D67FEF20AEF23,SYN-202510-P67FEF20AEF23,2025-10-01T20:49:42,2025-10-01T19:59:42,level_completed,1,0.0
2025-10,EVT-202510-DEE1747D7D6B-0132,SYN-202510-DDEE1747D7D6B,SYN-202510-PDEE1747D7D6B,2025-10-01T20:52:00,2025-10-01T06:23:43,level_completed,1,0.0
2025-10,EVT-202510-1148B92EB694-0021,SYN-202510-D1148B92EB694,SYN-202510-P1148B92EB694,2025-10-01T20:52:06,2025-10-01T19:21:06,ad_impression,0,0.026
2025-10,EVT-202510-83E62781AB9E-0021,SYN-202510-D83E62781AB9E,SYN-202510-P83E62781AB9E,2025-10-01T20:53:53,2025-10-01T20:01:53,level_completed,1,0.0
2025-10,EVT-202510-5D76614FC056-0006,SYN-202510-D5D76614FC056,SYN-202510-P5D76614FC056,2025-10-01T20:55:00,2025-10-01T12:48:40,session_start,0,0.0
2025-10,EVT-202510-83E62781AB9E-0041,SYN-202510-D83E62781AB9E,SYN-202510-P83E62781AB9E,2025-10-01T20:55:53,2025-10-01T20:01:53,level_completed,1,0.0
2025-10,EVT-202510-DD19D3DAAC82-0005,SYN-202510-DDD19D3DAAC82,SYN-202510-PDD19D3DAAC82,2025-10-01T20:57:00,2025-10-01T17:28:55,level_completed,1,0.0
2025-10,EVT-202510-83E62781AB9E-0016,SYN-202510-D83E62781AB9E,SYN-202510-P83E62781AB9E,2025-10-01T20:57:53,2025-10-01T20:01:53,level_completed,1,0.0
2025-10,EVT-202510-5D76614FC056-0071,SYN-202510-D5D76614FC056,SYN-202510-P5D76614FC056,2025-10-01T20:58:00,2025-10-01T12:48:40,level_completed,1,0.0
2025-10,EVT-202510-83E62781AB9E-0002,SYN-202510-D83E62781AB9E,SYN-202510-P83E62781AB9E,2025-10-01T20:58:53,2025-10-01T20:01:53,level_completed,1,0.0
2025-10,EVT-202510-83E62781AB9E-0012,SYN-202510-D83E62781AB9E,SYN-202510-P83E62781AB9E,2025-10-01T20:58:53,2025-10-01T20:01:53,level_completed,1,0.0
2025-10,EVT-202510-83E62781AB9E-0015,SYN-202510-D83E62781AB9E,SYN-202510-P83E62781AB9E,2025-10-01T21:00:53,2025-10-01T20:01:53,level_completed,1,0.0
2025-10,EVT-202510-83E62781AB9E-0028,SYN-202510-D83E62781AB9E,SYN-202510-P83E62781AB9E,2025-10-01T21:00:53,2025-10-01T20:01:53,level_completed,1,0.0
2025-10,EVT-202510-83E62781AB9E-0046,SYN-202510-D83E62781AB9E,SYN-202510-P83E62781AB9E,2025-10-01T21:00:53,2025-10-01T20:01:53,level_completed,1,0.0
2025-10,EVT-202510-83E62781AB9E-0050,SYN-202510-D83E62781AB9E,SYN-202510-P83E62781AB9E,2025-10-01T21:01:53,2025-10-01T20:01:53,ad_impression,0,0.0816
2025-10,EVT-202510-67FEF20AEF23-0043,SYN-202510-D67FEF20AEF23,SYN-202510-P67FEF20AEF23,2025-10-01T21:02:42,2025-10-01T19:59:42,ad_impression,0,0.0062
2025-10,EVT-202510-83E62781AB9E-0010,SYN-202510-D83E62781AB9E,SYN-202510-P83E62781AB9E,2025-10-01T21:03:53,2025-10-01T20:01:53,level_completed,1,0.0
2025-10,EVT-202510-83E62781AB9E-0037,SYN-202510-D83E62781AB9E,SYN-202510-P83E62781AB9E,2025-10-01T21:03:53,2025-10-01T20:01:53,level_completed,1,0.0
2025-10,EVT-202510-83E62781AB9E-0044,SYN-202510-D83E62781AB9E,SYN-202510-P83E62781AB9E,2025-10-01T21:04:53,2025-10-01T20:01:53,level_completed,1,0.0
2025-10,EVT-202510-83E62781AB9E-0014,SYN-202510-D83E62781AB9E,SYN-202510-P83E62781AB9E,2025-10-01T21:06:53,2025-10-01T20:01:53,level_completed,1,0.0
2025-10,EVT-202510-83E62781AB9E-0039,SYN-202510-D83E62781AB9E,SYN-202510-P83E62781AB9E,2025-10-01T21:06:53,2025-10-01T20:01:53,level_completed,1,0.0
2025-10,EVT-202510-1904353128A3-0002,SYN-202510-D1904353128A3,SYN-202510-P1904353128A3,2025-10-01T21:07:00,2025-10-01T01:41:59,session_start,0,0.0
2025-10,EVT-202510-83E62781AB9E-0013,SYN-202510-D83E62781AB9E,SYN-202510-P83E62781AB9E,2025-10-01T21:13:53,2025-10-01T20:01:53,level_completed,1,0.0
2025-10,EVT-202510-83E62781AB9E-0043,SYN-202510-D83E62781AB9E,SYN-202510-P83E62781AB9E,2025-10-01T21:13:53,2025-10-01T20:01:53,level_completed,1,0.0
2025-10,EVT-202510-83E62781AB9E-0049,SYN-202510-D83E62781AB9E,SYN-202510-P83E62781AB9E,2025-10-01T21:14:53,2025-10-01T20:01:53,ad_impression,0,0.0816
2025-10,EVT-202510-67FEF20AEF23-0010,SYN-202510-D67FEF20AEF23,SYN-202510-P67FEF20AEF23,2025-10-01T21:17:42,2025-10-01T19:59:42,level_completed,1,0.0
2025-10,EVT-202510-83E62781AB9E-0025,SYN-202510-D83E62781AB9E,SYN-202510-P83E62781AB9E,2025-10-01T21:19:53,2025-10-01T20:01:53,level_completed,1,0.0
2025-10,EVT-202510-67FEF20AEF23-0042,SYN-202510-D67FEF20AEF23,SYN-202510-P67FEF20AEF23,2025-10-01T21:21:42,2025-10-01T19:59:42,ad_impression,0,0.0062
2025-10,EVT-202510-83E62781AB9E-0011,SYN-202510-D83E62781AB9E,SYN-202510-P83E62781AB9E,2025-10-01T21:22:53,2025-10-01T20:01:53,level_completed,1,0.0
2025-10,EVT-202510-83E62781AB9E-0038,SYN-202510-D83E62781AB9E,SYN-202510-P83E62781AB9E,2025-10-01T21:22:53,2025-10-01T20:01:53,level_completed,1,0.0
2025-10,EVT-202510-5D76614FC056-0170,SYN-202510-D5D76614FC056,SYN-202510-P5D76614FC056,2025-10-01T21:23:00,2025-10-01T12:48:40,ad_impression,0,0.0007
2025-10,EVT-202510-B7ADA1DD013E-0001,SYN-202510-DB7ADA1DD013E,SYN-202510-PB7ADA1DD013E,2025-10-01T21:24:00,2025-10-01T17:08:04,session_start,0,0.0
2025-10,EVT-202510-67FEF20AEF23-0040,SYN-202510-D67FEF20AEF23,SYN-202510-P67FEF20AEF23,2025-10-01T21:24:42,2025-10-01T19:59:42,ad_impression,0,0.0062
2025-10,EVT-202510-5D76614FC056-0182,SYN-202510-D5D76614FC056,SYN-202510-P5D76614FC056,2025-10-01T21:26:00,2025-10-01T12:48:40,ad_impression,0,0.0007
2025-10,EVT-202510-67FEF20AEF23-0047,SYN-202510-D67FEF20AEF23,SYN-202510-P67FEF20AEF23,2025-10-01T21:27:42,2025-10-01T19:59:42,ad_impression,0,0.0062
2025-10,EVT-202510-C728DC4D8C3C-0001,SYN-202510-DC728DC4D8C3C,SYN-202510-PC728DC4D8C3C,2025-10-01T21:30:20,2025-10-01T21:29:20,session_start,0,0.0
2025-10,EVT-202510-C728DC4D8C3C-0002,SYN-202510-DC728DC4D8C3C,SYN-202510-PC728DC4D8C3C,2025-10-01T21:30:20,2025-10-01T21:29:20,session_start,0,0.0
2025-10,EVT-202510-C728DC4D8C3C-0003,SYN-202510-DC728DC4D8C3C,SYN-202510-PC728DC4D8C3C,2025-10-01T21:30:20,2025-10-01T21:29:20,session_start,0,0.0
2025-10,EVT-202510-C728DC4D8C3C-0004,SYN-202510-DC728DC4D8C3C,SYN-202510-PC728DC4D8C3C,2025-10-01T21:30:20,2025-10-01T21:29:20,session_start,0,0.0
2025-10,EVT-202510-C728DC4D8C3C-0010,SYN-202510-DC728DC4D8C3C,SYN-202510-PC728DC4D8C3C,2025-10-01T21:32:20,2025-10-01T21:29:20,level_completed,1,0.0
2025-10,EVT-202510-C728DC4D8C3C-0016,SYN-202510-DC728DC4D8C3C,SYN-202510-PC728DC4D8C3C,2025-10-01T21:32:20,2025-10-01T21:29:20,level_completed,1,0.0
2025-10,EVT-202510-C728DC4D8C3C-0005,SYN-202510-DC728DC4D8C3C,SYN-202510-PC728DC4D8C3C,2025-10-01T21:33:20,2025-10-01T21:29:20,level_completed,1,0.0
2025-10,EVT-202510-C728DC4D8C3C-0041,SYN-202510-DC728DC4D8C3C,SYN-202510-PC728DC4D8C3C,2025-10-01T21:34:20,2025-10-01T21:29:20,level_completed,1,0.0
2025-10,EVT-202510-5D76614FC056-0109,SYN-202510-D5D76614FC056,SYN-202510-P5D76614FC056,2025-10-01T21:35:00,2025-10-01T12:48:40,level_completed,1,0.0
2025-10,EVT-202510-B7ADA1DD013E-0003,SYN-202510-DB7ADA1DD013E,SYN-202510-PB7ADA1DD013E,2025-10-01T21:35:00,2025-10-01T17:08:04,level_completed,1,0.0
2025-10,EVT-202510-5D76614FC056-0206,SYN-202510-D5D76614FC056,SYN-202510-P5D76614FC056,2025-10-01T21:36:00,2025-10-01T12:48:40,ad_impression,0,0.0007
2025-10,EVT-202510-C728DC4D8C3C-0018,SYN-202510-DC728DC4D8C3C,SYN-202510-PC728DC4D8C3C,2025-10-01T21:37:20,2025-10-01T21:29:20,level_completed,1,0.0
2025-10,EVT-202510-C728DC4D8C3C-0040,SYN-202510-DC728DC4D8C3C,SYN-202510-PC728DC4D8C3C,2025-10-01T21:41:20,2025-10-01T21:29:20,level_completed,1,0.0
2025-10,EVT-202510-5D76614FC056-0067,SYN-202510-D5D76614FC056,SYN-202510-P5D76614FC056,2025-10-01T21:43:00,2025-10-01T12:48:40,level_completed,1,0.0
2025-10,EVT-202510-C728DC4D8C3C-0043,SYN-202510-DC728DC4D8C3C,SYN-202510-PC728DC4D8C3C,2025-10-01T21:43:20,2025-10-01T21:29:20,level_completed,1,0.0
2025-10,EVT-202510-C728DC4D8C3C-0057,SYN-202510-DC728DC4D8C3C,SYN-202510-PC728DC4D8C3C,2025-10-01T21:44:20,2025-10-01T21:29:20,ad_impression,0,0.022
2025-10,EVT-202510-C728DC4D8C3C-0019,SYN-202510-DC728DC4D8C3C,SYN-202510-PC728DC4D8C3C,2025-10-01T21:45:20,2025-10-01T21:29:20,level_completed,1,0.0
2025-10,EVT-202510-91B65F8F6D53-0003,SYN-202510-D91B65F8F6D53,SYN-202510-P91B65F8F6D53,2025-10-01T21:46:00,2025-10-01T11:51:59,session_start,0,0.0
2025-10,EVT-202510-C728DC4D8C3C-0017,SYN-202510-DC728DC4D8C3C,SYN-202510-PC728DC4D8C3C,2025-10-01T21:48:20,2025-10-01T21:29:20,level_completed,1,0.0
2025-10,EVT-202510-C728DC4D8C3C-0021,SYN-202510-DC728DC4D8C3C,SYN-202510-PC728DC4D8C3C,2025-10-01T21:48:20,2025-10-01T21:29:20,level_completed,1,0.0
2025-10,EVT-202510-91B65F8F6D53-0026,SYN-202510-D91B65F8F6D53,SYN-202510-P91B65F8F6D53,2025-10-01T21:49:00,2025-10-01T11:51:59,level_completed,1,0.0
2025-10,EVT-202510-C728DC4D8C3C-0052,SYN-202510-DC728DC4D8C3C,SYN-202510-PC728DC4D8C3C,2025-10-01T21:49:20,2025-10-01T21:29:20,ad_impression,0,0.022
2025-10,EVT-202510-C728DC4D8C3C-0051,SYN-202510-DC728DC4D8C3C,SYN-202510-PC728DC4D8C3C,2025-10-01T21:52:20,2025-10-01T21:29:20,ad_impression,0,0.022
2025-10,EVT-202510-C728DC4D8C3C-0027,SYN-202510-DC728DC4D8C3C,SYN-202510-PC728DC4D8C3C,2025-10-01T21:53:20,2025-10-01T21:29:20,level_completed,1,0.0
2025-10,EVT-202510-C728DC4D8C3C-0009,SYN-202510-DC728DC4D8C3C,SYN-202510-PC728DC4D8C3C,2025-10-01T21:54:20,2025-10-01T21:29:20,level_completed,1,0.0
2025-10,EVT-202510-C728DC4D8C3C-0033,SYN-202510-DC728DC4D8C3C,SYN-202510-PC728DC4D8C3C,2025-10-01T21:54:20,2025-10-01T21:29:20,level_completed,1,0.0
2025-10,EVT-202510-C728DC4D8C3C-0053,SYN-202510-DC728DC4D8C3C,SYN-202510-PC728DC4D8C3C,2025-10-01T21:54:20,2025-10-01T21:29:20,ad_impression,0,0.022
2025-10,EVT-202510-C728DC4D8C3C-0020,SYN-202510-DC728DC4D8C3C,SYN-202510-PC728DC4D8C3C,2025-10-01T21:55:20,2025-10-01T21:29:20,level_completed,1,0.0
2025-10,EVT-202510-C728DC4D8C3C-0034,SYN-202510-DC728DC4D8C3C,SYN-202510-PC728DC4D8C3C,2025-10-01T21:56:20,2025-10-01T21:29:20,level_completed,1,0.0
2025-10,EVT-202510-C728DC4D8C3C-0050,SYN-202510-DC728DC4D8C3C,SYN-202510-PC728DC4D8C3C,2025-10-01T21:56:20,2025-10-01T21:29:20,ad_impression,0,0.022
2025-10,EVT-202510-C728DC4D8C3C-0045,SYN-202510-DC728DC4D8C3C,SYN-202510-PC728DC4D8C3C,2025-10-01T21:57:20,2025-10-01T21:29:20,level_completed,1,0.0
2025-10,EVT-202510-C728DC4D8C3C-0008,SYN-202510-DC728DC4D8C3C,SYN-202510-PC728DC4D8C3C,2025-10-01T21:58:20,2025-10-01T21:29:20,level_completed,1,0.0
2025-10,EVT-202510-C728DC4D8C3C-0011,SYN-202510-DC728DC4D8C3C,SYN-202510-PC728DC4D8C3C,2025-10-01T21:59:20,2025-10-01T21:29:20,level_completed,1,0.0
2025-10,EVT-202510-C728DC4D8C3C-0042,SYN-202510-DC728DC4D8C3C,SYN-202510-PC728DC4D8C3C,2025-10-01T22:00:20,2025-10-01T21:29:20,level_completed,1,0.0
2025-10,EVT-202510-C728DC4D8C3C-0059,SYN-202510-DC728DC4D8C3C,SYN-202510-PC728DC4D8C3C,2025-10-01T22:00:20,2025-10-01T21:29:20,ad_impression,0,0.022
2025-10,EVT-202510-1904353128A3-0009,SYN-202510-D1904353128A3,SYN-202510-P1904353128A3,2025-10-01T22:01:00,2025-10-01T01:41:59,level_completed,1,0.0
2025-10,EVT-202510-5D76614FC056-0213,SYN-202510-D5D76614FC056,SYN-202510-P5D76614FC056,2025-10-01T22:02:00,2025-10-01T12:48:40,ad_impression,0,0.0007
2025-10,EVT-202510-C728DC4D8C3C-0055,SYN-202510-DC728DC4D8C3C,SYN-202510-PC728DC4D8C3C,2025-10-01T22:03:20,2025-10-01T21:29:20,ad_impression,0,0.022
2025-10,EVT-202510-B7ADA1DD013E-0002,SYN-202510-DB7ADA1DD013E,SYN-202510-PB7ADA1DD013E,2025-10-01T22:04:00,2025-10-01T17:08:04,level_completed,1,0.0
2025-10,EVT-202510-C728DC4D8C3C-0013,SYN-202510-DC728DC4D8C3C,SYN-202510-PC728DC4D8C3C,2025-10-01T22:05:20,2025-10-01T21:29:20,level_completed,1,0.0
2025-10,EVT-202510-FF6FFBB45560-0003,SYN-202510-DFF6FFBB45560,SYN-202510-PFF6FFBB45560,2025-10-01T22:06:00,2025-10-01T11:23:50,session_start,0,0.0
2025-10,EVT-202510-C728DC4D8C3C-0026,SYN-202510-DC728DC4D8C3C,SYN-202510-PC728DC4D8C3C,2025-10-01T22:07:20,2025-10-01T21:29:20,level_completed,1,0.0
2025-10,EVT-202510-C728DC4D8C3C-0007,SYN-202510-DC728DC4D8C3C,SYN-202510-PC728DC4D8C3C,2025-10-01T22:11:20,2025-10-01T21:29:20,level_completed,1,0.0
2025-10,EVT-202510-C728DC4D8C3C-0058,SYN-202510-DC728DC4D8C3C,SYN-202510-PC728DC4D8C3C,2025-10-01T22:12:20,2025-10-01T21:29:20,ad_impression,0,0.022
2025-10,EVT-202510-C728DC4D8C3C-0035,SYN-202510-DC728DC4D8C3C,SYN-202510-PC728DC4D8C3C,2025-10-01T22:13:20,2025-10-01T21:29:20,level_completed,1,0.0
2025-10,EVT-202510-FF6FFBB45560-0004,SYN-202510-DFF6FFBB45560,SYN-202510-PFF6FFBB45560,2025-10-01T22:14:00,2025-10-01T11:23:50,level_completed,1,0.0
2025-10,EVT-202510-C728DC4D8C3C-0046,SYN-202510-DC728DC4D8C3C,SYN-202510-PC728DC4D8C3C,2025-10-01T22:14:20,2025-10-01T21:29:20,ad_impression,0,0.022
2025-10,EVT-202510-C728DC4D8C3C-0047,SYN-202510-DC728DC4D8C3C,SYN-202510-PC728DC4D8C3C,2025-10-01T22:16:20,2025-10-01T21:29:20,ad_impression,0,0.022
2025-10,EVT-202510-C728DC4D8C3C-0029,SYN-202510-DC728DC4D8C3C,SYN-202510-PC728DC4D8C3C,2025-10-01T22:17:20,2025-10-01T21:29:20,level_completed,1,0.0
2025-10,EVT-202510-C728DC4D8C3C-0036,SYN-202510-DC728DC4D8C3C,SYN-202510-PC728DC4D8C3C,2025-10-01T22:20:20,2025-10-01T21:29:20,level_completed,1,0.0
2025-10,EVT-202510-C728DC4D8C3C-0044,SYN-202510-DC728DC4D8C3C,SYN-202510-PC728DC4D8C3C,2025-10-01T22:21:20,2025-10-01T21:29:20,level_completed,1,0.0
2025-10,EVT-202510-76340A856E7C-0001,SYN-202510-D76340A856E7C,SYN-202510-P76340A856E7C,2025-10-01T22:22:04,2025-10-01T22:21:04,session_start,0,0.0
2025-10,EVT-202510-C728DC4D8C3C-0039,SYN-202510-DC728DC4D8C3C,SYN-202510-PC728DC4D8C3C,2025-10-01T22:23:20,2025-10-01T21:29:20,level_completed,1,0.0
2025-10,EVT-202510-C728DC4D8C3C-0054,SYN-202510-DC728DC4D8C3C,SYN-202510-PC728DC4D8C3C,2025-10-01T22:24:20,2025-10-01T21:29:20,ad_impression,0,0.022
2025-10,EVT-202510-C728DC4D8C3C-0032,SYN-202510-DC728DC4D8C3C,SYN-202510-PC728DC4D8C3C,2025-10-01T22:25:20,2025-10-01T21:29:20,level_completed,1,0.0
2025-10,EVT-202510-76340A856E7C-0011,SYN-202510-D76340A856E7C,SYN-202510-P76340A856E7C,2025-10-01T22:28:04,2025-10-01T22:21:04,level_completed,1,0.0
2025-10,EVT-202510-91B65F8F6D53-0021,SYN-202510-D91B65F8F6D53,SYN-202510-P91B65F8F6D53,2025-10-01T22:30:00,2025-10-01T11:51:59,level_completed,1,0.0
2025-10,EVT-202510-91B65F8F6D53-0050,SYN-202510-D91B65F8F6D53,SYN-202510-P91B65F8F6D53,2025-10-01T22:34:00,2025-10-01T11:51:59,level_completed,1,0.0
2025-10,EVT-202510-C728DC4D8C3C-0012,SYN-202510-DC728DC4D8C3C,SYN-202510-PC728DC4D8C3C,2025-10-01T22:34:20,2025-10-01T21:29:20,level_completed,1,0.0
2025-10,EVT-202510-C728DC4D8C3C-0024,SYN-202510-DC728DC4D8C3C,SYN-202510-PC728DC4D8C3C,2025-10-01T22:34:20,2025-10-01T21:29:20,level_completed,1,0.0
2025-10,EVT-202510-C728DC4D8C3C-0025,SYN-202510-DC728DC4D8C3C,SYN-202510-PC728DC4D8C3C,2025-10-01T22:34:20,2025-10-01T21:29:20,level_completed,1,0.0
2025-10,EVT-202510-C728DC4D8C3C-0028,SYN-202510-DC728DC4D8C3C,SYN-202510-PC728DC4D8C3C,2025-10-01T22:35:20,2025-10-01T21:29:20,level_completed,1,0.0
2025-10,EVT-202510-91B65F8F6D53-0004,SYN-202510-D91B65F8F6D53,SYN-202510-P91B65F8F6D53,2025-10-01T22:37:00,2025-10-01T11:51:59,session_start,0,0.0
2025-10,EVT-202510-FF6FFBB45560-0007,SYN-202510-DFF6FFBB45560,SYN-202510-PFF6FFBB45560,2025-10-01T22:37:00,2025-10-01T11:23:50,level_completed,1,0.0
2025-10,EVT-202510-76340A856E7C-0003,SYN-202510-D76340A856E7C,SYN-202510-P76340A856E7C,2025-10-01T22:37:04,2025-10-01T22:21:04,level_completed,1,0.0
2025-10,EVT-202510-91B65F8F6D53-0038,SYN-202510-D91B65F8F6D53,SYN-202510-P91B65F8F6D53,2025-10-01T22:39:00,2025-10-01T11:51:59,level_completed,1,0.0
2025-10,EVT-202510-91B65F8F6D53-0043,SYN-202510-D91B65F8F6D53,SYN-202510-P91B65F8F6D53,2025-10-01T22:39:00,2025-10-01T11:51:59,level_completed,1,0.0
2025-10,EVT-202510-91B65F8F6D53-0053,SYN-202510-D91B65F8F6D53,SYN-202510-P91B65F8F6D53,2025-10-01T22:39:00,2025-10-01T11:51:59,ad_impression,0,0.0286
2025-10,EVT-202510-C728DC4D8C3C-0048,SYN-202510-DC728DC4D8C3C,SYN-202510-PC728DC4D8C3C,2025-10-01T22:39:20,2025-10-01T21:29:20,ad_impression,0,0.022
2025-10,EVT-202510-C728DC4D8C3C-0030,SYN-202510-DC728DC4D8C3C,SYN-202510-PC728DC4D8C3C,2025-10-01T22:40:20,2025-10-01T21:29:20,level_completed,1,0.0
2025-10,EVT-202510-C728DC4D8C3C-0031,SYN-202510-DC728DC4D8C3C,SYN-202510-PC728DC4D8C3C,2025-10-01T22:40:20,2025-10-01T21:29:20,level_completed,1,0.0
2025-10,EVT-202510-C728DC4D8C3C-0006,SYN-202510-DC728DC4D8C3C,SYN-202510-PC728DC4D8C3C,2025-10-01T22:41:20,2025-10-01T21:29:20,level_completed,1,0.0
2025-10,EVT-202510-C728DC4D8C3C-0037,SYN-202510-DC728DC4D8C3C,SYN-202510-PC728DC4D8C3C,2025-10-01T22:41:20,2025-10-01T21:29:20,level_completed,1,0.0
2025-10,EVT-202510-C728DC4D8C3C-0014,SYN-202510-DC728DC4D8C3C,SYN-202510-PC728DC4D8C3C,2025-10-01T22:43:20,2025-10-01T21:29:20,level_completed,1,0.0
2025-10,EVT-202510-C728DC4D8C3C-0022,SYN-202510-DC728DC4D8C3C,SYN-202510-PC728DC4D8C3C,2025-10-01T22:43:20,2025-10-01T21:29:20,level_completed,1,0.0
2025-10,EVT-202510-C728DC4D8C3C-0056,SYN-202510-DC728DC4D8C3C,SYN-202510-PC728DC4D8C3C,2025-10-01T22:43:20,2025-10-01T21:29:20,ad_impression,0,0.022
2025-10,EVT-202510-76340A856E7C-0013,SYN-202510-D76340A856E7C,SYN-202510-P76340A856E7C,2025-10-01T22:46:04,2025-10-01T22:21:04,ad_impression,0,0.2469
2025-10,EVT-202510-C728DC4D8C3C-0015,SYN-202510-DC728DC4D8C3C,SYN-202510-PC728DC4D8C3C,2025-10-01T22:47:20,2025-10-01T21:29:20,level_completed,1,0.0
2025-10,EVT-202510-91B65F8F6D53-0022,SYN-202510-D91B65F8F6D53,SYN-202510-P91B65F8F6D53,2025-10-01T22:49:00,2025-10-01T11:51:59,level_completed,1,0.0
2025-10,EVT-202510-C728DC4D8C3C-0023,SYN-202510-DC728DC4D8C3C,SYN-202510-PC728DC4D8C3C,2025-10-01T22:49:20,2025-10-01T21:29:20,level_completed,1,0.0
2025-10,EVT-202510-C728DC4D8C3C-0038,SYN-202510-DC728DC4D8C3C,SYN-202510-PC728DC4D8C3C,2025-10-01T22:49:20,2025-10-01T21:29:20,level_completed,1,0.0
2025-10,EVT-202510-91B65F8F6D53-0005,SYN-202510-D91B65F8F6D53,SYN-202510-P91B65F8F6D53,2025-10-01T22:50:00,2025-10-01T11:51:59,level_completed,1,0.0
2025-10,EVT-202510-CF4983149A7D-0001,SYN-202510-DCF4983149A7D,SYN-202510-PCF4983149A7D,2025-10-01T22:50:00,2025-10-01T01:47:48,session_start,0,0.0
2025-10,EVT-202510-90248BDD5480-0001,SYN-202510-D90248BDD5480,SYN-202510-P90248BDD5480,2025-10-01T22:51:00,2025-10-01T17:33:59,session_start,0,0.0
2025-10,EVT-202510-C728DC4D8C3C-0049,SYN-202510-DC728DC4D8C3C,SYN-202510-PC728DC4D8C3C,2025-10-01T22:54:20,2025-10-01T21:29:20,ad_impression,0,0.022
2025-10,EVT-202510-90248BDD5480-0002,SYN-202510-D90248BDD5480,SYN-202510-P90248BDD5480,2025-10-01T22:56:00,2025-10-01T17:33:59,level_completed,1,0.0
2025-10,EVT-202510-91B65F8F6D53-0017,SYN-202510-D91B65F8F6D53,SYN-202510-P91B65F8F6D53,2025-10-01T22:57:00,2025-10-01T11:51:59,level_completed,1,0.0
2025-10,EVT-202510-91B65F8F6D53-0033,SYN-202510-D91B65F8F6D53,SYN-202510-P91B65F8F6D53,2025-10-01T22:58:00,2025-10-01T11:51:59,level_completed,1,0.0
2025-10,EVT-202510-91B65F8F6D53-0042,SYN-202510-D91B65F8F6D53,SYN-202510-P91B65F8F6D53,2025-10-01T23:02:00,2025-10-01T11:51:59,level_completed,1,0.0
2025-10,EVT-202510-91B65F8F6D53-0046,SYN-202510-D91B65F8F6D53,SYN-202510-P91B65F8F6D53,2025-10-01T23:03:00,2025-10-01T11:51:59,level_completed,1,0.0
2025-10,EVT-202510-91B65F8F6D53-0039,SYN-202510-D91B65F8F6D53,SYN-202510-P91B65F8F6D53,2025-10-01T23:04:00,2025-10-01T11:51:59,level_completed,1,0.0
2025-10,EVT-202510-91B65F8F6D53-0011,SYN-202510-D91B65F8F6D53,SYN-202510-P91B65F8F6D53,2025-10-01T23:14:00,2025-10-01T11:51:59,level_completed,1,0.0
2025-10,EVT-202510-76340A856E7C-0008,SYN-202510-D76340A856E7C,SYN-202510-P76340A856E7C,2025-10-01T23:16:04,2025-10-01T22:21:04,level_completed,1,0.0
2025-10,EVT-202510-91B65F8F6D53-0041,SYN-202510-D91B65F8F6D53,SYN-202510-P91B65F8F6D53,2025-10-01T23:18:00,2025-10-01T11:51:59,level_completed,1,0.0
2025-10,EVT-202510-86B66C324F83-0001,SYN-202510-D86B66C324F83,SYN-202510-P86B66C324F83,2025-10-01T23:20:16,2025-10-01T23:19:16,session_start,0,0.0
2025-10,EVT-202510-86B66C324F83-0002,SYN-202510-D86B66C324F83,SYN-202510-P86B66C324F83,2025-10-01T23:20:16,2025-10-01T23:19:16,session_start,0,0.0
2025-10,EVT-202510-86B66C324F83-0003,SYN-202510-D86B66C324F83,SYN-202510-P86B66C324F83,2025-10-01T23:20:16,2025-10-01T23:19:16,session_start,0,0.0
2025-10,EVT-202510-86B66C324F83-0004,SYN-202510-D86B66C324F83,SYN-202510-P86B66C324F83,2025-10-01T23:20:16,2025-10-01T23:19:16,session_start,0,0.0
2025-10,EVT-202510-86B66C324F83-0005,SYN-202510-D86B66C324F83,SYN-202510-P86B66C324F83,2025-10-01T23:20:16,2025-10-01T23:19:16,session_start,0,0.0
2025-10,EVT-202510-86B66C324F83-0006,SYN-202510-D86B66C324F83,SYN-202510-P86B66C324F83,2025-10-01T23:20:16,2025-10-01T23:19:16,session_start,0,0.0
2025-10,EVT-202510-86B66C324F83-0007,SYN-202510-D86B66C324F83,SYN-202510-P86B66C324F83,2025-10-01T23:20:16,2025-10-01T23:19:16,session_start,0,0.0
2025-10,EVT-202510-91B65F8F6D53-0014,SYN-202510-D91B65F8F6D53,SYN-202510-P91B65F8F6D53,2025-10-01T23:21:00,2025-10-01T11:51:59,level_completed,1,0.0
2025-10,EVT-202510-91B65F8F6D53-0009,SYN-202510-D91B65F8F6D53,SYN-202510-P91B65F8F6D53,2025-10-01T23:22:00,2025-10-01T11:51:59,level_completed,1,0.0
2025-10,EVT-202510-86B66C324F83-0148,SYN-202510-D86B66C324F83,SYN-202510-P86B66C324F83,2025-10-01T23:22:16,2025-10-01T23:19:16,level_completed,1,0.0
2025-10,EVT-202510-86B66C324F83-0310,SYN-202510-D86B66C324F83,SYN-202510-P86B66C324F83,2025-10-01T23:22:16,2025-10-01T23:19:16,level_completed,1,0.0
2025-10,EVT-202510-E22659C04196-0001,SYN-202510-DE22659C04196,SYN-202510-PE22659C04196,2025-10-01T23:22:29,2025-10-01T23:21:29,session_start,0,0.0
2025-10,EVT-202510-86B66C324F83-0199,SYN-202510-D86B66C324F83,SYN-202510-P86B66C324F83,2025-10-01T23:23:16,2025-10-01T23:19:16,level_completed,1,0.0
2025-10,EVT-202510-86B66C324F83-0455,SYN-202510-D86B66C324F83,SYN-202510-P86B66C324F83,2025-10-01T23:23:16,2025-10-01T23:19:16,ad_impression,0,0.0003
2025-10,EVT-202510-86B66C324F83-0467,SYN-202510-D86B66C324F83,SYN-202510-P86B66C324F83,2025-10-01T23:23:16,2025-10-01T23:19:16,ad_impression,0,0.0003
2025-10,EVT-202510-86B66C324F83-0488,SYN-202510-D86B66C324F83,SYN-202510-P86B66C324F83,2025-10-01T23:23:16,2025-10-01T23:19:16,ad_impression,0,0.0003
2025-10,EVT-202510-86B66C324F83-0514,SYN-202510-D86B66C324F83,SYN-202510-P86B66C324F83,2025-10-01T23:23:16,2025-10-01T23:19:16,ad_impression,0,0.0003
2025-10,EVT-202510-86B66C324F83-0559,SYN-202510-D86B66C324F83,SYN-202510-P86B66C324F83,2025-10-01T23:23:16,2025-10-01T23:19:16,ad_impression,0,0.0003
2025-10,EVT-202510-76340A856E7C-0010,SYN-202510-D76340A856E7C,SYN-202510-P76340A856E7C,2025-10-01T23:24:04,2025-10-01T22:21:04,level_completed,1,0.0
2025-10,EVT-202510-86B66C324F83-0077,SYN-202510-D86B66C324F83,SYN-202510-P86B66C324F83,2025-10-01T23:24:16,2025-10-01T23:19:16,level_completed,1,0.0
2025-10,EVT-202510-86B66C324F83-0162,SYN-202510-D86B66C324F83,SYN-202510-P86B66C324F83,2025-10-01T23:24:16,2025-10-01T23:19:16,level_completed,1,0.0
2025-10,EVT-202510-86B66C324F83-0194,SYN-202510-D86B66C324F83,SYN-202510-P86B66C324F83,2025-10-01T23:24:16,2025-10-01T23:19:16,level_completed,1,0.0
2025-10,EVT-202510-86B66C324F83-0267,SYN-202510-D86B66C324F83,SYN-202510-P86B66C324F83,2025-10-01T23:24:16,2025-10-01T23:19:16,level_completed,1,0.0
2025-10,EVT-202510-86B66C324F83-0122,SYN-202510-D86B66C324F83,SYN-202510-P86B66C324F83,2025-10-01T23:25:16,2025-10-01T23:19:16,level_completed,1,0.0
2025-10,EVT-202510-86B66C324F83-0284,SYN-202510-D86B66C324F83,SYN-202510-P86B66C324F83,2025-10-01T23:25:16,2025-10-01T23:19:16,level_completed,1,0.0
2025-10,EVT-202510-86B66C324F83-0034,SYN-202510-D86B66C324F83,SYN-202510-P86B66C324F83,2025-10-01T23:26:16,2025-10-01T23:19:16,level_completed,1,0.0
2025-10,EVT-202510-86B66C324F83-0123,SYN-202510-D86B66C324F83,SYN-202510-P86B66C324F83,2025-10-01T23:26:16,2025-10-01T23:19:16,level_completed,1,0.0
2025-10,EVT-202510-86B66C324F83-0243,SYN-202510-D86B66C324F83,SYN-202510-P86B66C324F83,2025-10-01T23:26:16,2025-10-01T23:19:16,level_completed,1,0.0
2025-10,EVT-202510-86B66C324F83-0291,SYN-202510-D86B66C324F83,SYN-202510-P86B66C324F83,2025-10-01T23:26:16,2025-10-01T23:19:16,level_completed,1,0.0
2025-10,EVT-202510-86B66C324F83-0107,SYN-202510-D86B66C324F83,SYN-202510-P86B66C324F83,2025-10-01T23:27:16,2025-10-01T23:19:16,level_completed,1,0.0
2025-10,EVT-202510-86B66C324F83-0318,SYN-202510-D86B66C324F83,SYN-202510-P86B66C324F83,2025-10-01T23:27:16,2025-10-01T23:19:16,level_completed,1,0.0
2025-10,EVT-202510-86B66C324F83-0196,SYN-202510-D86B66C324F83,SYN-202510-P86B66C324F83,2025-10-01T23:28:16,2025-10-01T23:19:16,level_completed,1,0.0
2025-10,EVT-202510-86B66C324F83-0552,SYN-202510-D86B66C324F83,SYN-202510-P86B66C324F83,2025-10-01T23:28:16,2025-10-01T23:19:16,ad_impression,0,0.0003
2025-10,EVT-202510-86B66C324F83-0174,SYN-202510-D86B66C324F83,SYN-202510-P86B66C324F83,2025-10-01T23:29:16,2025-10-01T23:19:16,level_completed,1,0.0
2025-10,EVT-202510-86B66C324F83-0428,SYN-202510-D86B66C324F83,SYN-202510-P86B66C324F83,2025-10-01T23:29:16,2025-10-01T23:19:16,ad_impression,0,0.0003
2025-10,EVT-202510-86B66C324F83-0598,SYN-202510-D86B66C324F83,SYN-202510-P86B66C324F83,2025-10-01T23:29:16,2025-10-01T23:19:16,ad_impression,0,0.0003
2025-10,EVT-202510-86B66C324F83-0159,SYN-202510-D86B66C324F83,SYN-202510-P86B66C324F83,2025-10-01T23:30:16,2025-10-01T23:19:16,level_completed,1,0.0
2025-10,EVT-202510-86B66C324F83-0246,SYN-202510-D86B66C324F83,SYN-202510-P86B66C324F83,2025-10-01T23:30:16,2025-10-01T23:19:16,level_completed,1,0.0
2025-10,EVT-202510-86B66C324F83-0327,SYN-202510-D86B66C324F83,SYN-202510-P86B66C324F83,2025-10-01T23:30:16,2025-10-01T23:19:16,level_completed,1,0.0
2025-10,EVT-202510-86B66C324F83-0361,SYN-202510-D86B66C324F83,SYN-202510-P86B66C324F83,2025-10-01T23:30:16,2025-10-01T23:19:16,ad_impression,0,0.0003
2025-10,EVT-202510-86B66C324F83-0369,SYN-202510-D86B66C324F83,SYN-202510-P86B66C324F83,2025-10-01T23:30:16,2025-10-01T23:19:16,ad_impression,0,0.0003
2025-10,EVT-202510-86B66C324F83-0419,SYN-202510-D86B66C324F83,SYN-202510-P86B66C324F83,2025-10-01T23:30:16,2025-10-01T23:19:16,ad_impression,0,0.0003
2025-10,EVT-202510-86B66C324F83-0462,SYN-202510-D86B66C324F83,SYN-202510-P86B66C324F83,2025-10-01T23:30:16,2025-10-01T23:19:16,ad_impression,0,0.0003
2025-10,EVT-202510-86B66C324F83-0479,SYN-202510-D86B66C324F83,SYN-202510-P86B66C324F83,2025-10-01T23:30:16,2025-10-01T23:19:16,ad_impression,0,0.0003
2025-10,EVT-202510-86B66C324F83-0550,SYN-202510-D86B66C324F83,SYN-202510-P86B66C324F83,2025-10-01T23:30:16,2025-10-01T23:19:16,ad_impression,0,0.0003
2025-10,EVT-202510-86B66C324F83-0582,SYN-202510-D86B66C324F83,SYN-202510-P86B66C324F83,2025-10-01T23:30:16,2025-10-01T23:19:16,ad_impression,0,0.0003
2025-10,EVT-202510-86B66C324F83-0589,SYN-202510-D86B66C324F83,SYN-202510-P86B66C324F83,2025-10-01T23:30:16,2025-10-01T23:19:16,ad_impression,0,0.0003
2025-10,EVT-202510-86B66C324F83-0490,SYN-202510-D86B66C324F83,SYN-202510-P86B66C324F83,2025-10-01T23:31:16,2025-10-01T23:19:16,ad_impression,0,0.0003
2025-10,EVT-202510-86B66C324F83-0524,SYN-202510-D86B66C324F83,SYN-202510-P86B66C324F83,2025-10-01T23:31:16,2025-10-01T23:19:16,ad_impression,0,0.0003
2025-10,EVT-202510-76340A856E7C-0012,SYN-202510-D76340A856E7C,SYN-202510-P76340A856E7C,2025-10-01T23:32:04,2025-10-01T22:21:04,level_completed,1,0.0
2025-10,EVT-202510-86B66C324F83-0231,SYN-202510-D86B66C324F83,SYN-202510-P86B66C324F83,2025-10-01T23:32:16,2025-10-01T23:19:16,level_completed,1,0.0
2025-10,EVT-202510-86B66C324F83-0170,SYN-202510-D86B66C324F83,SYN-202510-P86B66C324F83,2025-10-01T23:33:16,2025-10-01T23:19:16,level_completed,1,0.0
2025-10,EVT-202510-86B66C324F83-0235,SYN-202510-D86B66C324F83,SYN-202510-P86B66C324F83,2025-10-01T23:33:16,2025-10-01T23:19:16,level_completed,1,0.0
2025-10,EVT-202510-86B66C324F83-0349,SYN-202510-D86B66C324F83,SYN-202510-P86B66C324F83,2025-10-01T23:33:16,2025-10-01T23:19:16,ad_impression,0,0.0003
2025-10,EVT-202510-86B66C324F83-0357,SYN-202510-D86B66C324F83,SYN-202510-P86B66C324F83,2025-10-01T23:33:16,2025-10-01T23:19:16,ad_impression,0,0.0003
2025-10,EVT-202510-86B66C324F83-0410,SYN-202510-D86B66C324F83,SYN-202510-P86B66C324F83,2025-10-01T23:33:16,2025-10-01T23:19:16,ad_impression,0,0.0003
2025-10,EVT-202510-86B66C324F83-0431,SYN-202510-D86B66C324F83,SYN-202510-P86B66C324F83,2025-10-01T23:33:16,2025-10-01T23:19:16,ad_impression,0,0.0003
2025-10,EVT-202510-86B66C324F83-0583,SYN-202510-D86B66C324F83,SYN-202510-P86B66C324F83,2025-10-01T23:33:16,2025-10-01T23:19:16,ad_impression,0,0.0003
2025-10,EVT-202510-86B66C324F83-0365,SYN-202510-D86B66C324F83,SYN-202510-P86B66C324F83,2025-10-01T23:34:16,2025-10-01T23:19:16,ad_impression,0,0.0003
2025-10,EVT-202510-86B66C324F83-0156,SYN-202510-D86B66C324F83,SYN-202510-P86B66C324F83,2025-10-01T23:35:16,2025-10-01T23:19:16,level_completed,1,0.0
2025-10,EVT-202510-86B66C324F83-0518,SYN-202510-D86B66C324F83,SYN-202510-P86B66C324F83,2025-10-01T23:35:16,2025-10-01T23:19:16,ad_impression,0,0.0003
2025-10,EVT-202510-90248BDD5480-0003,SYN-202510-D90248BDD5480,SYN-202510-P90248BDD5480,2025-10-01T23:36:00,2025-10-01T17:33:59,level_completed,1,0.0
2025-10,EVT-202510-91B65F8F6D53-0012,SYN-202510-D91B65F8F6D53,SYN-202510-P91B65F8F6D53,2025-10-01T23:36:00,2025-10-01T11:51:59,level_completed,1,0.0
2025-10,EVT-202510-86B66C324F83-0350,SYN-202510-D86B66C324F83,SYN-202510-P86B66C324F83,2025-10-01T23:36:16,2025-10-01T23:19:16,ad_impression,0,0.0003
2025-10,EVT-202510-86B66C324F83-0396,SYN-202510-D86B66C324F83,SYN-202510-P86B66C324F83,2025-10-01T23:36:16,2025-10-01T23:19:16,ad_impression,0,0.0003
2025-10,EVT-202510-79293B362BD6-0003,SYN-202510-D79293B362BD6,SYN-202510-P79293B362BD6,2025-10-01T23:38:00,2025-10-01T05:52:05,session_start,0,0.0
2025-10,EVT-202510-90248BDD5480-0006,SYN-202510-D90248BDD5480,SYN-202510-P90248BDD5480,2025-10-01T23:38:00,2025-10-01T17:33:59,level_completed,1,0.0
2025-10,EVT-202510-91B65F8F6D53-0015,SYN-202510-D91B65F8F6D53,SYN-202510-P91B65F8F6D53,2025-10-01T23:38:00,2025-10-01T11:51:59,level_completed,1,0.0
2025-10,EVT-202510-CF4983149A7D-0002,SYN-202510-DCF4983149A7D,SYN-202510-PCF4983149A7D,2025-10-01T23:38:00,2025-10-01T01:47:48,level_completed,1,0.0
2025-10,EVT-202510-86B66C324F83-0049,SYN-202510-D86B66C324F83,SYN-202510-P86B66C324F83,2025-10-01T23:38:16,2025-10-01T23:19:16,level_completed,1,0.0
2025-10,EVT-202510-86B66C324F83-0274,SYN-202510-D86B66C324F83,SYN-202510-P86B66C324F83,2025-10-01T23:38:16,2025-10-01T23:19:16,level_completed,1,0.0
2025-10,EVT-202510-86B66C324F83-0491,SYN-202510-D86B66C324F83,SYN-202510-P86B66C324F83,2025-10-01T23:38:16,2025-10-01T23:19:16,ad_impression,0,0.0003
2025-10,EVT-202510-86B66C324F83-0151,SYN-202510-D86B66C324F83,SYN-202510-P86B66C324F83,2025-10-01T23:39:16,2025-10-01T23:19:16,level_completed,1,0.0
2025-10,EVT-202510-86B66C324F83-0316,SYN-202510-D86B66C324F83,SYN-202510-P86B66C324F83,2025-10-01T23:39:16,2025-10-01T23:19:16,level_completed,1,0.0
2025-10,EVT-202510-86B66C324F83-0447,SYN-202510-D86B66C324F83,SYN-202510-P86B66C324F83,2025-10-01T23:39:16,2025-10-01T23:19:16,ad_impression,0,0.0003
2025-10,EVT-202510-86B66C324F83-0037,SYN-202510-D86B66C324F83,SYN-202510-P86B66C324F83,2025-10-01T23:40:16,2025-10-01T23:19:16,level_completed,1,0.0
2025-10,EVT-202510-86B66C324F83-0127,SYN-202510-D86B66C324F83,SYN-202510-P86B66C324F83,2025-10-01T23:40:16,2025-10-01T23:19:16,level_completed,1,0.0
2025-10,EVT-202510-86B66C324F83-0619,SYN-202510-D86B66C324F83,SYN-202510-P86B66C324F83,2025-10-01T23:40:16,2025-10-01T23:19:16,ad_impression,0,0.0003
2025-10,EVT-202510-86B66C324F83-0070,SYN-202510-D86B66C324F83,SYN-202510-P86B66C324F83,2025-10-01T23:41:16,2025-10-01T23:19:16,level_completed,1,0.0
2025-10,EVT-202510-86B66C324F83-0125,SYN-202510-D86B66C324F83,SYN-202510-P86B66C324F83,2025-10-01T23:41:16,2025-10-01T23:19:16,level_completed,1,0.0
2025-10,EVT-202510-86B66C324F83-0154,SYN-202510-D86B66C324F83,SYN-202510-P86B66C324F83,2025-10-01T23:41:16,2025-10-01T23:19:16,level_completed,1,0.0
2025-10,EVT-202510-86B66C324F83-0233,SYN-202510-D86B66C324F83,SYN-202510-P86B66C324F83,2025-10-01T23:41:16,2025-10-01T23:19:16,level_completed,1,0.0
2025-10,EVT-202510-86B66C324F83-0373,SYN-202510-D86B66C324F83,SYN-202510-P86B66C324F83,2025-10-01T23:41:16,2025-10-01T23:19:16,ad_impression,0,0.0003
2025-10,EVT-202510-86B66C324F83-0475,SYN-202510-D86B66C324F83,SYN-202510-P86B66C324F83,2025-10-01T23:41:16,2025-10-01T23:19:16,ad_impression,0,0.0003
2025-10,EVT-202510-86B66C324F83-0588,SYN-202510-D86B66C324F83,SYN-202510-P86B66C324F83,2025-10-01T23:41:16,2025-10-01T23:19:16,ad_impression,0,0.0003
2025-10,EVT-202510-E22659C04196-0002,SYN-202510-DE22659C04196,SYN-202510-PE22659C04196,2025-10-01T23:41:29,2025-10-01T23:21:29,level_completed,1,0.0
2025-10,EVT-202510-91B65F8F6D53-0013,SYN-202510-D91B65F8F6D53,SYN-202510-P91B65F8F6D53,2025-10-01T23:42:00,2025-10-01T11:51:59,level_completed,1,0.0
2025-10,EVT-202510-76340A856E7C-0006,SYN-202510-D76340A856E7C,SYN-202510-P76340A856E7C,2025-10-01T23:42:04,2025-10-01T22:21:04,level_completed,1,0.0
2025-10,EVT-202510-86B66C324F83-0261,SYN-202510-D86B66C324F83,SYN-202510-P86B66C324F83,2025-10-01T23:42:16,2025-10-01T23:19:16,level_completed,1,0.0
2025-10,EVT-202510-86B66C324F83-0386,SYN-202510-D86B66C324F83,SYN-202510-P86B66C324F83,2025-10-01T23:42:16,2025-10-01T23:19:16,ad_impression,0,0.0003
2025-10,EVT-202510-86B66C324F83-0095,SYN-202510-D86B66C324F83,SYN-202510-P86B66C324F83,2025-10-01T23:43:16,2025-10-01T23:19:16,level_completed,1,0.0
2025-10,EVT-202510-86B66C324F83-0121,SYN-202510-D86B66C324F83,SYN-202510-P86B66C324F83,2025-10-01T23:43:16,2025-10-01T23:19:16,level_completed,1,0.0
2025-10,EVT-202510-86B66C324F83-0226,SYN-202510-D86B66C324F83,SYN-202510-P86B66C324F83,2025-10-01T23:43:16,2025-10-01T23:19:16,level_completed,1,0.0
2025-10,EVT-202510-86B66C324F83-0334,SYN-202510-D86B66C324F83,SYN-202510-P86B66C324F83,2025-10-01T23:43:16,2025-10-01T23:19:16,level_completed,1,0.0
2025-10,EVT-202510-91B65F8F6D53-0051,SYN-202510-D91B65F8F6D53,SYN-202510-P91B65F8F6D53,2025-10-01T23:44:00,2025-10-01T11:51:59,ad_impression,0,0.0286
2025-10,EVT-202510-86B66C324F83-0359,SYN-202510-D86B66C324F83,SYN-202510-P86B66C324F83,2025-10-01T23:44:16,2025-10-01T23:19:16,ad_impression,0,0.0003
2025-10,EVT-202510-86B66C324F83-0632,SYN-202510-D86B66C324F83,SYN-202510-P86B66C324F83,2025-10-01T23:44:16,2025-10-01T23:19:16,ad_impression,0,0.0003
2025-10,EVT-202510-86B66C324F83-0638,SYN-202510-D86B66C324F83,SYN-202510-P86B66C324F83,2025-10-01T23:44:16,2025-10-01T23:19:16,ad_impression,0,0.0003
2025-10,EVT-202510-91B65F8F6D53-0008,SYN-202510-D91B65F8F6D53,SYN-202510-P91B65F8F6D53,2025-10-01T23:45:00,2025-10-01T11:51:59,level_completed,1,0.0
2025-10,EVT-202510-91B65F8F6D53-0010,SYN-202510-D91B65F8F6D53,SYN-202510-P91B65F8F6D53,2025-10-01T23:45:00,2025-10-01T11:51:59,level_completed,1,0.0
2025-10,EVT-202510-86B66C324F83-0544,SYN-202510-D86B66C324F83,SYN-202510-P86B66C324F83,2025-10-01T23:45:16,2025-10-01T23:19:16,ad_impression,0,0.0003
2025-10,EVT-202510-79293B362BD6-0038,SYN-202510-D79293B362BD6,SYN-202510-P79293B362BD6,2025-10-01T23:46:00,2025-10-01T05:52:05,level_completed,1,0.0
2025-10,EVT-202510-86B66C324F83-0138,SYN-202510-D86B66C324F83,SYN-202510-P86B66C324F83,2025-10-01T23:46:16,2025-10-01T23:19:16,level_completed,1,0.0
2025-10,EVT-202510-86B66C324F83-0166,SYN-202510-D86B66C324F83,SYN-202510-P86B66C324F83,2025-10-01T23:46:16,2025-10-01T23:19:16,level_completed,1,0.0
2025-10,EVT-202510-86B66C324F83-0362,SYN-202510-D86B66C324F83,SYN-202510-P86B66C324F83,2025-10-01T23:46:16,2025-10-01T23:19:16,ad_impression,0,0.0003
2025-10,EVT-202510-86B66C324F83-0392,SYN-202510-D86B66C324F83,SYN-202510-P86B66C324F83,2025-10-01T23:46:16,2025-10-01T23:19:16,ad_impression,0,0.0003
2025-10,EVT-202510-86B66C324F83-0643,SYN-202510-D86B66C324F83,SYN-202510-P86B66C324F83,2025-10-01T23:46:16,2025-10-01T23:19:16,ad_impression,0,0.0003
2025-10,EVT-202510-86B66C324F83-0254,SYN-202510-D86B66C324F83,SYN-202510-P86B66C324F83,2025-10-01T23:47:16,2025-10-01T23:19:16,level_completed,1,0.0
2025-10,EVT-202510-86B66C324F83-0473,SYN-202510-D86B66C324F83,SYN-202510-P86B66C324F83,2025-10-01T23:47:16,2025-10-01T23:19:16,ad_impression,0,0.0003
2025-10,EVT-202510-86B66C324F83-0487,SYN-202510-D86B66C324F83,SYN-202510-P86B66C324F83,2025-10-01T23:47:16,2025-10-01T23:19:16,ad_impression,0,0.0003
2025-10,EVT-202510-86B66C324F83-0618,SYN-202510-D86B66C324F83,SYN-202510-P86B66C324F83,2025-10-01T23:47:16,2025-10-01T23:19:16,ad_impression,0,0.0003
2025-10,EVT-202510-86B66C324F83-0030,SYN-202510-D86B66C324F83,SYN-202510-P86B66C324F83,2025-10-01T23:48:16,2025-10-01T23:19:16,level_completed,1,0.0
2025-10,EVT-202510-86B66C324F83-0072,SYN-202510-D86B66C324F83,SYN-202510-P86B66C324F83,2025-10-01T23:48:16,2025-10-01T23:19:16,level_completed,1,0.0
2025-10,EVT-202510-86B66C324F83-0157,SYN-202510-D86B66C324F83,SYN-202510-P86B66C324F83,2025-10-01T23:48:16,2025-10-01T23:19:16,level_completed,1,0.0
2025-10,EVT-202510-86B66C324F83-0200,SYN-202510-D86B66C324F83,SYN-202510-P86B66C324F83,2025-10-01T23:48:16,2025-10-01T23:19:16,level_completed,1,0.0
2025-10,EVT-202510-86B66C324F83-0209,SYN-202510-D86B66C324F83,SYN-202510-P86B66C324F83,2025-10-01T23:48:16,2025-10-01T23:19:16,level_completed,1,0.0
2025-10,EVT-202510-86B66C324F83-0472,SYN-202510-D86B66C324F83,SYN-202510-P86B66C324F83,2025-10-01T23:48:16,2025-10-01T23:19:16,ad_impression,0,0.0003
2025-10,EVT-202510-86B66C324F83-0605,SYN-202510-D86B66C324F83,SYN-202510-P86B66C324F83,2025-10-01T23:48:16,2025-10-01T23:19:16,ad_impression,0,0.0003
2025-10,EVT-202510-91B65F8F6D53-0027,SYN-202510-D91B65F8F6D53,SYN-202510-P91B65F8F6D53,2025-10-01T23:50:00,2025-10-01T11:51:59,level_completed,1,0.0
2025-10,EVT-202510-86B66C324F83-0057,SYN-202510-D86B66C324F83,SYN-202510-P86B66C324F83,2025-10-01T23:50:16,2025-10-01T23:19:16,level_completed,1,0.0
2025-10,EVT-202510-86B66C324F83-0191,SYN-202510-D86B66C324F83,SYN-202510-P86B66C324F83,2025-10-01T23:50:16,2025-10-01T23:19:16,level_completed,1,0.0
2025-10,EVT-202510-86B66C324F83-0275,SYN-202510-D86B66C324F83,SYN-202510-P86B66C324F83,2025-10-01T23:50:16,2025-10-01T23:19:16,level_completed,1,0.0
2025-10,EVT-202510-79293B362BD6-0051,SYN-202510-D79293B362BD6,SYN-202510-P79293B362BD6,2025-10-01T23:51:00,2025-10-01T05:52:05,ad_impression,0,0.0231
2025-10,EVT-202510-86B66C324F83-0067,SYN-202510-D86B66C324F83,SYN-202510-P86B66C324F83,2025-10-01T23:51:16,2025-10-01T23:19:16,level_completed,1,0.0
2025-10,EVT-202510-86B66C324F83-0339,SYN-202510-D86B66C324F83,SYN-202510-P86B66C324F83,2025-10-01T23:51:16,2025-10-01T23:19:16,level_completed,1,0.0
2025-10,EVT-202510-86B66C324F83-0603,SYN-202510-D86B66C324F83,SYN-202510-P86B66C324F83,2025-10-01T23:52:16,2025-10-01T23:19:16,ad_impression,0,0.0003
2025-10,EVT-202510-86B66C324F83-0265,SYN-202510-D86B66C324F83,SYN-202510-P86B66C324F83,2025-10-01T23:53:16,2025-10-01T23:19:16,level_completed,1,0.0
2025-10,EVT-202510-86B66C324F83-0278,SYN-202510-D86B66C324F83,SYN-202510-P86B66C324F83,2025-10-01T23:53:16,2025-10-01T23:19:16,level_completed,1,0.0
2025-10,EVT-202510-86B66C324F83-0307,SYN-202510-D86B66C324F83,SYN-202510-P86B66C324F83,2025-10-01T23:53:16,2025-10-01T23:19:16,level_completed,1,0.0
2025-10,EVT-202510-86B66C324F83-0546,SYN-202510-D86B66C324F83,SYN-202510-P86B66C324F83,2025-10-01T23:53:16,2025-10-01T23:19:16,ad_impression,0,0.0003
2025-10,EVT-202510-86B66C324F83-0590,SYN-202510-D86B66C324F83,SYN-202510-P86B66C324F83,2025-10-01T23:53:16,2025-10-01T23:19:16,ad_impression,0,0.0003
2025-10,EVT-202510-86B66C324F83-0599,SYN-202510-D86B66C324F83,SYN-202510-P86B66C324F83,2025-10-01T23:53:16,2025-10-01T23:19:16,ad_impression,0,0.0003
2025-10,EVT-202510-86B66C324F83-0063,SYN-202510-D86B66C324F83,SYN-202510-P86B66C324F83,2025-10-01T23:54:16,2025-10-01T23:19:16,level_completed,1,0.0
2025-10,EVT-202510-86B66C324F83-0420,SYN-202510-D86B66C324F83,SYN-202510-P86B66C324F83,2025-10-01T23:54:16,2025-10-01T23:19:16,ad_impression,0,0.0003
2025-10,EVT-202510-90248BDD5480-0005,SYN-202510-D90248BDD5480,SYN-202510-P90248BDD5480,2025-10-01T23:55:00,2025-10-01T17:33:59,level_completed,1,0.0
2025-10,EVT-202510-86B66C324F83-0042,SYN-202510-D86B66C324F83,SYN-202510-P86B66C324F83,2025-10-01T23:55:16,2025-10-01T23:19:16,level_completed,1,0.0
2025-10,EVT-202510-86B66C324F83-0460,SYN-202510-D86B66C324F83,SYN-202510-P86B66C324F83,2025-10-01T23:56:16,2025-10-01T23:19:16,ad_impression,0,0.0003
2025-10,EVT-202510-86B66C324F83-0500,SYN-202510-D86B66C324F83,SYN-202510-P86B66C324F83,2025-10-01T23:56:16,2025-10-01T23:19:16,ad_impression,0,0.0003
2025-10,EVT-202510-86B66C324F83-0511,SYN-202510-D86B66C324F83,SYN-202510-P86B66C324F83,2025-10-01T23:56:16,2025-10-01T23:19:16,ad_impression,0,0.0003
2025-10,EVT-202510-86B66C324F83-0547,SYN-202510-D86B66C324F83,SYN-202510-P86B66C324F83,2025-10-01T23:56:16,2025-10-01T23:19:16,ad_impression,0,0.0003
2025-10,EVT-202510-86B66C324F83-0640,SYN-202510-D86B66C324F83,SYN-202510-P86B66C324F83,2025-10-01T23:56:16,2025-10-01T23:19:16,ad_impression,0,0.0003
2025-10,EVT-202510-86B66C324F83-0377,SYN-202510-D86B66C324F83,SYN-202510-P86B66C324F83,2025-10-01T23:57:16,2025-10-01T23:19:16,ad_impression,0,0.0003
2025-10,EVT-202510-86B66C324F83-0384,SYN-202510-D86B66C324F83,SYN-202510-P86B66C324F83,2025-10-01T23:57:16,2025-10-01T23:19:16,ad_impression,0,0.0003
2025-10,EVT-202510-86B66C324F83-0083,SYN-202510-D86B66C324F83,SYN-202510-P86B66C324F83,2025-10-01T23:58:16,2025-10-01T23:19:16,level_completed,1,0.0
2025-10,EVT-202510-86B66C324F83-0287,SYN-202510-D86B66C324F83,SYN-202510-P86B66C324F83,2025-10-01T23:58:16,2025-10-01T23:19:16,level_completed,1,0.0
2025-10,EVT-202510-86B66C324F83-0506,SYN-202510-D86B66C324F83,SYN-202510-P86B66C324F83,2025-10-01T23:58:16,2025-10-01T23:19:16,ad_impression,0,0.0003
2025-10,EVT-202510-86B66C324F83-0045,SYN-202510-D86B66C324F83,SYN-202510-P86B66C324F83,2025-10-01T23:59:16,2025-10-01T23:19:16,level_completed,1,0.0
2025-10,EVT-202510-86B66C324F83-0052,SYN-202510-D86B66C324F83,SYN-202510-P86B66C324F83,2025-10-01T23:59:16,2025-10-01T23:19:16,level_completed,1,0.0
2025-10,EVT-202510-86B66C324F83-0281,SYN-202510-D86B66C324F83,SYN-202510-P86B66C324F83,2025-10-02T00:00:16,2025-10-01T23:19:16,level_completed,1,0.0
2025-10,EVT-202510-86B66C324F83-0398,SYN-202510-D86B66C324F83,SYN-202510-P86B66C324F83,2025-10-02T00:00:16,2025-10-01T23:19:16,ad_impression,0,0.0003
2025-10,EVT-202510-86B66C324F83-0614,SYN-202510-D86B66C324F83,SYN-202510-P86B66C324F83,2025-10-02T00:00:16,2025-10-01T23:19:16,ad_impression,0,0.0003
2025-10,EVT-202510-90248BDD5480-0004,SYN-202510-D90248BDD5480,SYN-202510-P90248BDD5480,2025-10-02T00:01:00,2025-10-01T17:33:59,level_completed,1,0.0
2025-10,EVT-202510-90248BDD5480-0007,SYN-202510-D90248BDD5480,SYN-202510-P90248BDD5480,2025-10-02T00:01:00,2025-10-01T17:33:59,level_completed,1,0.0
2025-10,EVT-202510-86B66C324F83-0483,SYN-202510-D86B66C324F83,SYN-202510-P86B66C324F83,2025-10-02T00:01:16,2025-10-01T23:19:16,ad_impression,0,0.0003
2025-10,EVT-202510-86B66C324F83-0645,SYN-202510-D86B66C324F83,SYN-202510-P86B66C324F83,2025-10-02T00:01:16,2025-10-01T23:19:16,ad_impression,0,0.0003
2025-10,EVT-202510-5D76614FC056-0007,SYN-202510-D5D76614FC056,SYN-202510-P5D76614FC056,2025-10-02T00:02:00,2025-10-01T12:48:40,session_start,0,0.0
2025-10,EVT-202510-86B66C324F83-0096,SYN-202510-D86B66C324F83,SYN-202510-P86B66C324F83,2025-10-02T00:02:16,2025-10-01T23:19:16,level_completed,1,0.0
2025-10,EVT-202510-86B66C324F83-0279,SYN-202510-D86B66C324F83,SYN-202510-P86B66C324F83,2025-10-02T00:02:16,2025-10-01T23:19:16,level_completed,1,0.0
2025-10,EVT-202510-86B66C324F83-0389,SYN-202510-D86B66C324F83,SYN-202510-P86B66C324F83,2025-10-02T00:02:16,2025-10-01T23:19:16,ad_impression,0,0.0003
2025-10,EVT-202510-86B66C324F83-0409,SYN-202510-D86B66C324F83,SYN-202510-P86B66C324F83,2025-10-02T00:02:16,2025-10-01T23:19:16,ad_impression,0,0.0003
2025-10,EVT-202510-86B66C324F83-0427,SYN-202510-D86B66C324F83,SYN-202510-P86B66C324F83,2025-10-02T00:02:16,2025-10-01T23:19:16,ad_impression,0,0.0003
2025-10,EVT-202510-86B66C324F83-0578,SYN-202510-D86B66C324F83,SYN-202510-P86B66C324F83,2025-10-02T00:02:16,2025-10-01T23:19:16,ad_impression,0,0.0003
2025-10,EVT-202510-E22659C04196-0005,SYN-202510-DE22659C04196,SYN-202510-PE22659C04196,2025-10-02T00:02:29,2025-10-01T23:21:29,ad_impression,0,0.6067
2025-10,EVT-202510-86B66C324F83-0299,SYN-202510-D86B66C324F83,SYN-202510-P86B66C324F83,2025-10-02T00:03:16,2025-10-01T23:19:16,level_completed,1,0.0
2025-10,EVT-202510-86B66C324F83-0440,SYN-202510-D86B66C324F83,SYN-202510-P86B66C324F83,2025-10-02T00:03:16,2025-10-01T23:19:16,ad_impression,0,0.0003
2025-10,EVT-202510-86B66C324F83-0286,SYN-202510-D86B66C324F83,SYN-202510-P86B66C324F83,2025-10-02T00:04:16,2025-10-01T23:19:16,level_completed,1,0.0
2025-10,EVT-202510-86B66C324F83-0300,SYN-202510-D86B66C324F83,SYN-202510-P86B66C324F83,2025-10-02T00:04:16,2025-10-01T23:19:16,level_completed,1,0.0
2025-10,EVT-202510-86B66C324F83-0304,SYN-202510-D86B66C324F83,SYN-202510-P86B66C324F83,2025-10-02T00:04:16,2025-10-01T23:19:16,level_completed,1,0.0
2025-10,EVT-202510-86B66C324F83-0474,SYN-202510-D86B66C324F83,SYN-202510-P86B66C324F83,2025-10-02T00:04:16,2025-10-01T23:19:16,ad_impression,0,0.0003
2025-10,EVT-202510-76340A856E7C-0002,SYN-202510-D76340A856E7C,SYN-202510-P76340A856E7C,2025-10-02T00:05:00,2025-10-01T22:21:04,session_start,0,0.0
2025-10,EVT-202510-86B66C324F83-0036,SYN-202510-D86B66C324F83,SYN-202510-P86B66C324F83,2025-10-02T00:05:16,2025-10-01T23:19:16,level_completed,1,0.0
2025-10,EVT-202510-86B66C324F83-0176,SYN-202510-D86B66C324F83,SYN-202510-P86B66C324F83,2025-10-02T00:05:16,2025-10-01T23:19:16,level_completed,1,0.0
2025-10,EVT-202510-86B66C324F83-0644,SYN-202510-D86B66C324F83,SYN-202510-P86B66C324F83,2025-10-02T00:05:16,2025-10-01T23:19:16,ad_impression,0,0.0003
2025-10,EVT-202510-86B66C324F83-0111,SYN-202510-D86B66C324F83,SYN-202510-P86B66C324F83,2025-10-02T00:06:16,2025-10-01T23:19:16,level_completed,1,0.0
2025-10,EVT-202510-86B66C324F83-0190,SYN-202510-D86B66C324F83,SYN-202510-P86B66C324F83,2025-10-02T00:06:16,2025-10-01T23:19:16,level_completed,1,0.0
2025-10,EVT-202510-86B66C324F83-0480,SYN-202510-D86B66C324F83,SYN-202510-P86B66C324F83,2025-10-02T00:06:16,2025-10-01T23:19:16,ad_impression,0,0.0003
2025-10,EVT-202510-86B66C324F83-0586,SYN-202510-D86B66C324F83,SYN-202510-P86B66C324F83,2025-10-02T00:06:16,2025-10-01T23:19:16,ad_impression,0,0.0003
2025-10,EVT-202510-86B66C324F83-0051,SYN-202510-D86B66C324F83,SYN-202510-P86B66C324F83,2025-10-02T00:08:16,2025-10-01T23:19:16,level_completed,1,0.0
2025-10,EVT-202510-CF4983149A7D-0003,SYN-202510-DCF4983149A7D,SYN-202510-PCF4983149A7D,2025-10-02T00:09:00,2025-10-01T01:47:48,level_completed,1,0.0
2025-10,EVT-202510-86B66C324F83-0309,SYN-202510-D86B66C324F83,SYN-202510-P86B66C324F83,2025-10-02T00:09:16,2025-10-01T23:19:16,level_completed,1,0.0
2025-10,EVT-202510-86B66C324F83-0330,SYN-202510-D86B66C324F83,SYN-202510-P86B66C324F83,2025-10-02T00:09:16,2025-10-01T23:19:16,level_completed,1,0.0
2025-10,EVT-202510-86B66C324F83-0606,SYN-202510-D86B66C324F83,SYN-202510-P86B66C324F83,2025-10-02T00:09:16,2025-10-01T23:19:16,ad_impression,0,0.0003
2025-10,EVT-202510-E22659C04196-0003,SYN-202510-DE22659C04196,SYN-202510-PE22659C04196,2025-10-02T00:09:29,2025-10-01T23:21:29,level_completed,1,0.0
2025-10,EVT-202510-86B66C324F83-0425,SYN-202510-D86B66C324F83,SYN-202510-P86B66C324F83,2025-10-02T00:10:16,2025-10-01T23:19:16,ad_impression,0,0.0003
2025-10,EVT-202510-5D76614FC056-0077,SYN-202510-D5D76614FC056,SYN-202510-P5D76614FC056,2025-10-02T00:11:00,2025-10-01T12:48:40,level_completed,1,0.0
2025-10,EVT-202510-86B66C324F83-0078,SYN-202510-D86B66C324F83,SYN-202510-P86B66C324F83,2025-10-02T00:11:16,2025-10-01T23:19:16,level_completed,1,0.0
2025-10,EVT-202510-86B66C324F83-0229,SYN-202510-D86B66C324F83,SYN-202510-P86B66C324F83,2025-10-02T00:11:16,2025-10-01T23:19:16,level_completed,1,0.0
2025-10,EVT-202510-86B66C324F83-0347,SYN-202510-D86B66C324F83,SYN-202510-P86B66C324F83,2025-10-02T00:11:16,2025-10-01T23:19:16,ad_impression,0,0.0003
2025-10,EVT-202510-5D76614FC056-0116,SYN-202510-D5D76614FC056,SYN-202510-P5D76614FC056,2025-10-02T00:13:00,2025-10-01T12:48:40,ad_impression,0,0.0007
2025-10,EVT-202510-86B66C324F83-0394,SYN-202510-D86B66C324F83,SYN-202510-P86B66C324F83,2025-10-02T00:13:16,2025-10-01T23:19:16,ad_impression,0,0.0003
2025-10,EVT-202510-86B66C324F83-0215,SYN-202510-D86B66C324F83,SYN-202510-P86B66C324F83,2025-10-02T00:14:16,2025-10-01T23:19:16,level_completed,1,0.0
2025-10,EVT-202510-86B66C324F83-0360,SYN-202510-D86B66C324F83,SYN-202510-P86B66C324F83,2025-10-02T00:14:16,2025-10-01T23:19:16,ad_impression,0,0.0003
2025-10,EVT-202510-86B66C324F83-0616,SYN-202510-D86B66C324F83,SYN-202510-P86B66C324F83,2025-10-02T00:14:16,2025-10-01T23:19:16,ad_impression,0,0.0003
2025-10,EVT-202510-5D76614FC056-0059,SYN-202510-D5D76614FC056,SYN-202510-P5D76614FC056,2025-10-02T00:15:00,2025-10-01T12:48:40,level_completed,1,0.0
2025-10,EVT-202510-5D76614FC056-0088,SYN-202510-D5D76614FC056,SYN-202510-P5D76614FC056,2025-10-02T00:15:00,2025-10-01T12:48:40,level_completed,1,0.0
2025-10,EVT-202510-86B66C324F83-0232,SYN-202510-D86B66C324F83,SYN-202510-P86B66C324F83,2025-10-02T00:16:16,2025-10-01T23:19:16,level_completed,1,0.0
2025-10,EVT-202510-86B66C324F83-0367,SYN-202510-D86B66C324F83,SYN-202510-P86B66C324F83,2025-10-02T00:16:16,2025-10-01T23:19:16,ad_impression,0,0.0003
2025-10,EVT-202510-86B66C324F83-0370,SYN-202510-D86B66C324F83,SYN-202510-P86B66C324F83,2025-10-02T00:16:16,2025-10-01T23:19:16,ad_impression,0,0.0003
2025-10,EVT-202510-86B66C324F83-0393,SYN-202510-D86B66C324F83,SYN-202510-P86B66C324F83,2025-10-02T00:16:16,2025-10-01T23:19:16,ad_impression,0,0.0003
2025-10,EVT-202510-86B66C324F83-0631,SYN-202510-D86B66C324F83,SYN-202510-P86B66C324F83,2025-10-02T00:16:16,2025-10-01T23:19:16,ad_impression,0,0.0003
2025-10,EVT-202510-76340A856E7C-0005,SYN-202510-D76340A856E7C,SYN-202510-P76340A856E7C,2025-10-02T00:17:00,2025-10-01T22:21:04,level_completed,1,0.0
2025-10,EVT-202510-86B66C324F83-0068,SYN-202510-D86B66C324F83,SYN-202510-P86B66C324F83,2025-10-02T00:17:16,2025-10-01T23:19:16,level_completed,1,0.0
2025-10,EVT-202510-86B66C324F83-0464,SYN-202510-D86B66C324F83,SYN-202510-P86B66C324F83,2025-10-02T00:17:16,2025-10-01T23:19:16,ad_impression,0,0.0003
2025-10,EVT-202510-86B66C324F83-0563,SYN-202510-D86B66C324F83,SYN-202510-P86B66C324F83,2025-10-02T00:18:16,2025-10-01T23:19:16,ad_impression,0,0.0003
2025-10,EVT-202510-E22659C04196-0004,SYN-202510-DE22659C04196,SYN-202510-PE22659C04196,2025-10-02T00:18:29,2025-10-01T23:21:29,level_completed,1,0.0
2025-10,EVT-202510-86B66C324F83-0257,SYN-202510-D86B66C324F83,SYN-202510-P86B66C324F83,2025-10-02T00:19:16,2025-10-01T23:19:16,level_completed,1,0.0
2025-10,EVT-202510-86B66C324F83-0086,SYN-202510-D86B66C324F83,SYN-202510-P86B66C324F83,2025-10-02T00:20:16,2025-10-01T23:19:16,level_completed,1,0.0
2025-10,EVT-202510-86B66C324F83-0438,SYN-202510-D86B66C324F83,SYN-202510-P86B66C324F83,2025-10-02T00:20:16,2025-10-01T23:19:16,ad_impression,0,0.0003
2025-10,EVT-202510-86B66C324F83-0579,SYN-202510-D86B66C324F83,SYN-202510-P86B66C324F83,2025-10-02T00:20:16,2025-10-01T23:19:16,ad_impression,0,0.0003
2025-10,EVT-202510-86B66C324F83-0628,SYN-202510-D86B66C324F83,SYN-202510-P86B66C324F83,2025-10-02T00:20:16,2025-10-01T23:19:16,ad_impression,0,0.0003
2025-10,EVT-202510-86B66C324F83-0155,SYN-202510-D86B66C324F83,SYN-202510-P86B66C324F83,2025-10-02T00:21:16,2025-10-01T23:19:16,level_completed,1,0.0
2025-10,EVT-202510-86B66C324F83-0336,SYN-202510-D86B66C324F83,SYN-202510-P86B66C324F83,2025-10-02T00:21:16,2025-10-01T23:19:16,level_completed,1,0.0
2025-10,EVT-202510-86B66C324F83-0238,SYN-202510-D86B66C324F83,SYN-202510-P86B66C324F83,2025-10-02T00:22:16,2025-10-01T23:19:16,level_completed,1,0.0
2025-10,EVT-202510-86B66C324F83-0293,SYN-202510-D86B66C324F83,SYN-202510-P86B66C324F83,2025-10-02T00:22:16,2025-10-01T23:19:16,level_completed,1,0.0
2025-10,EVT-202510-86B66C324F83-0338,SYN-202510-D86B66C324F83,SYN-202510-P86B66C324F83,2025-10-02T00:22:16,2025-10-01T23:19:16,level_completed,1,0.0
2025-10,EVT-202510-86B66C324F83-0101,SYN-202510-D86B66C324F83,SYN-202510-P86B66C324F83,2025-10-02T00:23:16,2025-10-01T23:19:16,level_completed,1,0.0
2025-10,EVT-202510-86B66C324F83-0234,SYN-202510-D86B66C324F83,SYN-202510-P86B66C324F83,2025-10-02T00:23:16,2025-10-01T23:19:16,level_completed,1,0.0
2025-10,EVT-202510-86B66C324F83-0263,SYN-202510-D86B66C324F83,SYN-202510-P86B66C324F83,2025-10-02T00:23:16,2025-10-01T23:19:16,level_completed,1,0.0
2025-10,EVT-202510-86B66C324F83-0418,SYN-202510-D86B66C324F83,SYN-202510-P86B66C324F83,2025-10-02T00:23:16,2025-10-01T23:19:16,ad_impression,0,0.0003
2025-10,EVT-202510-86B66C324F83-0612,SYN-202510-D86B66C324F83,SYN-202510-P86B66C324F83,2025-10-02T00:23:16,2025-10-01T23:19:16,ad_impression,0,0.0003
2025-10,EVT-202510-76340A856E7C-0004,SYN-202510-D76340A856E7C,SYN-202510-P76340A856E7C,2025-10-02T00:24:00,2025-10-01T22:21:04,level_completed,1,0.0
2025-10,EVT-202510-86B66C324F83-0105,SYN-202510-D86B66C324F83,SYN-202510-P86B66C324F83,2025-10-02T00:24:16,2025-10-01T23:19:16,level_completed,1,0.0
2025-10,EVT-202510-86B66C324F83-0132,SYN-202510-D86B66C324F83,SYN-202510-P86B66C324F83,2025-10-02T00:24:16,2025-10-01T23:19:16,level_completed,1,0.0
2025-10,EVT-202510-86B66C324F83-0501,SYN-202510-D86B66C324F83,SYN-202510-P86B66C324F83,2025-10-02T00:24:16,2025-10-01T23:19:16,ad_impression,0,0.0003
2025-10,EVT-202510-86B66C324F83-0028,SYN-202510-D86B66C324F83,SYN-202510-P86B66C324F83,2025-10-02T00:26:16,2025-10-01T23:19:16,level_completed,1,0.0
2025-10,EVT-202510-79293B362BD6-0035,SYN-202510-D79293B362BD6,SYN-202510-P79293B362BD6,2025-10-02T00:27:00,2025-10-01T05:52:05,level_completed,1,0.0
2025-10,EVT-202510-86B66C324F83-0073,SYN-202510-D86B66C324F83,SYN-202510-P86B66C324F83,2025-10-02T00:27:16,2025-10-01T23:19:16,level_completed,1,0.0
2025-10,EVT-202510-86B66C324F83-0289,SYN-202510-D86B66C324F83,SYN-202510-P86B66C324F83,2025-10-02T00:27:16,2025-10-01T23:19:16,level_completed,1,0.0
2025-10,EVT-202510-86B66C324F83-0340,SYN-202510-D86B66C324F83,SYN-202510-P86B66C324F83,2025-10-02T00:27:16,2025-10-01T23:19:16,level_completed,1,0.0
2025-10,EVT-202510-86B66C324F83-0437,SYN-202510-D86B66C324F83,SYN-202510-P86B66C324F83,2025-10-02T00:27:16,2025-10-01T23:19:16,ad_impression,0,0.0003
2025-10,EVT-202510-79293B362BD6-0039,SYN-202510-D79293B362BD6,SYN-202510-P79293B362BD6,2025-10-02T00:28:00,2025-10-01T05:52:05,level_completed,1,0.0
2025-10,EVT-202510-86B66C324F83-0071,SYN-202510-D86B66C324F83,SYN-202510-P86B66C324F83,2025-10-02T00:28:16,2025-10-01T23:19:16,level_completed,1,0.0
2025-10,EVT-202510-86B66C324F83-0094,SYN-202510-D86B66C324F83,SYN-202510-P86B66C324F83,2025-10-02T00:28:16,2025-10-01T23:19:16,level_completed,1,0.0
2025-10,EVT-202510-86B66C324F83-0165,SYN-202510-D86B66C324F83,SYN-202510-P86B66C324F83,2025-10-02T00:28:16,2025-10-01T23:19:16,level_completed,1,0.0
2025-10,EVT-202510-86B66C324F83-0271,SYN-202510-D86B66C324F83,SYN-202510-P86B66C324F83,2025-10-02T00:28:16,2025-10-01T23:19:16,level_completed,1,0.0
2025-10,EVT-202510-86B66C324F83-0381,SYN-202510-D86B66C324F83,SYN-202510-P86B66C324F83,2025-10-02T00:28:16,2025-10-01T23:19:16,ad_impression,0,0.0003
2025-10,EVT-202510-86B66C324F83-0385,SYN-202510-D86B66C324F83,SYN-202510-P86B66C324F83,2025-10-02T00:28:16,2025-10-01T23:19:16,ad_impression,0,0.0003
2025-10,EVT-202510-86B66C324F83-0623,SYN-202510-D86B66C324F83,SYN-202510-P86B66C324F83,2025-10-02T00:28:16,2025-10-01T23:19:16,ad_impression,0,0.0003
2025-10,EVT-202510-86B66C324F83-0249,SYN-202510-D86B66C324F83,SYN-202510-P86B66C324F83,2025-10-02T00:29:16,2025-10-01T23:19:16,level_completed,1,0.0
2025-10,EVT-202510-86B66C324F83-0545,SYN-202510-D86B66C324F83,SYN-202510-P86B66C324F83,2025-10-02T00:29:16,2025-10-01T23:19:16,ad_impression,0,0.0003
2025-10,EVT-202510-86B66C324F83-0090,SYN-202510-D86B66C324F83,SYN-202510-P86B66C324F83,2025-10-02T00:30:16,2025-10-01T23:19:16,level_completed,1,0.0
2025-10,EVT-202510-86B66C324F83-0477,SYN-202510-D86B66C324F83,SYN-202510-P86B66C324F83,2025-10-02T00:30:16,2025-10-01T23:19:16,ad_impression,0,0.0003
2025-10,EVT-202510-86B66C324F83-0597,SYN-202510-D86B66C324F83,SYN-202510-P86B66C324F83,2025-10-02T00:30:16,2025-10-01T23:19:16,ad_impression,0,0.0003
2025-10,EVT-202510-86B66C324F83-0152,SYN-202510-D86B66C324F83,SYN-202510-P86B66C324F83,2025-10-02T00:31:16,2025-10-01T23:19:16,level_completed,1,0.0
2025-10,EVT-202510-5D76614FC056-0062,SYN-202510-D5D76614FC056,SYN-202510-P5D76614FC056,2025-10-02T00:32:00,2025-10-01T12:48:40,level_completed,1,0.0
2025-10,EVT-202510-86B66C324F83-0509,SYN-202510-D86B66C324F83,SYN-202510-P86B66C324F83,2025-10-02T00:32:16,2025-10-01T23:19:16,ad_impression,0,0.0003
2025-10,EVT-202510-86B66C324F83-0198,SYN-202510-D86B66C324F83,SYN-202510-P86B66C324F83,2025-10-02T00:33:16,2025-10-01T23:19:16,level_completed,1,0.0
2025-10,EVT-202510-79293B362BD6-0052,SYN-202510-D79293B362BD6,SYN-202510-P79293B362BD6,2025-10-02T00:34:00,2025-10-01T05:52:05,ad_impression,0,0.0231
2025-10,EVT-202510-86B66C324F83-0292,SYN-202510-D86B66C324F83,SYN-202510-P86B66C324F83,2025-10-02T00:34:16,2025-10-01T23:19:16,level_completed,1,0.0
2025-10,EVT-202510-86B66C324F83-0611,SYN-202510-D86B66C324F83,SYN-202510-P86B66C324F83,2025-10-02T00:34:16,2025-10-01T23:19:16,ad_impression,0,0.0003
2025-10,EVT-202510-79293B362BD6-0016,SYN-202510-D79293B362BD6,SYN-202510-P79293B362BD6,2025-10-02T00:35:00,2025-10-01T05:52:05,level_completed,1,0.0
2025-10,EVT-202510-86B66C324F83-0408,SYN-202510-D86B66C324F83,SYN-202510-P86B66C324F83,2025-10-02T00:35:16,2025-10-01T23:19:16,ad_impression,0,0.0003
2025-10,EVT-202510-86B66C324F83-0471,SYN-202510-D86B66C324F83,SYN-202510-P86B66C324F83,2025-10-02T00:35:16,2025-10-01T23:19:16,ad_impression,0,0.0003
2025-10,EVT-202510-86B66C324F83-0084,SYN-202510-D86B66C324F83,SYN-202510-P86B66C324F83,2025-10-02T00:36:16,2025-10-01T23:19:16,level_completed,1,0.0
2025-10,EVT-202510-86B66C324F83-0364,SYN-202510-D86B66C324F83,SYN-202510-P86B66C324F83,2025-10-02T00:36:16,2025-10-01T23:19:16,ad_impression,0,0.0003
2025-10,EVT-202510-86B66C324F83-0102,SYN-202510-D86B66C324F83,SYN-202510-P86B66C324F83,2025-10-02T00:37:16,2025-10-01T23:19:16,level_completed,1,0.0
2025-10,EVT-202510-86B66C324F83-0328,SYN-202510-D86B66C324F83,SYN-202510-P86B66C324F83,2025-10-02T00:37:16,2025-10-01T23:19:16,level_completed,1,0.0
2025-10,EVT-202510-86B66C324F83-0104,SYN-202510-D86B66C324F83,SYN-202510-P86B66C324F83,2025-10-02T00:38:16,2025-10-01T23:19:16,level_completed,1,0.0
2025-10,EVT-202510-86B66C324F83-0220,SYN-202510-D86B66C324F83,SYN-202510-P86B66C324F83,2025-10-02T00:38:16,2025-10-01T23:19:16,level_completed,1,0.0
2025-10,EVT-202510-86B66C324F83-0308,SYN-202510-D86B66C324F83,SYN-202510-P86B66C324F83,2025-10-02T00:38:16,2025-10-01T23:19:16,level_completed,1,0.0
2025-10,EVT-202510-86B66C324F83-0312,SYN-202510-D86B66C324F83,SYN-202510-P86B66C324F83,2025-10-02T00:38:16,2025-10-01T23:19:16,level_completed,1,0.0
2025-10,EVT-202510-86B66C324F83-0395,SYN-202510-D86B66C324F83,SYN-202510-P86B66C324F83,2025-10-02T00:38:16,2025-10-01T23:19:16,ad_impression,0,0.0003
2025-10,EVT-202510-86B66C324F83-0478,SYN-202510-D86B66C324F83,SYN-202510-P86B66C324F83,2025-10-02T00:38:16,2025-10-01T23:19:16,ad_impression,0,0.0003
2025-10,EVT-202510-86B66C324F83-0504,SYN-202510-D86B66C324F83,SYN-202510-P86B66C324F83,2025-10-02T00:38:16,2025-10-01T23:19:16,ad_impression,0,0.0003
2025-10,EVT-202510-86B66C324F83-0537,SYN-202510-D86B66C324F83,SYN-202510-P86B66C324F83,2025-10-02T00:38:16,2025-10-01T23:19:16,ad_impression,0,0.0003
2025-10,EVT-202510-86B66C324F83-0217,SYN-202510-D86B66C324F83,SYN-202510-P86B66C324F83,2025-10-02T00:39:16,2025-10-01T23:19:16,level_completed,1,0.0
2025-10,EVT-202510-86B66C324F83-0325,SYN-202510-D86B66C324F83,SYN-202510-P86B66C324F83,2025-10-02T00:39:16,2025-10-01T23:19:16,level_completed,1,0.0
2025-10,EVT-202510-86B66C324F83-0492,SYN-202510-D86B66C324F83,SYN-202510-P86B66C324F83,2025-10-02T00:39:16,2025-10-01T23:19:16,ad_impression,0,0.0003
2025-10,EVT-202510-86B66C324F83-0075,SYN-202510-D86B66C324F83,SYN-202510-P86B66C324F83,2025-10-02T00:40:16,2025-10-01T23:19:16,level_completed,1,0.0
2025-10,EVT-202510-86B66C324F83-0128,SYN-202510-D86B66C324F83,SYN-202510-P86B66C324F83,2025-10-02T00:40:16,2025-10-01T23:19:16,level_completed,1,0.0
2025-10,EVT-202510-86B66C324F83-0185,SYN-202510-D86B66C324F83,SYN-202510-P86B66C324F83,2025-10-02T00:40:16,2025-10-01T23:19:16,level_completed,1,0.0
2025-10,EVT-202510-86B66C324F83-0335,SYN-202510-D86B66C324F83,SYN-202510-P86B66C324F83,2025-10-02T00:40:16,2025-10-01T23:19:16,level_completed,1,0.0
2025-10,EVT-202510-5D76614FC056-0192,SYN-202510-D5D76614FC056,SYN-202510-P5D76614FC056,2025-10-02T00:41:00,2025-10-01T12:48:40,ad_impression,0,0.0007
2025-10,EVT-202510-86B66C324F83-0560,SYN-202510-D86B66C324F83,SYN-202510-P86B66C324F83,2025-10-02T00:41:16,2025-10-01T23:19:16,ad_impression,0,0.0003
2025-10,EVT-202510-86B66C324F83-0543,SYN-202510-D86B66C324F83,SYN-202510-P86B66C324F83,2025-10-02T00:44:16,2025-10-01T23:19:16,ad_impression,0,0.0003
2025-10,EVT-202510-86B66C324F83-0556,SYN-202510-D86B66C324F83,SYN-202510-P86B66C324F83,2025-10-02T00:44:16,2025-10-01T23:19:16,ad_impression,0,0.0003
2025-10,EVT-202510-86B66C324F83-0633,SYN-202510-D86B66C324F83,SYN-202510-P86B66C324F83,2025-10-02T00:44:16,2025-10-01T23:19:16,ad_impression,0,0.0003
2025-10,EVT-202510-86B66C324F83-0581,SYN-202510-D86B66C324F83,SYN-202510-P86B66C324F83,2025-10-02T00:46:16,2025-10-01T23:19:16,ad_impression,0,0.0003
2025-10,EVT-202510-86B66C324F83-0415,SYN-202510-D86B66C324F83,SYN-202510-P86B66C324F83,2025-10-02T00:47:16,2025-10-01T23:19:16,ad_impression,0,0.0003
2025-10,EVT-202510-86B66C324F83-0450,SYN-202510-D86B66C324F83,SYN-202510-P86B66C324F83,2025-10-02T00:47:16,2025-10-01T23:19:16,ad_impression,0,0.0003
2025-10,EVT-202510-86B66C324F83-0520,SYN-202510-D86B66C324F83,SYN-202510-P86B66C324F83,2025-10-02T00:47:16,2025-10-01T23:19:16,ad_impression,0,0.0003
2025-10,EVT-202510-DEE1747D7D6B-0005,SYN-202510-DDEE1747D7D6B,SYN-202510-PDEE1747D7D6B,2025-10-02T00:48:00,2025-10-01T06:23:43,session_start,0,0.0
2025-10,EVT-202510-86B66C324F83-0352,SYN-202510-D86B66C324F83,SYN-202510-P86B66C324F83,2025-10-02T00:48:16,2025-10-01T23:19:16,ad_impression,0,0.0003
2025-10,EVT-202510-86B66C324F83-0452,SYN-202510-D86B66C324F83,SYN-202510-P86B66C324F83,2025-10-02T00:50:16,2025-10-01T23:19:16,ad_impression,0,0.0003
2025-10,EVT-202510-86B66C324F83-0541,SYN-202510-D86B66C324F83,SYN-202510-P86B66C324F83,2025-10-02T00:50:16,2025-10-01T23:19:16,ad_impression,0,0.0003
2025-10,EVT-202510-86B66C324F83-0564,SYN-202510-D86B66C324F83,SYN-202510-P86B66C324F83,2025-10-02T00:50:16,2025-10-01T23:19:16,ad_impression,0,0.0003
2025-10,EVT-202510-CC9FCFBE24C7-0001,SYN-202510-DCC9FCFBE24C7,SYN-202510-PCC9FCFBE24C7,2025-10-02T00:50:40,2025-10-02T00:49:40,session_start,0,0.0
2025-10,EVT-202510-DEE1747D7D6B-0108,SYN-202510-DDEE1747D7D6B,SYN-202510-PDEE1747D7D6B,2025-10-02T00:58:00,2025-10-01T06:23:43,level_completed,1,0.0
2025-10,EVT-202510-DEE1747D7D6B-0110,SYN-202510-DDEE1747D7D6B,SYN-202510-PDEE1747D7D6B,2025-10-02T00:59:00,2025-10-01T06:23:43,level_completed,1,0.0
2025-10,EVT-202510-CC9FCFBE24C7-0002,SYN-202510-DCC9FCFBE24C7,SYN-202510-PCC9FCFBE24C7,2025-10-02T01:03:40,2025-10-02T00:49:40,level_completed,1,0.0
2025-10,EVT-202510-DEE1747D7D6B-0163,SYN-202510-DDEE1747D7D6B,SYN-202510-PDEE1747D7D6B,2025-10-02T01:06:00,2025-10-01T06:23:43,ad_impression,0,0.0039
2025-10,EVT-202510-76340A856E7C-0007,SYN-202510-D76340A856E7C,SYN-202510-P76340A856E7C,2025-10-02T01:10:00,2025-10-01T22:21:04,level_completed,1,0.0
2025-10,EVT-202510-76340A856E7C-0009,SYN-202510-D76340A856E7C,SYN-202510-P76340A856E7C,2025-10-02T01:10:00,2025-10-01T22:21:04,level_completed,1,0.0
2025-10,EVT-202510-DEE1747D7D6B-0020,SYN-202510-DDEE1747D7D6B,SYN-202510-PDEE1747D7D6B,2025-10-02T01:11:00,2025-10-01T06:23:43,level_completed,1,0.0
2025-10,EVT-202510-CC9FCFBE24C7-0004,SYN-202510-DCC9FCFBE24C7,SYN-202510-PCC9FCFBE24C7,2025-10-02T01:15:40,2025-10-02T00:49:40,level_completed,1,0.0
2025-10,EVT-202510-5D76614FC056-0173,SYN-202510-D5D76614FC056,SYN-202510-P5D76614FC056,2025-10-02T01:26:00,2025-10-01T12:48:40,ad_impression,0,0.0007
2025-10,EVT-202510-5D76614FC056-0178,SYN-202510-D5D76614FC056,SYN-202510-P5D76614FC056,2025-10-02T01:27:00,2025-10-01T12:48:40,ad_impression,0,0.0007
2025-10,EVT-202510-5D76614FC056-0145,SYN-202510-D5D76614FC056,SYN-202510-P5D76614FC056,2025-10-02T01:29:00,2025-10-01T12:48:40,ad_impression,0,0.0007
2025-10,EVT-202510-DEE1747D7D6B-0035,SYN-202510-DDEE1747D7D6B,SYN-202510-PDEE1747D7D6B,2025-10-02T01:34:00,2025-10-01T06:23:43,level_completed,1,0.0
2025-10,EVT-202510-DEE1747D7D6B-0071,SYN-202510-DDEE1747D7D6B,SYN-202510-PDEE1747D7D6B,2025-10-02T01:38:00,2025-10-01T06:23:43,level_completed,1,0.0
2025-10,EVT-202510-DEE1747D7D6B-0149,SYN-202510-DDEE1747D7D6B,SYN-202510-PDEE1747D7D6B,2025-10-02T01:45:00,2025-10-01T06:23:43,ad_impression,0,0.0039
2025-10,EVT-202510-DEE1747D7D6B-0032,SYN-202510-DDEE1747D7D6B,SYN-202510-PDEE1747D7D6B,2025-10-02T01:51:00,2025-10-01T06:23:43,level_completed,1,0.0
2025-10,EVT-202510-DEE1747D7D6B-0186,SYN-202510-DDEE1747D7D6B,SYN-202510-PDEE1747D7D6B,2025-10-02T01:51:00,2025-10-01T06:23:43,ad_impression,0,0.0039
2025-10,EVT-202510-DEE1747D7D6B-0025,SYN-202510-DDEE1747D7D6B,SYN-202510-PDEE1747D7D6B,2025-10-02T01:56:00,2025-10-01T06:23:43,level_completed,1,0.0
2025-10,EVT-202510-DEE1747D7D6B-0170,SYN-202510-DDEE1747D7D6B,SYN-202510-PDEE1747D7D6B,2025-10-02T02:00:00,2025-10-01T06:23:43,ad_impression,0,0.0039
2025-10,EVT-202510-DEE1747D7D6B-0099,SYN-202510-DDEE1747D7D6B,SYN-202510-PDEE1747D7D6B,2025-10-02T02:02:00,2025-10-01T06:23:43,level_completed,1,0.0
2025-10,EVT-202510-CC9FCFBE24C7-0003,SYN-202510-DCC9FCFBE24C7,SYN-202510-PCC9FCFBE24C7,2025-10-02T02:10:40,2025-10-02T00:49:40,level_completed,1,0.0
2025-10,EVT-202510-5D76614FC056-0008,SYN-202510-D5D76614FC056,SYN-202510-P5D76614FC056,2025-10-02T02:17:00,2025-10-01T12:48:40,session_start,0,0.0
2025-10,EVT-202510-5D76614FC056-0112,SYN-202510-D5D76614FC056,SYN-202510-P5D76614FC056,2025-10-02T02:19:00,2025-10-01T12:48:40,level_completed,1,0.0
2025-10,EVT-202510-5D76614FC056-0183,SYN-202510-D5D76614FC056,SYN-202510-P5D76614FC056,2025-10-02T02:26:00,2025-10-01T12:48:40,ad_impression,0,0.0007
2025-10,EVT-202510-3358FFB3405F-0001,SYN-202510-D3358FFB3405F,SYN-202510-P3358FFB3405F,2025-10-02T02:34:00,2025-10-02T01:32:58,session_start,0,0.0
2025-10,EVT-202510-5D76614FC056-0031,SYN-202510-D5D76614FC056,SYN-202510-P5D76614FC056,2025-10-02T02:36:00,2025-10-01T12:48:40,level_completed,1,0.0
2025-10,EVT-202510-5D76614FC056-0053,SYN-202510-D5D76614FC056,SYN-202510-P5D76614FC056,2025-10-02T02:52:00,2025-10-01T12:48:40,level_completed,1,0.0
2025-10,EVT-202510-3358FFB3405F-0005,SYN-202510-D3358FFB3405F,SYN-202510-P3358FFB3405F,2025-10-02T02:54:00,2025-10-02T01:32:58,level_completed,1,0.0
2025-10,EVT-202510-5D76614FC056-0027,SYN-202510-D5D76614FC056,SYN-202510-P5D76614FC056,2025-10-02T02:57:00,2025-10-01T12:48:40,level_completed,1,0.0
2025-10,EVT-202510-5D76614FC056-0095,SYN-202510-D5D76614FC056,SYN-202510-P5D76614FC056,2025-10-02T02:57:00,2025-10-01T12:48:40,level_completed,1,0.0
2025-10,EVT-202510-3358FFB3405F-0007,SYN-202510-D3358FFB3405F,SYN-202510-P3358FFB3405F,2025-10-02T03:01:00,2025-10-02T01:32:58,ad_impression,0,0.1953
2025-10,EVT-202510-5D76614FC056-0211,SYN-202510-D5D76614FC056,SYN-202510-P5D76614FC056,2025-10-02T03:01:00,2025-10-01T12:48:40,ad_impression,0,0.0007
2025-10,EVT-202510-7704ED0111AA-0005,SYN-202510-D7704ED0111AA,SYN-202510-P7704ED0111AA,2025-10-02T03:01:00,2025-10-01T05:57:44,session_start,0,0.0
2025-10,EVT-202510-5D76614FC056-0029,SYN-202510-D5D76614FC056,SYN-202510-P5D76614FC056,2025-10-02T03:06:00,2025-10-01T12:48:40,level_completed,1,0.0
2025-10,EVT-202510-3358FFB3405F-0002,SYN-202510-D3358FFB3405F,SYN-202510-P3358FFB3405F,2025-10-02T03:09:00,2025-10-02T01:32:58,level_completed,1,0.0
2025-10,EVT-202510-3358FFB3405F-0006,SYN-202510-D3358FFB3405F,SYN-202510-P3358FFB3405F,2025-10-02T03:12:00,2025-10-02T01:32:58,ad_impression,0,0.1953
2025-10,EVT-202510-5D76614FC056-0204,SYN-202510-D5D76614FC056,SYN-202510-P5D76614FC056,2025-10-02T03:12:00,2025-10-01T12:48:40,ad_impression,0,0.0007
2025-10,EVT-202510-5D76614FC056-0153,SYN-202510-D5D76614FC056,SYN-202510-P5D76614FC056,2025-10-02T03:15:00,2025-10-01T12:48:40,ad_impression,0,0.0007
2025-10,EVT-202510-3358FFB3405F-0004,SYN-202510-D3358FFB3405F,SYN-202510-P3358FFB3405F,2025-10-02T03:21:00,2025-10-02T01:32:58,level_completed,1,0.0
2025-10,EVT-202510-5D76614FC056-0043,SYN-202510-D5D76614FC056,SYN-202510-P5D76614FC056,2025-10-02T03:24:00,2025-10-01T12:48:40,level_completed,1,0.0
2025-10,EVT-202510-AA14D45B98B6-0003,SYN-202510-DAA14D45B98B6,SYN-202510-PAA14D45B98B6,2025-10-02T03:24:00,2025-10-01T15:06:59,session_start,0,0.0
2025-10,EVT-202510-5D76614FC056-0132,SYN-202510-D5D76614FC056,SYN-202510-P5D76614FC056,2025-10-02T03:27:00,2025-10-01T12:48:40,ad_impression,0,0.0007
2025-10,EVT-202510-5D76614FC056-0051,SYN-202510-D5D76614FC056,SYN-202510-P5D76614FC056,2025-10-02T03:30:00,2025-10-01T12:48:40,level_completed,1,0.0
2025-10,EVT-202510-AA14D45B98B6-0035,SYN-202510-DAA14D45B98B6,SYN-202510-PAA14D45B98B6,2025-10-02T03:31:00,2025-10-01T15:06:59,level_completed,1,0.0
2025-10,EVT-202510-AA14D45B98B6-0008,SYN-202510-DAA14D45B98B6,SYN-202510-PAA14D45B98B6,2025-10-02T03:33:00,2025-10-01T15:06:59,level_completed,1,0.0
2025-10,EVT-202510-AA14D45B98B6-0050,SYN-202510-DAA14D45B98B6,SYN-202510-PAA14D45B98B6,2025-10-02T03:33:00,2025-10-01T15:06:59,level_completed,1,0.0
2025-10,EVT-202510-3358FFB3405F-0003,SYN-202510-D3358FFB3405F,SYN-202510-P3358FFB3405F,2025-10-02T03:35:00,2025-10-02T01:32:58,level_completed,1,0.0
2025-10,EVT-202510-5D76614FC056-0036,SYN-202510-D5D76614FC056,SYN-202510-P5D76614FC056,2025-10-02T03:35:00,2025-10-01T12:48:40,level_completed,1,0.0
2025-10,EVT-202510-AA14D45B98B6-0029,SYN-202510-DAA14D45B98B6,SYN-202510-PAA14D45B98B6,2025-10-02T03:36:00,2025-10-01T15:06:59,level_completed,1,0.0
2025-10,EVT-202510-86B66C324F83-0008,SYN-202510-D86B66C324F83,SYN-202510-P86B66C324F83,2025-10-02T03:43:00,2025-10-01T23:19:16,session_start,0,0.0
2025-10,EVT-202510-AA14D45B98B6-0055,SYN-202510-DAA14D45B98B6,SYN-202510-PAA14D45B98B6,2025-10-02T03:44:00,2025-10-01T15:06:59,level_completed,1,0.0
2025-10,EVT-202510-5D76614FC056-0159,SYN-202510-D5D76614FC056,SYN-202510-P5D76614FC056,2025-10-02T03:46:00,2025-10-01T12:48:40,ad_impression,0,0.0007
2025-10,EVT-202510-86B66C324F83-0535,SYN-202510-D86B66C324F83,SYN-202510-P86B66C324F83,2025-10-02T03:47:00,2025-10-01T23:19:16,ad_impression,0,0.0003
2025-10,EVT-202510-86B66C324F83-0142,SYN-202510-D86B66C324F83,SYN-202510-P86B66C324F83,2025-10-02T03:48:00,2025-10-01T23:19:16,level_completed,1,0.0
2025-10,EVT-202510-86B66C324F83-0082,SYN-202510-D86B66C324F83,SYN-202510-P86B66C324F83,2025-10-02T03:51:00,2025-10-01T23:19:16,level_completed,1,0.0
2025-10,EVT-202510-86B66C324F83-0416,SYN-202510-D86B66C324F83,SYN-202510-P86B66C324F83,2025-10-02T03:52:00,2025-10-01T23:19:16,ad_impression,0,0.0003
2025-10,EVT-202510-86B66C324F83-0453,SYN-202510-D86B66C324F83,SYN-202510-P86B66C324F83,2025-10-02T03:53:00,2025-10-01T23:19:16,ad_impression,0,0.0003
2025-10,EVT-202510-86B66C324F83-0639,SYN-202510-D86B66C324F83,SYN-202510-P86B66C324F83,2025-10-02T03:54:00,2025-10-01T23:19:16,ad_impression,0,0.0003
2025-10,EVT-202510-86B66C324F83-0088,SYN-202510-D86B66C324F83,SYN-202510-P86B66C324F83,2025-10-02T03:55:00,2025-10-01T23:19:16,level_completed,1,0.0
2025-10,EVT-202510-86B66C324F83-0171,SYN-202510-D86B66C324F83,SYN-202510-P86B66C324F83,2025-10-02T03:55:00,2025-10-01T23:19:16,level_completed,1,0.0
2025-10,EVT-202510-86B66C324F83-0223,SYN-202510-D86B66C324F83,SYN-202510-P86B66C324F83,2025-10-02T03:55:00,2025-10-01T23:19:16,level_completed,1,0.0
2025-10,EVT-202510-86B66C324F83-0258,SYN-202510-D86B66C324F83,SYN-202510-P86B66C324F83,2025-10-02T03:55:00,2025-10-01T23:19:16,level_completed,1,0.0
2025-10,EVT-202510-86B66C324F83-0056,SYN-202510-D86B66C324F83,SYN-202510-P86B66C324F83,2025-10-02T04:00:00,2025-10-01T23:19:16,level_completed,1,0.0
2025-10,EVT-202510-86B66C324F83-0294,SYN-202510-D86B66C324F83,SYN-202510-P86B66C324F83,2025-10-02T04:01:00,2025-10-01T23:19:16,level_completed,1,0.0
2025-10,EVT-202510-86B66C324F83-0594,SYN-202510-D86B66C324F83,SYN-202510-P86B66C324F83,2025-10-02T04:01:00,2025-10-01T23:19:16,ad_impression,0,0.0003
2025-10,EVT-202510-AA14D45B98B6-0007,SYN-202510-DAA14D45B98B6,SYN-202510-PAA14D45B98B6,2025-10-02T04:02:00,2025-10-01T15:06:59,level_completed,1,0.0
2025-10,EVT-202510-86B66C324F83-0222,SYN-202510-D86B66C324F83,SYN-202510-P86B66C324F83,2025-10-02T04:03:00,2025-10-01T23:19:16,level_completed,1,0.0
2025-10,EVT-202510-86B66C324F83-0207,SYN-202510-D86B66C324F83,SYN-202510-P86B66C324F83,2025-10-02T04:04:00,2025-10-01T23:19:16,level_completed,1,0.0
2025-10,EVT-202510-86B66C324F83-0539,SYN-202510-D86B66C324F83,SYN-202510-P86B66C324F83,2025-10-02T04:07:00,2025-10-01T23:19:16,ad_impression,0,0.0003
2025-10,EVT-202510-7BBD532C3694-0001,SYN-202510-D7BBD532C3694,SYN-202510-P7BBD532C3694,2025-10-02T04:10:00,2025-10-02T00:50:09,session_start,0,0.0
2025-10,EVT-202510-86B66C324F83-0161,SYN-202510-D86B66C324F83,SYN-202510-P86B66C324F83,2025-10-02T04:12:00,2025-10-01T23:19:16,level_completed,1,0.0
2025-10,EVT-202510-86B66C324F83-0145,SYN-202510-D86B66C324F83,SYN-202510-P86B66C324F83,2025-10-02T04:14:00,2025-10-01T23:19:16,level_completed,1,0.0
2025-10,EVT-202510-7BBD532C3694-0040,SYN-202510-D7BBD532C3694,SYN-202510-P7BBD532C3694,2025-10-02T04:17:00,2025-10-02T00:50:09,level_completed,1,0.0
2025-10,EVT-202510-AA14D45B98B6-0013,SYN-202510-DAA14D45B98B6,SYN-202510-PAA14D45B98B6,2025-10-02T04:17:00,2025-10-01T15:06:59,level_completed,1,0.0
2025-10,EVT-202510-AA14D45B98B6-0010,SYN-202510-DAA14D45B98B6,SYN-202510-PAA14D45B98B6,2025-10-02T04:18:00,2025-10-01T15:06:59,level_completed,1,0.0
2025-10,EVT-202510-BEB2EB5292C8-0001,SYN-202510-DBEB2EB5292C8,SYN-202510-PBEB2EB5292C8,2025-10-02T04:19:00,2025-10-02T03:38:56,session_start,0,0.0
2025-10,EVT-202510-7704ED0111AA-0020,SYN-202510-D7704ED0111AA,SYN-202510-P7704ED0111AA,2025-10-02T04:20:00,2025-10-01T05:57:44,level_completed,1,0.0
2025-10,EVT-202510-86B66C324F83-0531,SYN-202510-D86B66C324F83,SYN-202510-P86B66C324F83,2025-10-02T04:24:00,2025-10-01T23:19:16,ad_impression,0,0.0003
2025-10,EVT-202510-86B66C324F83-0140,SYN-202510-D86B66C324F83,SYN-202510-P86B66C324F83,2025-10-02T04:26:00,2025-10-01T23:19:16,level_completed,1,0.0
2025-10,EVT-202510-BEB2EB5292C8-0005,SYN-202510-DBEB2EB5292C8,SYN-202510-PBEB2EB5292C8,2025-10-02T04:26:00,2025-10-02T03:38:56,level_completed,1,0.0
2025-10,EVT-202510-86B66C324F83-0106,SYN-202510-D86B66C324F83,SYN-202510-P86B66C324F83,2025-10-02T04:27:00,2025-10-01T23:19:16,level_completed,1,0.0
2025-10,EVT-202510-86B66C324F83-0041,SYN-202510-D86B66C324F83,SYN-202510-P86B66C324F83,2025-10-02T04:30:00,2025-10-01T23:19:16,level_completed,1,0.0
2025-10,EVT-202510-AA14D45B98B6-0051,SYN-202510-DAA14D45B98B6,SYN-202510-PAA14D45B98B6,2025-10-02T04:30:00,2025-10-01T15:06:59,level_completed,1,0.0
2025-10,EVT-202510-AA14D45B98B6-0063,SYN-202510-DAA14D45B98B6,SYN-202510-PAA14D45B98B6,2025-10-02T04:30:00,2025-10-01T15:06:59,ad_impression,0,0.0112
2025-10,EVT-202510-BEB2EB5292C8-0003,SYN-202510-DBEB2EB5292C8,SYN-202510-PBEB2EB5292C8,2025-10-02T04:30:00,2025-10-02T03:38:56,level_completed,1,0.0
2025-10,EVT-202510-86B66C324F83-0400,SYN-202510-D86B66C324F83,SYN-202510-P86B66C324F83,2025-10-02T04:40:00,2025-10-01T23:19:16,ad_impression,0,0.0003
2025-10,EVT-202510-86B66C324F83-0390,SYN-202510-D86B66C324F83,SYN-202510-P86B66C324F83,2025-10-02T04:41:00,2025-10-01T23:19:16,ad_impression,0,0.0003
2025-10,EVT-202510-86B66C324F83-0391,SYN-202510-D86B66C324F83,SYN-202510-P86B66C324F83,2025-10-02T04:42:00,2025-10-01T23:19:16,ad_impression,0,0.0003
2025-10,EVT-202510-86B66C324F83-0549,SYN-202510-D86B66C324F83,SYN-202510-P86B66C324F83,2025-10-02T04:42:00,2025-10-01T23:19:16,ad_impression,0,0.0003
2025-10,EVT-202510-86B66C324F83-0305,SYN-202510-D86B66C324F83,SYN-202510-P86B66C324F83,2025-10-02T04:43:00,2025-10-01T23:19:16,level_completed,1,0.0
2025-10,EVT-202510-AA14D45B98B6-0040,SYN-202510-DAA14D45B98B6,SYN-202510-PAA14D45B98B6,2025-10-02T04:43:00,2025-10-01T15:06:59,level_completed,1,0.0
2025-10,EVT-202510-86B66C324F83-0219,SYN-202510-D86B66C324F83,SYN-202510-P86B66C324F83,2025-10-02T04:44:00,2025-10-01T23:19:16,level_completed,1,0.0
2025-10,EVT-202510-86B66C324F83-0035,SYN-202510-D86B66C324F83,SYN-202510-P86B66C324F83,2025-10-02T04:47:00,2025-10-01T23:19:16,level_completed,1,0.0
2025-10,EVT-202510-86B66C324F83-0069,SYN-202510-D86B66C324F83,SYN-202510-P86B66C324F83,2025-10-02T04:47:00,2025-10-01T23:19:16,level_completed,1,0.0
2025-10,EVT-202510-86B66C324F83-0179,SYN-202510-D86B66C324F83,SYN-202510-P86B66C324F83,2025-10-02T04:49:00,2025-10-01T23:19:16,level_completed,1,0.0
2025-10,EVT-202510-86B66C324F83-0264,SYN-202510-D86B66C324F83,SYN-202510-P86B66C324F83,2025-10-02T04:51:00,2025-10-01T23:19:16,level_completed,1,0.0
2025-10,EVT-202510-86B66C324F83-0038,SYN-202510-D86B66C324F83,SYN-202510-P86B66C324F83,2025-10-02T04:53:00,2025-10-01T23:19:16,level_completed,1,0.0
2025-10,EVT-202510-7BBD532C3694-0028,SYN-202510-D7BBD532C3694,SYN-202510-P7BBD532C3694,2025-10-02T04:58:00,2025-10-02T00:50:09,level_completed,1,0.0
2025-10,EVT-202510-86B66C324F83-0248,SYN-202510-D86B66C324F83,SYN-202510-P86B66C324F83,2025-10-02T05:01:00,2025-10-01T23:19:16,level_completed,1,0.0
2025-10,EVT-202510-7BBD532C3694-0036,SYN-202510-D7BBD532C3694,SYN-202510-P7BBD532C3694,2025-10-02T05:02:00,2025-10-02T00:50:09,level_completed,1,0.0
2025-10,EVT-202510-86B66C324F83-0485,SYN-202510-D86B66C324F83,SYN-202510-P86B66C324F83,2025-10-02T05:03:00,2025-10-01T23:19:16,ad_impression,0,0.0003
2025-10,EVT-202510-86B66C324F83-0554,SYN-202510-D86B66C324F83,SYN-202510-P86B66C324F83,2025-10-02T05:04:00,2025-10-01T23:19:16,ad_impression,0,0.0003
2025-10,EVT-202510-7BBD532C3694-0006,SYN-202510-D7BBD532C3694,SYN-202510-P7BBD532C3694,2025-10-02T05:09:00,2025-10-02T00:50:09,level_completed,1,0.0
2025-10,EVT-202510-7BBD532C3694-0051,SYN-202510-D7BBD532C3694,SYN-202510-P7BBD532C3694,2025-10-02T05:15:00,2025-10-02T00:50:09,ad_impression,0,0.0154
2025-10,EVT-202510-7BBD532C3694-0044,SYN-202510-D7BBD532C3694,SYN-202510-P7BBD532C3694,2025-10-02T05:18:00,2025-10-02T00:50:09,ad_impression,0,0.0154
2025-10,EVT-202510-BEB2EB5292C8-0008,SYN-202510-DBEB2EB5292C8,SYN-202510-PBEB2EB5292C8,2025-10-02T05:21:00,2025-10-02T03:38:56,level_completed,1,0.0
2025-10,EVT-202510-BEB2EB5292C8-0006,SYN-202510-DBEB2EB5292C8,SYN-202510-PBEB2EB5292C8,2025-10-02T05:29:00,2025-10-02T03:38:56,level_completed,1,0.0
2025-10,EVT-202510-7BBD532C3694-0050,SYN-202510-D7BBD532C3694,SYN-202510-P7BBD532C3694,2025-10-02T05:37:00,2025-10-02T00:50:09,ad_impression,0,0.0154
2025-10,EVT-202510-067D9004AE72-0001,SYN-202510-D067D9004AE72,SYN-202510-P067D9004AE72,2025-10-02T06:36:38,2025-10-02T06:35:38,session_start,0,0.0
2025-10,EVT-202510-067D9004AE72-0022,SYN-202510-D067D9004AE72,SYN-202510-P067D9004AE72,2025-10-02T06:55:38,2025-10-02T06:35:38,level_completed,1,0.0
2025-10,EVT-202510-067D9004AE72-0040,SYN-202510-D067D9004AE72,SYN-202510-P067D9004AE72,2025-10-02T07:00:38,2025-10-02T06:35:38,level_completed,1,0.0
2025-10,EVT-202510-067D9004AE72-0052,SYN-202510-D067D9004AE72,SYN-202510-P067D9004AE72,2025-10-02T07:08:38,2025-10-02T06:35:38,level_completed,1,0.0
2025-10,EVT-202510-067D9004AE72-0015,SYN-202510-D067D9004AE72,SYN-202510-P067D9004AE72,2025-10-02T07:16:38,2025-10-02T06:35:38,level_completed,1,0.0
2025-10,EVT-202510-067D9004AE72-0033,SYN-202510-D067D9004AE72,SYN-202510-P067D9004AE72,2025-10-02T07:20:38,2025-10-02T06:35:38,level_completed,1,0.0
2025-10,EVT-202510-067D9004AE72-0021,SYN-202510-D067D9004AE72,SYN-202510-P067D9004AE72,2025-10-02T07:34:38,2025-10-02T06:35:38,level_completed,1,0.0
2025-10,EVT-202510-067D9004AE72-0037,SYN-202510-D067D9004AE72,SYN-202510-P067D9004AE72,2025-10-02T07:34:38,2025-10-02T06:35:38,level_completed,1,0.0
2025-10,EVT-202510-067D9004AE72-0042,SYN-202510-D067D9004AE72,SYN-202510-P067D9004AE72,2025-10-02T07:36:38,2025-10-02T06:35:38,level_completed,1,0.0
2025-10,EVT-202510-067D9004AE72-0038,SYN-202510-D067D9004AE72,SYN-202510-P067D9004AE72,2025-10-02T07:54:38,2025-10-02T06:35:38,level_completed,1,0.0
2025-10,EVT-202510-067D9004AE72-0061,SYN-202510-D067D9004AE72,SYN-202510-P067D9004AE72,2025-10-02T07:56:38,2025-10-02T06:35:38,ad_impression,0,0.0192
2025-10,EVT-202510-0CD0955BCE5A-0003,SYN-202510-D0CD0955BCE5A,SYN-202510-P0CD0955BCE5A,2025-10-02T08:18:00,2025-10-01T07:12:16,session_start,0,0.0
2025-10,EVT-202510-0CD0955BCE5A-0020,SYN-202510-D0CD0955BCE5A,SYN-202510-P0CD0955BCE5A,2025-10-02T08:23:00,2025-10-01T07:12:16,level_completed,1,0.0
2025-10,EVT-202510-0CD0955BCE5A-0044,SYN-202510-D0CD0955BCE5A,SYN-202510-P0CD0955BCE5A,2025-10-02T08:40:00,2025-10-01T07:12:16,level_completed,1,0.0
2025-10,EVT-202510-0CD0955BCE5A-0063,SYN-202510-D0CD0955BCE5A,SYN-202510-P0CD0955BCE5A,2025-10-02T08:40:00,2025-10-01T07:12:16,level_completed,1,0.0
2025-10,EVT-202510-71E7E9B5FBC7-0001,SYN-202510-D71E7E9B5FBC7,SYN-202510-P71E7E9B5FBC7,2025-10-02T08:44:00,2025-10-02T01:55:33,session_start,0,0.0
2025-10,EVT-202510-7679E7CC7CF2-0001,SYN-202510-D7679E7CC7CF2,SYN-202510-P7679E7CC7CF2,2025-10-02T08:46:25,2025-10-02T08:45:25,session_start,0,0.0
2025-10,EVT-202510-7679E7CC7CF2-0025,SYN-202510-D7679E7CC7CF2,SYN-202510-P7679E7CC7CF2,2025-10-02T08:49:25,2025-10-02T08:45:25,ad_impression,0,0.0614
2025-10,EVT-202510-7679E7CC7CF2-0013,SYN-202510-D7679E7CC7CF2,SYN-202510-P7679E7CC7CF2,2025-10-02T08:55:25,2025-10-02T08:45:25,level_completed,1,0.0
2025-10,EVT-202510-669A90185267-0001,SYN-202510-D669A90185267,SYN-202510-P669A90185267,2025-10-02T08:56:00,2025-10-02T06:19:24,session_start,0,0.0
2025-10,EVT-202510-0CD0955BCE5A-0081,SYN-202510-D0CD0955BCE5A,SYN-202510-P0CD0955BCE5A,2025-10-02T09:05:00,2025-10-01T07:12:16,ad_impression,0,0.013
2025-10,EVT-202510-0CD0955BCE5A-0082,SYN-202510-D0CD0955BCE5A,SYN-202510-P0CD0955BCE5A,2025-10-02T09:05:00,2025-10-01T07:12:16,ad_impression,0,0.013
2025-10,EVT-202510-0CD0955BCE5A-0039,SYN-202510-D0CD0955BCE5A,SYN-202510-P0CD0955BCE5A,2025-10-02T09:08:00,2025-10-01T07:12:16,level_completed,1,0.0
2025-10,EVT-202510-71E7E9B5FBC7-0003,SYN-202510-D71E7E9B5FBC7,SYN-202510-P71E7E9B5FBC7,2025-10-02T09:13:00,2025-10-02T01:55:33,level_completed,1,0.0
2025-10,EVT-202510-7679E7CC7CF2-0005,SYN-202510-D7679E7CC7CF2,SYN-202510-P7679E7CC7CF2,2025-10-02T09:15:25,2025-10-02T08:45:25,level_completed,1,0.0
2025-10,EVT-202510-669A90185267-0002,SYN-202510-D669A90185267,SYN-202510-P669A90185267,2025-10-02T09:18:00,2025-10-02T06:19:24,level_completed,1,0.0
2025-10,EVT-202510-7679E7CC7CF2-0018,SYN-202510-D7679E7CC7CF2,SYN-202510-P7679E7CC7CF2,2025-10-02T09:25:25,2025-10-02T08:45:25,level_completed,1,0.0
2025-10,EVT-202510-7679E7CC7CF2-0009,SYN-202510-D7679E7CC7CF2,SYN-202510-P7679E7CC7CF2,2025-10-02T09:29:25,2025-10-02T08:45:25,level_completed,1,0.0
2025-10,EVT-202510-0CD0955BCE5A-0027,SYN-202510-D0CD0955BCE5A,SYN-202510-P0CD0955BCE5A,2025-10-02T09:30:00,2025-10-01T07:12:16,level_completed,1,0.0
2025-10,EVT-202510-0CD0955BCE5A-0059,SYN-202510-D0CD0955BCE5A,SYN-202510-P0CD0955BCE5A,2025-10-02T09:31:00,2025-10-01T07:12:16,level_completed,1,0.0
2025-10,EVT-202510-0CD0955BCE5A-0053,SYN-202510-D0CD0955BCE5A,SYN-202510-P0CD0955BCE5A,2025-10-02T09:32:00,2025-10-01T07:12:16,level_completed,1,0.0
2025-10,EVT-202510-669A90185267-0003,SYN-202510-D669A90185267,SYN-202510-P669A90185267,2025-10-02T09:35:00,2025-10-02T06:19:24,level_completed,1,0.0
2025-10,EVT-202510-86B66C324F83-0009,SYN-202510-D86B66C324F83,SYN-202510-P86B66C324F83,2025-10-02T09:37:00,2025-10-01T23:19:16,session_start,0,0.0
2025-10,EVT-202510-71E7E9B5FBC7-0004,SYN-202510-D71E7E9B5FBC7,SYN-202510-P71E7E9B5FBC7,2025-10-02T09:38:00,2025-10-02T01:55:33,level_completed,1,0.0
2025-10,EVT-202510-669A90185267-0004,SYN-202510-D669A90185267,SYN-202510-P669A90185267,2025-10-02T09:42:00,2025-10-02T06:19:24,level_completed,1,0.0
2025-10,EVT-202510-7679E7CC7CF2-0010,SYN-202510-D7679E7CC7CF2,SYN-202510-P7679E7CC7CF2,2025-10-02T09:47:25,2025-10-02T08:45:25,level_completed,1,0.0
2025-10,EVT-202510-7679E7CC7CF2-0014,SYN-202510-D7679E7CC7CF2,SYN-202510-P7679E7CC7CF2,2025-10-02T09:51:25,2025-10-02T08:45:25,level_completed,1,0.0
2025-10,EVT-202510-86B66C324F83-0131,SYN-202510-D86B66C324F83,SYN-202510-P86B66C324F83,2025-10-02T09:54:00,2025-10-01T23:19:16,level_completed,1,0.0
2025-10,EVT-202510-86B66C324F83-0074,SYN-202510-D86B66C324F83,SYN-202510-P86B66C324F83,2025-10-02T10:02:00,2025-10-01T23:19:16,level_completed,1,0.0
2025-10,EVT-202510-86B66C324F83-0115,SYN-202510-D86B66C324F83,SYN-202510-P86B66C324F83,2025-10-02T10:02:00,2025-10-01T23:19:16,level_completed,1,0.0
2025-10,EVT-202510-7679E7CC7CF2-0008,SYN-202510-D7679E7CC7CF2,SYN-202510-P7679E7CC7CF2,2025-10-02T10:02:25,2025-10-02T08:45:25,level_completed,1,0.0
2025-10,EVT-202510-86B66C324F83-0050,SYN-202510-D86B66C324F83,SYN-202510-P86B66C324F83,2025-10-02T10:03:00,2025-10-01T23:19:16,level_completed,1,0.0
2025-10,EVT-202510-86B66C324F83-0139,SYN-202510-D86B66C324F83,SYN-202510-P86B66C324F83,2025-10-02T10:05:00,2025-10-01T23:19:16,level_completed,1,0.0
2025-10,EVT-202510-86B66C324F83-0513,SYN-202510-D86B66C324F83,SYN-202510-P86B66C324F83,2025-10-02T10:08:00,2025-10-01T23:19:16,ad_impression,0,0.0003
2025-10,EVT-202510-86B66C324F83-0024,SYN-202510-D86B66C324F83,SYN-202510-P86B66C324F83,2025-10-02T10:09:00,2025-10-01T23:19:16,level_completed,1,0.0
2025-10,EVT-202510-86B66C324F83-0133,SYN-202510-D86B66C324F83,SYN-202510-P86B66C324F83,2025-10-02T10:09:00,2025-10-01T23:19:16,level_completed,1,0.0
2025-10,EVT-202510-86B66C324F83-0183,SYN-202510-D86B66C324F83,SYN-202510-P86B66C324F83,2025-10-02T10:10:00,2025-10-01T23:19:16,level_completed,1,0.0
2025-10,EVT-202510-86B66C324F83-0348,SYN-202510-D86B66C324F83,SYN-202510-P86B66C324F83,2025-10-02T10:11:00,2025-10-01T23:19:16,ad_impression,0,0.0003
2025-10,EVT-202510-86B66C324F83-0031,SYN-202510-D86B66C324F83,SYN-202510-P86B66C324F83,2025-10-02T10:12:00,2025-10-01T23:19:16,level_completed,1,0.0
2025-10,EVT-202510-86B66C324F83-0081,SYN-202510-D86B66C324F83,SYN-202510-P86B66C324F83,2025-10-02T10:14:00,2025-10-01T23:19:16,level_completed,1,0.0
2025-10,EVT-202510-86B66C324F83-0227,SYN-202510-D86B66C324F83,SYN-202510-P86B66C324F83,2025-10-02T10:14:00,2025-10-01T23:19:16,level_completed,1,0.0
2025-10,EVT-202510-903487C12D74-0001,SYN-202510-D903487C12D74,SYN-202510-P903487C12D74,2025-10-02T10:15:31,2025-10-02T10:14:31,session_start,0,0.0
2025-10,EVT-202510-903487C12D74-0002,SYN-202510-D903487C12D74,SYN-202510-P903487C12D74,2025-10-02T10:15:31,2025-10-02T10:14:31,session_start,0,0.0
2025-10,EVT-202510-86B66C324F83-0117,SYN-202510-D86B66C324F83,SYN-202510-P86B66C324F83,2025-10-02T10:20:00,2025-10-01T23:19:16,level_completed,1,0.0
2025-10,EVT-202510-86B66C324F83-0540,SYN-202510-D86B66C324F83,SYN-202510-P86B66C324F83,2025-10-02T10:20:00,2025-10-01T23:19:16,ad_impression,0,0.0003
2025-10,EVT-202510-8353147AF532-0001,SYN-202510-D8353147AF532,SYN-202510-P8353147AF532,2025-10-02T10:20:31,2025-10-02T10:19:31,session_start,0,0.0
2025-10,EVT-202510-903487C12D74-0005,SYN-202510-D903487C12D74,SYN-202510-P903487C12D74,2025-10-02T10:20:31,2025-10-02T10:14:31,level_completed,1,0.0
2025-10,EVT-202510-86B66C324F83-0432,SYN-202510-D86B66C324F83,SYN-202510-P86B66C324F83,2025-10-02T10:22:00,2025-10-01T23:19:16,ad_impression,0,0.0003
2025-10,EVT-202510-86B66C324F83-0135,SYN-202510-D86B66C324F83,SYN-202510-P86B66C324F83,2025-10-02T10:23:00,2025-10-01T23:19:16,level_completed,1,0.0
2025-10,EVT-202510-86B66C324F83-0608,SYN-202510-D86B66C324F83,SYN-202510-P86B66C324F83,2025-10-02T10:23:00,2025-10-01T23:19:16,ad_impression,0,0.0003
2025-10,EVT-202510-903487C12D74-0004,SYN-202510-D903487C12D74,SYN-202510-P903487C12D74,2025-10-02T10:23:31,2025-10-02T10:14:31,level_completed,1,0.0
2025-10,EVT-202510-86B66C324F83-0404,SYN-202510-D86B66C324F83,SYN-202510-P86B66C324F83,2025-10-02T10:24:00,2025-10-01T23:19:16,ad_impression,0,0.0003
2025-10,EVT-202510-86B66C324F83-0496,SYN-202510-D86B66C324F83,SYN-202510-P86B66C324F83,2025-10-02T10:25:00,2025-10-01T23:19:16,ad_impression,0,0.0003
2025-10,EVT-202510-86B66C324F83-0187,SYN-202510-D86B66C324F83,SYN-202510-P86B66C324F83,2025-10-02T10:31:00,2025-10-01T23:19:16,level_completed,1,0.0
2025-10,EVT-202510-86B66C324F83-0237,SYN-202510-D86B66C324F83,SYN-202510-P86B66C324F83,2025-10-02T10:31:00,2025-10-01T23:19:16,level_completed,1,0.0
2025-10,EVT-202510-96F6A1B4BE7B-0001,SYN-202510-D96F6A1B4BE7B,SYN-202510-P96F6A1B4BE7B,2025-10-02T10:31:00,2025-10-02T07:27:04,session_start,0,0.0
2025-10,EVT-202510-96F6A1B4BE7B-0022,SYN-202510-D96F6A1B4BE7B,SYN-202510-P96F6A1B4BE7B,2025-10-02T10:33:00,2025-10-02T07:27:04,level_completed,1,0.0
2025-10,EVT-202510-86B66C324F83-0441,SYN-202510-D86B66C324F83,SYN-202510-P86B66C324F83,2025-10-02T10:34:00,2025-10-01T23:19:16,ad_impression,0,0.0003
2025-10,EVT-202510-86B66C324F83-0085,SYN-202510-D86B66C324F83,SYN-202510-P86B66C324F83,2025-10-02T10:37:00,2025-10-01T23:19:16,level_completed,1,0.0
2025-10,EVT-202510-86B66C324F83-0624,SYN-202510-D86B66C324F83,SYN-202510-P86B66C324F83,2025-10-02T10:38:00,2025-10-01T23:19:16,ad_impression,0,0.0003
2025-10,EVT-202510-8353147AF532-0005,SYN-202510-D8353147AF532,SYN-202510-P8353147AF532,2025-10-02T10:39:31,2025-10-02T10:19:31,level_completed,1,0.0
2025-10,EVT-202510-BEB2EB5292C8-0002,SYN-202510-DBEB2EB5292C8,SYN-202510-PBEB2EB5292C8,2025-10-02T10:42:00,2025-10-02T03:38:56,session_start,0,0.0
2025-10,EVT-202510-86B66C324F83-0342,SYN-202510-D86B66C324F83,SYN-202510-P86B66C324F83,2025-10-02T10:44:00,2025-10-01T23:19:16,level_completed,1,0.0
2025-10,EVT-202510-86B66C324F83-0169,SYN-202510-D86B66C324F83,SYN-202510-P86B66C324F83,2025-10-02T10:46:00,2025-10-01T23:19:16,level_completed,1,0.0
2025-10,EVT-202510-86B66C324F83-0193,SYN-202510-D86B66C324F83,SYN-202510-P86B66C324F83,2025-10-02T10:51:00,2025-10-01T23:19:16,level_completed,1,0.0
2025-10,EVT-202510-86B66C324F83-0570,SYN-202510-D86B66C324F83,SYN-202510-P86B66C324F83,2025-10-02T10:51:00,2025-10-01T23:19:16,ad_impression,0,0.0003
2025-10,EVT-202510-BEB2EB5292C8-0013,SYN-202510-DBEB2EB5292C8,SYN-202510-PBEB2EB5292C8,2025-10-02T10:51:00,2025-10-02T03:38:56,level_completed,1,0.0
2025-10,EVT-202510-86B66C324F83-0283,SYN-202510-D86B66C324F83,SYN-202510-P86B66C324F83,2025-10-02T10:53:00,2025-10-01T23:19:16,level_completed,1,0.0
2025-10,EVT-202510-86B66C324F83-0602,SYN-202510-D86B66C324F83,SYN-202510-P86B66C324F83,2025-10-02T10:54:00,2025-10-01T23:19:16,ad_impression,0,0.0003
2025-10,EVT-202510-86B66C324F83-0113,SYN-202510-D86B66C324F83,SYN-202510-P86B66C324F83,2025-10-02T10:57:00,2025-10-01T23:19:16,level_completed,1,0.0
2025-10,EVT-202510-86B66C324F83-0451,SYN-202510-D86B66C324F83,SYN-202510-P86B66C324F83,2025-10-02T10:57:00,2025-10-01T23:19:16,ad_impression,0,0.0003
2025-10,EVT-202510-86B66C324F83-0526,SYN-202510-D86B66C324F83,SYN-202510-P86B66C324F83,2025-10-02T11:02:00,2025-10-01T23:19:16,ad_impression,0,0.0003
2025-10,EVT-202510-96F6A1B4BE7B-0041,SYN-202510-D96F6A1B4BE7B,SYN-202510-P96F6A1B4BE7B,2025-10-02T11:04:00,2025-10-02T07:27:04,level_completed,1,0.0
2025-10,EVT-202510-BEB2EB5292C8-0004,SYN-202510-DBEB2EB5292C8,SYN-202510-PBEB2EB5292C8,2025-10-02T11:08:00,2025-10-02T03:38:56,level_completed,1,0.0
2025-10,EVT-202510-BEB2EB5292C8-0012,SYN-202510-DBEB2EB5292C8,SYN-202510-PBEB2EB5292C8,2025-10-02T11:09:00,2025-10-02T03:38:56,level_completed,1,0.0
2025-10,EVT-202510-8353147AF532-0006,SYN-202510-D8353147AF532,SYN-202510-P8353147AF532,2025-10-02T11:10:31,2025-10-02T10:19:31,level_completed,1,0.0
2025-10,EVT-202510-BEB2EB5292C8-0007,SYN-202510-DBEB2EB5292C8,SYN-202510-PBEB2EB5292C8,2025-10-02T11:11:00,2025-10-02T03:38:56,level_completed,1,0.0
2025-10,EVT-202510-067D9004AE72-0002,SYN-202510-D067D9004AE72,SYN-202510-P067D9004AE72,2025-10-02T11:18:00,2025-10-02T06:35:38,session_start,0,0.0
2025-10,EVT-202510-903487C12D74-0003,SYN-202510-D903487C12D74,SYN-202510-P903487C12D74,2025-10-02T11:21:31,2025-10-02T10:14:31,level_completed,1,0.0
2025-10,EVT-202510-96F6A1B4BE7B-0052,SYN-202510-D96F6A1B4BE7B,SYN-202510-P96F6A1B4BE7B,2025-10-02T11:23:00,2025-10-02T07:27:04,ad_impression,0,0.0043
2025-10,EVT-202510-BEB2EB5292C8-0009,SYN-202510-DBEB2EB5292C8,SYN-202510-PBEB2EB5292C8,2025-10-02T11:23:00,2025-10-02T03:38:56,level_completed,1,0.0
2025-10,EVT-202510-96F6A1B4BE7B-0023,SYN-202510-D96F6A1B4BE7B,SYN-202510-P96F6A1B4BE7B,2025-10-02T11:28:00,2025-10-02T07:27:04,level_completed,1,0.0
2025-10,EVT-202510-067D9004AE72-0007,SYN-202510-D067D9004AE72,SYN-202510-P067D9004AE72,2025-10-02T11:33:00,2025-10-02T06:35:38,level_completed,1,0.0
2025-10,EVT-202510-3DD8EC501AEA-0001,SYN-202510-D3DD8EC501AEA,SYN-202510-P3DD8EC501AEA,2025-10-02T11:39:56,2025-10-02T11:38:56,session_start,0,0.0
2025-10,EVT-202510-3DD8EC501AEA-0002,SYN-202510-D3DD8EC501AEA,SYN-202510-P3DD8EC501AEA,2025-10-02T11:39:56,2025-10-02T11:38:56,session_start,0,0.0
2025-10,EVT-202510-E81719C946BD-0001,SYN-202510-DE81719C946BD,SYN-202510-PE81719C946BD,2025-10-02T11:41:00,2025-10-02T01:42:47,session_start,0,0.0
2025-10,EVT-202510-E81719C946BD-0018,SYN-202510-DE81719C946BD,SYN-202510-PE81719C946BD,2025-10-02T11:44:00,2025-10-02T01:42:47,level_completed,1,0.0
2025-10,EVT-202510-5D76614FC056-0009,SYN-202510-D5D76614FC056,SYN-202510-P5D76614FC056,2025-10-02T11:45:00,2025-10-01T12:48:40,session_start,0,0.0
2025-10,EVT-202510-BEB2EB5292C8-0011,SYN-202510-DBEB2EB5292C8,SYN-202510-PBEB2EB5292C8,2025-10-02T11:46:00,2025-10-02T03:38:56,level_completed,1,0.0
2025-10,EVT-202510-E81719C946BD-0008,SYN-202510-DE81719C946BD,SYN-202510-PE81719C946BD,2025-10-02T11:46:00,2025-10-02T01:42:47,level_completed,1,0.0
2025-10,EVT-202510-E81719C946BD-0014,SYN-202510-DE81719C946BD,SYN-202510-PE81719C946BD,2025-10-02T11:47:00,2025-10-02T01:42:47,level_completed,1,0.0
2025-10,EVT-202510-3DD8EC501AEA-0013,SYN-202510-D3DD8EC501AEA,SYN-202510-P3DD8EC501AEA,2025-10-02T11:47:56,2025-10-02T11:38:56,level_completed,1,0.0
2025-10,EVT-202510-067D9004AE72-0026,SYN-202510-D067D9004AE72,SYN-202510-P067D9004AE72,2025-10-02T11:52:00,2025-10-02T06:35:38,level_completed,1,0.0
2025-10,EVT-202510-BEB2EB5292C8-0010,SYN-202510-DBEB2EB5292C8,SYN-202510-PBEB2EB5292C8,2025-10-02T11:52:00,2025-10-02T03:38:56,level_completed,1,0.0
2025-10,EVT-202510-3DD8EC501AEA-0006,SYN-202510-D3DD8EC501AEA,SYN-202510-P3DD8EC501AEA,2025-10-02T11:53:56,2025-10-02T11:38:56,level_completed,1,0.0
2025-10,EVT-202510-5D76614FC056-0184,SYN-202510-D5D76614FC056,SYN-202510-P5D76614FC056,2025-10-02T11:54:00,2025-10-01T12:48:40,ad_impression,0,0.0007
2025-10,EVT-202510-5D76614FC056-0151,SYN-202510-D5D76614FC056,SYN-202510-P5D76614FC056,2025-10-02T11:55:00,2025-10-01T12:48:40,ad_impression,0,0.0007
2025-10,EVT-202510-10C908727422-0001,SYN-202510-D10C908727422,SYN-202510-P10C908727422,2025-10-02T11:56:27,2025-10-02T11:55:27,session_start,0,0.0
2025-10,EVT-202510-E81719C946BD-0020,SYN-202510-DE81719C946BD,SYN-202510-PE81719C946BD,2025-10-02T11:57:00,2025-10-02T01:42:47,level_completed,1,0.0
2025-10,EVT-202510-067D9004AE72-0016,SYN-202510-D067D9004AE72,SYN-202510-P067D9004AE72,2025-10-02T11:58:00,2025-10-02T06:35:38,level_completed,1,0.0
2025-10,EVT-202510-067D9004AE72-0045,SYN-202510-D067D9004AE72,SYN-202510-P067D9004AE72,2025-10-02T12:00:00,2025-10-02T06:35:38,level_completed,1,0.0
2025-10,EVT-202510-5D76614FC056-0061,SYN-202510-D5D76614FC056,SYN-202510-P5D76614FC056,2025-10-02T12:00:00,2025-10-01T12:48:40,level_completed,1,0.0
2025-10,EVT-202510-5D76614FC056-0075,SYN-202510-D5D76614FC056,SYN-202510-P5D76614FC056,2025-10-02T12:01:00,2025-10-01T12:48:40,level_completed,1,0.0
2025-10,EVT-202510-5D76614FC056-0115,SYN-202510-D5D76614FC056,SYN-202510-P5D76614FC056,2025-10-02T12:01:00,2025-10-01T12:48:40,ad_impression,0,0.0007
2025-10,EVT-202510-89935E658478-0001,SYN-202510-D89935E658478,SYN-202510-P89935E658478,2025-10-02T12:01:00,2025-10-02T06:31:25,session_start,0,0.0
2025-10,EVT-202510-5D76614FC056-0110,SYN-202510-D5D76614FC056,SYN-202510-P5D76614FC056,2025-10-02T12:02:00,2025-10-01T12:48:40,level_completed,1,0.0
2025-10,EVT-202510-10C908727422-0003,SYN-202510-D10C908727422,SYN-202510-P10C908727422,2025-10-02T12:02:27,2025-10-02T11:55:27,level_completed,1,0.0
2025-10,EVT-202510-5D76614FC056-0028,SYN-202510-D5D76614FC056,SYN-202510-P5D76614FC056,2025-10-02T12:04:00,2025-10-01T12:48:40,level_completed,1,0.0
2025-10,EVT-202510-E81719C946BD-0021,SYN-202510-DE81719C946BD,SYN-202510-PE81719C946BD,2025-10-02T12:04:00,2025-10-02T01:42:47,ad_impression,0,0.0545
2025-10,EVT-202510-E81719C946BD-0015,SYN-202510-DE81719C946BD,SYN-202510-PE81719C946BD,2025-10-02T12:05:00,2025-10-02T01:42:47,level_completed,1,0.0
2025-10,EVT-202510-5D76614FC056-0079,SYN-202510-D5D76614FC056,SYN-202510-P5D76614FC056,2025-10-02T12:07:00,2025-10-01T12:48:40,level_completed,1,0.0
2025-10,EVT-202510-067D9004AE72-0028,SYN-202510-D067D9004AE72,SYN-202510-P067D9004AE72,2025-10-02T12:08:00,2025-10-02T06:35:38,level_completed,1,0.0
2025-10,EVT-202510-5D76614FC056-0135,SYN-202510-D5D76614FC056,SYN-202510-P5D76614FC056,2025-10-02T12:08:00,2025-10-01T12:48:40,ad_impression,0,0.0007
2025-10,EVT-202510-E81719C946BD-0019,SYN-202510-DE81719C946BD,SYN-202510-PE81719C946BD,2025-10-02T12:11:00,2025-10-02T01:42:47,level_completed,1,0.0
2025-10,EVT-202510-5D76614FC056-0167,SYN-202510-D5D76614FC056,SYN-202510-P5D76614FC056,2025-10-02T12:12:00,2025-10-01T12:48:40,ad_impression,0,0.0007
2025-10,EVT-202510-067D9004AE72-0023,SYN-202510-D067D9004AE72,SYN-202510-P067D9004AE72,2025-10-02T12:13:00,2025-10-02T06:35:38,level_completed,1,0.0
2025-10,EVT-202510-E81719C946BD-0002,SYN-202510-DE81719C946BD,SYN-202510-PE81719C946BD,2025-10-02T12:17:00,2025-10-02T01:42:47,level_completed,1,0.0
2025-10,EVT-202510-E81719C946BD-0011,SYN-202510-DE81719C946BD,SYN-202510-PE81719C946BD,2025-10-02T12:17:00,2025-10-02T01:42:47,level_completed,1,0.0
2025-10,EVT-202510-E81719C946BD-0009,SYN-202510-DE81719C946BD,SYN-202510-PE81719C946BD,2025-10-02T12:21:00,2025-10-02T01:42:47,level_completed,1,0.0
2025-10,EVT-202510-3DD8EC501AEA-0011,SYN-202510-D3DD8EC501AEA,SYN-202510-P3DD8EC501AEA,2025-10-02T12:21:56,2025-10-02T11:38:56,level_completed,1,0.0
2025-10,EVT-202510-750FE15ED3F4-0001,SYN-202510-D750FE15ED3F4,SYN-202510-P750FE15ED3F4,2025-10-02T12:22:01,2025-10-02T12:21:01,session_start,0,0.0
2025-10,EVT-202510-750FE15ED3F4-0002,SYN-202510-D750FE15ED3F4,SYN-202510-P750FE15ED3F4,2025-10-02T12:22:01,2025-10-02T12:21:01,session_start,0,0.0
2025-10,EVT-202510-E81719C946BD-0010,SYN-202510-DE81719C946BD,SYN-202510-PE81719C946BD,2025-10-02T12:23:00,2025-10-02T01:42:47,level_completed,1,0.0
2025-10,EVT-202510-5D76614FC056-0195,SYN-202510-D5D76614FC056,SYN-202510-P5D76614FC056,2025-10-02T12:26:00,2025-10-01T12:48:40,ad_impression,0,0.0007
2025-10,EVT-202510-10C908727422-0002,SYN-202510-D10C908727422,SYN-202510-P10C908727422,2025-10-02T12:26:27,2025-10-02T11:55:27,level_completed,1,0.0
2025-10,EVT-202510-067D9004AE72-0029,SYN-202510-D067D9004AE72,SYN-202510-P067D9004AE72,2025-10-02T12:27:00,2025-10-02T06:35:38,level_completed,1,0.0
2025-10,EVT-202510-3DD8EC501AEA-0008,SYN-202510-D3DD8EC501AEA,SYN-202510-P3DD8EC501AEA,2025-10-02T12:29:56,2025-10-02T11:38:56,level_completed,1,0.0
2025-10,EVT-202510-E81719C946BD-0004,SYN-202510-DE81719C946BD,SYN-202510-PE81719C946BD,2025-10-02T12:30:00,2025-10-02T01:42:47,level_completed,1,0.0
2025-10,EVT-202510-E81719C946BD-0012,SYN-202510-DE81719C946BD,SYN-202510-PE81719C946BD,2025-10-02T12:31:00,2025-10-02T01:42:47,level_completed,1,0.0
2025-10,EVT-202510-E81719C946BD-0003,SYN-202510-DE81719C946BD,SYN-202510-PE81719C946BD,2025-10-02T12:35:00,2025-10-02T01:42:47,level_completed,1,0.0
2025-10,EVT-202510-E81719C946BD-0013,SYN-202510-DE81719C946BD,SYN-202510-PE81719C946BD,2025-10-02T12:35:00,2025-10-02T01:42:47,level_completed,1,0.0
2025-10,EVT-202510-067D9004AE72-0018,SYN-202510-D067D9004AE72,SYN-202510-P067D9004AE72,2025-10-02T12:36:00,2025-10-02T06:35:38,level_completed,1,0.0
2025-10,EVT-202510-750FE15ED3F4-0022,SYN-202510-D750FE15ED3F4,SYN-202510-P750FE15ED3F4,2025-10-02T12:38:01,2025-10-02T12:21:01,level_completed,1,0.0
2025-10,EVT-202510-E81719C946BD-0007,SYN-202510-DE81719C946BD,SYN-202510-PE81719C946BD,2025-10-02T12:42:00,2025-10-02T01:42:47,level_completed,1,0.0
2025-10,EVT-202510-E81719C946BD-0017,SYN-202510-DE81719C946BD,SYN-202510-PE81719C946BD,2025-10-02T12:43:00,2025-10-02T01:42:47,level_completed,1,0.0
2025-10,EVT-202510-5D76614FC056-0175,SYN-202510-D5D76614FC056,SYN-202510-P5D76614FC056,2025-10-02T12:44:00,2025-10-01T12:48:40,ad_impression,0,0.0007
2025-10,EVT-202510-E81719C946BD-0005,SYN-202510-DE81719C946BD,SYN-202510-PE81719C946BD,2025-10-02T12:46:00,2025-10-02T01:42:47,level_completed,1,0.0
2025-10,EVT-202510-E81719C946BD-0006,SYN-202510-DE81719C946BD,SYN-202510-PE81719C946BD,2025-10-02T12:47:00,2025-10-02T01:42:47,level_completed,1,0.0
2025-10,EVT-202510-70865D8183E0-0001,SYN-202510-D70865D8183E0,SYN-202510-P70865D8183E0,2025-10-02T12:48:55,2025-10-02T12:47:55,session_start,0,0.0
2025-10,EVT-202510-750FE15ED3F4-0019,SYN-202510-D750FE15ED3F4,SYN-202510-P750FE15ED3F4,2025-10-02T12:49:01,2025-10-02T12:21:01,level_completed,1,0.0
2025-10,EVT-202510-3DD8EC501AEA-0012,SYN-202510-D3DD8EC501AEA,SYN-202510-P3DD8EC501AEA,2025-10-02T12:50:56,2025-10-02T11:38:56,level_completed,1,0.0
2025-10,EVT-202510-750FE15ED3F4-0013,SYN-202510-D750FE15ED3F4,SYN-202510-P750FE15ED3F4,2025-10-02T12:54:01,2025-10-02T12:21:01,level_completed,1,0.0
2025-10,EVT-202510-5D76614FC056-0093,SYN-202510-D5D76614FC056,SYN-202510-P5D76614FC056,2025-10-02T12:55:00,2025-10-01T12:48:40,level_completed,1,0.0
2025-10,EVT-202510-750FE15ED3F4-0030,SYN-202510-D750FE15ED3F4,SYN-202510-P750FE15ED3F4,2025-10-02T12:56:01,2025-10-02T12:21:01,ad_impression,0,0.0319
2025-10,EVT-202510-5D76614FC056-0020,SYN-202510-D5D76614FC056,SYN-202510-P5D76614FC056,2025-10-02T12:57:00,2025-10-01T12:48:40,level_completed,1,0.0
2025-10,EVT-202510-96F6A1B4BE7B-0002,SYN-202510-D96F6A1B4BE7B,SYN-202510-P96F6A1B4BE7B,2025-10-02T12:58:00,2025-10-02T07:27:04,session_start,0,0.0
2025-10,EVT-202510-E81719C946BD-0016,SYN-202510-DE81719C946BD,SYN-202510-PE81719C946BD,2025-10-02T12:58:00,2025-10-02T01:42:47,level_completed,1,0.0
2025-10,EVT-202510-5D76614FC056-0130,SYN-202510-D5D76614FC056,SYN-202510-P5D76614FC056,2025-10-02T12:59:00,2025-10-01T12:48:40,ad_impression,0,0.0007
2025-10,EVT-202510-E8539E112FE3-0001,SYN-202510-DE8539E112FE3,SYN-202510-PE8539E112FE3,2025-10-02T12:59:38,2025-10-02T12:58:38,session_start,0,0.0
2025-10,EVT-202510-E81719C946BD-0022,SYN-202510-DE81719C946BD,SYN-202510-PE81719C946BD,2025-10-02T13:05:00,2025-10-02T01:42:47,ad_impression,0,0.0545
2025-10,EVT-202510-70865D8183E0-0006,SYN-202510-D70865D8183E0,SYN-202510-P70865D8183E0,2025-10-02T13:05:55,2025-10-02T12:47:55,ad_impression,0,0.0102
2025-10,EVT-202510-89935E658478-0002,SYN-202510-D89935E658478,SYN-202510-P89935E658478,2025-10-02T13:08:00,2025-10-02T06:31:25,level_completed,1,0.0
2025-10,EVT-202510-750FE15ED3F4-0020,SYN-202510-D750FE15ED3F4,SYN-202510-P750FE15ED3F4,2025-10-02T13:10:01,2025-10-02T12:21:01,level_completed,1,0.0
2025-10,EVT-202510-E8539E112FE3-0015,SYN-202510-DE8539E112FE3,SYN-202510-PE8539E112FE3,2025-10-02T13:10:38,2025-10-02T12:58:38,level_completed,1,0.0
2025-10,EVT-202510-86B66C324F83-0010,SYN-202510-D86B66C324F83,SYN-202510-P86B66C324F83,2025-10-02T13:11:00,2025-10-01T23:19:16,session_start,0,0.0
2025-10,EVT-202510-750FE15ED3F4-0016,SYN-202510-D750FE15ED3F4,SYN-202510-P750FE15ED3F4,2025-10-02T13:12:01,2025-10-02T12:21:01,level_completed,1,0.0
2025-10,EVT-202510-96F6A1B4BE7B-0020,SYN-202510-D96F6A1B4BE7B,SYN-202510-P96F6A1B4BE7B,2025-10-02T13:15:00,2025-10-02T07:27:04,level_completed,1,0.0
2025-10,EVT-202510-E8539E112FE3-0027,SYN-202510-DE8539E112FE3,SYN-202510-PE8539E112FE3,2025-10-02T13:20:38,2025-10-02T12:58:38,level_completed,1,0.0
2025-10,EVT-202510-86B66C324F83-0141,SYN-202510-D86B66C324F83,SYN-202510-P86B66C324F83,2025-10-02T13:21:00,2025-10-01T23:19:16,level_completed,1,0.0
2025-10,EVT-202510-86B66C324F83-0329,SYN-202510-D86B66C324F83,SYN-202510-P86B66C324F83,2025-10-02T13:21:00,2025-10-01T23:19:16,level_completed,1,0.0
2025-10,EVT-202510-86B66C324F83-0439,SYN-202510-D86B66C324F83,SYN-202510-P86B66C324F83,2025-10-02T13:21:00,2025-10-01T23:19:16,ad_impression,0,0.0003
2025-10,EVT-202510-E8539E112FE3-0007,SYN-202510-DE8539E112FE3,SYN-202510-PE8539E112FE3,2025-10-02T13:23:38,2025-10-02T12:58:38,level_completed,1,0.0
2025-10,EVT-202510-86B66C324F83-0224,SYN-202510-D86B66C324F83,SYN-202510-P86B66C324F83,2025-10-02T13:24:00,2025-10-01T23:19:16,level_completed,1,0.0
2025-10,EVT-202510-89935E658478-0003,SYN-202510-D89935E658478,SYN-202510-P89935E658478,2025-10-02T13:25:00,2025-10-02T06:31:25,ad_impression,0,0.1365
2025-10,EVT-202510-A48513581020-0001,SYN-202510-DA48513581020,SYN-202510-PA48513581020,2025-10-02T13:25:00,2025-10-02T05:46:43,session_start,0,0.0
2025-10,EVT-202510-750FE15ED3F4-0009,SYN-202510-D750FE15ED3F4,SYN-202510-P750FE15ED3F4,2025-10-02T13:27:01,2025-10-02T12:21:01,level_completed,1,0.0
2025-10,EVT-202510-86B66C324F83-0167,SYN-202510-D86B66C324F83,SYN-202510-P86B66C324F83,2025-10-02T13:28:00,2025-10-01T23:19:16,level_completed,1,0.0
2025-10,EVT-202510-86B66C324F83-0087,SYN-202510-D86B66C324F83,SYN-202510-P86B66C324F83,2025-10-02T13:29:00,2025-10-01T23:19:16,level_completed,1,0.0
2025-10,EVT-202510-750FE15ED3F4-0012,SYN-202510-D750FE15ED3F4,SYN-202510-P750FE15ED3F4,2025-10-02T13:30:01,2025-10-02T12:21:01,level_completed,1,0.0
2025-10,EVT-202510-750FE15ED3F4-0003,SYN-202510-D750FE15ED3F4,SYN-202510-P750FE15ED3F4,2025-10-02T13:31:00,2025-10-02T12:21:01,session_start,0,0.0
2025-10,EVT-202510-750FE15ED3F4-0015,SYN-202510-D750FE15ED3F4,SYN-202510-P750FE15ED3F4,2025-10-02T13:31:01,2025-10-02T12:21:01,level_completed,1,0.0
2025-10,EVT-202510-70865D8183E0-0002,SYN-202510-D70865D8183E0,SYN-202510-P70865D8183E0,2025-10-02T13:31:55,2025-10-02T12:47:55,level_completed,1,0.0
2025-10,EVT-202510-E8539E112FE3-0014,SYN-202510-DE8539E112FE3,SYN-202510-PE8539E112FE3,2025-10-02T13:32:38,2025-10-02T12:58:38,level_completed,1,0.0
2025-10,EVT-202510-70865D8183E0-0003,SYN-202510-D70865D8183E0,SYN-202510-P70865D8183E0,2025-10-02T13:32:55,2025-10-02T12:47:55,level_completed,1,0.0
2025-10,EVT-202510-750FE15ED3F4-0024,SYN-202510-D750FE15ED3F4,SYN-202510-P750FE15ED3F4,2025-10-02T13:33:00,2025-10-02T12:21:01,level_completed,1,0.0
2025-10,EVT-202510-A48513581020-0004,SYN-202510-DA48513581020,SYN-202510-PA48513581020,2025-10-02T13:33:00,2025-10-02T05:46:43,level_completed,1,0.0
2025-10,EVT-202510-86B66C324F83-0557,SYN-202510-D86B66C324F83,SYN-202510-P86B66C324F83,2025-10-02T13:35:00,2025-10-01T23:19:16,ad_impression,0,0.0003
2025-10,EVT-202510-E8539E112FE3-0012,SYN-202510-DE8539E112FE3,SYN-202510-PE8539E112FE3,2025-10-02T13:35:38,2025-10-02T12:58:38,level_completed,1,0.0
2025-10,EVT-202510-96F6A1B4BE7B-0057,SYN-202510-D96F6A1B4BE7B,SYN-202510-P96F6A1B4BE7B,2025-10-02T13:36:00,2025-10-02T07:27:04,ad_impression,0,0.0043
2025-10,EVT-202510-86B66C324F83-0011,SYN-202510-D86B66C324F83,SYN-202510-P86B66C324F83,2025-10-02T13:37:00,2025-10-01T23:19:16,session_start,0,0.0
2025-10,EVT-202510-750FE15ED3F4-0014,SYN-202510-D750FE15ED3F4,SYN-202510-P750FE15ED3F4,2025-10-02T13:37:01,2025-10-02T12:21:01,level_completed,1,0.0
2025-10,EVT-202510-86B66C324F83-0448,SYN-202510-D86B66C324F83,SYN-202510-P86B66C324F83,2025-10-02T13:38:00,2025-10-01T23:19:16,ad_impression,0,0.0003
2025-10,EVT-202510-96F6A1B4BE7B-0031,SYN-202510-D96F6A1B4BE7B,SYN-202510-P96F6A1B4BE7B,2025-10-02T13:41:00,2025-10-02T07:27:04,level_completed,1,0.0
2025-10,EVT-202510-86B66C324F83-0463,SYN-202510-D86B66C324F83,SYN-202510-P86B66C324F83,2025-10-02T13:42:00,2025-10-01T23:19:16,ad_impression,0,0.0003
2025-10,EVT-202510-750FE15ED3F4-0010,SYN-202510-D750FE15ED3F4,SYN-202510-P750FE15ED3F4,2025-10-02T13:43:00,2025-10-02T12:21:01,level_completed,1,0.0
2025-10,EVT-202510-86B66C324F83-0494,SYN-202510-D86B66C324F83,SYN-202510-P86B66C324F83,2025-10-02T13:43:00,2025-10-01T23:19:16,ad_impression,0,0.0003
2025-10,EVT-202510-750FE15ED3F4-0029,SYN-202510-D750FE15ED3F4,SYN-202510-P750FE15ED3F4,2025-10-02T13:45:01,2025-10-02T12:21:01,ad_impression,0,0.0319
2025-10,EVT-202510-86B66C324F83-0383,SYN-202510-D86B66C324F83,SYN-202510-P86B66C324F83,2025-10-02T13:46:00,2025-10-01T23:19:16,ad_impression,0,0.0003
2025-10,EVT-202510-86B66C324F83-0449,SYN-202510-D86B66C324F83,SYN-202510-P86B66C324F83,2025-10-02T13:46:00,2025-10-01T23:19:16,ad_impression,0,0.0003
2025-10,EVT-202510-E8539E112FE3-0028,SYN-202510-DE8539E112FE3,SYN-202510-PE8539E112FE3,2025-10-02T13:46:38,2025-10-02T12:58:38,level_completed,1,0.0
2025-10,EVT-202510-86B66C324F83-0298,SYN-202510-D86B66C324F83,SYN-202510-P86B66C324F83,2025-10-02T13:48:00,2025-10-01T23:19:16,level_completed,1,0.0
2025-10,EVT-202510-750FE15ED3F4-0027,SYN-202510-D750FE15ED3F4,SYN-202510-P750FE15ED3F4,2025-10-02T13:49:00,2025-10-02T12:21:01,ad_impression,0,0.0319
2025-10,EVT-202510-E8539E112FE3-0026,SYN-202510-DE8539E112FE3,SYN-202510-PE8539E112FE3,2025-10-02T13:49:38,2025-10-02T12:58:38,level_completed,1,0.0
2025-10,EVT-202510-86B66C324F83-0149,SYN-202510-D86B66C324F83,SYN-202510-P86B66C324F83,2025-10-02T13:50:00,2025-10-01T23:19:16,level_completed,1,0.0
2025-10,EVT-202510-86B66C324F83-0341,SYN-202510-D86B66C324F83,SYN-202510-P86B66C324F83,2025-10-02T13:50:00,2025-10-01T23:19:16,level_completed,1,0.0
2025-10,EVT-202510-86B66C324F83-0315,SYN-202510-D86B66C324F83,SYN-202510-P86B66C324F83,2025-10-02T13:51:00,2025-10-01T23:19:16,level_completed,1,0.0
2025-10,EVT-202510-E8539E112FE3-0020,SYN-202510-DE8539E112FE3,SYN-202510-PE8539E112FE3,2025-10-02T13:52:38,2025-10-02T12:58:38,level_completed,1,0.0
2025-10,EVT-202510-86B66C324F83-0502,SYN-202510-D86B66C324F83,SYN-202510-P86B66C324F83,2025-10-02T13:55:00,2025-10-01T23:19:16,ad_impression,0,0.0003
2025-10,EVT-202510-E8539E112FE3-0032,SYN-202510-DE8539E112FE3,SYN-202510-PE8539E112FE3,2025-10-02T13:55:38,2025-10-02T12:58:38,ad_impression,0,0.078
2025-10,EVT-202510-86B66C324F83-0371,SYN-202510-D86B66C324F83,SYN-202510-P86B66C324F83,2025-10-02T13:58:00,2025-10-01T23:19:16,ad_impression,0,0.0003
2025-10,EVT-202510-86B66C324F83-0163,SYN-202510-D86B66C324F83,SYN-202510-P86B66C324F83,2025-10-02T13:59:00,2025-10-01T23:19:16,level_completed,1,0.0
2025-10,EVT-202510-86B66C324F83-0160,SYN-202510-D86B66C324F83,SYN-202510-P86B66C324F83,2025-10-02T14:00:00,2025-10-01T23:19:16,level_completed,1,0.0
2025-10,EVT-202510-86B66C324F83-0495,SYN-202510-D86B66C324F83,SYN-202510-P86B66C324F83,2025-10-02T14:00:00,2025-10-01T23:19:16,ad_impression,0,0.0003
2025-10,EVT-202510-E8539E112FE3-0008,SYN-202510-DE8539E112FE3,SYN-202510-PE8539E112FE3,2025-10-02T14:01:38,2025-10-02T12:58:38,level_completed,1,0.0
2025-10,EVT-202510-96F6A1B4BE7B-0048,SYN-202510-D96F6A1B4BE7B,SYN-202510-P96F6A1B4BE7B,2025-10-02T14:02:00,2025-10-02T07:27:04,ad_impression,0,0.0043
2025-10,EVT-202510-70865D8183E0-0004,SYN-202510-D70865D8183E0,SYN-202510-P70865D8183E0,2025-10-02T14:02:55,2025-10-02T12:47:55,level_completed,1,0.0
2025-10,EVT-202510-750FE15ED3F4-0008,SYN-202510-D750FE15ED3F4,SYN-202510-P750FE15ED3F4,2025-10-02T14:05:00,2025-10-02T12:21:01,level_completed,1,0.0
2025-10,EVT-202510-86B66C324F83-0301,SYN-202510-D86B66C324F83,SYN-202510-P86B66C324F83,2025-10-02T14:05:00,2025-10-01T23:19:16,level_completed,1,0.0
2025-10,EVT-202510-86B66C324F83-0627,SYN-202510-D86B66C324F83,SYN-202510-P86B66C324F83,2025-10-02T14:05:00,2025-10-01T23:19:16,ad_impression,0,0.0003
2025-10,EVT-202510-A48513581020-0002,SYN-202510-DA48513581020,SYN-202510-PA48513581020,2025-10-02T14:05:00,2025-10-02T05:46:43,level_completed,1,0.0
2025-10,EVT-202510-E8539E112FE3-0017,SYN-202510-DE8539E112FE3,SYN-202510-PE8539E112FE3,2025-10-02T14:05:38,2025-10-02T12:58:38,level_completed,1,0.0
2025-10,EVT-202510-70865D8183E0-0005,SYN-202510-D70865D8183E0,SYN-202510-P70865D8183E0,2025-10-02T14:05:55,2025-10-02T12:47:55,level_completed,1,0.0
2025-10,EVT-202510-86B66C324F83-0374,SYN-202510-D86B66C324F83,SYN-202510-P86B66C324F83,2025-10-02T14:07:00,2025-10-01T23:19:16,ad_impression,0,0.0003
2025-10,EVT-202510-86B66C324F83-0206,SYN-202510-D86B66C324F83,SYN-202510-P86B66C324F83,2025-10-02T14:12:00,2025-10-01T23:19:16,level_completed,1,0.0
2025-10,EVT-202510-86B66C324F83-0413,SYN-202510-D86B66C324F83,SYN-202510-P86B66C324F83,2025-10-02T14:12:00,2025-10-01T23:19:16,ad_impression,0,0.0003
2025-10,EVT-202510-86B66C324F83-0468,SYN-202510-D86B66C324F83,SYN-202510-P86B66C324F83,2025-10-02T14:13:00,2025-10-01T23:19:16,ad_impression,0,0.0003
2025-10,EVT-202510-86B66C324F83-0434,SYN-202510-D86B66C324F83,SYN-202510-P86B66C324F83,2025-10-02T14:14:00,2025-10-01T23:19:16,ad_impression,0,0.0003
2025-10,EVT-202510-96F6A1B4BE7B-0058,SYN-202510-D96F6A1B4BE7B,SYN-202510-P96F6A1B4BE7B,2025-10-02T14:15:00,2025-10-02T07:27:04,ad_impression,0,0.0043
2025-10,EVT-202510-8353147AF532-0002,SYN-202510-D8353147AF532,SYN-202510-P8353147AF532,2025-10-02T14:16:00,2025-10-02T10:19:31,session_start,0,0.0
2025-10,EVT-202510-86B66C324F83-0092,SYN-202510-D86B66C324F83,SYN-202510-P86B66C324F83,2025-10-02T14:17:00,2025-10-01T23:19:16,level_completed,1,0.0
2025-10,EVT-202510-86B66C324F83-0319,SYN-202510-D86B66C324F83,SYN-202510-P86B66C324F83,2025-10-02T14:17:00,2025-10-01T23:19:16,level_completed,1,0.0
2025-10,EVT-202510-D3475F4193A8-0001,SYN-202510-DD3475F4193A8,SYN-202510-PD3475F4193A8,2025-10-02T14:17:00,2025-10-02T03:05:43,session_start,0,0.0
2025-10,EVT-202510-86B66C324F83-0251,SYN-202510-D86B66C324F83,SYN-202510-P86B66C324F83,2025-10-02T14:18:00,2025-10-01T23:19:16,level_completed,1,0.0
2025-10,EVT-202510-86B66C324F83-0406,SYN-202510-D86B66C324F83,SYN-202510-P86B66C324F83,2025-10-02T14:19:00,2025-10-01T23:19:16,ad_impression,0,0.0003
2025-10,EVT-202510-86B66C324F83-0137,SYN-202510-D86B66C324F83,SYN-202510-P86B66C324F83,2025-10-02T14:20:00,2025-10-01T23:19:16,level_completed,1,0.0
2025-10,EVT-202510-86B66C324F83-0100,SYN-202510-D86B66C324F83,SYN-202510-P86B66C324F83,2025-10-02T14:22:00,2025-10-01T23:19:16,level_completed,1,0.0
2025-10,EVT-202510-86B66C324F83-0273,SYN-202510-D86B66C324F83,SYN-202510-P86B66C324F83,2025-10-02T14:22:00,2025-10-01T23:19:16,level_completed,1,0.0
2025-10,EVT-202510-D3475F4193A8-0005,SYN-202510-DD3475F4193A8,SYN-202510-PD3475F4193A8,2025-10-02T14:22:00,2025-10-02T03:05:43,level_completed,1,0.0
2025-10,EVT-202510-86B66C324F83-0211,SYN-202510-D86B66C324F83,SYN-202510-P86B66C324F83,2025-10-02T14:23:00,2025-10-01T23:19:16,level_completed,1,0.0
2025-10,EVT-202510-86B66C324F83-0089,SYN-202510-D86B66C324F83,SYN-202510-P86B66C324F83,2025-10-02T14:24:00,2025-10-01T23:19:16,level_completed,1,0.0
2025-10,EVT-202510-86B66C324F83-0346,SYN-202510-D86B66C324F83,SYN-202510-P86B66C324F83,2025-10-02T14:25:00,2025-10-01T23:19:16,level_completed,1,0.0
2025-10,EVT-202510-D3475F4193A8-0006,SYN-202510-DD3475F4193A8,SYN-202510-PD3475F4193A8,2025-10-02T14:26:00,2025-10-02T03:05:43,level_completed,1,0.0
2025-10,EVT-202510-D3475F4193A8-0007,SYN-202510-DD3475F4193A8,SYN-202510-PD3475F4193A8,2025-10-02T14:26:00,2025-10-02T03:05:43,level_completed,1,0.0
2025-10,EVT-202510-86B66C324F83-0230,SYN-202510-D86B66C324F83,SYN-202510-P86B66C324F83,2025-10-02T14:27:00,2025-10-01T23:19:16,level_completed,1,0.0
2025-10,EVT-202510-86B66C324F83-0059,SYN-202510-D86B66C324F83,SYN-202510-P86B66C324F83,2025-10-02T14:30:00,2025-10-01T23:19:16,level_completed,1,0.0
2025-10,EVT-202510-86B66C324F83-0184,SYN-202510-D86B66C324F83,SYN-202510-P86B66C324F83,2025-10-02T14:30:00,2025-10-01T23:19:16,level_completed,1,0.0
2025-10,EVT-202510-0CD0955BCE5A-0004,SYN-202510-D0CD0955BCE5A,SYN-202510-P0CD0955BCE5A,2025-10-02T14:31:00,2025-10-01T07:12:16,session_start,0,0.0
2025-10,EVT-202510-86B66C324F83-0519,SYN-202510-D86B66C324F83,SYN-202510-P86B66C324F83,2025-10-02T14:32:00,2025-10-01T23:19:16,ad_impression,0,0.0003
2025-10,EVT-202510-86B66C324F83-0181,SYN-202510-D86B66C324F83,SYN-202510-P86B66C324F83,2025-10-02T14:33:00,2025-10-01T23:19:16,level_completed,1,0.0
2025-10,EVT-202510-A48513581020-0003,SYN-202510-DA48513581020,SYN-202510-PA48513581020,2025-10-02T14:35:00,2025-10-02T05:46:43,level_completed,1,0.0
2025-10,EVT-202510-0CD0955BCE5A-0013,SYN-202510-D0CD0955BCE5A,SYN-202510-P0CD0955BCE5A,2025-10-02T14:36:00,2025-10-01T07:12:16,level_completed,1,0.0
2025-10,EVT-202510-86B66C324F83-0436,SYN-202510-D86B66C324F83,SYN-202510-P86B66C324F83,2025-10-02T14:36:00,2025-10-01T23:19:16,ad_impression,0,0.0003
2025-10,EVT-202510-86B66C324F83-0175,SYN-202510-D86B66C324F83,SYN-202510-P86B66C324F83,2025-10-02T14:37:00,2025-10-01T23:19:16,level_completed,1,0.0
2025-10,EVT-202510-86B66C324F83-0423,SYN-202510-D86B66C324F83,SYN-202510-P86B66C324F83,2025-10-02T14:37:00,2025-10-01T23:19:16,ad_impression,0,0.0003
2025-10,EVT-202510-7704ED0111AA-0006,SYN-202510-D7704ED0111AA,SYN-202510-P7704ED0111AA,2025-10-02T14:39:00,2025-10-01T05:57:44,session_start,0,0.0
2025-10,EVT-202510-86B66C324F83-0025,SYN-202510-D86B66C324F83,SYN-202510-P86B66C324F83,2025-10-02T14:39:00,2025-10-01T23:19:16,level_completed,1,0.0
2025-10,EVT-202510-86B66C324F83-0195,SYN-202510-D86B66C324F83,SYN-202510-P86B66C324F83,2025-10-02T14:39:00,2025-10-01T23:19:16,level_completed,1,0.0
2025-10,EVT-202510-86B66C324F83-0399,SYN-202510-D86B66C324F83,SYN-202510-P86B66C324F83,2025-10-02T14:40:00,2025-10-01T23:19:16,ad_impression,0,0.0003
2025-10,EVT-202510-0CD0955BCE5A-0051,SYN-202510-D0CD0955BCE5A,SYN-202510-P0CD0955BCE5A,2025-10-02T14:41:00,2025-10-01T07:12:16,level_completed,1,0.0
2025-10,EVT-202510-86B66C324F83-0116,SYN-202510-D86B66C324F83,SYN-202510-P86B66C324F83,2025-10-02T14:42:00,2025-10-01T23:19:16,level_completed,1,0.0
2025-10,EVT-202510-86B66C324F83-0253,SYN-202510-D86B66C324F83,SYN-202510-P86B66C324F83,2025-10-02T14:42:00,2025-10-01T23:19:16,level_completed,1,0.0
2025-10,EVT-202510-86B66C324F83-0421,SYN-202510-D86B66C324F83,SYN-202510-P86B66C324F83,2025-10-02T14:42:00,2025-10-01T23:19:16,ad_impression,0,0.0003
2025-10,EVT-202510-86B66C324F83-0032,SYN-202510-D86B66C324F83,SYN-202510-P86B66C324F83,2025-10-02T14:44:00,2025-10-01T23:19:16,level_completed,1,0.0
2025-10,EVT-202510-86B66C324F83-0276,SYN-202510-D86B66C324F83,SYN-202510-P86B66C324F83,2025-10-02T14:46:00,2025-10-01T23:19:16,level_completed,1,0.0
2025-10,EVT-202510-86B66C324F83-0048,SYN-202510-D86B66C324F83,SYN-202510-P86B66C324F83,2025-10-02T14:47:00,2025-10-01T23:19:16,level_completed,1,0.0
2025-10,EVT-202510-0CD0955BCE5A-0075,SYN-202510-D0CD0955BCE5A,SYN-202510-P0CD0955BCE5A,2025-10-02T14:48:00,2025-10-01T07:12:16,ad_impression,0,0.013
2025-10,EVT-202510-3DD8EC501AEA-0003,SYN-202510-D3DD8EC501AEA,SYN-202510-P3DD8EC501AEA,2025-10-02T14:48:00,2025-10-02T11:38:56,session_start,0,0.0
2025-10,EVT-202510-86B66C324F83-0280,SYN-202510-D86B66C324F83,SYN-202510-P86B66C324F83,2025-10-02T14:48:00,2025-10-01T23:19:16,level_completed,1,0.0
2025-10,EVT-202510-0CD0955BCE5A-0058,SYN-202510-D0CD0955BCE5A,SYN-202510-P0CD0955BCE5A,2025-10-02T14:49:00,2025-10-01T07:12:16,level_completed,1,0.0
2025-10,EVT-202510-0CD0955BCE5A-0067,SYN-202510-D0CD0955BCE5A,SYN-202510-P0CD0955BCE5A,2025-10-02T14:49:00,2025-10-01T07:12:16,level_completed,1,0.0
2025-10,EVT-202510-86B66C324F83-0322,SYN-202510-D86B66C324F83,SYN-202510-P86B66C324F83,2025-10-02T14:51:00,2025-10-01T23:19:16,level_completed,1,0.0
2025-10,EVT-202510-D3475F4193A8-0004,SYN-202510-DD3475F4193A8,SYN-202510-PD3475F4193A8,2025-10-02T14:51:00,2025-10-02T03:05:43,level_completed,1,0.0
2025-10,EVT-202510-86B66C324F83-0635,SYN-202510-D86B66C324F83,SYN-202510-P86B66C324F83,2025-10-02T14:53:00,2025-10-01T23:19:16,ad_impression,0,0.0003
2025-10,EVT-202510-8353147AF532-0003,SYN-202510-D8353147AF532,SYN-202510-P8353147AF532,2025-10-02T14:55:00,2025-10-02T10:19:31,level_completed,1,0.0
2025-10,EVT-202510-86B66C324F83-0268,SYN-202510-D86B66C324F83,SYN-202510-P86B66C324F83,2025-10-02T14:55:00,2025-10-01T23:19:16,level_completed,1,0.0
2025-10,EVT-202510-86B66C324F83-0574,SYN-202510-D86B66C324F83,SYN-202510-P86B66C324F83,2025-10-02T14:55:00,2025-10-01T23:19:16,ad_impression,0,0.0003
2025-10,EVT-202510-86B66C324F83-0130,SYN-202510-D86B66C324F83,SYN-202510-P86B66C324F83,2025-10-02T14:56:00,2025-10-01T23:19:16,level_completed,1,0.0
2025-10,EVT-202510-0CD0955BCE5A-0042,SYN-202510-D0CD0955BCE5A,SYN-202510-P0CD0955BCE5A,2025-10-02T14:57:00,2025-10-01T07:12:16,level_completed,1,0.0
2025-10,EVT-202510-8353147AF532-0004,SYN-202510-D8353147AF532,SYN-202510-P8353147AF532,2025-10-02T14:58:00,2025-10-02T10:19:31,level_completed,1,0.0
2025-10,EVT-202510-0CD0955BCE5A-0072,SYN-202510-D0CD0955BCE5A,SYN-202510-P0CD0955BCE5A,2025-10-02T15:02:00,2025-10-01T07:12:16,ad_impression,0,0.013
2025-10,EVT-202510-D3475F4193A8-0015,SYN-202510-DD3475F4193A8,SYN-202510-PD3475F4193A8,2025-10-02T15:02:00,2025-10-02T03:05:43,level_completed,1,0.0
2025-10,EVT-202510-86B66C324F83-0587,SYN-202510-D86B66C324F83,SYN-202510-P86B66C324F83,2025-10-02T15:03:00,2025-10-01T23:19:16,ad_impression,0,0.0003
2025-10,EVT-202510-0CD0955BCE5A-0043,SYN-202510-D0CD0955BCE5A,SYN-202510-P0CD0955BCE5A,2025-10-02T15:07:00,2025-10-01T07:12:16,level_completed,1,0.0
2025-10,EVT-202510-86B66C324F83-0366,SYN-202510-D86B66C324F83,SYN-202510-P86B66C324F83,2025-10-02T15:07:00,2025-10-01T23:19:16,ad_impression,0,0.0003
2025-10,EVT-202510-D3475F4193A8-0014,SYN-202510-DD3475F4193A8,SYN-202510-PD3475F4193A8,2025-10-02T15:12:00,2025-10-02T03:05:43,level_completed,1,0.0
2025-10,EVT-202510-0CD0955BCE5A-0011,SYN-202510-D0CD0955BCE5A,SYN-202510-P0CD0955BCE5A,2025-10-02T15:14:00,2025-10-01T07:12:16,level_completed,1,0.0
2025-10,EVT-202510-0CD0955BCE5A-0031,SYN-202510-D0CD0955BCE5A,SYN-202510-P0CD0955BCE5A,2025-10-02T15:16:00,2025-10-01T07:12:16,level_completed,1,0.0
2025-10,EVT-202510-0CD0955BCE5A-0078,SYN-202510-D0CD0955BCE5A,SYN-202510-P0CD0955BCE5A,2025-10-02T15:17:00,2025-10-01T07:12:16,ad_impression,0,0.013
2025-10,EVT-202510-D3475F4193A8-0009,SYN-202510-DD3475F4193A8,SYN-202510-PD3475F4193A8,2025-10-02T15:17:00,2025-10-02T03:05:43,level_completed,1,0.0
2025-10,EVT-202510-EA40B541A75F-0001,SYN-202510-DEA40B541A75F,SYN-202510-PEA40B541A75F,2025-10-02T15:17:00,2025-10-02T13:37:02,session_start,0,0.0
2025-10,EVT-202510-0CD0955BCE5A-0041,SYN-202510-D0CD0955BCE5A,SYN-202510-P0CD0955BCE5A,2025-10-02T15:21:00,2025-10-01T07:12:16,level_completed,1,0.0
2025-10,EVT-202510-D3475F4193A8-0003,SYN-202510-DD3475F4193A8,SYN-202510-PD3475F4193A8,2025-10-02T15:21:00,2025-10-02T03:05:43,level_completed,1,0.0
2025-10,EVT-202510-0CD0955BCE5A-0040,SYN-202510-D0CD0955BCE5A,SYN-202510-P0CD0955BCE5A,2025-10-02T15:22:00,2025-10-01T07:12:16,level_completed,1,0.0
2025-10,EVT-202510-7704ED0111AA-0029,SYN-202510-D7704ED0111AA,SYN-202510-P7704ED0111AA,2025-10-02T15:23:00,2025-10-01T05:57:44,level_completed,1,0.0
2025-10,EVT-202510-7704ED0111AA-0046,SYN-202510-D7704ED0111AA,SYN-202510-P7704ED0111AA,2025-10-02T15:23:00,2025-10-01T05:57:44,ad_impression,0,0.046
2025-10,EVT-202510-0CD0955BCE5A-0021,SYN-202510-D0CD0955BCE5A,SYN-202510-P0CD0955BCE5A,2025-10-02T15:24:00,2025-10-01T07:12:16,level_completed,1,0.0
2025-10,EVT-202510-31864D3F4605-0001,SYN-202510-D31864D3F4605,SYN-202510-P31864D3F4605,2025-10-02T15:34:00,2025-10-02T04:03:43,session_start,0,0.0
2025-10,EVT-202510-D3475F4193A8-0008,SYN-202510-DD3475F4193A8,SYN-202510-PD3475F4193A8,2025-10-02T15:35:00,2025-10-02T03:05:43,level_completed,1,0.0
2025-10,EVT-202510-31864D3F4605-0031,SYN-202510-D31864D3F4605,SYN-202510-P31864D3F4605,2025-10-02T15:37:00,2025-10-02T04:03:43,level_completed,1,0.0
2025-10,EVT-202510-31864D3F4605-0041,SYN-202510-D31864D3F4605,SYN-202510-P31864D3F4605,2025-10-02T15:37:00,2025-10-02T04:03:43,level_completed,1,0.0
2025-10,EVT-202510-7704ED0111AA-0030,SYN-202510-D7704ED0111AA,SYN-202510-P7704ED0111AA,2025-10-02T15:39:00,2025-10-01T05:57:44,level_completed,1,0.0
2025-10,EVT-202510-0CD0955BCE5A-0023,SYN-202510-D0CD0955BCE5A,SYN-202510-P0CD0955BCE5A,2025-10-02T15:40:00,2025-10-01T07:12:16,level_completed,1,0.0
2025-10,EVT-202510-31864D3F4605-0077,SYN-202510-D31864D3F4605,SYN-202510-P31864D3F4605,2025-10-02T15:40:00,2025-10-02T04:03:43,level_completed,1,0.0
2025-10,EVT-202510-7704ED0111AA-0041,SYN-202510-D7704ED0111AA,SYN-202510-P7704ED0111AA,2025-10-02T15:40:00,2025-10-01T05:57:44,ad_impression,0,0.046
2025-10,EVT-202510-31864D3F4605-0071,SYN-202510-D31864D3F4605,SYN-202510-P31864D3F4605,2025-10-02T15:42:00,2025-10-02T04:03:43,level_completed,1,0.0
2025-10,EVT-202510-31864D3F4605-0070,SYN-202510-D31864D3F4605,SYN-202510-P31864D3F4605,2025-10-02T15:43:00,2025-10-02T04:03:43,level_completed,1,0.0
2025-10,EVT-202510-0CD0955BCE5A-0055,SYN-202510-D0CD0955BCE5A,SYN-202510-P0CD0955BCE5A,2025-10-02T15:45:00,2025-10-01T07:12:16,level_completed,1,0.0
2025-10,EVT-202510-7704ED0111AA-0017,SYN-202510-D7704ED0111AA,SYN-202510-P7704ED0111AA,2025-10-02T15:46:00,2025-10-01T05:57:44,level_completed,1,0.0
2025-10,EVT-202510-31864D3F4605-0103,SYN-202510-D31864D3F4605,SYN-202510-P31864D3F4605,2025-10-02T15:47:00,2025-10-02T04:03:43,ad_impression,0,0.0262
2025-10,EVT-202510-EA40B541A75F-0015,SYN-202510-DEA40B541A75F,SYN-202510-PEA40B541A75F,2025-10-02T15:47:00,2025-10-02T13:37:02,level_completed,1,0.0
2025-10,EVT-202510-31864D3F4605-0051,SYN-202510-D31864D3F4605,SYN-202510-P31864D3F4605,2025-10-02T15:48:00,2025-10-02T04:03:43,level_completed,1,0.0
2025-10,EVT-202510-EA40B541A75F-0018,SYN-202510-DEA40B541A75F,SYN-202510-PEA40B541A75F,2025-10-02T15:48:00,2025-10-02T13:37:02,level_completed,1,0.0
2025-10,EVT-202510-0CD0955BCE5A-0028,SYN-202510-D0CD0955BCE5A,SYN-202510-P0CD0955BCE5A,2025-10-02T15:50:00,2025-10-01T07:12:16,level_completed,1,0.0
2025-10,EVT-202510-31864D3F4605-0026,SYN-202510-D31864D3F4605,SYN-202510-P31864D3F4605,2025-10-02T15:50:00,2025-10-02T04:03:43,level_completed,1,0.0
2025-10,EVT-202510-E8539E112FE3-0002,SYN-202510-DE8539E112FE3,SYN-202510-PE8539E112FE3,2025-10-02T15:50:00,2025-10-02T12:58:38,session_start,0,0.0
2025-10,EVT-202510-69FC3DB3D0F2-0003,SYN-202510-D69FC3DB3D0F2,SYN-202510-P69FC3DB3D0F2,2025-10-02T15:51:00,2025-10-01T17:31:34,session_start,0,0.0
2025-10,EVT-202510-7704ED0111AA-0025,SYN-202510-D7704ED0111AA,SYN-202510-P7704ED0111AA,2025-10-02T15:51:00,2025-10-01T05:57:44,level_completed,1,0.0
2025-10,EVT-202510-7704ED0111AA-0037,SYN-202510-D7704ED0111AA,SYN-202510-P7704ED0111AA,2025-10-02T15:51:00,2025-10-01T05:57:44,level_completed,1,0.0
2025-10,EVT-202510-31864D3F4605-0010,SYN-202510-D31864D3F4605,SYN-202510-P31864D3F4605,2025-10-02T15:52:00,2025-10-02T04:03:43,level_completed,1,0.0
2025-10,EVT-202510-E8539E112FE3-0004,SYN-202510-DE8539E112FE3,SYN-202510-PE8539E112FE3,2025-10-02T15:52:00,2025-10-02T12:58:38,level_completed,1,0.0
2025-10,EVT-202510-5B21AABBB5F4-0001,SYN-202510-D5B21AABBB5F4,SYN-202510-P5B21AABBB5F4,2025-10-02T15:54:09,2025-10-02T15:53:09,session_start,0,0.0
2025-10,EVT-202510-5B21AABBB5F4-0002,SYN-202510-D5B21AABBB5F4,SYN-202510-P5B21AABBB5F4,2025-10-02T15:54:09,2025-10-02T15:53:09,session_start,0,0.0
2025-10,EVT-202510-0CD0955BCE5A-0083,SYN-202510-D0CD0955BCE5A,SYN-202510-P0CD0955BCE5A,2025-10-02T15:57:00,2025-10-01T07:12:16,ad_impression,0,0.013
2025-10,EVT-202510-0CD0955BCE5A-0087,SYN-202510-D0CD0955BCE5A,SYN-202510-P0CD0955BCE5A,2025-10-02T15:57:00,2025-10-01T07:12:16,ad_impression,0,0.013
2025-10,EVT-202510-EA40B541A75F-0014,SYN-202510-DEA40B541A75F,SYN-202510-PEA40B541A75F,2025-10-02T15:57:00,2025-10-02T13:37:02,level_completed,1,0.0
2025-10,EVT-202510-31864D3F4605-0046,SYN-202510-D31864D3F4605,SYN-202510-P31864D3F4605,2025-10-02T15:58:00,2025-10-02T04:03:43,level_completed,1,0.0
2025-10,EVT-202510-69FC3DB3D0F2-0014,SYN-202510-D69FC3DB3D0F2,SYN-202510-P69FC3DB3D0F2,2025-10-02T15:59:00,2025-10-01T17:31:34,ad_impression,0,0.0187
2025-10,EVT-202510-0CD0955BCE5A-0085,SYN-202510-D0CD0955BCE5A,SYN-202510-P0CD0955BCE5A,2025-10-02T16:00:00,2025-10-01T07:12:16,ad_impression,0,0.013
2025-10,EVT-202510-EA40B541A75F-0020,SYN-202510-DEA40B541A75F,SYN-202510-PEA40B541A75F,2025-10-02T16:00:00,2025-10-02T13:37:02,ad_impression,0,0.3629
2025-10,EVT-202510-E8539E112FE3-0022,SYN-202510-DE8539E112FE3,SYN-202510-PE8539E112FE3,2025-10-02T16:01:00,2025-10-02T12:58:38,level_completed,1,0.0
2025-10,EVT-202510-EA40B541A75F-0004,SYN-202510-DEA40B541A75F,SYN-202510-PEA40B541A75F,2025-10-02T16:01:00,2025-10-02T13:37:02,level_completed,1,0.0
2025-10,EVT-202510-31864D3F4605-0088,SYN-202510-D31864D3F4605,SYN-202510-P31864D3F4605,2025-10-02T16:03:00,2025-10-02T04:03:43,level_completed,1,0.0
2025-10,EVT-202510-31864D3F4605-0008,SYN-202510-D31864D3F4605,SYN-202510-P31864D3F4605,2025-10-02T16:05:00,2025-10-02T04:03:43,level_completed,1,0.0
2025-10,EVT-202510-5B21AABBB5F4-0004,SYN-202510-D5B21AABBB5F4,SYN-202510-P5B21AABBB5F4,2025-10-02T16:08:09,2025-10-02T15:53:09,level_completed,1,0.0
2025-10,EVT-202510-7704ED0111AA-0007,SYN-202510-D7704ED0111AA,SYN-202510-P7704ED0111AA,2025-10-02T16:11:00,2025-10-01T05:57:44,session_start,0,0.0
2025-10,EVT-202510-31864D3F4605-0068,SYN-202510-D31864D3F4605,SYN-202510-P31864D3F4605,2025-10-02T16:12:00,2025-10-02T04:03:43,level_completed,1,0.0
2025-10,EVT-202510-5B21AABBB5F4-0005,SYN-202510-D5B21AABBB5F4,SYN-202510-P5B21AABBB5F4,2025-10-02T16:14:09,2025-10-02T15:53:09,level_completed,1,0.0
2025-10,EVT-202510-5D76614FC056-0010,SYN-202510-D5D76614FC056,SYN-202510-P5D76614FC056,2025-10-02T16:15:00,2025-10-01T12:48:40,session_start,0,0.0
2025-10,EVT-202510-EA40B541A75F-0013,SYN-202510-DEA40B541A75F,SYN-202510-PEA40B541A75F,2025-10-02T16:15:00,2025-10-02T13:37:02,level_completed,1,0.0
2025-10,EVT-202510-E8539E112FE3-0029,SYN-202510-DE8539E112FE3,SYN-202510-PE8539E112FE3,2025-10-02T16:17:00,2025-10-02T12:58:38,ad_impression,0,0.078
2025-10,EVT-202510-31864D3F4605-0078,SYN-202510-D31864D3F4605,SYN-202510-P31864D3F4605,2025-10-02T16:18:00,2025-10-02T04:03:43,level_completed,1,0.0
2025-10,EVT-202510-69FC3DB3D0F2-0011,SYN-202510-D69FC3DB3D0F2,SYN-202510-P69FC3DB3D0F2,2025-10-02T16:20:00,2025-10-01T17:31:34,level_completed,1,0.0
2025-10,EVT-202510-31864D3F4605-0085,SYN-202510-D31864D3F4605,SYN-202510-P31864D3F4605,2025-10-02T16:21:00,2025-10-02T04:03:43,level_completed,1,0.0
2025-10,EVT-202510-5D76614FC056-0102,SYN-202510-D5D76614FC056,SYN-202510-P5D76614FC056,2025-10-02T16:23:00,2025-10-01T12:48:40,level_completed,1,0.0
2025-10,EVT-202510-31864D3F4605-0043,SYN-202510-D31864D3F4605,SYN-202510-P31864D3F4605,2025-10-02T16:27:00,2025-10-02T04:03:43,level_completed,1,0.0
2025-10,EVT-202510-5D76614FC056-0128,SYN-202510-D5D76614FC056,SYN-202510-P5D76614FC056,2025-10-02T16:28:00,2025-10-01T12:48:40,ad_impression,0,0.0007
2025-10,EVT-202510-31864D3F4605-0106,SYN-202510-D31864D3F4605,SYN-202510-P31864D3F4605,2025-10-02T16:34:00,2025-10-02T04:03:43,ad_impression,0,0.0262
2025-10,EVT-202510-31864D3F4605-0101,SYN-202510-D31864D3F4605,SYN-202510-P31864D3F4605,2025-10-02T16:36:00,2025-10-02T04:03:43,ad_impression,0,0.0262
2025-10,EVT-202510-EA40B541A75F-0008,SYN-202510-DEA40B541A75F,SYN-202510-PEA40B541A75F,2025-10-02T16:36:00,2025-10-02T13:37:02,level_completed,1,0.0
2025-10,EVT-202510-31864D3F4605-0099,SYN-202510-D31864D3F4605,SYN-202510-P31864D3F4605,2025-10-02T16:37:00,2025-10-02T04:03:43,level_completed,1,0.0
2025-10,EVT-202510-5D76614FC056-0169,SYN-202510-D5D76614FC056,SYN-202510-P5D76614FC056,2025-10-02T16:38:00,2025-10-01T12:48:40,ad_impression,0,0.0007
2025-10,EVT-202510-A9A12FC4967D-0001,SYN-202510-DA9A12FC4967D,SYN-202510-PA9A12FC4967D,2025-10-02T16:39:06,2025-10-02T16:38:06,session_start,0,0.0
2025-10,EVT-202510-31864D3F4605-0006,SYN-202510-D31864D3F4605,SYN-202510-P31864D3F4605,2025-10-02T16:40:00,2025-10-02T04:03:43,level_completed,1,0.0
2025-10,EVT-202510-E8539E112FE3-0016,SYN-202510-DE8539E112FE3,SYN-202510-PE8539E112FE3,2025-10-02T16:41:00,2025-10-02T12:58:38,level_completed,1,0.0
2025-10,EVT-202510-31864D3F4605-0012,SYN-202510-D31864D3F4605,SYN-202510-P31864D3F4605,2025-10-02T16:42:00,2025-10-02T04:03:43,level_completed,1,0.0
2025-10,EVT-202510-5B21AABBB5F4-0008,SYN-202510-D5B21AABBB5F4,SYN-202510-P5B21AABBB5F4,2025-10-02T16:42:09,2025-10-02T15:53:09,level_completed,1,0.0
2025-10,EVT-202510-5B21AABBB5F4-0009,SYN-202510-D5B21AABBB5F4,SYN-202510-P5B21AABBB5F4,2025-10-02T16:42:09,2025-10-02T15:53:09,level_completed,1,0.0
2025-10,EVT-202510-5B21AABBB5F4-0007,SYN-202510-D5B21AABBB5F4,SYN-202510-P5B21AABBB5F4,2025-10-02T16:43:09,2025-10-02T15:53:09,level_completed,1,0.0
2025-10,EVT-202510-31864D3F4605-0027,SYN-202510-D31864D3F4605,SYN-202510-P31864D3F4605,2025-10-02T16:49:00,2025-10-02T04:03:43,level_completed,1,0.0
2025-10,EVT-202510-5D76614FC056-0052,SYN-202510-D5D76614FC056,SYN-202510-P5D76614FC056,2025-10-02T16:49:00,2025-10-01T12:48:40,level_completed,1,0.0
2025-10,EVT-202510-69FC3DB3D0F2-0008,SYN-202510-D69FC3DB3D0F2,SYN-202510-P69FC3DB3D0F2,2025-10-02T16:50:00,2025-10-01T17:31:34,level_completed,1,0.0
2025-10,EVT-202510-7704ED0111AA-0047,SYN-202510-D7704ED0111AA,SYN-202510-P7704ED0111AA,2025-10-02T16:50:00,2025-10-01T05:57:44,ad_impression,0,0.046
2025-10,EVT-202510-EFC6DC255B44-0001,SYN-202510-DEFC6DC255B44,SYN-202510-PEFC6DC255B44,2025-10-02T16:50:00,2025-10-02T01:54:30,session_start,0,0.0
2025-10,EVT-202510-31864D3F4605-0063,SYN-202510-D31864D3F4605,SYN-202510-P31864D3F4605,2025-10-02T16:51:00,2025-10-02T04:03:43,level_completed,1,0.0
2025-10,EVT-202510-31864D3F4605-0028,SYN-202510-D31864D3F4605,SYN-202510-P31864D3F4605,2025-10-02T16:52:00,2025-10-02T04:03:43,level_completed,1,0.0
2025-10,EVT-202510-5D76614FC056-0163,SYN-202510-D5D76614FC056,SYN-202510-P5D76614FC056,2025-10-02T16:52:00,2025-10-01T12:48:40,ad_impression,0,0.0007
2025-10,EVT-202510-5B21AABBB5F4-0006,SYN-202510-D5B21AABBB5F4,SYN-202510-P5B21AABBB5F4,2025-10-02T16:56:09,2025-10-02T15:53:09,level_completed,1,0.0
2025-10,EVT-202510-A9A12FC4967D-0002,SYN-202510-DA9A12FC4967D,SYN-202510-PA9A12FC4967D,2025-10-02T17:01:00,2025-10-02T16:38:06,session_start,0,0.0
2025-10,EVT-202510-A9A12FC4967D-0006,SYN-202510-DA9A12FC4967D,SYN-202510-PA9A12FC4967D,2025-10-02T17:01:06,2025-10-02T16:38:06,level_completed,1,0.0
2025-10,EVT-202510-E8539E112FE3-0011,SYN-202510-DE8539E112FE3,SYN-202510-PE8539E112FE3,2025-10-02T17:02:00,2025-10-02T12:58:38,level_completed,1,0.0
2025-10,EVT-202510-E8539E112FE3-0021,SYN-202510-DE8539E112FE3,SYN-202510-PE8539E112FE3,2025-10-02T17:02:00,2025-10-02T12:58:38,level_completed,1,0.0
2025-10,EVT-202510-5B21AABBB5F4-0003,SYN-202510-D5B21AABBB5F4,SYN-202510-P5B21AABBB5F4,2025-10-02T17:04:09,2025-10-02T15:53:09,level_completed,1,0.0
2025-10,EVT-202510-5D76614FC056-0085,SYN-202510-D5D76614FC056,SYN-202510-P5D76614FC056,2025-10-02T17:08:00,2025-10-01T12:48:40,level_completed,1,0.0
2025-10,EVT-202510-E8539E112FE3-0018,SYN-202510-DE8539E112FE3,SYN-202510-PE8539E112FE3,2025-10-02T17:08:00,2025-10-02T12:58:38,level_completed,1,0.0
2025-10,EVT-202510-A9A12FC4967D-0012,SYN-202510-DA9A12FC4967D,SYN-202510-PA9A12FC4967D,2025-10-02T17:08:06,2025-10-02T16:38:06,level_completed,1,0.0
2025-10,EVT-202510-E8539E112FE3-0031,SYN-202510-DE8539E112FE3,SYN-202510-PE8539E112FE3,2025-10-02T17:14:00,2025-10-02T12:58:38,ad_impression,0,0.078
2025-10,EVT-202510-EFC6DC255B44-0003,SYN-202510-DEFC6DC255B44,SYN-202510-PEFC6DC255B44,2025-10-02T17:14:00,2025-10-02T01:54:30,level_completed,1,0.0
2025-10,EVT-202510-B98258AD569A-0001,SYN-202510-DB98258AD569A,SYN-202510-PB98258AD569A,2025-10-02T17:14:22,2025-10-02T17:13:22,session_start,0,0.0
2025-10,EVT-202510-5D76614FC056-0105,SYN-202510-D5D76614FC056,SYN-202510-P5D76614FC056,2025-10-02T17:18:00,2025-10-01T12:48:40,level_completed,1,0.0
2025-10,EVT-202510-5D76614FC056-0073,SYN-202510-D5D76614FC056,SYN-202510-P5D76614FC056,2025-10-02T17:24:00,2025-10-01T12:48:40,level_completed,1,0.0
2025-10,EVT-202510-A9A12FC4967D-0009,SYN-202510-DA9A12FC4967D,SYN-202510-PA9A12FC4967D,2025-10-02T17:27:06,2025-10-02T16:38:06,level_completed,1,0.0
2025-10,EVT-202510-B98258AD569A-0008,SYN-202510-DB98258AD569A,SYN-202510-PB98258AD569A,2025-10-02T17:27:22,2025-10-02T17:13:22,level_completed,1,0.0
2025-10,EVT-202510-5D76614FC056-0097,SYN-202510-D5D76614FC056,SYN-202510-P5D76614FC056,2025-10-02T17:28:00,2025-10-01T12:48:40,level_completed,1,0.0
2025-10,EVT-202510-5D76614FC056-0046,SYN-202510-D5D76614FC056,SYN-202510-P5D76614FC056,2025-10-02T17:29:00,2025-10-01T12:48:40,level_completed,1,0.0
2025-10,EVT-202510-A9A12FC4967D-0011,SYN-202510-DA9A12FC4967D,SYN-202510-PA9A12FC4967D,2025-10-02T17:31:06,2025-10-02T16:38:06,level_completed,1,0.0
2025-10,EVT-202510-5D76614FC056-0042,SYN-202510-D5D76614FC056,SYN-202510-P5D76614FC056,2025-10-02T17:32:00,2025-10-01T12:48:40,level_completed,1,0.0
2025-10,EVT-202510-B98258AD569A-0002,SYN-202510-DB98258AD569A,SYN-202510-PB98258AD569A,2025-10-02T17:33:22,2025-10-02T17:13:22,level_completed,1,0.0
2025-10,EVT-202510-B98258AD569A-0007,SYN-202510-DB98258AD569A,SYN-202510-PB98258AD569A,2025-10-02T17:36:22,2025-10-02T17:13:22,level_completed,1,0.0
2025-10,EVT-202510-5D76614FC056-0136,SYN-202510-D5D76614FC056,SYN-202510-P5D76614FC056,2025-10-02T17:38:00,2025-10-01T12:48:40,ad_impression,0,0.0007
2025-10,EVT-202510-B98258AD569A-0015,SYN-202510-DB98258AD569A,SYN-202510-PB98258AD569A,2025-10-02T17:41:22,2025-10-02T17:13:22,level_completed,1,0.0
2025-10,EVT-202510-5D76614FC056-0134,SYN-202510-D5D76614FC056,SYN-202510-P5D76614FC056,2025-10-02T17:42:00,2025-10-01T12:48:40,ad_impression,0,0.0007
2025-10,EVT-202510-A9A12FC4967D-0008,SYN-202510-DA9A12FC4967D,SYN-202510-PA9A12FC4967D,2025-10-02T17:43:06,2025-10-02T16:38:06,level_completed,1,0.0
2025-10,EVT-202510-B98258AD569A-0013,SYN-202510-DB98258AD569A,SYN-202510-PB98258AD569A,2025-10-02T17:43:22,2025-10-02T17:13:22,level_completed,1,0.0
2025-10,EVT-202510-7704ED0111AA-0008,SYN-202510-D7704ED0111AA,SYN-202510-P7704ED0111AA,2025-10-02T17:44:00,2025-10-01T05:57:44,session_start,0,0.0
2025-10,EVT-202510-B98258AD569A-0009,SYN-202510-DB98258AD569A,SYN-202510-PB98258AD569A,2025-10-02T17:49:22,2025-10-02T17:13:22,level_completed,1,0.0
2025-10,EVT-202510-614CA34F6B59-0001,SYN-202510-D614CA34F6B59,SYN-202510-P614CA34F6B59,2025-10-02T17:53:47,2025-10-02T17:52:47,session_start,0,0.0
2025-10,EVT-202510-EFC6DC255B44-0002,SYN-202510-DEFC6DC255B44,SYN-202510-PEFC6DC255B44,2025-10-02T17:54:00,2025-10-02T01:54:30,level_completed,1,0.0
2025-10,EVT-202510-700336781DB9-0001,SYN-202510-D700336781DB9,SYN-202510-P700336781DB9,2025-10-02T17:54:59,2025-10-02T17:53:59,session_start,0,0.0
2025-10,EVT-202510-700336781DB9-0002,SYN-202510-D700336781DB9,SYN-202510-P700336781DB9,2025-10-02T17:54:59,2025-10-02T17:53:59,session_start,0,0.0
2025-10,EVT-202510-1E15B84E47D3-0001,SYN-202510-D1E15B84E47D3,SYN-202510-P1E15B84E47D3,2025-10-02T17:55:50,2025-10-02T17:54:50,session_start,0,0.0
2025-10,EVT-202510-1E15B84E47D3-0002,SYN-202510-D1E15B84E47D3,SYN-202510-P1E15B84E47D3,2025-10-02T17:55:50,2025-10-02T17:54:50,session_start,0,0.0
2025-10,EVT-202510-B98258AD569A-0003,SYN-202510-DB98258AD569A,SYN-202510-PB98258AD569A,2025-10-02T17:56:22,2025-10-02T17:13:22,level_completed,1,0.0
2025-10,EVT-202510-700336781DB9-0003,SYN-202510-D700336781DB9,SYN-202510-P700336781DB9,2025-10-02T17:57:00,2025-10-02T17:53:59,session_start,0,0.0
2025-10,EVT-202510-CC8F2BF47CFB-0001,SYN-202510-DCC8F2BF47CFB,SYN-202510-PCC8F2BF47CFB,2025-10-02T17:58:00,2025-10-02T09:42:30,session_start,0,0.0
2025-10,EVT-202510-B98258AD569A-0004,SYN-202510-DB98258AD569A,SYN-202510-PB98258AD569A,2025-10-02T17:58:22,2025-10-02T17:13:22,level_completed,1,0.0
2025-10,EVT-202510-A9A12FC4967D-0014,SYN-202510-DA9A12FC4967D,SYN-202510-PA9A12FC4967D,2025-10-02T18:04:00,2025-10-02T16:38:06,level_completed,1,0.0
2025-10,EVT-202510-B98258AD569A-0014,SYN-202510-DB98258AD569A,SYN-202510-PB98258AD569A,2025-10-02T18:05:22,2025-10-02T17:13:22,level_completed,1,0.0
2025-10,EVT-202510-DB557C7A9709-0001,SYN-202510-DDB557C7A9709,SYN-202510-PDB557C7A9709,2025-10-02T18:07:00,2025-10-02T17:12:46,session_start,0,0.0
2025-10,EVT-202510-7704ED0111AA-0034,SYN-202510-D7704ED0111AA,SYN-202510-P7704ED0111AA,2025-10-02T18:08:00,2025-10-01T05:57:44,level_completed,1,0.0
2025-10,EVT-202510-B98258AD569A-0010,SYN-202510-DB98258AD569A,SYN-202510-PB98258AD569A,2025-10-02T18:08:22,2025-10-02T17:13:22,level_completed,1,0.0
2025-10,EVT-202510-700336781DB9-0004,SYN-202510-D700336781DB9,SYN-202510-P700336781DB9,2025-10-02T18:09:59,2025-10-02T17:53:59,level_completed,1,0.0
2025-10,EVT-202510-700336781DB9-0007,SYN-202510-D700336781DB9,SYN-202510-P700336781DB9,2025-10-02T18:10:59,2025-10-02T17:53:59,level_completed,1,0.0
2025-10,EVT-202510-B98258AD569A-0011,SYN-202510-DB98258AD569A,SYN-202510-PB98258AD569A,2025-10-02T18:13:22,2025-10-02T17:13:22,level_completed,1,0.0
2025-10,EVT-202510-B98258AD569A-0012,SYN-202510-DB98258AD569A,SYN-202510-PB98258AD569A,2025-10-02T18:14:22,2025-10-02T17:13:22,level_completed,1,0.0
2025-10,EVT-202510-5D76614FC056-0011,SYN-202510-D5D76614FC056,SYN-202510-P5D76614FC056,2025-10-02T18:15:00,2025-10-01T12:48:40,session_start,0,0.0
2025-10,EVT-202510-5D76614FC056-0032,SYN-202510-D5D76614FC056,SYN-202510-P5D76614FC056,2025-10-02T18:18:00,2025-10-01T12:48:40,level_completed,1,0.0
2025-10,EVT-202510-5D76614FC056-0181,SYN-202510-D5D76614FC056,SYN-202510-P5D76614FC056,2025-10-02T18:19:00,2025-10-01T12:48:40,ad_impression,0,0.0007
2025-10,EVT-202510-B98258AD569A-0006,SYN-202510-DB98258AD569A,SYN-202510-PB98258AD569A,2025-10-02T18:22:22,2025-10-02T17:13:22,level_completed,1,0.0
2025-10,EVT-202510-0B3855D746A9-0001,SYN-202510-D0B3855D746A9,SYN-202510-P0B3855D746A9,2025-10-02T18:23:14,2025-10-02T18:22:14,session_start,0,0.0
2025-10,EVT-202510-0B3855D746A9-0002,SYN-202510-D0B3855D746A9,SYN-202510-P0B3855D746A9,2025-10-02T18:23:14,2025-10-02T18:22:14,session_start,0,0.0
2025-10,EVT-202510-5D76614FC056-0194,SYN-202510-D5D76614FC056,SYN-202510-P5D76614FC056,2025-10-02T18:24:00,2025-10-01T12:48:40,ad_impression,0,0.0007
2025-10,EVT-202510-5D76614FC056-0022,SYN-202510-D5D76614FC056,SYN-202510-P5D76614FC056,2025-10-02T18:25:00,2025-10-01T12:48:40,level_completed,1,0.0
2025-10,EVT-202510-0B3855D746A9-0005,SYN-202510-D0B3855D746A9,SYN-202510-P0B3855D746A9,2025-10-02T18:27:14,2025-10-02T18:22:14,level_completed,1,0.0
2025-10,EVT-202510-0B3855D746A9-0008,SYN-202510-D0B3855D746A9,SYN-202510-P0B3855D746A9,2025-10-02T18:27:14,2025-10-02T18:22:14,level_completed,1,0.0
2025-10,EVT-202510-F35BDF359F8E-0001,SYN-202510-DF35BDF359F8E,SYN-202510-PF35BDF359F8E,2025-10-02T18:31:09,2025-10-02T18:30:09,session_start,0,0.0
2025-10,EVT-202510-F35BDF359F8E-0002,SYN-202510-DF35BDF359F8E,SYN-202510-PF35BDF359F8E,2025-10-02T18:31:09,2025-10-02T18:30:09,session_start,0,0.0
2025-10,EVT-202510-700336781DB9-0006,SYN-202510-D700336781DB9,SYN-202510-P700336781DB9,2025-10-02T18:31:59,2025-10-02T17:53:59,level_completed,1,0.0
2025-10,EVT-202510-5D76614FC056-0091,SYN-202510-D5D76614FC056,SYN-202510-P5D76614FC056,2025-10-02T18:32:00,2025-10-01T12:48:40,level_completed,1,0.0
2025-10,EVT-202510-614CA34F6B59-0002,SYN-202510-D614CA34F6B59,SYN-202510-P614CA34F6B59,2025-10-02T18:32:00,2025-10-02T17:52:47,session_start,0,0.0
2025-10,EVT-202510-B98258AD569A-0005,SYN-202510-DB98258AD569A,SYN-202510-PB98258AD569A,2025-10-02T18:32:22,2025-10-02T17:13:22,level_completed,1,0.0
2025-10,EVT-202510-FDDF236D1F62-0001,SYN-202510-DFDDF236D1F62,SYN-202510-PFDDF236D1F62,2025-10-02T18:35:16,2025-10-02T18:34:16,session_start,0,0.0
2025-10,EVT-202510-CC8F2BF47CFB-0006,SYN-202510-DCC8F2BF47CFB,SYN-202510-PCC8F2BF47CFB,2025-10-02T18:40:00,2025-10-02T09:42:30,level_completed,1,0.0
2025-10,EVT-202510-DB557C7A9709-0005,SYN-202510-DDB557C7A9709,SYN-202510-PDB557C7A9709,2025-10-02T18:40:00,2025-10-02T17:12:46,level_completed,1,0.0
2025-10,EVT-202510-0B3855D746A9-0003,SYN-202510-D0B3855D746A9,SYN-202510-P0B3855D746A9,2025-10-02T18:41:14,2025-10-02T18:22:14,level_completed,1,0.0
2025-10,EVT-202510-0B3855D746A9-0004,SYN-202510-D0B3855D746A9,SYN-202510-P0B3855D746A9,2025-10-02T18:41:14,2025-10-02T18:22:14,level_completed,1,0.0
2025-10,EVT-202510-1BDEB5A1102D-0001,SYN-202510-D1BDEB5A1102D,SYN-202510-P1BDEB5A1102D,2025-10-02T18:41:37,2025-10-02T18:40:37,session_start,0,0.0
2025-10,EVT-202510-1BDEB5A1102D-0002,SYN-202510-D1BDEB5A1102D,SYN-202510-P1BDEB5A1102D,2025-10-02T18:41:37,2025-10-02T18:40:37,session_start,0,0.0
2025-10,EVT-202510-1BDEB5A1102D-0003,SYN-202510-D1BDEB5A1102D,SYN-202510-P1BDEB5A1102D,2025-10-02T18:41:37,2025-10-02T18:40:37,session_start,0,0.0
2025-10,EVT-202510-700336781DB9-0005,SYN-202510-D700336781DB9,SYN-202510-P700336781DB9,2025-10-02T18:42:00,2025-10-02T17:53:59,level_completed,1,0.0
2025-10,EVT-202510-FDDF236D1F62-0003,SYN-202510-DFDDF236D1F62,SYN-202510-PFDDF236D1F62,2025-10-02T18:42:16,2025-10-02T18:34:16,level_completed,1,0.0
2025-10,EVT-202510-FDDF236D1F62-0004,SYN-202510-DFDDF236D1F62,SYN-202510-PFDDF236D1F62,2025-10-02T18:42:16,2025-10-02T18:34:16,level_completed,1,0.0
2025-10,EVT-202510-FDDF236D1F62-0005,SYN-202510-DFDDF236D1F62,SYN-202510-PFDDF236D1F62,2025-10-02T18:44:16,2025-10-02T18:34:16,level_completed,1,0.0
2025-10,EVT-202510-1BDEB5A1102D-0008,SYN-202510-D1BDEB5A1102D,SYN-202510-P1BDEB5A1102D,2025-10-02T18:44:37,2025-10-02T18:40:37,level_completed,1,0.0
2025-10,EVT-202510-F35BDF359F8E-0008,SYN-202510-DF35BDF359F8E,SYN-202510-PF35BDF359F8E,2025-10-02T18:45:09,2025-10-02T18:30:09,level_completed,1,0.0
2025-10,EVT-202510-0B3855D746A9-0006,SYN-202510-D0B3855D746A9,SYN-202510-P0B3855D746A9,2025-10-02T18:45:14,2025-10-02T18:22:14,level_completed,1,0.0
2025-10,EVT-202510-0B3855D746A9-0009,SYN-202510-D0B3855D746A9,SYN-202510-P0B3855D746A9,2025-10-02T18:45:14,2025-10-02T18:22:14,level_completed,1,0.0
2025-10,EVT-202510-1BDEB5A1102D-0057,SYN-202510-D1BDEB5A1102D,SYN-202510-P1BDEB5A1102D,2025-10-02T18:45:37,2025-10-02T18:40:37,level_completed,1,0.0
2025-10,EVT-202510-1BDEB5A1102D-0020,SYN-202510-D1BDEB5A1102D,SYN-202510-P1BDEB5A1102D,2025-10-02T18:46:37,2025-10-02T18:40:37,level_completed,1,0.0
2025-10,EVT-202510-5D76614FC056-0101,SYN-202510-D5D76614FC056,SYN-202510-P5D76614FC056,2025-10-02T18:47:00,2025-10-01T12:48:40,level_completed,1,0.0
2025-10,EVT-202510-1BDEB5A1102D-0061,SYN-202510-D1BDEB5A1102D,SYN-202510-P1BDEB5A1102D,2025-10-02T18:47:37,2025-10-02T18:40:37,ad_impression,0,0.0039
2025-10,EVT-202510-1BDEB5A1102D-0066,SYN-202510-D1BDEB5A1102D,SYN-202510-P1BDEB5A1102D,2025-10-02T18:48:37,2025-10-02T18:40:37,ad_impression,0,0.0039
2025-10,EVT-202510-DB557C7A9709-0003,SYN-202510-DDB557C7A9709,SYN-202510-PDB557C7A9709,2025-10-02T18:49:00,2025-10-02T17:12:46,level_completed,1,0.0
2025-10,EVT-202510-F35BDF359F8E-0013,SYN-202510-DF35BDF359F8E,SYN-202510-PF35BDF359F8E,2025-10-02T18:50:09,2025-10-02T18:30:09,level_completed,1,0.0
2025-10,EVT-202510-96F6A1B4BE7B-0003,SYN-202510-D96F6A1B4BE7B,SYN-202510-P96F6A1B4BE7B,2025-10-02T18:51:00,2025-10-02T07:27:04,session_start,0,0.0
2025-10,EVT-202510-1BDEB5A1102D-0022,SYN-202510-D1BDEB5A1102D,SYN-202510-P1BDEB5A1102D,2025-10-02T18:51:37,2025-10-02T18:40:37,level_completed,1,0.0
2025-10,EVT-202510-4614514762A7-0001,SYN-202510-D4614514762A7,SYN-202510-P4614514762A7,2025-10-02T18:52:08,2025-10-02T18:51:08,session_start,0,0.0
2025-10,EVT-202510-4614514762A7-0002,SYN-202510-D4614514762A7,SYN-202510-P4614514762A7,2025-10-02T18:52:08,2025-10-02T18:51:08,session_start,0,0.0
2025-10,EVT-202510-1BDEB5A1102D-0054,SYN-202510-D1BDEB5A1102D,SYN-202510-P1BDEB5A1102D,2025-10-02T18:52:37,2025-10-02T18:40:37,level_completed,1,0.0
2025-10,EVT-202510-CC8F2BF47CFB-0010,SYN-202510-DCC8F2BF47CFB,SYN-202510-PCC8F2BF47CFB,2025-10-02T18:53:00,2025-10-02T09:42:30,level_completed,1,0.0
2025-10,EVT-202510-1BDEB5A1102D-0034,SYN-202510-D1BDEB5A1102D,SYN-202510-P1BDEB5A1102D,2025-10-02T18:53:37,2025-10-02T18:40:37,level_completed,1,0.0
2025-10,EVT-202510-F35BDF359F8E-0014,SYN-202510-DF35BDF359F8E,SYN-202510-PF35BDF359F8E,2025-10-02T18:54:09,2025-10-02T18:30:09,level_completed,1,0.0
2025-10,EVT-202510-1BDEB5A1102D-0050,SYN-202510-D1BDEB5A1102D,SYN-202510-P1BDEB5A1102D,2025-10-02T18:54:37,2025-10-02T18:40:37,level_completed,1,0.0
2025-10,EVT-202510-5D76614FC056-0082,SYN-202510-D5D76614FC056,SYN-202510-P5D76614FC056,2025-10-02T18:55:00,2025-10-01T12:48:40,level_completed,1,0.0
2025-10,EVT-202510-DB557C7A9709-0010,SYN-202510-DDB557C7A9709,SYN-202510-PDB557C7A9709,2025-10-02T18:56:00,2025-10-02T17:12:46,level_completed,1,0.0
2025-10,EVT-202510-1BDEB5A1102D-0063,SYN-202510-D1BDEB5A1102D,SYN-202510-P1BDEB5A1102D,2025-10-02T18:57:37,2025-10-02T18:40:37,ad_impression,0,0.0039
2025-10,EVT-202510-5D76614FC056-0140,SYN-202510-D5D76614FC056,SYN-202510-P5D76614FC056,2025-10-02T18:58:00,2025-10-01T12:48:40,ad_impression,0,0.0007
2025-10,EVT-202510-DB557C7A9709-0004,SYN-202510-DDB557C7A9709,SYN-202510-PDB557C7A9709,2025-10-02T18:58:00,2025-10-02T17:12:46,level_completed,1,0.0
2025-10,EVT-202510-4614514762A7-0029,SYN-202510-D4614514762A7,SYN-202510-P4614514762A7,2025-10-02T18:58:08,2025-10-02T18:51:08,level_completed,1,0.0
2025-10,EVT-202510-1BDEB5A1102D-0023,SYN-202510-D1BDEB5A1102D,SYN-202510-P1BDEB5A1102D,2025-10-02T18:58:37,2025-10-02T18:40:37,level_completed,1,0.0
2025-10,EVT-202510-1BDEB5A1102D-0041,SYN-202510-D1BDEB5A1102D,SYN-202510-P1BDEB5A1102D,2025-10-02T18:58:37,2025-10-02T18:40:37,level_completed,1,0.0
2025-10,EVT-202510-5D76614FC056-0152,SYN-202510-D5D76614FC056,SYN-202510-P5D76614FC056,2025-10-02T19:00:00,2025-10-01T12:48:40,ad_impression,0,0.0007
2025-10,EVT-202510-CC8F2BF47CFB-0003,SYN-202510-DCC8F2BF47CFB,SYN-202510-PCC8F2BF47CFB,2025-10-02T19:00:00,2025-10-02T09:42:30,level_completed,1,0.0
2025-10,EVT-202510-4614514762A7-0011,SYN-202510-D4614514762A7,SYN-202510-P4614514762A7,2025-10-02T19:01:08,2025-10-02T18:51:08,level_completed,1,0.0
2025-10,EVT-202510-F35BDF359F8E-0005,SYN-202510-DF35BDF359F8E,SYN-202510-PF35BDF359F8E,2025-10-02T19:01:09,2025-10-02T18:30:09,level_completed,1,0.0
2025-10,EVT-202510-0B3855D746A9-0007,SYN-202510-D0B3855D746A9,SYN-202510-P0B3855D746A9,2025-10-02T19:01:14,2025-10-02T18:22:14,level_completed,1,0.0
2025-10,EVT-202510-FDDF236D1F62-0009,SYN-202510-DFDDF236D1F62,SYN-202510-PFDDF236D1F62,2025-10-02T19:01:16,2025-10-02T18:34:16,level_completed,1,0.0
2025-10,EVT-202510-1BDEB5A1102D-0040,SYN-202510-D1BDEB5A1102D,SYN-202510-P1BDEB5A1102D,2025-10-02T19:01:37,2025-10-02T18:40:37,level_completed,1,0.0
2025-10,EVT-202510-96F6A1B4BE7B-0037,SYN-202510-D96F6A1B4BE7B,SYN-202510-P96F6A1B4BE7B,2025-10-02T19:02:00,2025-10-02T07:27:04,level_completed,1,0.0
2025-10,EVT-202510-F35BDF359F8E-0011,SYN-202510-DF35BDF359F8E,SYN-202510-PF35BDF359F8E,2025-10-02T19:02:09,2025-10-02T18:30:09,level_completed,1,0.0
2025-10,EVT-202510-1BDEB5A1102D-0036,SYN-202510-D1BDEB5A1102D,SYN-202510-P1BDEB5A1102D,2025-10-02T19:02:37,2025-10-02T18:40:37,level_completed,1,0.0
2025-10,EVT-202510-700336781DB9-0009,SYN-202510-D700336781DB9,SYN-202510-P700336781DB9,2025-10-02T19:02:59,2025-10-02T17:53:59,ad_impression,0,0.0287
2025-10,EVT-202510-4614514762A7-0085,SYN-202510-D4614514762A7,SYN-202510-P4614514762A7,2025-10-02T19:03:08,2025-10-02T18:51:08,level_completed,1,0.0
2025-10,EVT-202510-4614514762A7-0100,SYN-202510-D4614514762A7,SYN-202510-P4614514762A7,2025-10-02T19:03:08,2025-10-02T18:51:08,ad_impression,0,0.001
2025-10,EVT-202510-1BDEB5A1102D-0010,SYN-202510-D1BDEB5A1102D,SYN-202510-P1BDEB5A1102D,2025-10-02T19:03:37,2025-10-02T18:40:37,level_completed,1,0.0
2025-10,EVT-202510-1BDEB5A1102D-0030,SYN-202510-D1BDEB5A1102D,SYN-202510-P1BDEB5A1102D,2025-10-02T19:03:37,2025-10-02T18:40:37,level_completed,1,0.0
2025-10,EVT-202510-5D76614FC056-0037,SYN-202510-D5D76614FC056,SYN-202510-P5D76614FC056,2025-10-02T19:04:00,2025-10-01T12:48:40,level_completed,1,0.0
2025-10,EVT-202510-F35BDF359F8E-0003,SYN-202510-DF35BDF359F8E,SYN-202510-PF35BDF359F8E,2025-10-02T19:04:09,2025-10-02T18:30:09,level_completed,1,0.0
2025-10,EVT-202510-4614514762A7-0110,SYN-202510-D4614514762A7,SYN-202510-P4614514762A7,2025-10-02T19:05:08,2025-10-02T18:51:08,ad_impression,0,0.001
2025-10,EVT-202510-700336781DB9-0008,SYN-202510-D700336781DB9,SYN-202510-P700336781DB9,2025-10-02T19:07:59,2025-10-02T17:53:59,ad_impression,0,0.0287
2025-10,EVT-202510-CC8F2BF47CFB-0013,SYN-202510-DCC8F2BF47CFB,SYN-202510-PCC8F2BF47CFB,2025-10-02T19:08:00,2025-10-02T09:42:30,ad_impression,0,0.1754
2025-10,EVT-202510-FDDF236D1F62-0002,SYN-202510-DFDDF236D1F62,SYN-202510-PFDDF236D1F62,2025-10-02T19:08:00,2025-10-02T18:34:16,session_start,0,0.0
2025-10,EVT-202510-4614514762A7-0045,SYN-202510-D4614514762A7,SYN-202510-P4614514762A7,2025-10-02T19:08:08,2025-10-02T18:51:08,level_completed,1,0.0
2025-10,EVT-202510-4614514762A7-0092,SYN-202510-D4614514762A7,SYN-202510-P4614514762A7,2025-10-02T19:09:08,2025-10-02T18:51:08,ad_impression,0,0.001
2025-10,EVT-202510-1BDEB5A1102D-0058,SYN-202510-D1BDEB5A1102D,SYN-202510-P1BDEB5A1102D,2025-10-02T19:09:37,2025-10-02T18:40:37,level_completed,1,0.0
2025-10,EVT-202510-1BDEB5A1102D-0065,SYN-202510-D1BDEB5A1102D,SYN-202510-P1BDEB5A1102D,2025-10-02T19:09:37,2025-10-02T18:40:37,ad_impression,0,0.0039
2025-10,EVT-202510-CC8F2BF47CFB-0012,SYN-202510-DCC8F2BF47CFB,SYN-202510-PCC8F2BF47CFB,2025-10-02T19:10:00,2025-10-02T09:42:30,level_completed,1,0.0
2025-10,EVT-202510-1BDEB5A1102D-0025,SYN-202510-D1BDEB5A1102D,SYN-202510-P1BDEB5A1102D,2025-10-02T19:10:37,2025-10-02T18:40:37,level_completed,1,0.0
2025-10,EVT-202510-96F6A1B4BE7B-0033,SYN-202510-D96F6A1B4BE7B,SYN-202510-P96F6A1B4BE7B,2025-10-02T19:12:00,2025-10-02T07:27:04,level_completed,1,0.0
2025-10,EVT-202510-5D76614FC056-0108,SYN-202510-D5D76614FC056,SYN-202510-P5D76614FC056,2025-10-02T19:13:00,2025-10-01T12:48:40,level_completed,1,0.0
2025-10,EVT-202510-4614514762A7-0096,SYN-202510-D4614514762A7,SYN-202510-P4614514762A7,2025-10-02T19:13:08,2025-10-02T18:51:08,ad_impression,0,0.001
2025-10,EVT-202510-4614514762A7-0104,SYN-202510-D4614514762A7,SYN-202510-P4614514762A7,2025-10-02T19:13:08,2025-10-02T18:51:08,ad_impression,0,0.001
2025-10,EVT-202510-A054C1F819E3-0001,SYN-202510-DA054C1F819E3,SYN-202510-PA054C1F819E3,2025-10-02T19:13:09,2025-10-02T19:12:09,session_start,0,0.0
2025-10,EVT-202510-A054C1F819E3-0002,SYN-202510-DA054C1F819E3,SYN-202510-PA054C1F819E3,2025-10-02T19:13:09,2025-10-02T19:12:09,session_start,0,0.0
2025-10,EVT-202510-A054C1F819E3-0003,SYN-202510-DA054C1F819E3,SYN-202510-PA054C1F819E3,2025-10-02T19:13:09,2025-10-02T19:12:09,session_start,0,0.0
2025-10,EVT-202510-A054C1F819E3-0004,SYN-202510-DA054C1F819E3,SYN-202510-PA054C1F819E3,2025-10-02T19:13:09,2025-10-02T19:12:09,session_start,0,0.0
2025-10,EVT-202510-F35BDF359F8E-0006,SYN-202510-DF35BDF359F8E,SYN-202510-PF35BDF359F8E,2025-10-02T19:14:09,2025-10-02T18:30:09,level_completed,1,0.0
2025-10,EVT-202510-1BDEB5A1102D-0007,SYN-202510-D1BDEB5A1102D,SYN-202510-P1BDEB5A1102D,2025-10-02T19:14:37,2025-10-02T18:40:37,level_completed,1,0.0
2025-10,EVT-202510-0B3855D746A9-0014,SYN-202510-D0B3855D746A9,SYN-202510-P0B3855D746A9,2025-10-02T19:15:14,2025-10-02T18:22:14,ad_impression,0,0.0555
2025-10,EVT-202510-CC8F2BF47CFB-0009,SYN-202510-DCC8F2BF47CFB,SYN-202510-PCC8F2BF47CFB,2025-10-02T19:16:00,2025-10-02T09:42:30,level_completed,1,0.0
2025-10,EVT-202510-4614514762A7-0076,SYN-202510-D4614514762A7,SYN-202510-P4614514762A7,2025-10-02T19:16:08,2025-10-02T18:51:08,level_completed,1,0.0
2025-10,EVT-202510-0B3855D746A9-0013,SYN-202510-D0B3855D746A9,SYN-202510-P0B3855D746A9,2025-10-02T19:16:14,2025-10-02T18:22:14,ad_impression,0,0.0555
2025-10,EVT-202510-FDDF236D1F62-0012,SYN-202510-DFDDF236D1F62,SYN-202510-PFDDF236D1F62,2025-10-02T19:17:00,2025-10-02T18:34:16,level_completed,1,0.0
2025-10,EVT-202510-F35BDF359F8E-0016,SYN-202510-DF35BDF359F8E,SYN-202510-PF35BDF359F8E,2025-10-02T19:17:09,2025-10-02T18:30:09,ad_impression,0,0.0718
2025-10,EVT-202510-1BDEB5A1102D-0028,SYN-202510-D1BDEB5A1102D,SYN-202510-P1BDEB5A1102D,2025-10-02T19:17:37,2025-10-02T18:40:37,level_completed,1,0.0
2025-10,EVT-202510-1BDEB5A1102D-0046,SYN-202510-D1BDEB5A1102D,SYN-202510-P1BDEB5A1102D,2025-10-02T19:17:37,2025-10-02T18:40:37,level_completed,1,0.0
2025-10,EVT-202510-1BDEB5A1102D-0019,SYN-202510-D1BDEB5A1102D,SYN-202510-P1BDEB5A1102D,2025-10-02T19:18:37,2025-10-02T18:40:37,level_completed,1,0.0
2025-10,EVT-202510-5D76614FC056-0188,SYN-202510-D5D76614FC056,SYN-202510-P5D76614FC056,2025-10-02T19:19:00,2025-10-01T12:48:40,ad_impression,0,0.0007
2025-10,EVT-202510-4614514762A7-0133,SYN-202510-D4614514762A7,SYN-202510-P4614514762A7,2025-10-02T19:19:08,2025-10-02T18:51:08,ad_impression,0,0.001
2025-10,EVT-202510-5D76614FC056-0149,SYN-202510-D5D76614FC056,SYN-202510-P5D76614FC056,2025-10-02T19:20:00,2025-10-01T12:48:40,ad_impression,0,0.0007
2025-10,EVT-202510-4614514762A7-0122,SYN-202510-D4614514762A7,SYN-202510-P4614514762A7,2025-10-02T19:20:08,2025-10-02T18:51:08,ad_impression,0,0.001
2025-10,EVT-202510-1BDEB5A1102D-0044,SYN-202510-D1BDEB5A1102D,SYN-202510-P1BDEB5A1102D,2025-10-02T19:20:37,2025-10-02T18:40:37,level_completed,1,0.0
2025-10,EVT-202510-4614514762A7-0117,SYN-202510-D4614514762A7,SYN-202510-P4614514762A7,2025-10-02T19:21:08,2025-10-02T18:51:08,ad_impression,0,0.001
2025-10,EVT-202510-0B3855D746A9-0010,SYN-202510-D0B3855D746A9,SYN-202510-P0B3855D746A9,2025-10-02T19:21:14,2025-10-02T18:22:14,level_completed,1,0.0
2025-10,EVT-202510-96F6A1B4BE7B-0004,SYN-202510-D96F6A1B4BE7B,SYN-202510-P96F6A1B4BE7B,2025-10-02T19:23:00,2025-10-02T07:27:04,session_start,0,0.0
2025-10,EVT-202510-4614514762A7-0069,SYN-202510-D4614514762A7,SYN-202510-P4614514762A7,2025-10-02T19:23:08,2025-10-02T18:51:08,level_completed,1,0.0
2025-10,EVT-202510-4614514762A7-0106,SYN-202510-D4614514762A7,SYN-202510-P4614514762A7,2025-10-02T19:23:08,2025-10-02T18:51:08,ad_impression,0,0.001
2025-10,EVT-202510-A054C1F819E3-0006,SYN-202510-DA054C1F819E3,SYN-202510-PA054C1F819E3,2025-10-02T19:23:09,2025-10-02T19:12:09,level_completed,1,0.0
2025-10,EVT-202510-1BDEB5A1102D-0014,SYN-202510-D1BDEB5A1102D,SYN-202510-P1BDEB5A1102D,2025-10-02T19:23:37,2025-10-02T18:40:37,level_completed,1,0.0
2025-10,EVT-202510-293567C932A5-0001,SYN-202510-D293567C932A5,SYN-202510-P293567C932A5,2025-10-02T19:24:23,2025-10-02T19:23:23,session_start,0,0.0
2025-10,EVT-202510-293567C932A5-0002,SYN-202510-D293567C932A5,SYN-202510-P293567C932A5,2025-10-02T19:24:23,2025-10-02T19:23:23,session_start,0,0.0
2025-10,EVT-202510-293567C932A5-0003,SYN-202510-D293567C932A5,SYN-202510-P293567C932A5,2025-10-02T19:24:23,2025-10-02T19:23:23,session_start,0,0.0
2025-10,EVT-202510-293567C932A5-0004,SYN-202510-D293567C932A5,SYN-202510-P293567C932A5,2025-10-02T19:24:23,2025-10-02T19:23:23,session_start,0,0.0
2025-10,EVT-202510-293567C932A5-0005,SYN-202510-D293567C932A5,SYN-202510-P293567C932A5,2025-10-02T19:24:23,2025-10-02T19:23:23,session_start,0,0.0
2025-10,EVT-202510-293567C932A5-0006,SYN-202510-D293567C932A5,SYN-202510-P293567C932A5,2025-10-02T19:24:23,2025-10-02T19:23:23,session_start,0,0.0
2025-10,EVT-202510-293567C932A5-0007,SYN-202510-D293567C932A5,SYN-202510-P293567C932A5,2025-10-02T19:24:23,2025-10-02T19:23:23,session_start,0,0.0
2025-10,EVT-202510-293567C932A5-0008,SYN-202510-D293567C932A5,SYN-202510-P293567C932A5,2025-10-02T19:24:23,2025-10-02T19:23:23,session_start,0,0.0
2025-10,EVT-202510-293567C932A5-0009,SYN-202510-D293567C932A5,SYN-202510-P293567C932A5,2025-10-02T19:24:23,2025-10-02T19:23:23,session_start,0,0.0
2025-10,EVT-202510-293567C932A5-0010,SYN-202510-D293567C932A5,SYN-202510-P293567C932A5,2025-10-02T19:24:23,2025-10-02T19:23:23,session_start,0,0.0
2025-10,EVT-202510-1BDEB5A1102D-0053,SYN-202510-D1BDEB5A1102D,SYN-202510-P1BDEB5A1102D,2025-10-02T19:24:37,2025-10-02T18:40:37,level_completed,1,0.0
2025-10,EVT-202510-100C8E79FCE7-0001,SYN-202510-D100C8E79FCE7,SYN-202510-P100C8E79FCE7,2025-10-02T19:24:55,2025-10-02T19:23:55,session_start,0,0.0
2025-10,EVT-202510-100C8E79FCE7-0002,SYN-202510-D100C8E79FCE7,SYN-202510-P100C8E79FCE7,2025-10-02T19:24:55,2025-10-02T19:23:55,session_start,0,0.0
2025-10,EVT-202510-100C8E79FCE7-0003,SYN-202510-D100C8E79FCE7,SYN-202510-P100C8E79FCE7,2025-10-02T19:24:55,2025-10-02T19:23:55,session_start,0,0.0
2025-10,EVT-202510-100C8E79FCE7-0004,SYN-202510-D100C8E79FCE7,SYN-202510-P100C8E79FCE7,2025-10-02T19:24:55,2025-10-02T19:23:55,session_start,0,0.0
2025-10,EVT-202510-100C8E79FCE7-0005,SYN-202510-D100C8E79FCE7,SYN-202510-P100C8E79FCE7,2025-10-02T19:24:55,2025-10-02T19:23:55,session_start,0,0.0
2025-10,EVT-202510-100C8E79FCE7-0006,SYN-202510-D100C8E79FCE7,SYN-202510-P100C8E79FCE7,2025-10-02T19:24:55,2025-10-02T19:23:55,session_start,0,0.0
2025-10,EVT-202510-100C8E79FCE7-0007,SYN-202510-D100C8E79FCE7,SYN-202510-P100C8E79FCE7,2025-10-02T19:24:55,2025-10-02T19:23:55,session_start,0,0.0
2025-10,EVT-202510-4614514762A7-0067,SYN-202510-D4614514762A7,SYN-202510-P4614514762A7,2025-10-02T19:25:08,2025-10-02T18:51:08,level_completed,1,0.0
2025-10,EVT-202510-1BDEB5A1102D-0067,SYN-202510-D1BDEB5A1102D,SYN-202510-P1BDEB5A1102D,2025-10-02T19:25:37,2025-10-02T18:40:37,ad_impression,0,0.0039
2025-10,EVT-202510-F35BDF359F8E-0012,SYN-202510-DF35BDF359F8E,SYN-202510-PF35BDF359F8E,2025-10-02T19:28:09,2025-10-02T18:30:09,level_completed,1,0.0
2025-10,EVT-202510-1BDEB5A1102D-0049,SYN-202510-D1BDEB5A1102D,SYN-202510-P1BDEB5A1102D,2025-10-02T19:28:37,2025-10-02T18:40:37,level_completed,1,0.0
2025-10,EVT-202510-100C8E79FCE7-0009,SYN-202510-D100C8E79FCE7,SYN-202510-P100C8E79FCE7,2025-10-02T19:28:55,2025-10-02T19:23:55,level_completed,1,0.0
2025-10,EVT-202510-86B66C324F83-0012,SYN-202510-D86B66C324F83,SYN-202510-P86B66C324F83,2025-10-02T19:29:00,2025-10-01T23:19:16,session_start,0,0.0
2025-10,EVT-202510-1BDEB5A1102D-0064,SYN-202510-D1BDEB5A1102D,SYN-202510-P1BDEB5A1102D,2025-10-02T19:29:37,2025-10-02T18:40:37,ad_impression,0,0.0039
2025-10,EVT-202510-100C8E79FCE7-0027,SYN-202510-D100C8E79FCE7,SYN-202510-P100C8E79FCE7,2025-10-02T19:29:55,2025-10-02T19:23:55,level_completed,1,0.0
2025-10,EVT-202510-F35BDF359F8E-0009,SYN-202510-DF35BDF359F8E,SYN-202510-PF35BDF359F8E,2025-10-02T19:30:09,2025-10-02T18:30:09,level_completed,1,0.0
2025-10,EVT-202510-F35BDF359F8E-0015,SYN-202510-DF35BDF359F8E,SYN-202510-PF35BDF359F8E,2025-10-02T19:30:09,2025-10-02T18:30:09,level_completed,1,0.0
2025-10,EVT-202510-1BDEB5A1102D-0071,SYN-202510-D1BDEB5A1102D,SYN-202510-P1BDEB5A1102D,2025-10-02T19:30:37,2025-10-02T18:40:37,ad_impression,0,0.0039
2025-10,EVT-202510-100C8E79FCE7-0046,SYN-202510-D100C8E79FCE7,SYN-202510-P100C8E79FCE7,2025-10-02T19:30:55,2025-10-02T19:23:55,level_completed,1,0.0
2025-10,EVT-202510-86B66C324F83-0516,SYN-202510-D86B66C324F83,SYN-202510-P86B66C324F83,2025-10-02T19:32:00,2025-10-01T23:19:16,ad_impression,0,0.0003
2025-10,EVT-202510-4614514762A7-0120,SYN-202510-D4614514762A7,SYN-202510-P4614514762A7,2025-10-02T19:32:08,2025-10-02T18:51:08,ad_impression,0,0.001
2025-10,EVT-202510-0B3855D746A9-0011,SYN-202510-D0B3855D746A9,SYN-202510-P0B3855D746A9,2025-10-02T19:32:14,2025-10-02T18:22:14,level_completed,1,0.0
2025-10,EVT-202510-1BDEB5A1102D-0032,SYN-202510-D1BDEB5A1102D,SYN-202510-P1BDEB5A1102D,2025-10-02T19:33:37,2025-10-02T18:40:37,level_completed,1,0.0
2025-10,EVT-202510-4614514762A7-0038,SYN-202510-D4614514762A7,SYN-202510-P4614514762A7,2025-10-02T19:34:08,2025-10-02T18:51:08,level_completed,1,0.0
2025-10,EVT-202510-F35BDF359F8E-0004,SYN-202510-DF35BDF359F8E,SYN-202510-PF35BDF359F8E,2025-10-02T19:34:09,2025-10-02T18:30:09,level_completed,1,0.0
2025-10,EVT-202510-0B3855D746A9-0012,SYN-202510-D0B3855D746A9,SYN-202510-P0B3855D746A9,2025-10-02T19:34:14,2025-10-02T18:22:14,level_completed,1,0.0
2025-10,EVT-202510-FDDF236D1F62-0015,SYN-202510-DFDDF236D1F62,SYN-202510-PFDDF236D1F62,2025-10-02T19:34:16,2025-10-02T18:34:16,level_completed,1,0.0
2025-10,EVT-202510-5D76614FC056-0074,SYN-202510-D5D76614FC056,SYN-202510-P5D76614FC056,2025-10-02T19:35:00,2025-10-01T12:48:40,level_completed,1,0.0
2025-10,EVT-202510-CF2A3C87A0E5-0001,SYN-202510-DCF2A3C87A0E5,SYN-202510-PCF2A3C87A0E5,2025-10-02T19:35:57,2025-10-02T19:34:57,session_start,0,0.0
2025-10,EVT-202510-F35BDF359F8E-0010,SYN-202510-DF35BDF359F8E,SYN-202510-PF35BDF359F8E,2025-10-02T19:36:09,2025-10-02T18:30:09,level_completed,1,0.0
2025-10,EVT-202510-293567C932A5-0045,SYN-202510-D293567C932A5,SYN-202510-P293567C932A5,2025-10-02T19:36:23,2025-10-02T19:23:23,level_completed,1,0.0
2025-10,EVT-202510-293567C932A5-0059,SYN-202510-D293567C932A5,SYN-202510-P293567C932A5,2025-10-02T19:36:23,2025-10-02T19:23:23,ad_impression,0,0.003
2025-10,EVT-202510-100C8E79FCE7-0026,SYN-202510-D100C8E79FCE7,SYN-202510-P100C8E79FCE7,2025-10-02T19:36:55,2025-10-02T19:23:55,level_completed,1,0.0
2025-10,EVT-202510-100C8E79FCE7-0014,SYN-202510-D100C8E79FCE7,SYN-202510-P100C8E79FCE7,2025-10-02T19:37:55,2025-10-02T19:23:55,level_completed,1,0.0
2025-10,EVT-202510-100C8E79FCE7-0036,SYN-202510-D100C8E79FCE7,SYN-202510-P100C8E79FCE7,2025-10-02T19:37:55,2025-10-02T19:23:55,level_completed,1,0.0
2025-10,EVT-202510-4614514762A7-0078,SYN-202510-D4614514762A7,SYN-202510-P4614514762A7,2025-10-02T19:38:08,2025-10-02T18:51:08,level_completed,1,0.0
2025-10,EVT-202510-4614514762A7-0123,SYN-202510-D4614514762A7,SYN-202510-P4614514762A7,2025-10-02T19:38:08,2025-10-02T18:51:08,ad_impression,0,0.001
2025-10,EVT-202510-A054C1F819E3-0009,SYN-202510-DA054C1F819E3,SYN-202510-PA054C1F819E3,2025-10-02T19:38:09,2025-10-02T19:12:09,level_completed,1,0.0
2025-10,EVT-202510-F35BDF359F8E-0007,SYN-202510-DF35BDF359F8E,SYN-202510-PF35BDF359F8E,2025-10-02T19:39:09,2025-10-02T18:30:09,level_completed,1,0.0
2025-10,EVT-202510-1BDEB5A1102D-0068,SYN-202510-D1BDEB5A1102D,SYN-202510-P1BDEB5A1102D,2025-10-02T19:39:37,2025-10-02T18:40:37,ad_impression,0,0.0039
2025-10,EVT-202510-100C8E79FCE7-0040,SYN-202510-D100C8E79FCE7,SYN-202510-P100C8E79FCE7,2025-10-02T19:39:55,2025-10-02T19:23:55,level_completed,1,0.0
2025-10,EVT-202510-100C8E79FCE7-0055,SYN-202510-D100C8E79FCE7,SYN-202510-P100C8E79FCE7,2025-10-02T19:39:55,2025-10-02T19:23:55,ad_impression,0,0.0007
2025-10,EVT-202510-86B66C324F83-0458,SYN-202510-D86B66C324F83,SYN-202510-P86B66C324F83,2025-10-02T19:40:00,2025-10-01T23:19:16,ad_impression,0,0.0003
2025-10,EVT-202510-86B66C324F83-0497,SYN-202510-D86B66C324F83,SYN-202510-P86B66C324F83,2025-10-02T19:40:00,2025-10-01T23:19:16,ad_impression,0,0.0003
2025-10,EVT-202510-4614514762A7-0063,SYN-202510-D4614514762A7,SYN-202510-P4614514762A7,2025-10-02T19:40:08,2025-10-02T18:51:08,level_completed,1,0.0
2025-10,EVT-202510-4614514762A7-0088,SYN-202510-D4614514762A7,SYN-202510-P4614514762A7,2025-10-02T19:40:08,2025-10-02T18:51:08,level_completed,1,0.0
2025-10,EVT-202510-4614514762A7-0039,SYN-202510-D4614514762A7,SYN-202510-P4614514762A7,2025-10-02T19:41:08,2025-10-02T18:51:08,level_completed,1,0.0
2025-10,EVT-202510-100C8E79FCE7-0023,SYN-202510-D100C8E79FCE7,SYN-202510-P100C8E79FCE7,2025-10-02T19:41:55,2025-10-02T19:23:55,level_completed,1,0.0
2025-10,EVT-202510-96F6A1B4BE7B-0025,SYN-202510-D96F6A1B4BE7B,SYN-202510-P96F6A1B4BE7B,2025-10-02T19:42:00,2025-10-02T07:27:04,level_completed,1,0.0
2025-10,EVT-202510-F35BDF359F8E-0017,SYN-202510-DF35BDF359F8E,SYN-202510-PF35BDF359F8E,2025-10-02T19:42:09,2025-10-02T18:30:09,ad_impression,0,0.0718
2025-10,EVT-202510-100C8E79FCE7-0011,SYN-202510-D100C8E79FCE7,SYN-202510-P100C8E79FCE7,2025-10-02T19:42:55,2025-10-02T19:23:55,level_completed,1,0.0
2025-10,EVT-202510-293567C932A5-0032,SYN-202510-D293567C932A5,SYN-202510-P293567C932A5,2025-10-02T19:43:23,2025-10-02T19:23:23,level_completed,1,0.0
2025-10,EVT-202510-1BDEB5A1102D-0035,SYN-202510-D1BDEB5A1102D,SYN-202510-P1BDEB5A1102D,2025-10-02T19:43:37,2025-10-02T18:40:37,level_completed,1,0.0
2025-10,EVT-202510-81DB46A914AB-0002,SYN-202510-D81DB46A914AB,SYN-202510-P81DB46A914AB,2025-10-02T19:44:00,2025-10-01T03:31:45,session_start,0,0.0
2025-10,EVT-202510-86B66C324F83-0505,SYN-202510-D86B66C324F83,SYN-202510-P86B66C324F83,2025-10-02T19:44:00,2025-10-01T23:19:16,ad_impression,0,0.0003
2025-10,EVT-202510-100C8E79FCE7-0028,SYN-202510-D100C8E79FCE7,SYN-202510-P100C8E79FCE7,2025-10-02T19:44:55,2025-10-02T19:23:55,level_completed,1,0.0
2025-10,EVT-202510-100C8E79FCE7-0056,SYN-202510-D100C8E79FCE7,SYN-202510-P100C8E79FCE7,2025-10-02T19:44:55,2025-10-02T19:23:55,ad_impression,0,0.0007
2025-10,EVT-202510-86B66C324F83-0241,SYN-202510-D86B66C324F83,SYN-202510-P86B66C324F83,2025-10-02T19:45:00,2025-10-01T23:19:16,level_completed,1,0.0
2025-10,EVT-202510-4614514762A7-0073,SYN-202510-D4614514762A7,SYN-202510-P4614514762A7,2025-10-02T19:45:08,2025-10-02T18:51:08,level_completed,1,0.0
2025-10,EVT-202510-FDDF236D1F62-0011,SYN-202510-DFDDF236D1F62,SYN-202510-PFDDF236D1F62,2025-10-02T19:45:16,2025-10-02T18:34:16,level_completed,1,0.0
2025-10,EVT-202510-100C8E79FCE7-0048,SYN-202510-D100C8E79FCE7,SYN-202510-P100C8E79FCE7,2025-10-02T19:46:55,2025-10-02T19:23:55,level_completed,1,0.0
2025-10,EVT-202510-4F47B04733CC-0001,SYN-202510-D4F47B04733CC,SYN-202510-P4F47B04733CC,2025-10-02T19:47:05,2025-10-02T19:46:05,session_start,0,0.0
2025-10,EVT-202510-4614514762A7-0051,SYN-202510-D4614514762A7,SYN-202510-P4614514762A7,2025-10-02T19:47:08,2025-10-02T18:51:08,level_completed,1,0.0
2025-10,EVT-202510-4614514762A7-0107,SYN-202510-D4614514762A7,SYN-202510-P4614514762A7,2025-10-02T19:48:08,2025-10-02T18:51:08,ad_impression,0,0.001
2025-10,EVT-202510-293567C932A5-0025,SYN-202510-D293567C932A5,SYN-202510-P293567C932A5,2025-10-02T19:48:23,2025-10-02T19:23:23,level_completed,1,0.0
2025-10,EVT-202510-1BDEB5A1102D-0029,SYN-202510-D1BDEB5A1102D,SYN-202510-P1BDEB5A1102D,2025-10-02T19:48:37,2025-10-02T18:40:37,level_completed,1,0.0
2025-10,EVT-202510-CF2A3C87A0E5-0003,SYN-202510-DCF2A3C87A0E5,SYN-202510-PCF2A3C87A0E5,2025-10-02T19:48:57,2025-10-02T19:34:57,level_completed,1,0.0
2025-10,EVT-202510-86B66C324F83-0401,SYN-202510-D86B66C324F83,SYN-202510-P86B66C324F83,2025-10-02T19:49:00,2025-10-01T23:19:16,ad_impression,0,0.0003
2025-10,EVT-202510-86B66C324F83-0613,SYN-202510-D86B66C324F83,SYN-202510-P86B66C324F83,2025-10-02T19:49:00,2025-10-01T23:19:16,ad_impression,0,0.0003
2025-10,EVT-202510-4614514762A7-0065,SYN-202510-D4614514762A7,SYN-202510-P4614514762A7,2025-10-02T19:49:08,2025-10-02T18:51:08,level_completed,1,0.0
2025-10,EVT-202510-4614514762A7-0084,SYN-202510-D4614514762A7,SYN-202510-P4614514762A7,2025-10-02T19:49:08,2025-10-02T18:51:08,level_completed,1,0.0
2025-10,EVT-202510-4614514762A7-0003,SYN-202510-D4614514762A7,SYN-202510-P4614514762A7,2025-10-02T19:50:00,2025-10-02T18:51:08,session_start,0,0.0
2025-10,EVT-202510-86B66C324F83-0636,SYN-202510-D86B66C324F83,SYN-202510-P86B66C324F83,2025-10-02T19:50:00,2025-10-01T23:19:16,ad_impression,0,0.0003
2025-10,EVT-202510-A054C1F819E3-0008,SYN-202510-DA054C1F819E3,SYN-202510-PA054C1F819E3,2025-10-02T19:51:09,2025-10-02T19:12:09,level_completed,1,0.0
2025-10,EVT-202510-293567C932A5-0052,SYN-202510-D293567C932A5,SYN-202510-P293567C932A5,2025-10-02T19:51:23,2025-10-02T19:23:23,level_completed,1,0.0
2025-10,EVT-202510-1BDEB5A1102D-0027,SYN-202510-D1BDEB5A1102D,SYN-202510-P1BDEB5A1102D,2025-10-02T19:51:37,2025-10-02T18:40:37,level_completed,1,0.0
2025-10,EVT-202510-100C8E79FCE7-0066,SYN-202510-D100C8E79FCE7,SYN-202510-P100C8E79FCE7,2025-10-02T19:51:55,2025-10-02T19:23:55,ad_impression,0,0.0007
2025-10,EVT-202510-100C8E79FCE7-0058,SYN-202510-D100C8E79FCE7,SYN-202510-P100C8E79FCE7,2025-10-02T19:53:55,2025-10-02T19:23:55,ad_impression,0,0.0007
2025-10,EVT-202510-86B66C324F83-0213,SYN-202510-D86B66C324F83,SYN-202510-P86B66C324F83,2025-10-02T19:54:00,2025-10-01T23:19:16,level_completed,1,0.0
2025-10,EVT-202510-4614514762A7-0118,SYN-202510-D4614514762A7,SYN-202510-P4614514762A7,2025-10-02T19:54:08,2025-10-02T18:51:08,ad_impression,0,0.001
2025-10,EVT-202510-FDDF236D1F62-0007,SYN-202510-DFDDF236D1F62,SYN-202510-PFDDF236D1F62,2025-10-02T19:54:16,2025-10-02T18:34:16,level_completed,1,0.0
2025-10,EVT-202510-FDDF236D1F62-0008,SYN-202510-DFDDF236D1F62,SYN-202510-PFDDF236D1F62,2025-10-02T19:54:16,2025-10-02T18:34:16,level_completed,1,0.0
2025-10,EVT-202510-1BDEB5A1102D-0070,SYN-202510-D1BDEB5A1102D,SYN-202510-P1BDEB5A1102D,2025-10-02T19:54:37,2025-10-02T18:40:37,ad_impression,0,0.0039
2025-10,EVT-202510-100C8E79FCE7-0020,SYN-202510-D100C8E79FCE7,SYN-202510-P100C8E79FCE7,2025-10-02T19:54:55,2025-10-02T19:23:55,level_completed,1,0.0
2025-10,EVT-202510-100C8E79FCE7-0063,SYN-202510-D100C8E79FCE7,SYN-202510-P100C8E79FCE7,2025-10-02T19:54:55,2025-10-02T19:23:55,ad_impression,0,0.0007
2025-10,EVT-202510-4614514762A7-0087,SYN-202510-D4614514762A7,SYN-202510-P4614514762A7,2025-10-02T19:55:08,2025-10-02T18:51:08,level_completed,1,0.0
2025-10,EVT-202510-1BDEB5A1102D-0009,SYN-202510-D1BDEB5A1102D,SYN-202510-P1BDEB5A1102D,2025-10-02T19:55:37,2025-10-02T18:40:37,level_completed,1,0.0
2025-10,EVT-202510-1BDEB5A1102D-0045,SYN-202510-D1BDEB5A1102D,SYN-202510-P1BDEB5A1102D,2025-10-02T19:55:37,2025-10-02T18:40:37,level_completed,1,0.0
2025-10,EVT-202510-96F6A1B4BE7B-0040,SYN-202510-D96F6A1B4BE7B,SYN-202510-P96F6A1B4BE7B,2025-10-02T19:56:00,2025-10-02T07:27:04,level_completed,1,0.0
2025-10,EVT-202510-1BDEB5A1102D-0056,SYN-202510-D1BDEB5A1102D,SYN-202510-P1BDEB5A1102D,2025-10-02T19:56:37,2025-10-02T18:40:37,level_completed,1,0.0
2025-10,EVT-202510-100C8E79FCE7-0013,SYN-202510-D100C8E79FCE7,SYN-202510-P100C8E79FCE7,2025-10-02T19:56:55,2025-10-02T19:23:55,level_completed,1,0.0
2025-10,EVT-202510-100C8E79FCE7-0030,SYN-202510-D100C8E79FCE7,SYN-202510-P100C8E79FCE7,2025-10-02T19:56:55,2025-10-02T19:23:55,level_completed,1,0.0
2025-10,EVT-202510-100C8E79FCE7-0045,SYN-202510-D100C8E79FCE7,SYN-202510-P100C8E79FCE7,2025-10-02T19:56:55,2025-10-02T19:23:55,level_completed,1,0.0
2025-10,EVT-202510-100C8E79FCE7-0008,SYN-202510-D100C8E79FCE7,SYN-202510-P100C8E79FCE7,2025-10-02T19:57:00,2025-10-02T19:23:55,session_start,0,0.0
2025-10,EVT-202510-1BDEB5A1102D-0012,SYN-202510-D1BDEB5A1102D,SYN-202510-P1BDEB5A1102D,2025-10-02T19:57:37,2025-10-02T18:40:37,level_completed,1,0.0
2025-10,EVT-202510-1BDEB5A1102D-0026,SYN-202510-D1BDEB5A1102D,SYN-202510-P1BDEB5A1102D,2025-10-02T19:57:37,2025-10-02T18:40:37,level_completed,1,0.0
2025-10,EVT-202510-4614514762A7-0009,SYN-202510-D4614514762A7,SYN-202510-P4614514762A7,2025-10-02T19:58:00,2025-10-02T18:51:08,level_completed,1,0.0
2025-10,EVT-202510-86B66C324F83-0565,SYN-202510-D86B66C324F83,SYN-202510-P86B66C324F83,2025-10-02T19:58:00,2025-10-01T23:19:16,ad_impression,0,0.0003
2025-10,EVT-202510-86B66C324F83-0620,SYN-202510-D86B66C324F83,SYN-202510-P86B66C324F83,2025-10-02T19:58:00,2025-10-01T23:19:16,ad_impression,0,0.0003
2025-10,EVT-202510-293567C932A5-0037,SYN-202510-D293567C932A5,SYN-202510-P293567C932A5,2025-10-02T19:58:23,2025-10-02T19:23:23,level_completed,1,0.0
2025-10,EVT-202510-1BDEB5A1102D-0038,SYN-202510-D1BDEB5A1102D,SYN-202510-P1BDEB5A1102D,2025-10-02T19:58:37,2025-10-02T18:40:37,level_completed,1,0.0
2025-10,EVT-202510-100C8E79FCE7-0019,SYN-202510-D100C8E79FCE7,SYN-202510-P100C8E79FCE7,2025-10-02T19:58:55,2025-10-02T19:23:55,level_completed,1,0.0
2025-10,EVT-202510-100C8E79FCE7-0041,SYN-202510-D100C8E79FCE7,SYN-202510-P100C8E79FCE7,2025-10-02T19:58:55,2025-10-02T19:23:55,level_completed,1,0.0
2025-10,EVT-202510-100C8E79FCE7-0015,SYN-202510-D100C8E79FCE7,SYN-202510-P100C8E79FCE7,2025-10-02T20:00:00,2025-10-02T19:23:55,level_completed,1,0.0
2025-10,EVT-202510-4614514762A7-0095,SYN-202510-D4614514762A7,SYN-202510-P4614514762A7,2025-10-02T20:00:08,2025-10-02T18:51:08,ad_impression,0,0.001
2025-10,EVT-202510-100C8E79FCE7-0033,SYN-202510-D100C8E79FCE7,SYN-202510-P100C8E79FCE7,2025-10-02T20:00:55,2025-10-02T19:23:55,level_completed,1,0.0
2025-10,EVT-202510-293567C932A5-0061,SYN-202510-D293567C932A5,SYN-202510-P293567C932A5,2025-10-02T20:01:23,2025-10-02T19:23:23,ad_impression,0,0.003
2025-10,EVT-202510-100C8E79FCE7-0053,SYN-202510-D100C8E79FCE7,SYN-202510-P100C8E79FCE7,2025-10-02T20:01:55,2025-10-02T19:23:55,ad_impression,0,0.0007
2025-10,EVT-202510-86B66C324F83-0512,SYN-202510-D86B66C324F83,SYN-202510-P86B66C324F83,2025-10-02T20:02:00,2025-10-01T23:19:16,ad_impression,0,0.0003
2025-10,EVT-202510-4614514762A7-0103,SYN-202510-D4614514762A7,SYN-202510-P4614514762A7,2025-10-02T20:02:08,2025-10-02T18:51:08,ad_impression,0,0.001
2025-10,EVT-202510-5C51E0ED3137-0001,SYN-202510-D5C51E0ED3137,SYN-202510-P5C51E0ED3137,2025-10-02T20:02:12,2025-10-02T20:01:12,session_start,0,0.0
2025-10,EVT-202510-5C51E0ED3137-0002,SYN-202510-D5C51E0ED3137,SYN-202510-P5C51E0ED3137,2025-10-02T20:02:12,2025-10-02T20:01:12,session_start,0,0.0
2025-10,EVT-202510-5C51E0ED3137-0003,SYN-202510-D5C51E0ED3137,SYN-202510-P5C51E0ED3137,2025-10-02T20:02:12,2025-10-02T20:01:12,session_start,0,0.0
2025-10,EVT-202510-5C51E0ED3137-0004,SYN-202510-D5C51E0ED3137,SYN-202510-P5C51E0ED3137,2025-10-02T20:02:12,2025-10-02T20:01:12,session_start,0,0.0
2025-10,EVT-202510-9A4DB8DAE6F0-0001,SYN-202510-D9A4DB8DAE6F0,SYN-202510-P9A4DB8DAE6F0,2025-10-02T20:02:20,2025-10-02T20:01:20,session_start,0,0.0
2025-10,EVT-202510-9A4DB8DAE6F0-0002,SYN-202510-D9A4DB8DAE6F0,SYN-202510-P9A4DB8DAE6F0,2025-10-02T20:02:20,2025-10-02T20:01:20,session_start,0,0.0
2025-10,EVT-202510-4614514762A7-0025,SYN-202510-D4614514762A7,SYN-202510-P4614514762A7,2025-10-02T20:03:08,2025-10-02T18:51:08,level_completed,1,0.0
2025-10,EVT-202510-293567C932A5-0070,SYN-202510-D293567C932A5,SYN-202510-P293567C932A5,2025-10-02T20:03:23,2025-10-02T19:23:23,ad_impression,0,0.003
2025-10,EVT-202510-4614514762A7-0050,SYN-202510-D4614514762A7,SYN-202510-P4614514762A7,2025-10-02T20:04:08,2025-10-02T18:51:08,level_completed,1,0.0
2025-10,EVT-202510-100C8E79FCE7-0057,SYN-202510-D100C8E79FCE7,SYN-202510-P100C8E79FCE7,2025-10-02T20:04:55,2025-10-02T19:23:55,ad_impression,0,0.0007
2025-10,EVT-202510-4614514762A7-0074,SYN-202510-D4614514762A7,SYN-202510-P4614514762A7,2025-10-02T20:05:00,2025-10-02T18:51:08,level_completed,1,0.0
2025-10,EVT-202510-96F6A1B4BE7B-0045,SYN-202510-D96F6A1B4BE7B,SYN-202510-P96F6A1B4BE7B,2025-10-02T20:05:00,2025-10-02T07:27:04,level_completed,1,0.0
2025-10,EVT-202510-4F47B04733CC-0005,SYN-202510-D4F47B04733CC,SYN-202510-P4F47B04733CC,2025-10-02T20:05:05,2025-10-02T19:46:05,level_completed,1,0.0
2025-10,EVT-202510-1BDEB5A1102D-0072,SYN-202510-D1BDEB5A1102D,SYN-202510-P1BDEB5A1102D,2025-10-02T20:05:37,2025-10-02T18:40:37,ad_impression,0,0.0039
2025-10,EVT-202510-4614514762A7-0037,SYN-202510-D4614514762A7,SYN-202510-P4614514762A7,2025-10-02T20:06:00,2025-10-02T18:51:08,level_completed,1,0.0
2025-10,EVT-202510-293567C932A5-0066,SYN-202510-D293567C932A5,SYN-202510-P293567C932A5,2025-10-02T20:06:23,2025-10-02T19:23:23,ad_impression,0,0.003
2025-10,EVT-202510-4614514762A7-0064,SYN-202510-D4614514762A7,SYN-202510-P4614514762A7,2025-10-02T20:07:00,2025-10-02T18:51:08,level_completed,1,0.0
2025-10,EVT-202510-9A4DB8DAE6F0-0016,SYN-202510-D9A4DB8DAE6F0,SYN-202510-P9A4DB8DAE6F0,2025-10-02T20:07:20,2025-10-02T20:01:20,level_completed,1,0.0
2025-10,EVT-202510-100C8E79FCE7-0039,SYN-202510-D100C8E79FCE7,SYN-202510-P100C8E79FCE7,2025-10-02T20:07:55,2025-10-02T19:23:55,level_completed,1,0.0
2025-10,EVT-202510-4614514762A7-0026,SYN-202510-D4614514762A7,SYN-202510-P4614514762A7,2025-10-02T20:08:00,2025-10-02T18:51:08,level_completed,1,0.0
2025-10,EVT-202510-4614514762A7-0086,SYN-202510-D4614514762A7,SYN-202510-P4614514762A7,2025-10-02T20:08:00,2025-10-02T18:51:08,level_completed,1,0.0
2025-10,EVT-202510-86B66C324F83-0208,SYN-202510-D86B66C324F83,SYN-202510-P86B66C324F83,2025-10-02T20:08:00,2025-10-01T23:19:16,level_completed,1,0.0
2025-10,EVT-202510-86B66C324F83-0344,SYN-202510-D86B66C324F83,SYN-202510-P86B66C324F83,2025-10-02T20:08:00,2025-10-01T23:19:16,level_completed,1,0.0
2025-10,EVT-202510-100C8E79FCE7-0012,SYN-202510-D100C8E79FCE7,SYN-202510-P100C8E79FCE7,2025-10-02T20:08:55,2025-10-02T19:23:55,level_completed,1,0.0
2025-10,EVT-202510-100C8E79FCE7-0016,SYN-202510-D100C8E79FCE7,SYN-202510-P100C8E79FCE7,2025-10-02T20:09:00,2025-10-02T19:23:55,level_completed,1,0.0
2025-10,EVT-202510-86B66C324F83-0044,SYN-202510-D86B66C324F83,SYN-202510-P86B66C324F83,2025-10-02T20:09:00,2025-10-01T23:19:16,level_completed,1,0.0
2025-10,EVT-202510-100C8E79FCE7-0032,SYN-202510-D100C8E79FCE7,SYN-202510-P100C8E79FCE7,2025-10-02T20:09:55,2025-10-02T19:23:55,level_completed,1,0.0
2025-10,EVT-202510-96F6A1B4BE7B-0049,SYN-202510-D96F6A1B4BE7B,SYN-202510-P96F6A1B4BE7B,2025-10-02T20:10:00,2025-10-02T07:27:04,ad_impression,0,0.0043
2025-10,EVT-202510-96F6A1B4BE7B-0065,SYN-202510-D96F6A1B4BE7B,SYN-202510-P96F6A1B4BE7B,2025-10-02T20:10:00,2025-10-02T07:27:04,ad_impression,0,0.0043
2025-10,EVT-202510-FDDF236D1F62-0013,SYN-202510-DFDDF236D1F62,SYN-202510-PFDDF236D1F62,2025-10-02T20:10:00,2025-10-02T18:34:16,level_completed,1,0.0
2025-10,EVT-202510-CE52080D31FE-0001,SYN-202510-DCE52080D31FE,SYN-202510-PCE52080D31FE,2025-10-02T20:10:07,2025-10-02T20:09:07,session_start,0,0.0
2025-10,EVT-202510-5C51E0ED3137-0016,SYN-202510-D5C51E0ED3137,SYN-202510-P5C51E0ED3137,2025-10-02T20:10:12,2025-10-02T20:01:12,ad_impression,0,0.0215
2025-10,EVT-202510-1BDEB5A1102D-0073,SYN-202510-D1BDEB5A1102D,SYN-202510-P1BDEB5A1102D,2025-10-02T20:10:37,2025-10-02T18:40:37,ad_impression,0,0.0039
2025-10,EVT-202510-100C8E79FCE7-0060,SYN-202510-D100C8E79FCE7,SYN-202510-P100C8E79FCE7,2025-10-02T20:12:55,2025-10-02T19:23:55,ad_impression,0,0.0007
2025-10,EVT-202510-86B66C324F83-0033,SYN-202510-D86B66C324F83,SYN-202510-P86B66C324F83,2025-10-02T20:13:00,2025-10-01T23:19:16,level_completed,1,0.0
2025-10,EVT-202510-86B66C324F83-0596,SYN-202510-D86B66C324F83,SYN-202510-P86B66C324F83,2025-10-02T20:13:00,2025-10-01T23:19:16,ad_impression,0,0.0003
2025-10,EVT-202510-FDDF236D1F62-0010,SYN-202510-DFDDF236D1F62,SYN-202510-PFDDF236D1F62,2025-10-02T20:13:00,2025-10-02T18:34:16,level_completed,1,0.0
2025-10,EVT-202510-100C8E79FCE7-0050,SYN-202510-D100C8E79FCE7,SYN-202510-P100C8E79FCE7,2025-10-02T20:13:55,2025-10-02T19:23:55,ad_impression,0,0.0007
2025-10,EVT-202510-86B66C324F83-0486,SYN-202510-D86B66C324F83,SYN-202510-P86B66C324F83,2025-10-02T20:14:00,2025-10-01T23:19:16,ad_impression,0,0.0003
2025-10,EVT-202510-4614514762A7-0132,SYN-202510-D4614514762A7,SYN-202510-P4614514762A7,2025-10-02T20:14:08,2025-10-02T18:51:08,ad_impression,0,0.001
2025-10,EVT-202510-AACAC65FDEBE-0001,SYN-202510-DAACAC65FDEBE,SYN-202510-PAACAC65FDEBE,2025-10-02T20:14:36,2025-10-02T20:13:36,session_start,0,0.0
2025-10,EVT-202510-AACAC65FDEBE-0002,SYN-202510-DAACAC65FDEBE,SYN-202510-PAACAC65FDEBE,2025-10-02T20:14:36,2025-10-02T20:13:36,session_start,0,0.0
2025-10,EVT-202510-FDDF236D1F62-0014,SYN-202510-DFDDF236D1F62,SYN-202510-PFDDF236D1F62,2025-10-02T20:15:00,2025-10-02T18:34:16,level_completed,1,0.0
2025-10,EVT-202510-100C8E79FCE7-0042,SYN-202510-D100C8E79FCE7,SYN-202510-P100C8E79FCE7,2025-10-02T20:15:55,2025-10-02T19:23:55,level_completed,1,0.0
2025-10,EVT-202510-100C8E79FCE7-0049,SYN-202510-D100C8E79FCE7,SYN-202510-P100C8E79FCE7,2025-10-02T20:16:55,2025-10-02T19:23:55,ad_impression,0,0.0007
2025-10,EVT-202510-100C8E79FCE7-0051,SYN-202510-D100C8E79FCE7,SYN-202510-P100C8E79FCE7,2025-10-02T20:16:55,2025-10-02T19:23:55,ad_impression,0,0.0007
2025-10,EVT-202510-4614514762A7-0134,SYN-202510-D4614514762A7,SYN-202510-P4614514762A7,2025-10-02T20:17:00,2025-10-02T18:51:08,ad_impression,0,0.001
2025-10,EVT-202510-86B66C324F83-0178,SYN-202510-D86B66C324F83,SYN-202510-P86B66C324F83,2025-10-02T20:17:00,2025-10-01T23:19:16,level_completed,1,0.0
2025-10,EVT-202510-CE52080D31FE-0006,SYN-202510-DCE52080D31FE,SYN-202510-PCE52080D31FE,2025-10-02T20:17:07,2025-10-02T20:09:07,level_completed,1,0.0
2025-10,EVT-202510-100C8E79FCE7-0010,SYN-202510-D100C8E79FCE7,SYN-202510-P100C8E79FCE7,2025-10-02T20:17:55,2025-10-02T19:23:55,level_completed,1,0.0
2025-10,EVT-202510-9A4DB8DAE6F0-0005,SYN-202510-D9A4DB8DAE6F0,SYN-202510-P9A4DB8DAE6F0,2025-10-02T20:18:20,2025-10-02T20:01:20,level_completed,1,0.0
2025-10,EVT-202510-96F6A1B4BE7B-0062,SYN-202510-D96F6A1B4BE7B,SYN-202510-P96F6A1B4BE7B,2025-10-02T20:19:00,2025-10-02T07:27:04,ad_impression,0,0.0043
2025-10,EVT-202510-86B66C324F83-0216,SYN-202510-D86B66C324F83,SYN-202510-P86B66C324F83,2025-10-02T20:20:00,2025-10-01T23:19:16,level_completed,1,0.0
2025-10,EVT-202510-86B66C324F83-0120,SYN-202510-D86B66C324F83,SYN-202510-P86B66C324F83,2025-10-02T20:21:00,2025-10-01T23:19:16,level_completed,1,0.0
2025-10,EVT-202510-86B66C324F83-0610,SYN-202510-D86B66C324F83,SYN-202510-P86B66C324F83,2025-10-02T20:21:00,2025-10-01T23:19:16,ad_impression,0,0.0003
2025-10,EVT-202510-100C8E79FCE7-0031,SYN-202510-D100C8E79FCE7,SYN-202510-P100C8E79FCE7,2025-10-02T20:21:55,2025-10-02T19:23:55,level_completed,1,0.0
2025-10,EVT-202510-69FC3DB3D0F2-0004,SYN-202510-D69FC3DB3D0F2,SYN-202510-P69FC3DB3D0F2,2025-10-02T20:22:00,2025-10-01T17:31:34,session_start,0,0.0
2025-10,EVT-202510-CE52080D31FE-0002,SYN-202510-DCE52080D31FE,SYN-202510-PCE52080D31FE,2025-10-02T20:22:07,2025-10-02T20:09:07,level_completed,1,0.0
2025-10,EVT-202510-100C8E79FCE7-0059,SYN-202510-D100C8E79FCE7,SYN-202510-P100C8E79FCE7,2025-10-02T20:22:55,2025-10-02T19:23:55,ad_impression,0,0.0007
2025-10,EVT-202510-293567C932A5-0058,SYN-202510-D293567C932A5,SYN-202510-P293567C932A5,2025-10-02T20:23:23,2025-10-02T19:23:23,level_completed,1,0.0
2025-10,EVT-202510-100C8E79FCE7-0062,SYN-202510-D100C8E79FCE7,SYN-202510-P100C8E79FCE7,2025-10-02T20:23:55,2025-10-02T19:23:55,ad_impression,0,0.0007
2025-10,EVT-202510-FDDF236D1F62-0006,SYN-202510-DFDDF236D1F62,SYN-202510-PFDDF236D1F62,2025-10-02T20:24:00,2025-10-02T18:34:16,level_completed,1,0.0
2025-10,EVT-202510-4F47B04733CC-0015,SYN-202510-D4F47B04733CC,SYN-202510-P4F47B04733CC,2025-10-02T20:24:05,2025-10-02T19:46:05,level_completed,1,0.0
2025-10,EVT-202510-100C8E79FCE7-0052,SYN-202510-D100C8E79FCE7,SYN-202510-P100C8E79FCE7,2025-10-02T20:25:00,2025-10-02T19:23:55,ad_impression,0,0.0007
2025-10,EVT-202510-4614514762A7-0018,SYN-202510-D4614514762A7,SYN-202510-P4614514762A7,2025-10-02T20:25:00,2025-10-02T18:51:08,level_completed,1,0.0
2025-10,EVT-202510-100C8E79FCE7-0043,SYN-202510-D100C8E79FCE7,SYN-202510-P100C8E79FCE7,2025-10-02T20:25:55,2025-10-02T19:23:55,level_completed,1,0.0
2025-10,EVT-202510-100C8E79FCE7-0044,SYN-202510-D100C8E79FCE7,SYN-202510-P100C8E79FCE7,2025-10-02T20:25:55,2025-10-02T19:23:55,level_completed,1,0.0
2025-10,EVT-202510-31864D3F4605-0002,SYN-202510-D31864D3F4605,SYN-202510-P31864D3F4605,2025-10-02T20:26:00,2025-10-02T04:03:43,session_start,0,0.0
2025-10,EVT-202510-100C8E79FCE7-0022,SYN-202510-D100C8E79FCE7,SYN-202510-P100C8E79FCE7,2025-10-02T20:26:55,2025-10-02T19:23:55,level_completed,1,0.0
2025-10,EVT-202510-100C8E79FCE7-0034,SYN-202510-D100C8E79FCE7,SYN-202510-P100C8E79FCE7,2025-10-02T20:26:55,2025-10-02T19:23:55,level_completed,1,0.0
2025-10,EVT-202510-86B66C324F83-0351,SYN-202510-D86B66C324F83,SYN-202510-P86B66C324F83,2025-10-02T20:27:00,2025-10-01T23:19:16,ad_impression,0,0.0003
2025-10,EVT-202510-CE52080D31FE-0004,SYN-202510-DCE52080D31FE,SYN-202510-PCE52080D31FE,2025-10-02T20:29:07,2025-10-02T20:09:07,level_completed,1,0.0
2025-10,EVT-202510-A054C1F819E3-0007,SYN-202510-DA054C1F819E3,SYN-202510-PA054C1F819E3,2025-10-02T20:29:09,2025-10-02T19:12:09,level_completed,1,0.0
2025-10,EVT-202510-AACAC65FDEBE-0021,SYN-202510-DAACAC65FDEBE,SYN-202510-PAACAC65FDEBE,2025-10-02T20:29:36,2025-10-02T20:13:36,level_completed,1,0.0
2025-10,EVT-202510-4614514762A7-0012,SYN-202510-D4614514762A7,SYN-202510-P4614514762A7,2025-10-02T20:30:00,2025-10-02T18:51:08,level_completed,1,0.0
2025-10,EVT-202510-86B66C324F83-0046,SYN-202510-D86B66C324F83,SYN-202510-P86B66C324F83,2025-10-02T20:30:00,2025-10-01T23:19:16,level_completed,1,0.0
2025-10,EVT-202510-293567C932A5-0071,SYN-202510-D293567C932A5,SYN-202510-P293567C932A5,2025-10-02T20:30:23,2025-10-02T19:23:23,ad_impression,0,0.003
2025-10,EVT-202510-100C8E79FCE7-0047,SYN-202510-D100C8E79FCE7,SYN-202510-P100C8E79FCE7,2025-10-02T20:30:55,2025-10-02T19:23:55,level_completed,1,0.0
2025-10,EVT-202510-4614514762A7-0021,SYN-202510-D4614514762A7,SYN-202510-P4614514762A7,2025-10-02T20:31:00,2025-10-02T18:51:08,level_completed,1,0.0
2025-10,EVT-202510-96F6A1B4BE7B-0050,SYN-202510-D96F6A1B4BE7B,SYN-202510-P96F6A1B4BE7B,2025-10-02T20:31:00,2025-10-02T07:27:04,ad_impression,0,0.0043
2025-10,EVT-202510-100C8E79FCE7-0037,SYN-202510-D100C8E79FCE7,SYN-202510-P100C8E79FCE7,2025-10-02T20:31:55,2025-10-02T19:23:55,level_completed,1,0.0
2025-10,EVT-202510-31864D3F4605-0055,SYN-202510-D31864D3F4605,SYN-202510-P31864D3F4605,2025-10-02T20:32:00,2025-10-02T04:03:43,level_completed,1,0.0
2025-10,EVT-202510-5C51E0ED3137-0012,SYN-202510-D5C51E0ED3137,SYN-202510-P5C51E0ED3137,2025-10-02T20:32:12,2025-10-02T20:01:12,level_completed,1,0.0
2025-10,EVT-202510-293567C932A5-0072,SYN-202510-D293567C932A5,SYN-202510-P293567C932A5,2025-10-02T20:32:23,2025-10-02T19:23:23,ad_impression,0,0.003
2025-10,EVT-202510-AACAC65FDEBE-0014,SYN-202510-DAACAC65FDEBE,SYN-202510-PAACAC65FDEBE,2025-10-02T20:32:36,2025-10-02T20:13:36,level_completed,1,0.0
2025-10,EVT-202510-293567C932A5-0038,SYN-202510-D293567C932A5,SYN-202510-P293567C932A5,2025-10-02T20:33:23,2025-10-02T19:23:23,level_completed,1,0.0
2025-10,EVT-202510-100C8E79FCE7-0021,SYN-202510-D100C8E79FCE7,SYN-202510-P100C8E79FCE7,2025-10-02T20:33:55,2025-10-02T19:23:55,level_completed,1,0.0
2025-10,EVT-202510-4614514762A7-0057,SYN-202510-D4614514762A7,SYN-202510-P4614514762A7,2025-10-02T20:35:00,2025-10-02T18:51:08,level_completed,1,0.0
2025-10,EVT-202510-4F47B04733CC-0020,SYN-202510-D4F47B04733CC,SYN-202510-P4F47B04733CC,2025-10-02T20:35:05,2025-10-02T19:46:05,level_completed,1,0.0
2025-10,EVT-202510-100C8E79FCE7-0029,SYN-202510-D100C8E79FCE7,SYN-202510-P100C8E79FCE7,2025-10-02T20:35:55,2025-10-02T19:23:55,level_completed,1,0.0
2025-10,EVT-202510-100C8E79FCE7-0054,SYN-202510-D100C8E79FCE7,SYN-202510-P100C8E79FCE7,2025-10-02T20:35:55,2025-10-02T19:23:55,ad_impression,0,0.0007
2025-10,EVT-202510-100C8E79FCE7-0064,SYN-202510-D100C8E79FCE7,SYN-202510-P100C8E79FCE7,2025-10-02T20:35:55,2025-10-02T19:23:55,ad_impression,0,0.0007
2025-10,EVT-202510-86B66C324F83-0422,SYN-202510-D86B66C324F83,SYN-202510-P86B66C324F83,2025-10-02T20:36:00,2025-10-01T23:19:16,ad_impression,0,0.0003
2025-10,EVT-202510-96F6A1B4BE7B-0064,SYN-202510-D96F6A1B4BE7B,SYN-202510-P96F6A1B4BE7B,2025-10-02T20:36:00,2025-10-02T07:27:04,ad_impression,0,0.0043
2025-10,EVT-202510-293567C932A5-0062,SYN-202510-D293567C932A5,SYN-202510-P293567C932A5,2025-10-02T20:36:23,2025-10-02T19:23:23,ad_impression,0,0.003
2025-10,EVT-202510-100C8E79FCE7-0035,SYN-202510-D100C8E79FCE7,SYN-202510-P100C8E79FCE7,2025-10-02T20:36:55,2025-10-02T19:23:55,level_completed,1,0.0
2025-10,EVT-202510-4614514762A7-0054,SYN-202510-D4614514762A7,SYN-202510-P4614514762A7,2025-10-02T20:37:00,2025-10-02T18:51:08,level_completed,1,0.0
2025-10,EVT-202510-5C51E0ED3137-0008,SYN-202510-D5C51E0ED3137,SYN-202510-P5C51E0ED3137,2025-10-02T20:37:12,2025-10-02T20:01:12,level_completed,1,0.0
2025-10,EVT-202510-293567C932A5-0039,SYN-202510-D293567C932A5,SYN-202510-P293567C932A5,2025-10-02T20:37:23,2025-10-02T19:23:23,level_completed,1,0.0
2025-10,EVT-202510-293567C932A5-0056,SYN-202510-D293567C932A5,SYN-202510-P293567C932A5,2025-10-02T20:37:23,2025-10-02T19:23:23,level_completed,1,0.0
2025-10,EVT-202510-AACAC65FDEBE-0013,SYN-202510-DAACAC65FDEBE,SYN-202510-PAACAC65FDEBE,2025-10-02T20:37:36,2025-10-02T20:13:36,level_completed,1,0.0
2025-10,EVT-202510-100C8E79FCE7-0025,SYN-202510-D100C8E79FCE7,SYN-202510-P100C8E79FCE7,2025-10-02T20:37:55,2025-10-02T19:23:55,level_completed,1,0.0
2025-10,EVT-202510-31864D3F4605-0039,SYN-202510-D31864D3F4605,SYN-202510-P31864D3F4605,2025-10-02T20:38:00,2025-10-02T04:03:43,level_completed,1,0.0
2025-10,EVT-202510-4F47B04733CC-0019,SYN-202510-D4F47B04733CC,SYN-202510-P4F47B04733CC,2025-10-02T20:38:05,2025-10-02T19:46:05,level_completed,1,0.0
2025-10,EVT-202510-293567C932A5-0065,SYN-202510-D293567C932A5,SYN-202510-P293567C932A5,2025-10-02T20:38:23,2025-10-02T19:23:23,ad_impression,0,0.003
2025-10,EVT-202510-71E7E9B5FBC7-0002,SYN-202510-D71E7E9B5FBC7,SYN-202510-P71E7E9B5FBC7,2025-10-02T20:39:00,2025-10-02T01:55:33,session_start,0,0.0
2025-10,EVT-202510-100C8E79FCE7-0038,SYN-202510-D100C8E79FCE7,SYN-202510-P100C8E79FCE7,2025-10-02T20:39:55,2025-10-02T19:23:55,level_completed,1,0.0
2025-10,EVT-202510-69FC3DB3D0F2-0009,SYN-202510-D69FC3DB3D0F2,SYN-202510-P69FC3DB3D0F2,2025-10-02T20:40:00,2025-10-01T17:31:34,level_completed,1,0.0
2025-10,EVT-202510-100C8E79FCE7-0018,SYN-202510-D100C8E79FCE7,SYN-202510-P100C8E79FCE7,2025-10-02T20:41:00,2025-10-02T19:23:55,level_completed,1,0.0
2025-10,EVT-202510-4614514762A7-0093,SYN-202510-D4614514762A7,SYN-202510-P4614514762A7,2025-10-02T20:41:00,2025-10-02T18:51:08,ad_impression,0,0.001
2025-10,EVT-202510-293567C932A5-0067,SYN-202510-D293567C932A5,SYN-202510-P293567C932A5,2025-10-02T20:41:23,2025-10-02T19:23:23,ad_impression,0,0.003
2025-10,EVT-202510-100C8E79FCE7-0061,SYN-202510-D100C8E79FCE7,SYN-202510-P100C8E79FCE7,2025-10-02T20:41:55,2025-10-02T19:23:55,ad_impression,0,0.0007
2025-10,EVT-202510-86B66C324F83-0332,SYN-202510-D86B66C324F83,SYN-202510-P86B66C324F83,2025-10-02T20:42:00,2025-10-01T23:19:16,level_completed,1,0.0
2025-10,EVT-202510-86B66C324F83-0466,SYN-202510-D86B66C324F83,SYN-202510-P86B66C324F83,2025-10-02T20:42:00,2025-10-01T23:19:16,ad_impression,0,0.0003
2025-10,EVT-202510-AACAC65FDEBE-0020,SYN-202510-DAACAC65FDEBE,SYN-202510-PAACAC65FDEBE,2025-10-02T20:42:36,2025-10-02T20:13:36,level_completed,1,0.0
2025-10,EVT-202510-4614514762A7-0105,SYN-202510-D4614514762A7,SYN-202510-P4614514762A7,2025-10-02T20:43:00,2025-10-02T18:51:08,ad_impression,0,0.001
2025-10,EVT-202510-5C51E0ED3137-0013,SYN-202510-D5C51E0ED3137,SYN-202510-P5C51E0ED3137,2025-10-02T20:43:12,2025-10-02T20:01:12,level_completed,1,0.0
2025-10,EVT-202510-EA71B6D88342-0001,SYN-202510-DEA71B6D88342,SYN-202510-PEA71B6D88342,2025-10-02T20:43:23,2025-10-02T20:42:23,session_start,0,0.0
2025-10,EVT-202510-69FC3DB3D0F2-0012,SYN-202510-D69FC3DB3D0F2,SYN-202510-P69FC3DB3D0F2,2025-10-02T20:44:00,2025-10-01T17:31:34,level_completed,1,0.0
2025-10,EVT-202510-31864D3F4605-0082,SYN-202510-D31864D3F4605,SYN-202510-P31864D3F4605,2025-10-02T20:45:00,2025-10-02T04:03:43,level_completed,1,0.0
2025-10,EVT-202510-86B66C324F83-0114,SYN-202510-D86B66C324F83,SYN-202510-P86B66C324F83,2025-10-02T20:45:00,2025-10-01T23:19:16,level_completed,1,0.0
2025-10,EVT-202510-86B66C324F83-0244,SYN-202510-D86B66C324F83,SYN-202510-P86B66C324F83,2025-10-02T20:45:00,2025-10-01T23:19:16,level_completed,1,0.0
2025-10,EVT-202510-4F47B04733CC-0023,SYN-202510-D4F47B04733CC,SYN-202510-P4F47B04733CC,2025-10-02T20:45:05,2025-10-02T19:46:05,ad_impression,0,0.0287
2025-10,EVT-202510-5C51E0ED3137-0007,SYN-202510-D5C51E0ED3137,SYN-202510-P5C51E0ED3137,2025-10-02T20:45:12,2025-10-02T20:01:12,level_completed,1,0.0
2025-10,EVT-202510-9A4DB8DAE6F0-0009,SYN-202510-D9A4DB8DAE6F0,SYN-202510-P9A4DB8DAE6F0,2025-10-02T20:45:20,2025-10-02T20:01:20,level_completed,1,0.0
2025-10,EVT-202510-86B66C324F83-0585,SYN-202510-D86B66C324F83,SYN-202510-P86B66C324F83,2025-10-02T20:46:00,2025-10-01T23:19:16,ad_impression,0,0.0003
2025-10,EVT-202510-9A4DB8DAE6F0-0007,SYN-202510-D9A4DB8DAE6F0,SYN-202510-P9A4DB8DAE6F0,2025-10-02T20:46:20,2025-10-02T20:01:20,level_completed,1,0.0
2025-10,EVT-202510-4614514762A7-0098,SYN-202510-D4614514762A7,SYN-202510-P4614514762A7,2025-10-02T20:47:00,2025-10-02T18:51:08,ad_impression,0,0.001
2025-10,EVT-202510-5C51E0ED3137-0009,SYN-202510-D5C51E0ED3137,SYN-202510-P5C51E0ED3137,2025-10-02T20:47:12,2025-10-02T20:01:12,level_completed,1,0.0
2025-10,EVT-202510-9A4DB8DAE6F0-0015,SYN-202510-D9A4DB8DAE6F0,SYN-202510-P9A4DB8DAE6F0,2025-10-02T20:47:20,2025-10-02T20:01:20,level_completed,1,0.0
2025-10,EVT-202510-5C51E0ED3137-0006,SYN-202510-D5C51E0ED3137,SYN-202510-P5C51E0ED3137,2025-10-02T20:48:12,2025-10-02T20:01:12,level_completed,1,0.0
2025-10,EVT-202510-EA71B6D88342-0005,SYN-202510-DEA71B6D88342,SYN-202510-PEA71B6D88342,2025-10-02T20:48:23,2025-10-02T20:42:23,ad_impression,0,0.0783
2025-10,EVT-202510-86B66C324F83-0567,SYN-202510-D86B66C324F83,SYN-202510-P86B66C324F83,2025-10-02T20:50:00,2025-10-01T23:19:16,ad_impression,0,0.0003
2025-10,EVT-202510-4F47B04733CC-0007,SYN-202510-D4F47B04733CC,SYN-202510-P4F47B04733CC,2025-10-02T20:50:05,2025-10-02T19:46:05,level_completed,1,0.0
2025-10,EVT-202510-EA86600B57CA-0001,SYN-202510-DEA86600B57CA,SYN-202510-PEA86600B57CA,2025-10-02T20:50:06,2025-10-02T20:49:06,session_start,0,0.0
2025-10,EVT-202510-5C51E0ED3137-0010,SYN-202510-D5C51E0ED3137,SYN-202510-P5C51E0ED3137,2025-10-02T20:50:12,2025-10-02T20:01:12,level_completed,1,0.0
2025-10,EVT-202510-100C8E79FCE7-0065,SYN-202510-D100C8E79FCE7,SYN-202510-P100C8E79FCE7,2025-10-02T20:50:55,2025-10-02T19:23:55,ad_impression,0,0.0007
2025-10,EVT-202510-CF2A3C87A0E5-0002,SYN-202510-DCF2A3C87A0E5,SYN-202510-PCF2A3C87A0E5,2025-10-02T20:50:57,2025-10-02T19:34:57,level_completed,1,0.0
2025-10,EVT-202510-31864D3F4605-0052,SYN-202510-D31864D3F4605,SYN-202510-P31864D3F4605,2025-10-02T20:51:00,2025-10-02T04:03:43,level_completed,1,0.0
2025-10,EVT-202510-EA86600B57CA-0006,SYN-202510-DEA86600B57CA,SYN-202510-PEA86600B57CA,2025-10-02T20:52:06,2025-10-02T20:49:06,level_completed,1,0.0
2025-10,EVT-202510-31864D3F4605-0015,SYN-202510-D31864D3F4605,SYN-202510-P31864D3F4605,2025-10-02T20:53:00,2025-10-02T04:03:43,level_completed,1,0.0
2025-10,EVT-202510-4614514762A7-0094,SYN-202510-D4614514762A7,SYN-202510-P4614514762A7,2025-10-02T20:53:00,2025-10-02T18:51:08,ad_impression,0,0.001
2025-10,EVT-202510-4614514762A7-0075,SYN-202510-D4614514762A7,SYN-202510-P4614514762A7,2025-10-02T20:56:00,2025-10-02T18:51:08,level_completed,1,0.0
2025-10,EVT-202510-CE52080D31FE-0003,SYN-202510-DCE52080D31FE,SYN-202510-PCE52080D31FE,2025-10-02T20:56:07,2025-10-02T20:09:07,level_completed,1,0.0
2025-10,EVT-202510-4614514762A7-0083,SYN-202510-D4614514762A7,SYN-202510-P4614514762A7,2025-10-02T20:57:00,2025-10-02T18:51:08,level_completed,1,0.0
2025-10,EVT-202510-86B66C324F83-0412,SYN-202510-D86B66C324F83,SYN-202510-P86B66C324F83,2025-10-02T20:57:00,2025-10-01T23:19:16,ad_impression,0,0.0003
2025-10,EVT-202510-5C51E0ED3137-0005,SYN-202510-D5C51E0ED3137,SYN-202510-P5C51E0ED3137,2025-10-02T20:57:12,2025-10-02T20:01:12,level_completed,1,0.0
2025-10,EVT-202510-31864D3F4605-0075,SYN-202510-D31864D3F4605,SYN-202510-P31864D3F4605,2025-10-02T20:59:00,2025-10-02T04:03:43,level_completed,1,0.0
2025-10,EVT-202510-100C8E79FCE7-0017,SYN-202510-D100C8E79FCE7,SYN-202510-P100C8E79FCE7,2025-10-02T21:00:00,2025-10-02T19:23:55,level_completed,1,0.0
2025-10,EVT-202510-100C8E79FCE7-0024,SYN-202510-D100C8E79FCE7,SYN-202510-P100C8E79FCE7,2025-10-02T21:00:00,2025-10-02T19:23:55,level_completed,1,0.0
2025-10,EVT-202510-4614514762A7-0102,SYN-202510-D4614514762A7,SYN-202510-P4614514762A7,2025-10-02T21:01:00,2025-10-02T18:51:08,ad_impression,0,0.001
2025-10,EVT-202510-AACAC65FDEBE-0023,SYN-202510-DAACAC65FDEBE,SYN-202510-PAACAC65FDEBE,2025-10-02T21:02:36,2025-10-02T20:13:36,level_completed,1,0.0
2025-10,EVT-202510-31864D3F4605-0032,SYN-202510-D31864D3F4605,SYN-202510-P31864D3F4605,2025-10-02T21:03:00,2025-10-02T04:03:43,level_completed,1,0.0
2025-10,EVT-202510-31864D3F4605-0059,SYN-202510-D31864D3F4605,SYN-202510-P31864D3F4605,2025-10-02T21:03:00,2025-10-02T04:03:43,level_completed,1,0.0
2025-10,EVT-202510-4F47B04733CC-0006,SYN-202510-D4F47B04733CC,SYN-202510-P4F47B04733CC,2025-10-02T21:03:05,2025-10-02T19:46:05,level_completed,1,0.0
2025-10,EVT-202510-EA71B6D88342-0002,SYN-202510-DEA71B6D88342,SYN-202510-PEA71B6D88342,2025-10-02T21:03:23,2025-10-02T20:42:23,level_completed,1,0.0
2025-10,EVT-202510-5C51E0ED3137-0015,SYN-202510-D5C51E0ED3137,SYN-202510-P5C51E0ED3137,2025-10-02T21:04:12,2025-10-02T20:01:12,ad_impression,0,0.0215
2025-10,EVT-202510-4614514762A7-0129,SYN-202510-D4614514762A7,SYN-202510-P4614514762A7,2025-10-02T21:05:00,2025-10-02T18:51:08,ad_impression,0,0.001
2025-10,EVT-202510-4614514762A7-0136,SYN-202510-D4614514762A7,SYN-202510-P4614514762A7,2025-10-02T21:05:00,2025-10-02T18:51:08,ad_impression,0,0.001
2025-10,EVT-202510-31864D3F4605-0044,SYN-202510-D31864D3F4605,SYN-202510-P31864D3F4605,2025-10-02T21:06:00,2025-10-02T04:03:43,level_completed,1,0.0
2025-10,EVT-202510-46888E37DD54-0001,SYN-202510-D46888E37DD54,SYN-202510-P46888E37DD54,2025-10-02T21:06:00,2025-10-02T10:05:51,session_start,0,0.0
2025-10,EVT-202510-4F47B04733CC-0016,SYN-202510-D4F47B04733CC,SYN-202510-P4F47B04733CC,2025-10-02T21:06:05,2025-10-02T19:46:05,level_completed,1,0.0
2025-10,EVT-202510-9A4DB8DAE6F0-0006,SYN-202510-D9A4DB8DAE6F0,SYN-202510-P9A4DB8DAE6F0,2025-10-02T21:06:20,2025-10-02T20:01:20,level_completed,1,0.0
2025-10,EVT-202510-9A4DB8DAE6F0-0011,SYN-202510-D9A4DB8DAE6F0,SYN-202510-P9A4DB8DAE6F0,2025-10-02T21:06:20,2025-10-02T20:01:20,level_completed,1,0.0
2025-10,EVT-202510-9A4DB8DAE6F0-0017,SYN-202510-D9A4DB8DAE6F0,SYN-202510-P9A4DB8DAE6F0,2025-10-02T21:06:20,2025-10-02T20:01:20,level_completed,1,0.0
2025-10,EVT-202510-4614514762A7-0138,SYN-202510-D4614514762A7,SYN-202510-P4614514762A7,2025-10-02T21:07:00,2025-10-02T18:51:08,ad_impression,0,0.001
2025-10,EVT-202510-4614514762A7-0004,SYN-202510-D4614514762A7,SYN-202510-P4614514762A7,2025-10-02T21:10:00,2025-10-02T18:51:08,session_start,0,0.0
2025-10,EVT-202510-46888E37DD54-0004,SYN-202510-D46888E37DD54,SYN-202510-P46888E37DD54,2025-10-02T21:10:00,2025-10-02T10:05:51,level_completed,1,0.0
2025-10,EVT-202510-31864D3F4605-0037,SYN-202510-D31864D3F4605,SYN-202510-P31864D3F4605,2025-10-02T21:11:00,2025-10-02T04:03:43,level_completed,1,0.0
2025-10,EVT-202510-5C51E0ED3137-0014,SYN-202510-D5C51E0ED3137,SYN-202510-P5C51E0ED3137,2025-10-02T21:13:12,2025-10-02T20:01:12,level_completed,1,0.0
2025-10,EVT-202510-7679E7CC7CF2-0002,SYN-202510-D7679E7CC7CF2,SYN-202510-P7679E7CC7CF2,2025-10-02T21:15:00,2025-10-02T08:45:25,session_start,0,0.0
2025-10,EVT-202510-AACAC65FDEBE-0026,SYN-202510-DAACAC65FDEBE,SYN-202510-PAACAC65FDEBE,2025-10-02T21:15:36,2025-10-02T20:13:36,ad_impression,0,0.0096
2025-10,EVT-202510-4614514762A7-0058,SYN-202510-D4614514762A7,SYN-202510-P4614514762A7,2025-10-02T21:16:00,2025-10-02T18:51:08,level_completed,1,0.0
2025-10,EVT-202510-69FC3DB3D0F2-0010,SYN-202510-D69FC3DB3D0F2,SYN-202510-P69FC3DB3D0F2,2025-10-02T21:16:00,2025-10-01T17:31:34,level_completed,1,0.0
2025-10,EVT-202510-4614514762A7-0115,SYN-202510-D4614514762A7,SYN-202510-P4614514762A7,2025-10-02T21:17:00,2025-10-02T18:51:08,ad_impression,0,0.001
2025-10,EVT-202510-7679E7CC7CF2-0006,SYN-202510-D7679E7CC7CF2,SYN-202510-P7679E7CC7CF2,2025-10-02T21:17:00,2025-10-02T08:45:25,level_completed,1,0.0
2025-10,EVT-202510-EA86600B57CA-0004,SYN-202510-DEA86600B57CA,SYN-202510-PEA86600B57CA,2025-10-02T21:17:06,2025-10-02T20:49:06,level_completed,1,0.0
2025-10,EVT-202510-5C51E0ED3137-0017,SYN-202510-D5C51E0ED3137,SYN-202510-P5C51E0ED3137,2025-10-02T21:17:12,2025-10-02T20:01:12,ad_impression,0,0.0215
2025-10,EVT-202510-7679E7CC7CF2-0019,SYN-202510-D7679E7CC7CF2,SYN-202510-P7679E7CC7CF2,2025-10-02T21:18:00,2025-10-02T08:45:25,level_completed,1,0.0
2025-10,EVT-202510-EA86600B57CA-0010,SYN-202510-DEA86600B57CA,SYN-202510-PEA86600B57CA,2025-10-02T21:19:06,2025-10-02T20:49:06,level_completed,1,0.0
2025-10,EVT-202510-4614514762A7-0027,SYN-202510-D4614514762A7,SYN-202510-P4614514762A7,2025-10-02T21:21:00,2025-10-02T18:51:08,level_completed,1,0.0
2025-10,EVT-202510-4614514762A7-0130,SYN-202510-D4614514762A7,SYN-202510-P4614514762A7,2025-10-02T21:21:00,2025-10-02T18:51:08,ad_impression,0,0.001
2025-10,EVT-202510-9A4DB8DAE6F0-0018,SYN-202510-D9A4DB8DAE6F0,SYN-202510-P9A4DB8DAE6F0,2025-10-02T21:21:20,2025-10-02T20:01:20,level_completed,1,0.0
2025-10,EVT-202510-7BBD532C3694-0002,SYN-202510-D7BBD532C3694,SYN-202510-P7BBD532C3694,2025-10-02T21:22:00,2025-10-02T00:50:09,session_start,0,0.0
2025-10,EVT-202510-5C51E0ED3137-0011,SYN-202510-D5C51E0ED3137,SYN-202510-P5C51E0ED3137,2025-10-02T21:22:12,2025-10-02T20:01:12,level_completed,1,0.0
2025-10,EVT-202510-AACAC65FDEBE-0012,SYN-202510-DAACAC65FDEBE,SYN-202510-PAACAC65FDEBE,2025-10-02T21:22:36,2025-10-02T20:13:36,level_completed,1,0.0
2025-10,EVT-202510-31864D3F4605-0038,SYN-202510-D31864D3F4605,SYN-202510-P31864D3F4605,2025-10-02T21:23:00,2025-10-02T04:03:43,level_completed,1,0.0
2025-10,EVT-202510-31864D3F4605-0098,SYN-202510-D31864D3F4605,SYN-202510-P31864D3F4605,2025-10-02T21:23:00,2025-10-02T04:03:43,level_completed,1,0.0
2025-10,EVT-202510-7BBD532C3694-0008,SYN-202510-D7BBD532C3694,SYN-202510-P7BBD532C3694,2025-10-02T21:24:00,2025-10-02T00:50:09,level_completed,1,0.0
2025-10,EVT-202510-EA86600B57CA-0002,SYN-202510-DEA86600B57CA,SYN-202510-PEA86600B57CA,2025-10-02T21:25:00,2025-10-02T20:49:06,session_start,0,0.0
2025-10,EVT-202510-AACAC65FDEBE-0015,SYN-202510-DAACAC65FDEBE,SYN-202510-PAACAC65FDEBE,2025-10-02T21:25:36,2025-10-02T20:13:36,level_completed,1,0.0
2025-10,EVT-202510-93D4E9206BCD-0001,SYN-202510-D93D4E9206BCD,SYN-202510-P93D4E9206BCD,2025-10-02T21:26:30,2025-10-02T21:25:30,session_start,0,0.0
2025-10,EVT-202510-93D4E9206BCD-0002,SYN-202510-D93D4E9206BCD,SYN-202510-P93D4E9206BCD,2025-10-02T21:26:30,2025-10-02T21:25:30,session_start,0,0.0
2025-10,EVT-202510-93D4E9206BCD-0003,SYN-202510-D93D4E9206BCD,SYN-202510-P93D4E9206BCD,2025-10-02T21:26:30,2025-10-02T21:25:30,session_start,0,0.0
2025-10,EVT-202510-93D4E9206BCD-0004,SYN-202510-D93D4E9206BCD,SYN-202510-P93D4E9206BCD,2025-10-02T21:26:30,2025-10-02T21:25:30,session_start,0,0.0
2025-10,EVT-202510-31864D3F4605-0094,SYN-202510-D31864D3F4605,SYN-202510-P31864D3F4605,2025-10-02T21:29:00,2025-10-02T04:03:43,level_completed,1,0.0
2025-10,EVT-202510-CE52080D31FE-0005,SYN-202510-DCE52080D31FE,SYN-202510-PCE52080D31FE,2025-10-02T21:29:07,2025-10-02T20:09:07,level_completed,1,0.0
2025-10,EVT-202510-AACAC65FDEBE-0019,SYN-202510-DAACAC65FDEBE,SYN-202510-PAACAC65FDEBE,2025-10-02T21:29:36,2025-10-02T20:13:36,level_completed,1,0.0
2025-10,EVT-202510-AACAC65FDEBE-0022,SYN-202510-DAACAC65FDEBE,SYN-202510-PAACAC65FDEBE,2025-10-02T21:29:36,2025-10-02T20:13:36,level_completed,1,0.0
2025-10,EVT-202510-31864D3F4605-0084,SYN-202510-D31864D3F4605,SYN-202510-P31864D3F4605,2025-10-02T21:30:00,2025-10-02T04:03:43,level_completed,1,0.0
2025-10,EVT-202510-EA86600B57CA-0007,SYN-202510-DEA86600B57CA,SYN-202510-PEA86600B57CA,2025-10-02T21:30:06,2025-10-02T20:49:06,level_completed,1,0.0
2025-10,EVT-202510-93D4E9206BCD-0158,SYN-202510-D93D4E9206BCD,SYN-202510-P93D4E9206BCD,2025-10-02T21:31:30,2025-10-02T21:25:30,ad_impression,0,0.0036
2025-10,EVT-202510-93D4E9206BCD-0162,SYN-202510-D93D4E9206BCD,SYN-202510-P93D4E9206BCD,2025-10-02T21:32:30,2025-10-02T21:25:30,ad_impression,0,0.0036
2025-10,EVT-202510-93D4E9206BCD-0011,SYN-202510-D93D4E9206BCD,SYN-202510-P93D4E9206BCD,2025-10-02T21:33:30,2025-10-02T21:25:30,level_completed,1,0.0
2025-10,EVT-202510-93D4E9206BCD-0056,SYN-202510-D93D4E9206BCD,SYN-202510-P93D4E9206BCD,2025-10-02T21:33:30,2025-10-02T21:25:30,level_completed,1,0.0
2025-10,EVT-202510-4614514762A7-0068,SYN-202510-D4614514762A7,SYN-202510-P4614514762A7,2025-10-02T21:34:00,2025-10-02T18:51:08,level_completed,1,0.0
2025-10,EVT-202510-4614514762A7-0101,SYN-202510-D4614514762A7,SYN-202510-P4614514762A7,2025-10-02T21:34:00,2025-10-02T18:51:08,ad_impression,0,0.001
2025-10,EVT-202510-7BBD532C3694-0033,SYN-202510-D7BBD532C3694,SYN-202510-P7BBD532C3694,2025-10-02T21:34:00,2025-10-02T00:50:09,level_completed,1,0.0
2025-10,EVT-202510-EA86600B57CA-0016,SYN-202510-DEA86600B57CA,SYN-202510-PEA86600B57CA,2025-10-02T21:34:00,2025-10-02T20:49:06,ad_impression,0,0.0185
2025-10,EVT-202510-93D4E9206BCD-0137,SYN-202510-D93D4E9206BCD,SYN-202510-P93D4E9206BCD,2025-10-02T21:34:30,2025-10-02T21:25:30,level_completed,1,0.0
2025-10,EVT-202510-93D4E9206BCD-0151,SYN-202510-D93D4E9206BCD,SYN-202510-P93D4E9206BCD,2025-10-02T21:34:30,2025-10-02T21:25:30,ad_impression,0,0.0036
2025-10,EVT-202510-AACAC65FDEBE-0005,SYN-202510-DAACAC65FDEBE,SYN-202510-PAACAC65FDEBE,2025-10-02T21:34:36,2025-10-02T20:13:36,level_completed,1,0.0
2025-10,EVT-202510-4614514762A7-0070,SYN-202510-D4614514762A7,SYN-202510-P4614514762A7,2025-10-02T21:35:00,2025-10-02T18:51:08,level_completed,1,0.0
2025-10,EVT-202510-93D4E9206BCD-0143,SYN-202510-D93D4E9206BCD,SYN-202510-P93D4E9206BCD,2025-10-02T21:35:30,2025-10-02T21:25:30,ad_impression,0,0.0036
2025-10,EVT-202510-93D4E9206BCD-0163,SYN-202510-D93D4E9206BCD,SYN-202510-P93D4E9206BCD,2025-10-02T21:35:30,2025-10-02T21:25:30,ad_impression,0,0.0036
2025-10,EVT-202510-31864D3F4605-0017,SYN-202510-D31864D3F4605,SYN-202510-P31864D3F4605,2025-10-02T21:36:00,2025-10-02T04:03:43,level_completed,1,0.0
2025-10,EVT-202510-31864D3F4605-0042,SYN-202510-D31864D3F4605,SYN-202510-P31864D3F4605,2025-10-02T21:36:00,2025-10-02T04:03:43,level_completed,1,0.0
2025-10,EVT-202510-31864D3F4605-0053,SYN-202510-D31864D3F4605,SYN-202510-P31864D3F4605,2025-10-02T21:36:00,2025-10-02T04:03:43,level_completed,1,0.0
2025-10,EVT-202510-93D4E9206BCD-0017,SYN-202510-D93D4E9206BCD,SYN-202510-P93D4E9206BCD,2025-10-02T21:36:30,2025-10-02T21:25:30,level_completed,1,0.0
2025-10,EVT-202510-93D4E9206BCD-0187,SYN-202510-D93D4E9206BCD,SYN-202510-P93D4E9206BCD,2025-10-02T21:36:30,2025-10-02T21:25:30,ad_impression,0,0.0036
2025-10,EVT-202510-31864D3F4605-0092,SYN-202510-D31864D3F4605,SYN-202510-P31864D3F4605,2025-10-02T21:37:00,2025-10-02T04:03:43,level_completed,1,0.0
2025-10,EVT-202510-46888E37DD54-0008,SYN-202510-D46888E37DD54,SYN-202510-P46888E37DD54,2025-10-02T21:37:00,2025-10-02T10:05:51,level_completed,1,0.0
2025-10,EVT-202510-93D4E9206BCD-0064,SYN-202510-D93D4E9206BCD,SYN-202510-P93D4E9206BCD,2025-10-02T21:37:30,2025-10-02T21:25:30,level_completed,1,0.0
2025-10,EVT-202510-93D4E9206BCD-0131,SYN-202510-D93D4E9206BCD,SYN-202510-P93D4E9206BCD,2025-10-02T21:37:30,2025-10-02T21:25:30,level_completed,1,0.0
2025-10,EVT-202510-7679E7CC7CF2-0021,SYN-202510-D7679E7CC7CF2,SYN-202510-P7679E7CC7CF2,2025-10-02T21:38:00,2025-10-02T08:45:25,level_completed,1,0.0
2025-10,EVT-202510-EA86600B57CA-0017,SYN-202510-DEA86600B57CA,SYN-202510-PEA86600B57CA,2025-10-02T21:38:00,2025-10-02T20:49:06,ad_impression,0,0.0185
2025-10,EVT-202510-93D4E9206BCD-0033,SYN-202510-D93D4E9206BCD,SYN-202510-P93D4E9206BCD,2025-10-02T21:38:30,2025-10-02T21:25:30,level_completed,1,0.0
2025-10,EVT-202510-31864D3F4605-0011,SYN-202510-D31864D3F4605,SYN-202510-P31864D3F4605,2025-10-02T21:39:00,2025-10-02T04:03:43,level_completed,1,0.0
2025-10,EVT-202510-3A876B61F246-0001,SYN-202510-D3A876B61F246,SYN-202510-P3A876B61F246,2025-10-02T21:39:15,2025-10-02T21:38:15,session_start,0,0.0
2025-10,EVT-202510-3A876B61F246-0002,SYN-202510-D3A876B61F246,SYN-202510-P3A876B61F246,2025-10-02T21:39:15,2025-10-02T21:38:15,session_start,0,0.0
2025-10,EVT-202510-3A876B61F246-0003,SYN-202510-D3A876B61F246,SYN-202510-P3A876B61F246,2025-10-02T21:39:15,2025-10-02T21:38:15,session_start,0,0.0
2025-10,EVT-202510-3A876B61F246-0004,SYN-202510-D3A876B61F246,SYN-202510-P3A876B61F246,2025-10-02T21:39:15,2025-10-02T21:38:15,session_start,0,0.0
2025-10,EVT-202510-3A876B61F246-0005,SYN-202510-D3A876B61F246,SYN-202510-P3A876B61F246,2025-10-02T21:39:15,2025-10-02T21:38:15,session_start,0,0.0
2025-10,EVT-202510-6A01C161D1BF-0001,SYN-202510-D6A01C161D1BF,SYN-202510-P6A01C161D1BF,2025-10-02T21:39:47,2025-10-02T21:38:47,session_start,0,0.0
2025-10,EVT-202510-31864D3F4605-0048,SYN-202510-D31864D3F4605,SYN-202510-P31864D3F4605,2025-10-02T21:40:00,2025-10-02T04:03:43,level_completed,1,0.0
2025-10,EVT-202510-31864D3F4605-0095,SYN-202510-D31864D3F4605,SYN-202510-P31864D3F4605,2025-10-02T21:40:00,2025-10-02T04:03:43,level_completed,1,0.0
2025-10,EVT-202510-31864D3F4605-0097,SYN-202510-D31864D3F4605,SYN-202510-P31864D3F4605,2025-10-02T21:40:00,2025-10-02T04:03:43,level_completed,1,0.0
2025-10,EVT-202510-7679E7CC7CF2-0020,SYN-202510-D7679E7CC7CF2,SYN-202510-P7679E7CC7CF2,2025-10-02T21:40:00,2025-10-02T08:45:25,level_completed,1,0.0
2025-10,EVT-202510-EA86600B57CA-0019,SYN-202510-DEA86600B57CA,SYN-202510-PEA86600B57CA,2025-10-02T21:40:00,2025-10-02T20:49:06,ad_impression,0,0.0185
2025-10,EVT-202510-93D4E9206BCD-0071,SYN-202510-D93D4E9206BCD,SYN-202510-P93D4E9206BCD,2025-10-02T21:41:30,2025-10-02T21:25:30,level_completed,1,0.0
2025-10,EVT-202510-93D4E9206BCD-0078,SYN-202510-D93D4E9206BCD,SYN-202510-P93D4E9206BCD,2025-10-02T21:41:30,2025-10-02T21:25:30,level_completed,1,0.0
2025-10,EVT-202510-71E7E9B5FBC7-0005,SYN-202510-D71E7E9B5FBC7,SYN-202510-P71E7E9B5FBC7,2025-10-02T21:42:00,2025-10-02T01:55:33,level_completed,1,0.0
2025-10,EVT-202510-7BBD532C3694-0035,SYN-202510-D7BBD532C3694,SYN-202510-P7BBD532C3694,2025-10-02T21:42:00,2025-10-02T00:50:09,level_completed,1,0.0
2025-10,EVT-202510-3A876B61F246-0015,SYN-202510-D3A876B61F246,SYN-202510-P3A876B61F246,2025-10-02T21:42:15,2025-10-02T21:38:15,level_completed,1,0.0
2025-10,EVT-202510-93D4E9206BCD-0101,SYN-202510-D93D4E9206BCD,SYN-202510-P93D4E9206BCD,2025-10-02T21:42:30,2025-10-02T21:25:30,level_completed,1,0.0
2025-10,EVT-202510-93D4E9206BCD-0138,SYN-202510-D93D4E9206BCD,SYN-202510-P93D4E9206BCD,2025-10-02T21:42:30,2025-10-02T21:25:30,level_completed,1,0.0
2025-10,EVT-202510-7BBD532C3694-0054,SYN-202510-D7BBD532C3694,SYN-202510-P7BBD532C3694,2025-10-02T21:43:00,2025-10-02T00:50:09,ad_impression,0,0.0154
2025-10,EVT-202510-EA86600B57CA-0012,SYN-202510-DEA86600B57CA,SYN-202510-PEA86600B57CA,2025-10-02T21:43:00,2025-10-02T20:49:06,level_completed,1,0.0
2025-10,EVT-202510-3A876B61F246-0028,SYN-202510-D3A876B61F246,SYN-202510-P3A876B61F246,2025-10-02T21:43:15,2025-10-02T21:38:15,level_completed,1,0.0
2025-10,EVT-202510-93D4E9206BCD-0069,SYN-202510-D93D4E9206BCD,SYN-202510-P93D4E9206BCD,2025-10-02T21:43:30,2025-10-02T21:25:30,level_completed,1,0.0
2025-10,EVT-202510-3A876B61F246-0010,SYN-202510-D3A876B61F246,SYN-202510-P3A876B61F246,2025-10-02T21:44:15,2025-10-02T21:38:15,level_completed,1,0.0
2025-10,EVT-202510-93D4E9206BCD-0152,SYN-202510-D93D4E9206BCD,SYN-202510-P93D4E9206BCD,2025-10-02T21:44:30,2025-10-02T21:25:30,ad_impression,0,0.0036
2025-10,EVT-202510-93D4E9206BCD-0153,SYN-202510-D93D4E9206BCD,SYN-202510-P93D4E9206BCD,2025-10-02T21:44:30,2025-10-02T21:25:30,ad_impression,0,0.0036
2025-10,EVT-202510-EA86600B57CA-0015,SYN-202510-DEA86600B57CA,SYN-202510-PEA86600B57CA,2025-10-02T21:45:00,2025-10-02T20:49:06,level_completed,1,0.0
2025-10,EVT-202510-3A876B61F246-0011,SYN-202510-D3A876B61F246,SYN-202510-P3A876B61F246,2025-10-02T21:45:15,2025-10-02T21:38:15,level_completed,1,0.0
2025-10,EVT-202510-3A876B61F246-0024,SYN-202510-D3A876B61F246,SYN-202510-P3A876B61F246,2025-10-02T21:45:15,2025-10-02T21:38:15,level_completed,1,0.0
2025-10,EVT-202510-86B66C324F83-0013,SYN-202510-D86B66C324F83,SYN-202510-P86B66C324F83,2025-10-02T21:46:00,2025-10-01T23:19:16,session_start,0,0.0
2025-10,EVT-202510-EA86600B57CA-0009,SYN-202510-DEA86600B57CA,SYN-202510-PEA86600B57CA,2025-10-02T21:46:00,2025-10-02T20:49:06,level_completed,1,0.0
2025-10,EVT-202510-E91894B42D09-0001,SYN-202510-DE91894B42D09,SYN-202510-PE91894B42D09,2025-10-02T21:46:04,2025-10-02T21:45:04,session_start,0,0.0
2025-10,EVT-202510-E91894B42D09-0002,SYN-202510-DE91894B42D09,SYN-202510-PE91894B42D09,2025-10-02T21:46:04,2025-10-02T21:45:04,session_start,0,0.0
2025-10,EVT-202510-E91894B42D09-0003,SYN-202510-DE91894B42D09,SYN-202510-PE91894B42D09,2025-10-02T21:46:04,2025-10-02T21:45:04,session_start,0,0.0
2025-10,EVT-202510-4614514762A7-0049,SYN-202510-D4614514762A7,SYN-202510-P4614514762A7,2025-10-02T21:47:00,2025-10-02T18:51:08,level_completed,1,0.0
2025-10,EVT-202510-7679E7CC7CF2-0017,SYN-202510-D7679E7CC7CF2,SYN-202510-P7679E7CC7CF2,2025-10-02T21:47:00,2025-10-02T08:45:25,level_completed,1,0.0
2025-10,EVT-202510-7679E7CC7CF2-0023,SYN-202510-D7679E7CC7CF2,SYN-202510-P7679E7CC7CF2,2025-10-02T21:47:00,2025-10-02T08:45:25,level_completed,1,0.0
2025-10,EVT-202510-3A876B61F246-0014,SYN-202510-D3A876B61F246,SYN-202510-P3A876B61F246,2025-10-02T21:47:15,2025-10-02T21:38:15,level_completed,1,0.0
2025-10,EVT-202510-93D4E9206BCD-0189,SYN-202510-D93D4E9206BCD,SYN-202510-P93D4E9206BCD,2025-10-02T21:47:30,2025-10-02T21:25:30,ad_impression,0,0.0036
2025-10,EVT-202510-86B66C324F83-0061,SYN-202510-D86B66C324F83,SYN-202510-P86B66C324F83,2025-10-02T21:48:00,2025-10-01T23:19:16,level_completed,1,0.0
2025-10,EVT-202510-3A876B61F246-0019,SYN-202510-D3A876B61F246,SYN-202510-P3A876B61F246,2025-10-02T21:48:15,2025-10-02T21:38:15,level_completed,1,0.0
2025-10,EVT-202510-EA71B6D88342-0004,SYN-202510-DEA71B6D88342,SYN-202510-PEA71B6D88342,2025-10-02T21:48:23,2025-10-02T20:42:23,level_completed,1,0.0
2025-10,EVT-202510-93D4E9206BCD-0133,SYN-202510-D93D4E9206BCD,SYN-202510-P93D4E9206BCD,2025-10-02T21:48:30,2025-10-02T21:25:30,level_completed,1,0.0
2025-10,EVT-202510-93D4E9206BCD-0145,SYN-202510-D93D4E9206BCD,SYN-202510-P93D4E9206BCD,2025-10-02T21:48:30,2025-10-02T21:25:30,ad_impression,0,0.0036
2025-10,EVT-202510-7679E7CC7CF2-0022,SYN-202510-D7679E7CC7CF2,SYN-202510-P7679E7CC7CF2,2025-10-02T21:49:00,2025-10-02T08:45:25,level_completed,1,0.0
2025-10,EVT-202510-E91894B42D09-0031,SYN-202510-DE91894B42D09,SYN-202510-PE91894B42D09,2025-10-02T21:49:04,2025-10-02T21:45:04,level_completed,1,0.0
2025-10,EVT-202510-EA86600B57CA-0003,SYN-202510-DEA86600B57CA,SYN-202510-PEA86600B57CA,2025-10-02T21:49:06,2025-10-02T20:49:06,level_completed,1,0.0
2025-10,EVT-202510-93D4E9206BCD-0040,SYN-202510-D93D4E9206BCD,SYN-202510-P93D4E9206BCD,2025-10-02T21:50:30,2025-10-02T21:25:30,level_completed,1,0.0
2025-10,EVT-202510-93D4E9206BCD-0181,SYN-202510-D93D4E9206BCD,SYN-202510-P93D4E9206BCD,2025-10-02T21:50:30,2025-10-02T21:25:30,ad_impression,0,0.0036
2025-10,EVT-202510-93D4E9206BCD-0103,SYN-202510-D93D4E9206BCD,SYN-202510-P93D4E9206BCD,2025-10-02T21:51:30,2025-10-02T21:25:30,level_completed,1,0.0
2025-10,EVT-202510-4614514762A7-0081,SYN-202510-D4614514762A7,SYN-202510-P4614514762A7,2025-10-02T21:52:00,2025-10-02T18:51:08,level_completed,1,0.0
2025-10,EVT-202510-3A876B61F246-0006,SYN-202510-D3A876B61F246,SYN-202510-P3A876B61F246,2025-10-02T21:52:15,2025-10-02T21:38:15,level_completed,1,0.0
2025-10,EVT-202510-93D4E9206BCD-0028,SYN-202510-D93D4E9206BCD,SYN-202510-P93D4E9206BCD,2025-10-02T21:52:30,2025-10-02T21:25:30,level_completed,1,0.0
2025-10,EVT-202510-93D4E9206BCD-0146,SYN-202510-D93D4E9206BCD,SYN-202510-P93D4E9206BCD,2025-10-02T21:52:30,2025-10-02T21:25:30,ad_impression,0,0.0036
2025-10,EVT-202510-86B66C324F83-0593,SYN-202510-D86B66C324F83,SYN-202510-P86B66C324F83,2025-10-02T21:53:00,2025-10-01T23:19:16,ad_impression,0,0.0003
2025-10,EVT-202510-93D4E9206BCD-0087,SYN-202510-D93D4E9206BCD,SYN-202510-P93D4E9206BCD,2025-10-02T21:53:30,2025-10-02T21:25:30,level_completed,1,0.0
2025-10,EVT-202510-93D4E9206BCD-0113,SYN-202510-D93D4E9206BCD,SYN-202510-P93D4E9206BCD,2025-10-02T21:53:30,2025-10-02T21:25:30,level_completed,1,0.0
2025-10,EVT-202510-93D4E9206BCD-0166,SYN-202510-D93D4E9206BCD,SYN-202510-P93D4E9206BCD,2025-10-02T21:53:30,2025-10-02T21:25:30,ad_impression,0,0.0036
2025-10,EVT-202510-46888E37DD54-0006,SYN-202510-D46888E37DD54,SYN-202510-P46888E37DD54,2025-10-02T21:54:00,2025-10-02T10:05:51,level_completed,1,0.0
2025-10,EVT-202510-86B66C324F83-0607,SYN-202510-D86B66C324F83,SYN-202510-P86B66C324F83,2025-10-02T21:54:00,2025-10-01T23:19:16,ad_impression,0,0.0003
2025-10,EVT-202510-AA14D45B98B6-0004,SYN-202510-DAA14D45B98B6,SYN-202510-PAA14D45B98B6,2025-10-02T21:54:00,2025-10-01T15:06:59,session_start,0,0.0
2025-10,EVT-202510-86B66C324F83-0205,SYN-202510-D86B66C324F83,SYN-202510-P86B66C324F83,2025-10-02T21:55:00,2025-10-01T23:19:16,level_completed,1,0.0
2025-10,EVT-202510-067D9004AE72-0003,SYN-202510-D067D9004AE72,SYN-202510-P067D9004AE72,2025-10-02T21:56:00,2025-10-02T06:35:38,session_start,0,0.0
2025-10,EVT-202510-4614514762A7-0046,SYN-202510-D4614514762A7,SYN-202510-P4614514762A7,2025-10-02T21:56:00,2025-10-02T18:51:08,level_completed,1,0.0
2025-10,EVT-202510-93D4E9206BCD-0124,SYN-202510-D93D4E9206BCD,SYN-202510-P93D4E9206BCD,2025-10-02T21:56:30,2025-10-02T21:25:30,level_completed,1,0.0
2025-10,EVT-202510-86B66C324F83-0358,SYN-202510-D86B66C324F83,SYN-202510-P86B66C324F83,2025-10-02T21:57:00,2025-10-01T23:19:16,ad_impression,0,0.0003
2025-10,EVT-202510-EA71B6D88342-0003,SYN-202510-DEA71B6D88342,SYN-202510-PEA71B6D88342,2025-10-02T21:57:23,2025-10-02T20:42:23,level_completed,1,0.0
2025-10,EVT-202510-4614514762A7-0017,SYN-202510-D4614514762A7,SYN-202510-P4614514762A7,2025-10-02T21:58:00,2025-10-02T18:51:08,level_completed,1,0.0
2025-10,EVT-202510-86B66C324F83-0252,SYN-202510-D86B66C324F83,SYN-202510-P86B66C324F83,2025-10-02T21:58:00,2025-10-01T23:19:16,level_completed,1,0.0
2025-10,EVT-202510-3A876B61F246-0037,SYN-202510-D3A876B61F246,SYN-202510-P3A876B61F246,2025-10-02T21:58:15,2025-10-02T21:38:15,ad_impression,0,0.046
2025-10,EVT-202510-4CE362EC52C3-0001,SYN-202510-D4CE362EC52C3,SYN-202510-P4CE362EC52C3,2025-10-02T21:58:23,2025-10-02T21:57:23,session_start,0,0.0
2025-10,EVT-202510-4CE362EC52C3-0002,SYN-202510-D4CE362EC52C3,SYN-202510-P4CE362EC52C3,2025-10-02T21:58:23,2025-10-02T21:57:23,session_start,0,0.0
2025-10,EVT-202510-73CCD874A103-0001,SYN-202510-D73CCD874A103,SYN-202510-P73CCD874A103,2025-10-02T21:59:04,2025-10-02T21:58:04,session_start,0,0.0
2025-10,EVT-202510-73CCD874A103-0002,SYN-202510-D73CCD874A103,SYN-202510-P73CCD874A103,2025-10-02T21:59:04,2025-10-02T21:58:04,session_start,0,0.0
2025-10,EVT-202510-73CCD874A103-0003,SYN-202510-D73CCD874A103,SYN-202510-P73CCD874A103,2025-10-02T21:59:04,2025-10-02T21:58:04,session_start,0,0.0
2025-10,EVT-202510-73CCD874A103-0004,SYN-202510-D73CCD874A103,SYN-202510-P73CCD874A103,2025-10-02T21:59:04,2025-10-02T21:58:04,session_start,0,0.0
2025-10,EVT-202510-3A876B61F246-0025,SYN-202510-D3A876B61F246,SYN-202510-P3A876B61F246,2025-10-02T21:59:15,2025-10-02T21:38:15,level_completed,1,0.0
2025-10,EVT-202510-93D4E9206BCD-0054,SYN-202510-D93D4E9206BCD,SYN-202510-P93D4E9206BCD,2025-10-02T21:59:30,2025-10-02T21:25:30,level_completed,1,0.0
2025-10,EVT-202510-3A876B61F246-0009,SYN-202510-D3A876B61F246,SYN-202510-P3A876B61F246,2025-10-02T22:00:15,2025-10-02T21:38:15,level_completed,1,0.0
2025-10,EVT-202510-3A876B61F246-0016,SYN-202510-D3A876B61F246,SYN-202510-P3A876B61F246,2025-10-02T22:00:15,2025-10-02T21:38:15,level_completed,1,0.0
2025-10,EVT-202510-73CCD874A103-0006,SYN-202510-D73CCD874A103,SYN-202510-P73CCD874A103,2025-10-02T22:01:04,2025-10-02T21:58:04,level_completed,1,0.0
2025-10,EVT-202510-73CCD874A103-0010,SYN-202510-D73CCD874A103,SYN-202510-P73CCD874A103,2025-10-02T22:01:04,2025-10-02T21:58:04,level_completed,1,0.0
2025-10,EVT-202510-E91894B42D09-0022,SYN-202510-DE91894B42D09,SYN-202510-PE91894B42D09,2025-10-02T22:01:04,2025-10-02T21:45:04,level_completed,1,0.0
2025-10,EVT-202510-93D4E9206BCD-0185,SYN-202510-D93D4E9206BCD,SYN-202510-P93D4E9206BCD,2025-10-02T22:01:30,2025-10-02T21:25:30,ad_impression,0,0.0036
2025-10,EVT-202510-4614514762A7-0109,SYN-202510-D4614514762A7,SYN-202510-P4614514762A7,2025-10-02T22:02:00,2025-10-02T18:51:08,ad_impression,0,0.001
2025-10,EVT-202510-3A876B61F246-0029,SYN-202510-D3A876B61F246,SYN-202510-P3A876B61F246,2025-10-02T22:02:15,2025-10-02T21:38:15,level_completed,1,0.0
2025-10,EVT-202510-93D4E9206BCD-0125,SYN-202510-D93D4E9206BCD,SYN-202510-P93D4E9206BCD,2025-10-02T22:02:30,2025-10-02T21:25:30,level_completed,1,0.0
2025-10,EVT-202510-46888E37DD54-0010,SYN-202510-D46888E37DD54,SYN-202510-P46888E37DD54,2025-10-02T22:03:00,2025-10-02T10:05:51,level_completed,1,0.0
2025-10,EVT-202510-7BBD532C3694-0021,SYN-202510-D7BBD532C3694,SYN-202510-P7BBD532C3694,2025-10-02T22:03:00,2025-10-02T00:50:09,level_completed,1,0.0
2025-10,EVT-202510-93D4E9206BCD-0009,SYN-202510-D93D4E9206BCD,SYN-202510-P93D4E9206BCD,2025-10-02T22:03:30,2025-10-02T21:25:30,level_completed,1,0.0
2025-10,EVT-202510-73CCD874A103-0017,SYN-202510-D73CCD874A103,SYN-202510-P73CCD874A103,2025-10-02T22:04:04,2025-10-02T21:58:04,level_completed,1,0.0
2025-10,EVT-202510-E91894B42D09-0008,SYN-202510-DE91894B42D09,SYN-202510-PE91894B42D09,2025-10-02T22:04:04,2025-10-02T21:45:04,level_completed,1,0.0
2025-10,EVT-202510-46888E37DD54-0007,SYN-202510-D46888E37DD54,SYN-202510-P46888E37DD54,2025-10-02T22:05:00,2025-10-02T10:05:51,level_completed,1,0.0
2025-10,EVT-202510-86B66C324F83-0375,SYN-202510-D86B66C324F83,SYN-202510-P86B66C324F83,2025-10-02T22:05:00,2025-10-01T23:19:16,ad_impression,0,0.0003
2025-10,EVT-202510-E91894B42D09-0020,SYN-202510-DE91894B42D09,SYN-202510-PE91894B42D09,2025-10-02T22:05:04,2025-10-02T21:45:04,level_completed,1,0.0
2025-10,EVT-202510-93D4E9206BCD-0051,SYN-202510-D93D4E9206BCD,SYN-202510-P93D4E9206BCD,2025-10-02T22:05:30,2025-10-02T21:25:30,level_completed,1,0.0
2025-10,EVT-202510-86B66C324F83-0443,SYN-202510-D86B66C324F83,SYN-202510-P86B66C324F83,2025-10-02T22:06:00,2025-10-01T23:19:16,ad_impression,0,0.0003
2025-10,EVT-202510-93D4E9206BCD-0026,SYN-202510-D93D4E9206BCD,SYN-202510-P93D4E9206BCD,2025-10-02T22:06:30,2025-10-02T21:25:30,level_completed,1,0.0
2025-10,EVT-202510-067D9004AE72-0019,SYN-202510-D067D9004AE72,SYN-202510-P067D9004AE72,2025-10-02T22:07:00,2025-10-02T06:35:38,level_completed,1,0.0
2025-10,EVT-202510-067D9004AE72-0030,SYN-202510-D067D9004AE72,SYN-202510-P067D9004AE72,2025-10-02T22:07:00,2025-10-02T06:35:38,level_completed,1,0.0
2025-10,EVT-202510-46888E37DD54-0003,SYN-202510-D46888E37DD54,SYN-202510-P46888E37DD54,2025-10-02T22:07:00,2025-10-02T10:05:51,level_completed,1,0.0
2025-10,EVT-202510-46888E37DD54-0009,SYN-202510-D46888E37DD54,SYN-202510-P46888E37DD54,2025-10-02T22:07:00,2025-10-02T10:05:51,level_completed,1,0.0
2025-10,EVT-202510-AA14D45B98B6-0036,SYN-202510-DAA14D45B98B6,SYN-202510-PAA14D45B98B6,2025-10-02T22:07:00,2025-10-01T15:06:59,level_completed,1,0.0
2025-10,EVT-202510-73CCD874A103-0007,SYN-202510-D73CCD874A103,SYN-202510-P73CCD874A103,2025-10-02T22:07:04,2025-10-02T21:58:04,level_completed,1,0.0
2025-10,EVT-202510-73CCD874A103-0016,SYN-202510-D73CCD874A103,SYN-202510-P73CCD874A103,2025-10-02T22:07:04,2025-10-02T21:58:04,level_completed,1,0.0
2025-10,EVT-202510-93D4E9206BCD-0060,SYN-202510-D93D4E9206BCD,SYN-202510-P93D4E9206BCD,2025-10-02T22:07:30,2025-10-02T21:25:30,level_completed,1,0.0
2025-10,EVT-202510-93D4E9206BCD-0066,SYN-202510-D93D4E9206BCD,SYN-202510-P93D4E9206BCD,2025-10-02T22:07:30,2025-10-02T21:25:30,level_completed,1,0.0
2025-10,EVT-202510-93D4E9206BCD-0127,SYN-202510-D93D4E9206BCD,SYN-202510-P93D4E9206BCD,2025-10-02T22:07:30,2025-10-02T21:25:30,level_completed,1,0.0
2025-10,EVT-202510-067D9004AE72-0008,SYN-202510-D067D9004AE72,SYN-202510-P067D9004AE72,2025-10-02T22:08:00,2025-10-02T06:35:38,level_completed,1,0.0
2025-10,EVT-202510-EA86600B57CA-0008,SYN-202510-DEA86600B57CA,SYN-202510-PEA86600B57CA,2025-10-02T22:08:00,2025-10-02T20:49:06,level_completed,1,0.0
2025-10,EVT-202510-067D9004AE72-0041,SYN-202510-D067D9004AE72,SYN-202510-P067D9004AE72,2025-10-02T22:09:00,2025-10-02T06:35:38,level_completed,1,0.0
2025-10,EVT-202510-86B66C324F83-0186,SYN-202510-D86B66C324F83,SYN-202510-P86B66C324F83,2025-10-02T22:09:00,2025-10-01T23:19:16,level_completed,1,0.0
2025-10,EVT-202510-AA14D45B98B6-0069,SYN-202510-DAA14D45B98B6,SYN-202510-PAA14D45B98B6,2025-10-02T22:09:00,2025-10-01T15:06:59,ad_impression,0,0.0112
2025-10,EVT-202510-E91894B42D09-0038,SYN-202510-DE91894B42D09,SYN-202510-PE91894B42D09,2025-10-02T22:09:04,2025-10-02T21:45:04,ad_impression,0,0.0084
2025-10,EVT-202510-EA86600B57CA-0014,SYN-202510-DEA86600B57CA,SYN-202510-PEA86600B57CA,2025-10-02T22:09:06,2025-10-02T20:49:06,level_completed,1,0.0
2025-10,EVT-202510-EA86600B57CA-0018,SYN-202510-DEA86600B57CA,SYN-202510-PEA86600B57CA,2025-10-02T22:09:06,2025-10-02T20:49:06,ad_impression,0,0.0185
2025-10,EVT-202510-93D4E9206BCD-0020,SYN-202510-D93D4E9206BCD,SYN-202510-P93D4E9206BCD,2025-10-02T22:09:30,2025-10-02T21:25:30,level_completed,1,0.0
2025-10,EVT-202510-93D4E9206BCD-0037,SYN-202510-D93D4E9206BCD,SYN-202510-P93D4E9206BCD,2025-10-02T22:09:30,2025-10-02T21:25:30,level_completed,1,0.0
2025-10,EVT-202510-93D4E9206BCD-0067,SYN-202510-D93D4E9206BCD,SYN-202510-P93D4E9206BCD,2025-10-02T22:09:30,2025-10-02T21:25:30,level_completed,1,0.0
2025-10,EVT-202510-4614514762A7-0135,SYN-202510-D4614514762A7,SYN-202510-P4614514762A7,2025-10-02T22:10:00,2025-10-02T18:51:08,ad_impression,0,0.001
2025-10,EVT-202510-86B66C324F83-0313,SYN-202510-D86B66C324F83,SYN-202510-P86B66C324F83,2025-10-02T22:10:00,2025-10-01T23:19:16,level_completed,1,0.0
2025-10,EVT-202510-93D4E9206BCD-0050,SYN-202510-D93D4E9206BCD,SYN-202510-P93D4E9206BCD,2025-10-02T22:10:30,2025-10-02T21:25:30,level_completed,1,0.0
2025-10,EVT-202510-3A876B61F246-0017,SYN-202510-D3A876B61F246,SYN-202510-P3A876B61F246,2025-10-02T22:11:15,2025-10-02T21:38:15,level_completed,1,0.0
2025-10,EVT-202510-93D4E9206BCD-0077,SYN-202510-D93D4E9206BCD,SYN-202510-P93D4E9206BCD,2025-10-02T22:11:30,2025-10-02T21:25:30,level_completed,1,0.0
2025-10,EVT-202510-86B66C324F83-0555,SYN-202510-D86B66C324F83,SYN-202510-P86B66C324F83,2025-10-02T22:12:00,2025-10-01T23:19:16,ad_impression,0,0.0003
2025-10,EVT-202510-4CE362EC52C3-0003,SYN-202510-D4CE362EC52C3,SYN-202510-P4CE362EC52C3,2025-10-02T22:12:23,2025-10-02T21:57:23,level_completed,1,0.0
2025-10,EVT-202510-4CE362EC52C3-0005,SYN-202510-D4CE362EC52C3,SYN-202510-P4CE362EC52C3,2025-10-02T22:12:23,2025-10-02T21:57:23,level_completed,1,0.0
2025-10,EVT-202510-93D4E9206BCD-0015,SYN-202510-D93D4E9206BCD,SYN-202510-P93D4E9206BCD,2025-10-02T22:12:30,2025-10-02T21:25:30,level_completed,1,0.0
2025-10,EVT-202510-93D4E9206BCD-0029,SYN-202510-D93D4E9206BCD,SYN-202510-P93D4E9206BCD,2025-10-02T22:12:30,2025-10-02T21:25:30,level_completed,1,0.0
2025-10,EVT-202510-93D4E9206BCD-0041,SYN-202510-D93D4E9206BCD,SYN-202510-P93D4E9206BCD,2025-10-02T22:12:30,2025-10-02T21:25:30,level_completed,1,0.0
2025-10,EVT-202510-E91894B42D09-0029,SYN-202510-DE91894B42D09,SYN-202510-PE91894B42D09,2025-10-02T22:13:04,2025-10-02T21:45:04,level_completed,1,0.0
2025-10,EVT-202510-93D4E9206BCD-0035,SYN-202510-D93D4E9206BCD,SYN-202510-P93D4E9206BCD,2025-10-02T22:13:30,2025-10-02T21:25:30,level_completed,1,0.0
2025-10,EVT-202510-93D4E9206BCD-0061,SYN-202510-D93D4E9206BCD,SYN-202510-P93D4E9206BCD,2025-10-02T22:13:30,2025-10-02T21:25:30,level_completed,1,0.0
2025-10,EVT-202510-93D4E9206BCD-0186,SYN-202510-D93D4E9206BCD,SYN-202510-P93D4E9206BCD,2025-10-02T22:13:30,2025-10-02T21:25:30,ad_impression,0,0.0036
2025-10,EVT-202510-EA86600B57CA-0013,SYN-202510-DEA86600B57CA,SYN-202510-PEA86600B57CA,2025-10-02T22:14:00,2025-10-02T20:49:06,level_completed,1,0.0
2025-10,EVT-202510-3A876B61F246-0013,SYN-202510-D3A876B61F246,SYN-202510-P3A876B61F246,2025-10-02T22:14:15,2025-10-02T21:38:15,level_completed,1,0.0
2025-10,EVT-202510-93D4E9206BCD-0089,SYN-202510-D93D4E9206BCD,SYN-202510-P93D4E9206BCD,2025-10-02T22:14:30,2025-10-02T21:25:30,level_completed,1,0.0
2025-10,EVT-202510-86B66C324F83-0444,SYN-202510-D86B66C324F83,SYN-202510-P86B66C324F83,2025-10-02T22:15:00,2025-10-01T23:19:16,ad_impression,0,0.0003
2025-10,EVT-202510-73CCD874A103-0013,SYN-202510-D73CCD874A103,SYN-202510-P73CCD874A103,2025-10-02T22:15:04,2025-10-02T21:58:04,level_completed,1,0.0
2025-10,EVT-202510-73CCD874A103-0024,SYN-202510-D73CCD874A103,SYN-202510-P73CCD874A103,2025-10-02T22:15:04,2025-10-02T21:58:04,level_completed,1,0.0
2025-10,EVT-202510-E91894B42D09-0017,SYN-202510-DE91894B42D09,SYN-202510-PE91894B42D09,2025-10-02T22:15:04,2025-10-02T21:45:04,level_completed,1,0.0
2025-10,EVT-202510-93D4E9206BCD-0043,SYN-202510-D93D4E9206BCD,SYN-202510-P93D4E9206BCD,2025-10-02T22:15:30,2025-10-02T21:25:30,level_completed,1,0.0
2025-10,EVT-202510-7BBD532C3694-0046,SYN-202510-D7BBD532C3694,SYN-202510-P7BBD532C3694,2025-10-02T22:16:00,2025-10-02T00:50:09,ad_impression,0,0.0154
2025-10,EVT-202510-93D4E9206BCD-0024,SYN-202510-D93D4E9206BCD,SYN-202510-P93D4E9206BCD,2025-10-02T22:16:30,2025-10-02T21:25:30,level_completed,1,0.0
2025-10,EVT-202510-93D4E9206BCD-0183,SYN-202510-D93D4E9206BCD,SYN-202510-P93D4E9206BCD,2025-10-02T22:16:30,2025-10-02T21:25:30,ad_impression,0,0.0036
2025-10,EVT-202510-46888E37DD54-0002,SYN-202510-D46888E37DD54,SYN-202510-P46888E37DD54,2025-10-02T22:17:00,2025-10-02T10:05:51,level_completed,1,0.0
2025-10,EVT-202510-EA86600B57CA-0005,SYN-202510-DEA86600B57CA,SYN-202510-PEA86600B57CA,2025-10-02T22:17:00,2025-10-02T20:49:06,level_completed,1,0.0
2025-10,EVT-202510-3A876B61F246-0018,SYN-202510-D3A876B61F246,SYN-202510-P3A876B61F246,2025-10-02T22:17:15,2025-10-02T21:38:15,level_completed,1,0.0
2025-10,EVT-202510-3A876B61F246-0027,SYN-202510-D3A876B61F246,SYN-202510-P3A876B61F246,2025-10-02T22:17:15,2025-10-02T21:38:15,level_completed,1,0.0
2025-10,EVT-202510-C9E14E8A17C0-0001,SYN-202510-DC9E14E8A17C0,SYN-202510-PC9E14E8A17C0,2025-10-02T22:17:23,2025-10-02T22:16:23,session_start,0,0.0
2025-10,EVT-202510-C9E14E8A17C0-0002,SYN-202510-DC9E14E8A17C0,SYN-202510-PC9E14E8A17C0,2025-10-02T22:17:23,2025-10-02T22:16:23,session_start,0,0.0
2025-10,EVT-202510-93D4E9206BCD-0070,SYN-202510-D93D4E9206BCD,SYN-202510-P93D4E9206BCD,2025-10-02T22:17:30,2025-10-02T21:25:30,level_completed,1,0.0
2025-10,EVT-202510-73CCD874A103-0025,SYN-202510-D73CCD874A103,SYN-202510-P73CCD874A103,2025-10-02T22:18:04,2025-10-02T21:58:04,ad_impression,0,0.0379
2025-10,EVT-202510-93D4E9206BCD-0038,SYN-202510-D93D4E9206BCD,SYN-202510-P93D4E9206BCD,2025-10-02T22:18:30,2025-10-02T21:25:30,level_completed,1,0.0
2025-10,EVT-202510-93D4E9206BCD-0135,SYN-202510-D93D4E9206BCD,SYN-202510-P93D4E9206BCD,2025-10-02T22:18:30,2025-10-02T21:25:30,level_completed,1,0.0
2025-10,EVT-202510-E91894B42D09-0004,SYN-202510-DE91894B42D09,SYN-202510-PE91894B42D09,2025-10-02T22:19:00,2025-10-02T21:45:04,session_start,0,0.0
2025-10,EVT-202510-C9E14E8A17C0-0007,SYN-202510-DC9E14E8A17C0,SYN-202510-PC9E14E8A17C0,2025-10-02T22:19:23,2025-10-02T22:16:23,level_completed,1,0.0
2025-10,EVT-202510-93D4E9206BCD-0030,SYN-202510-D93D4E9206BCD,SYN-202510-P93D4E9206BCD,2025-10-02T22:19:30,2025-10-02T21:25:30,level_completed,1,0.0
2025-10,EVT-202510-93D4E9206BCD-0098,SYN-202510-D93D4E9206BCD,SYN-202510-P93D4E9206BCD,2025-10-02T22:19:30,2025-10-02T21:25:30,level_completed,1,0.0
2025-10,EVT-202510-93D4E9206BCD-0148,SYN-202510-D93D4E9206BCD,SYN-202510-P93D4E9206BCD,2025-10-02T22:19:30,2025-10-02T21:25:30,ad_impression,0,0.0036
2025-10,EVT-202510-3A876B61F246-0026,SYN-202510-D3A876B61F246,SYN-202510-P3A876B61F246,2025-10-02T22:20:15,2025-10-02T21:38:15,level_completed,1,0.0
2025-10,EVT-202510-93D4E9206BCD-0010,SYN-202510-D93D4E9206BCD,SYN-202510-P93D4E9206BCD,2025-10-02T22:20:30,2025-10-02T21:25:30,level_completed,1,0.0
2025-10,EVT-202510-93D4E9206BCD-0169,SYN-202510-D93D4E9206BCD,SYN-202510-P93D4E9206BCD,2025-10-02T22:20:30,2025-10-02T21:25:30,ad_impression,0,0.0036
2025-10,EVT-202510-067D9004AE72-0014,SYN-202510-D067D9004AE72,SYN-202510-P067D9004AE72,2025-10-02T22:21:00,2025-10-02T06:35:38,level_completed,1,0.0
2025-10,EVT-202510-AA14D45B98B6-0017,SYN-202510-DAA14D45B98B6,SYN-202510-PAA14D45B98B6,2025-10-02T22:21:00,2025-10-01T15:06:59,level_completed,1,0.0
2025-10,EVT-202510-AA14D45B98B6-0066,SYN-202510-DAA14D45B98B6,SYN-202510-PAA14D45B98B6,2025-10-02T22:21:00,2025-10-01T15:06:59,ad_impression,0,0.0112
2025-10,EVT-202510-3A876B61F246-0030,SYN-202510-D3A876B61F246,SYN-202510-P3A876B61F246,2025-10-02T22:21:15,2025-10-02T21:38:15,level_completed,1,0.0
2025-10,EVT-202510-93D4E9206BCD-0094,SYN-202510-D93D4E9206BCD,SYN-202510-P93D4E9206BCD,2025-10-02T22:21:30,2025-10-02T21:25:30,level_completed,1,0.0
2025-10,EVT-202510-93D4E9206BCD-0114,SYN-202510-D93D4E9206BCD,SYN-202510-P93D4E9206BCD,2025-10-02T22:21:30,2025-10-02T21:25:30,level_completed,1,0.0
2025-10,EVT-202510-46888E37DD54-0005,SYN-202510-D46888E37DD54,SYN-202510-P46888E37DD54,2025-10-02T22:22:00,2025-10-02T10:05:51,level_completed,1,0.0
2025-10,EVT-202510-86B66C324F83-0023,SYN-202510-D86B66C324F83,SYN-202510-P86B66C324F83,2025-10-02T22:22:00,2025-10-01T23:19:16,level_completed,1,0.0
2025-10,EVT-202510-EA40B541A75F-0002,SYN-202510-DEA40B541A75F,SYN-202510-PEA40B541A75F,2025-10-02T22:22:00,2025-10-02T13:37:02,session_start,0,0.0
2025-10,EVT-202510-3A876B61F246-0034,SYN-202510-D3A876B61F246,SYN-202510-P3A876B61F246,2025-10-02T22:22:15,2025-10-02T21:38:15,level_completed,1,0.0
2025-10,EVT-202510-93D4E9206BCD-0088,SYN-202510-D93D4E9206BCD,SYN-202510-P93D4E9206BCD,2025-10-02T22:22:30,2025-10-02T21:25:30,level_completed,1,0.0
2025-10,EVT-202510-93D4E9206BCD-0178,SYN-202510-D93D4E9206BCD,SYN-202510-P93D4E9206BCD,2025-10-02T22:22:30,2025-10-02T21:25:30,ad_impression,0,0.0036
2025-10,EVT-202510-4614514762A7-0112,SYN-202510-D4614514762A7,SYN-202510-P4614514762A7,2025-10-02T22:23:00,2025-10-02T18:51:08,ad_impression,0,0.001
2025-10,EVT-202510-6A01C161D1BF-0002,SYN-202510-D6A01C161D1BF,SYN-202510-P6A01C161D1BF,2025-10-02T22:23:47,2025-10-02T21:38:47,level_completed,1,0.0
2025-10,EVT-202510-7679E7CC7CF2-0016,SYN-202510-D7679E7CC7CF2,SYN-202510-P7679E7CC7CF2,2025-10-02T22:24:00,2025-10-02T08:45:25,level_completed,1,0.0
2025-10,EVT-202510-EA40B541A75F-0011,SYN-202510-DEA40B541A75F,SYN-202510-PEA40B541A75F,2025-10-02T22:24:00,2025-10-02T13:37:02,level_completed,1,0.0
2025-10,EVT-202510-4CE362EC52C3-0004,SYN-202510-D4CE362EC52C3,SYN-202510-P4CE362EC52C3,2025-10-02T22:24:23,2025-10-02T21:57:23,level_completed,1,0.0
2025-10,EVT-202510-93D4E9206BCD-0105,SYN-202510-D93D4E9206BCD,SYN-202510-P93D4E9206BCD,2025-10-02T22:24:30,2025-10-02T21:25:30,level_completed,1,0.0
2025-10,EVT-202510-067D9004AE72-0060,SYN-202510-D067D9004AE72,SYN-202510-P067D9004AE72,2025-10-02T22:25:00,2025-10-02T06:35:38,ad_impression,0,0.0192
2025-10,EVT-202510-73CCD874A103-0022,SYN-202510-D73CCD874A103,SYN-202510-P73CCD874A103,2025-10-02T22:25:04,2025-10-02T21:58:04,level_completed,1,0.0
2025-10,EVT-202510-E91894B42D09-0023,SYN-202510-DE91894B42D09,SYN-202510-PE91894B42D09,2025-10-02T22:25:04,2025-10-02T21:45:04,level_completed,1,0.0
2025-10,EVT-202510-93D4E9206BCD-0058,SYN-202510-D93D4E9206BCD,SYN-202510-P93D4E9206BCD,2025-10-02T22:25:30,2025-10-02T21:25:30,level_completed,1,0.0
2025-10,EVT-202510-7679E7CC7CF2-0004,SYN-202510-D7679E7CC7CF2,SYN-202510-P7679E7CC7CF2,2025-10-02T22:26:00,2025-10-02T08:45:25,level_completed,1,0.0
2025-10,EVT-202510-93D4E9206BCD-0057,SYN-202510-D93D4E9206BCD,SYN-202510-P93D4E9206BCD,2025-10-02T22:26:30,2025-10-02T21:25:30,level_completed,1,0.0
2025-10,EVT-202510-93D4E9206BCD-0149,SYN-202510-D93D4E9206BCD,SYN-202510-P93D4E9206BCD,2025-10-02T22:26:30,2025-10-02T21:25:30,ad_impression,0,0.0036
2025-10,EVT-202510-AA14D45B98B6-0028,SYN-202510-DAA14D45B98B6,SYN-202510-PAA14D45B98B6,2025-10-02T22:27:00,2025-10-01T15:06:59,level_completed,1,0.0
2025-10,EVT-202510-93D4E9206BCD-0085,SYN-202510-D93D4E9206BCD,SYN-202510-P93D4E9206BCD,2025-10-02T22:27:30,2025-10-02T21:25:30,level_completed,1,0.0
2025-10,EVT-202510-93D4E9206BCD-0165,SYN-202510-D93D4E9206BCD,SYN-202510-P93D4E9206BCD,2025-10-02T22:27:30,2025-10-02T21:25:30,ad_impression,0,0.0036
2025-10,EVT-202510-93D4E9206BCD-0074,SYN-202510-D93D4E9206BCD,SYN-202510-P93D4E9206BCD,2025-10-02T22:28:30,2025-10-02T21:25:30,level_completed,1,0.0
2025-10,EVT-202510-93D4E9206BCD-0095,SYN-202510-D93D4E9206BCD,SYN-202510-P93D4E9206BCD,2025-10-02T22:28:30,2025-10-02T21:25:30,level_completed,1,0.0
2025-10,EVT-202510-93D4E9206BCD-0150,SYN-202510-D93D4E9206BCD,SYN-202510-P93D4E9206BCD,2025-10-02T22:28:30,2025-10-02T21:25:30,ad_impression,0,0.0036
2025-10,EVT-202510-86B66C324F83-0203,SYN-202510-D86B66C324F83,SYN-202510-P86B66C324F83,2025-10-02T22:29:00,2025-10-01T23:19:16,level_completed,1,0.0
2025-10,EVT-202510-AA14D45B98B6-0019,SYN-202510-DAA14D45B98B6,SYN-202510-PAA14D45B98B6,2025-10-02T22:29:00,2025-10-01T15:06:59,level_completed,1,0.0
2025-10,EVT-202510-93D4E9206BCD-0144,SYN-202510-D93D4E9206BCD,SYN-202510-P93D4E9206BCD,2025-10-02T22:29:30,2025-10-02T21:25:30,ad_impression,0,0.0036
2025-10,EVT-202510-4614514762A7-0128,SYN-202510-D4614514762A7,SYN-202510-P4614514762A7,2025-10-02T22:30:00,2025-10-02T18:51:08,ad_impression,0,0.001
2025-10,EVT-202510-86B66C324F83-0153,SYN-202510-D86B66C324F83,SYN-202510-P86B66C324F83,2025-10-02T22:30:00,2025-10-01T23:19:16,level_completed,1,0.0
2025-10,EVT-202510-86B66C324F83-0372,SYN-202510-D86B66C324F83,SYN-202510-P86B66C324F83,2025-10-02T22:30:00,2025-10-01T23:19:16,ad_impression,0,0.0003
2025-10,EVT-202510-3A876B61F246-0020,SYN-202510-D3A876B61F246,SYN-202510-P3A876B61F246,2025-10-02T22:30:15,2025-10-02T21:38:15,level_completed,1,0.0
2025-10,EVT-202510-93D4E9206BCD-0142,SYN-202510-D93D4E9206BCD,SYN-202510-P93D4E9206BCD,2025-10-02T22:30:30,2025-10-02T21:25:30,ad_impression,0,0.0036
2025-10,EVT-202510-EA40B541A75F-0016,SYN-202510-DEA40B541A75F,SYN-202510-PEA40B541A75F,2025-10-02T22:31:00,2025-10-02T13:37:02,level_completed,1,0.0
2025-10,EVT-202510-73CCD874A103-0028,SYN-202510-D73CCD874A103,SYN-202510-P73CCD874A103,2025-10-02T22:31:04,2025-10-02T21:58:04,ad_impression,0,0.0379
2025-10,EVT-202510-3A876B61F246-0036,SYN-202510-D3A876B61F246,SYN-202510-P3A876B61F246,2025-10-02T22:31:15,2025-10-02T21:38:15,ad_impression,0,0.046
2025-10,EVT-202510-C9E14E8A17C0-0011,SYN-202510-DC9E14E8A17C0,SYN-202510-PC9E14E8A17C0,2025-10-02T22:31:23,2025-10-02T22:16:23,level_completed,1,0.0
2025-10,EVT-202510-93D4E9206BCD-0032,SYN-202510-D93D4E9206BCD,SYN-202510-P93D4E9206BCD,2025-10-02T22:31:30,2025-10-02T21:25:30,level_completed,1,0.0
2025-10,EVT-202510-7679E7CC7CF2-0012,SYN-202510-D7679E7CC7CF2,SYN-202510-P7679E7CC7CF2,2025-10-02T22:32:00,2025-10-02T08:45:25,level_completed,1,0.0
2025-10,EVT-202510-7BBD532C3694-0042,SYN-202510-D7BBD532C3694,SYN-202510-P7BBD532C3694,2025-10-02T22:32:00,2025-10-02T00:50:09,ad_impression,0,0.0154
2025-10,EVT-202510-E91894B42D09-0027,SYN-202510-DE91894B42D09,SYN-202510-PE91894B42D09,2025-10-02T22:32:04,2025-10-02T21:45:04,level_completed,1,0.0
2025-10,EVT-202510-93D4E9206BCD-0031,SYN-202510-D93D4E9206BCD,SYN-202510-P93D4E9206BCD,2025-10-02T22:32:30,2025-10-02T21:25:30,level_completed,1,0.0
2025-10,EVT-202510-067D9004AE72-0020,SYN-202510-D067D9004AE72,SYN-202510-P067D9004AE72,2025-10-02T22:33:00,2025-10-02T06:35:38,level_completed,1,0.0
2025-10,EVT-202510-4614514762A7-0131,SYN-202510-D4614514762A7,SYN-202510-P4614514762A7,2025-10-02T22:33:00,2025-10-02T18:51:08,ad_impression,0,0.001
2025-10,EVT-202510-AA14D45B98B6-0045,SYN-202510-DAA14D45B98B6,SYN-202510-PAA14D45B98B6,2025-10-02T22:33:00,2025-10-01T15:06:59,level_completed,1,0.0
2025-10,EVT-202510-E91894B42D09-0033,SYN-202510-DE91894B42D09,SYN-202510-PE91894B42D09,2025-10-02T22:33:04,2025-10-02T21:45:04,level_completed,1,0.0
2025-10,EVT-202510-93D4E9206BCD-0053,SYN-202510-D93D4E9206BCD,SYN-202510-P93D4E9206BCD,2025-10-02T22:33:30,2025-10-02T21:25:30,level_completed,1,0.0
2025-10,EVT-202510-93D4E9206BCD-0090,SYN-202510-D93D4E9206BCD,SYN-202510-P93D4E9206BCD,2025-10-02T22:33:30,2025-10-02T21:25:30,level_completed,1,0.0
2025-10,EVT-202510-86B66C324F83-0168,SYN-202510-D86B66C324F83,SYN-202510-P86B66C324F83,2025-10-02T22:34:00,2025-10-01T23:19:16,level_completed,1,0.0
2025-10,EVT-202510-AA14D45B98B6-0038,SYN-202510-DAA14D45B98B6,SYN-202510-PAA14D45B98B6,2025-10-02T22:34:00,2025-10-01T15:06:59,level_completed,1,0.0
2025-10,EVT-202510-3A876B61F246-0021,SYN-202510-D3A876B61F246,SYN-202510-P3A876B61F246,2025-10-02T22:34:15,2025-10-02T21:38:15,level_completed,1,0.0
2025-10,EVT-202510-7BBD532C3694-0014,SYN-202510-D7BBD532C3694,SYN-202510-P7BBD532C3694,2025-10-02T22:35:00,2025-10-02T00:50:09,level_completed,1,0.0
2025-10,EVT-202510-73CCD874A103-0009,SYN-202510-D73CCD874A103,SYN-202510-P73CCD874A103,2025-10-02T22:35:04,2025-10-02T21:58:04,level_completed,1,0.0
2025-10,EVT-202510-4614514762A7-0114,SYN-202510-D4614514762A7,SYN-202510-P4614514762A7,2025-10-02T22:36:00,2025-10-02T18:51:08,ad_impression,0,0.001
2025-10,EVT-202510-C9E14E8A17C0-0009,SYN-202510-DC9E14E8A17C0,SYN-202510-PC9E14E8A17C0,2025-10-02T22:36:23,2025-10-02T22:16:23,level_completed,1,0.0
2025-10,EVT-202510-86B66C324F83-0236,SYN-202510-D86B66C324F83,SYN-202510-P86B66C324F83,2025-10-02T22:37:00,2025-10-01T23:19:16,level_completed,1,0.0
2025-10,EVT-202510-3A876B61F246-0007,SYN-202510-D3A876B61F246,SYN-202510-P3A876B61F246,2025-10-02T22:37:15,2025-10-02T21:38:15,level_completed,1,0.0
2025-10,EVT-202510-C9E14E8A17C0-0006,SYN-202510-DC9E14E8A17C0,SYN-202510-PC9E14E8A17C0,2025-10-02T22:37:23,2025-10-02T22:16:23,level_completed,1,0.0
2025-10,EVT-202510-93D4E9206BCD-0080,SYN-202510-D93D4E9206BCD,SYN-202510-P93D4E9206BCD,2025-10-02T22:37:30,2025-10-02T21:25:30,level_completed,1,0.0
2025-10,EVT-202510-93D4E9206BCD-0130,SYN-202510-D93D4E9206BCD,SYN-202510-P93D4E9206BCD,2025-10-02T22:37:30,2025-10-02T21:25:30,level_completed,1,0.0
2025-10,EVT-202510-93D4E9206BCD-0174,SYN-202510-D93D4E9206BCD,SYN-202510-P93D4E9206BCD,2025-10-02T22:37:30,2025-10-02T21:25:30,ad_impression,0,0.0036
2025-10,EVT-202510-DEE1747D7D6B-0006,SYN-202510-DDEE1747D7D6B,SYN-202510-PDEE1747D7D6B,2025-10-02T22:38:00,2025-10-01T06:23:43,session_start,0,0.0
2025-10,EVT-202510-93D4E9206BCD-0171,SYN-202510-D93D4E9206BCD,SYN-202510-P93D4E9206BCD,2025-10-02T22:38:30,2025-10-02T21:25:30,ad_impression,0,0.0036
2025-10,EVT-202510-93D4E9206BCD-0188,SYN-202510-D93D4E9206BCD,SYN-202510-P93D4E9206BCD,2025-10-02T22:38:30,2025-10-02T21:25:30,ad_impression,0,0.0036
2025-10,EVT-202510-86B66C324F83-0306,SYN-202510-D86B66C324F83,SYN-202510-P86B66C324F83,2025-10-02T22:39:00,2025-10-01T23:19:16,level_completed,1,0.0
2025-10,EVT-202510-E91894B42D09-0032,SYN-202510-DE91894B42D09,SYN-202510-PE91894B42D09,2025-10-02T22:39:04,2025-10-02T21:45:04,level_completed,1,0.0
2025-10,EVT-202510-93D4E9206BCD-0072,SYN-202510-D93D4E9206BCD,SYN-202510-P93D4E9206BCD,2025-10-02T22:39:30,2025-10-02T21:25:30,level_completed,1,0.0
2025-10,EVT-202510-93D4E9206BCD-0122,SYN-202510-D93D4E9206BCD,SYN-202510-P93D4E9206BCD,2025-10-02T22:39:30,2025-10-02T21:25:30,level_completed,1,0.0
2025-10,EVT-202510-93D4E9206BCD-0154,SYN-202510-D93D4E9206BCD,SYN-202510-P93D4E9206BCD,2025-10-02T22:39:30,2025-10-02T21:25:30,ad_impression,0,0.0036
2025-10,EVT-202510-86B66C324F83-0098,SYN-202510-D86B66C324F83,SYN-202510-P86B66C324F83,2025-10-02T22:40:00,2025-10-01T23:19:16,level_completed,1,0.0
2025-10,EVT-202510-73CCD874A103-0021,SYN-202510-D73CCD874A103,SYN-202510-P73CCD874A103,2025-10-02T22:40:04,2025-10-02T21:58:04,level_completed,1,0.0
2025-10,EVT-202510-067D9004AE72-0027,SYN-202510-D067D9004AE72,SYN-202510-P067D9004AE72,2025-10-02T22:41:00,2025-10-02T06:35:38,level_completed,1,0.0
2025-10,EVT-202510-E91894B42D09-0016,SYN-202510-DE91894B42D09,SYN-202510-PE91894B42D09,2025-10-02T22:41:00,2025-10-02T21:45:04,level_completed,1,0.0
2025-10,EVT-202510-73CCD874A103-0023,SYN-202510-D73CCD874A103,SYN-202510-P73CCD874A103,2025-10-02T22:41:04,2025-10-02T21:58:04,level_completed,1,0.0
2025-10,EVT-202510-93D4E9206BCD-0134,SYN-202510-D93D4E9206BCD,SYN-202510-P93D4E9206BCD,2025-10-02T22:41:30,2025-10-02T21:25:30,level_completed,1,0.0
2025-10,EVT-202510-067D9004AE72-0054,SYN-202510-D067D9004AE72,SYN-202510-P067D9004AE72,2025-10-02T22:42:00,2025-10-02T06:35:38,ad_impression,0,0.0192
2025-10,EVT-202510-AA14D45B98B6-0026,SYN-202510-DAA14D45B98B6,SYN-202510-PAA14D45B98B6,2025-10-02T22:42:00,2025-10-01T15:06:59,level_completed,1,0.0
2025-10,EVT-202510-E91894B42D09-0034,SYN-202510-DE91894B42D09,SYN-202510-PE91894B42D09,2025-10-02T22:42:04,2025-10-02T21:45:04,ad_impression,0,0.0084
2025-10,EVT-202510-3A876B61F246-0035,SYN-202510-D3A876B61F246,SYN-202510-P3A876B61F246,2025-10-02T22:42:15,2025-10-02T21:38:15,ad_impression,0,0.046
2025-10,EVT-202510-93D4E9206BCD-0107,SYN-202510-D93D4E9206BCD,SYN-202510-P93D4E9206BCD,2025-10-02T22:42:30,2025-10-02T21:25:30,level_completed,1,0.0
2025-10,EVT-202510-86B66C324F83-0212,SYN-202510-D86B66C324F83,SYN-202510-P86B66C324F83,2025-10-02T22:43:00,2025-10-01T23:19:16,level_completed,1,0.0
2025-10,EVT-202510-3A876B61F246-0033,SYN-202510-D3A876B61F246,SYN-202510-P3A876B61F246,2025-10-02T22:43:15,2025-10-02T21:38:15,level_completed,1,0.0
2025-10,EVT-202510-EA86600B57CA-0011,SYN-202510-DEA86600B57CA,SYN-202510-PEA86600B57CA,2025-10-02T22:44:00,2025-10-02T20:49:06,level_completed,1,0.0
2025-10,EVT-202510-93D4E9206BCD-0092,SYN-202510-D93D4E9206BCD,SYN-202510-P93D4E9206BCD,2025-10-02T22:44:30,2025-10-02T21:25:30,level_completed,1,0.0
2025-10,EVT-202510-DEE1747D7D6B-0150,SYN-202510-DDEE1747D7D6B,SYN-202510-PDEE1747D7D6B,2025-10-02T22:45:00,2025-10-01T06:23:43,ad_impression,0,0.0039
2025-10,EVT-202510-93D4E9206BCD-0044,SYN-202510-D93D4E9206BCD,SYN-202510-P93D4E9206BCD,2025-10-02T22:45:30,2025-10-02T21:25:30,level_completed,1,0.0
2025-10,EVT-202510-86B66C324F83-0527,SYN-202510-D86B66C324F83,SYN-202510-P86B66C324F83,2025-10-02T22:46:00,2025-10-01T23:19:16,ad_impression,0,0.0003
2025-10,EVT-202510-AA14D45B98B6-0020,SYN-202510-DAA14D45B98B6,SYN-202510-PAA14D45B98B6,2025-10-02T22:46:00,2025-10-01T15:06:59,level_completed,1,0.0
2025-10,EVT-202510-3A876B61F246-0031,SYN-202510-D3A876B61F246,SYN-202510-P3A876B61F246,2025-10-02T22:46:15,2025-10-02T21:38:15,level_completed,1,0.0
2025-10,EVT-202510-93D4E9206BCD-0179,SYN-202510-D93D4E9206BCD,SYN-202510-P93D4E9206BCD,2025-10-02T22:46:30,2025-10-02T21:25:30,ad_impression,0,0.0036
2025-10,EVT-202510-73CCD874A103-0012,SYN-202510-D73CCD874A103,SYN-202510-P73CCD874A103,2025-10-02T22:47:04,2025-10-02T21:58:04,level_completed,1,0.0
2025-10,EVT-202510-73CCD874A103-0015,SYN-202510-D73CCD874A103,SYN-202510-P73CCD874A103,2025-10-02T22:47:04,2025-10-02T21:58:04,level_completed,1,0.0
2025-10,EVT-202510-93D4E9206BCD-0173,SYN-202510-D93D4E9206BCD,SYN-202510-P93D4E9206BCD,2025-10-02T22:48:30,2025-10-02T21:25:30,ad_impression,0,0.0036
2025-10,EVT-202510-B7E5E9DC05A8-0001,SYN-202510-DB7E5E9DC05A8,SYN-202510-PB7E5E9DC05A8,2025-10-02T22:48:49,2025-10-02T22:47:49,session_start,0,0.0
2025-10,EVT-202510-86B66C324F83-0192,SYN-202510-D86B66C324F83,SYN-202510-P86B66C324F83,2025-10-02T22:49:00,2025-10-01T23:19:16,level_completed,1,0.0
2025-10,EVT-202510-C9E14E8A17C0-0004,SYN-202510-DC9E14E8A17C0,SYN-202510-PC9E14E8A17C0,2025-10-02T22:49:23,2025-10-02T22:16:23,level_completed,1,0.0
2025-10,EVT-202510-6A01C161D1BF-0003,SYN-202510-D6A01C161D1BF,SYN-202510-P6A01C161D1BF,2025-10-02T22:49:47,2025-10-02T21:38:47,level_completed,1,0.0
2025-10,EVT-202510-86B66C324F83-0126,SYN-202510-D86B66C324F83,SYN-202510-P86B66C324F83,2025-10-02T22:50:00,2025-10-01T23:19:16,level_completed,1,0.0
2025-10,EVT-202510-AA14D45B98B6-0043,SYN-202510-DAA14D45B98B6,SYN-202510-PAA14D45B98B6,2025-10-02T22:50:00,2025-10-01T15:06:59,level_completed,1,0.0
2025-10,EVT-202510-DEE1747D7D6B-0062,SYN-202510-DDEE1747D7D6B,SYN-202510-PDEE1747D7D6B,2025-10-02T22:50:00,2025-10-01T06:23:43,level_completed,1,0.0
2025-10,EVT-202510-067D9004AE72-0035,SYN-202510-D067D9004AE72,SYN-202510-P067D9004AE72,2025-10-02T22:51:00,2025-10-02T06:35:38,level_completed,1,0.0
2025-10,EVT-202510-3A876B61F246-0022,SYN-202510-D3A876B61F246,SYN-202510-P3A876B61F246,2025-10-02T22:51:15,2025-10-02T21:38:15,level_completed,1,0.0
2025-10,EVT-202510-293567C932A5-0011,SYN-202510-D293567C932A5,SYN-202510-P293567C932A5,2025-10-02T22:52:00,2025-10-02T19:23:23,session_start,0,0.0
2025-10,EVT-202510-86B66C324F83-0326,SYN-202510-D86B66C324F83,SYN-202510-P86B66C324F83,2025-10-02T22:52:00,2025-10-01T23:19:16,level_completed,1,0.0
2025-10,EVT-202510-B7E5E9DC05A8-0003,SYN-202510-DB7E5E9DC05A8,SYN-202510-PB7E5E9DC05A8,2025-10-02T22:52:49,2025-10-02T22:47:49,level_completed,1,0.0
2025-10,EVT-202510-B7E5E9DC05A8-0014,SYN-202510-DB7E5E9DC05A8,SYN-202510-PB7E5E9DC05A8,2025-10-02T22:52:49,2025-10-02T22:47:49,level_completed,1,0.0
2025-10,EVT-202510-0EB38C91DE0F-0001,SYN-202510-D0EB38C91DE0F,SYN-202510-P0EB38C91DE0F,2025-10-02T22:53:00,2025-10-02T17:47:49,session_start,0,0.0
2025-10,EVT-202510-E91894B42D09-0010,SYN-202510-DE91894B42D09,SYN-202510-PE91894B42D09,2025-10-02T22:53:00,2025-10-02T21:45:04,level_completed,1,0.0
2025-10,EVT-202510-73CCD874A103-0027,SYN-202510-D73CCD874A103,SYN-202510-P73CCD874A103,2025-10-02T22:53:04,2025-10-02T21:58:04,ad_impression,0,0.0379
2025-10,EVT-202510-3A876B61F246-0032,SYN-202510-D3A876B61F246,SYN-202510-P3A876B61F246,2025-10-02T22:53:15,2025-10-02T21:38:15,level_completed,1,0.0
2025-10,EVT-202510-B7E5E9DC05A8-0010,SYN-202510-DB7E5E9DC05A8,SYN-202510-PB7E5E9DC05A8,2025-10-02T22:54:49,2025-10-02T22:47:49,level_completed,1,0.0
2025-10,EVT-202510-E91894B42D09-0013,SYN-202510-DE91894B42D09,SYN-202510-PE91894B42D09,2025-10-02T22:55:04,2025-10-02T21:45:04,level_completed,1,0.0
2025-10,EVT-202510-3A876B61F246-0012,SYN-202510-D3A876B61F246,SYN-202510-P3A876B61F246,2025-10-02T22:55:15,2025-10-02T21:38:15,level_completed,1,0.0
2025-10,EVT-202510-3A876B61F246-0023,SYN-202510-D3A876B61F246,SYN-202510-P3A876B61F246,2025-10-02T22:55:15,2025-10-02T21:38:15,level_completed,1,0.0
2025-10,EVT-202510-E91894B42D09-0024,SYN-202510-DE91894B42D09,SYN-202510-PE91894B42D09,2025-10-02T22:56:00,2025-10-02T21:45:04,level_completed,1,0.0
2025-10,EVT-202510-0EB38C91DE0F-0004,SYN-202510-D0EB38C91DE0F,SYN-202510-P0EB38C91DE0F,2025-10-02T22:57:00,2025-10-02T17:47:49,level_completed,1,0.0
2025-10,EVT-202510-E91894B42D09-0018,SYN-202510-DE91894B42D09,SYN-202510-PE91894B42D09,2025-10-02T22:57:04,2025-10-02T21:45:04,level_completed,1,0.0
2025-10,EVT-202510-0EB38C91DE0F-0013,SYN-202510-D0EB38C91DE0F,SYN-202510-P0EB38C91DE0F,2025-10-02T22:58:00,2025-10-02T17:47:49,level_completed,1,0.0
2025-10,EVT-202510-D6D24A0AFE97-0001,SYN-202510-DD6D24A0AFE97,SYN-202510-PD6D24A0AFE97,2025-10-02T22:59:00,2025-10-02T16:19:39,session_start,0,0.0
2025-10,EVT-202510-3A876B61F246-0008,SYN-202510-D3A876B61F246,SYN-202510-P3A876B61F246,2025-10-02T22:59:15,2025-10-02T21:38:15,level_completed,1,0.0
2025-10,EVT-202510-3A876B61F246-0038,SYN-202510-D3A876B61F246,SYN-202510-P3A876B61F246,2025-10-02T22:59:15,2025-10-02T21:38:15,ad_impression,0,0.046
2025-10,EVT-202510-86B66C324F83-0376,SYN-202510-D86B66C324F83,SYN-202510-P86B66C324F83,2025-10-02T23:00:00,2025-10-01T23:19:16,ad_impression,0,0.0003
2025-10,EVT-202510-DEE1747D7D6B-0094,SYN-202510-DDEE1747D7D6B,SYN-202510-PDEE1747D7D6B,2025-10-02T23:00:00,2025-10-01T06:23:43,level_completed,1,0.0
2025-10,EVT-202510-73CCD874A103-0019,SYN-202510-D73CCD874A103,SYN-202510-P73CCD874A103,2025-10-02T23:00:04,2025-10-02T21:58:04,level_completed,1,0.0
2025-10,EVT-202510-73CCD874A103-0020,SYN-202510-D73CCD874A103,SYN-202510-P73CCD874A103,2025-10-02T23:00:04,2025-10-02T21:58:04,level_completed,1,0.0
2025-10,EVT-202510-B7E5E9DC05A8-0006,SYN-202510-DB7E5E9DC05A8,SYN-202510-PB7E5E9DC05A8,2025-10-02T23:00:49,2025-10-02T22:47:49,level_completed,1,0.0
2025-10,EVT-202510-B7E5E9DC05A8-0012,SYN-202510-DB7E5E9DC05A8,SYN-202510-PB7E5E9DC05A8,2025-10-02T23:00:49,2025-10-02T22:47:49,level_completed,1,0.0
2025-10,EVT-202510-0EB38C91DE0F-0009,SYN-202510-D0EB38C91DE0F,SYN-202510-P0EB38C91DE0F,2025-10-02T23:01:00,2025-10-02T17:47:49,level_completed,1,0.0
2025-10,EVT-202510-EA40B541A75F-0010,SYN-202510-DEA40B541A75F,SYN-202510-PEA40B541A75F,2025-10-02T23:01:00,2025-10-02T13:37:02,level_completed,1,0.0
2025-10,EVT-202510-C9E14E8A17C0-0003,SYN-202510-DC9E14E8A17C0,SYN-202510-PC9E14E8A17C0,2025-10-02T23:01:23,2025-10-02T22:16:23,level_completed,1,0.0
2025-10,EVT-202510-D6D24A0AFE97-0007,SYN-202510-DD6D24A0AFE97,SYN-202510-PD6D24A0AFE97,2025-10-02T23:02:00,2025-10-02T16:19:39,level_completed,1,0.0
2025-10,EVT-202510-D6D24A0AFE97-0019,SYN-202510-DD6D24A0AFE97,SYN-202510-PD6D24A0AFE97,2025-10-02T23:02:00,2025-10-02T16:19:39,level_completed,1,0.0
2025-10,EVT-202510-D6D24A0AFE97-0024,SYN-202510-DD6D24A0AFE97,SYN-202510-PD6D24A0AFE97,2025-10-02T23:02:00,2025-10-02T16:19:39,level_completed,1,0.0
2025-10,EVT-202510-D6D24A0AFE97-0034,SYN-202510-DD6D24A0AFE97,SYN-202510-PD6D24A0AFE97,2025-10-02T23:02:00,2025-10-02T16:19:39,level_completed,1,0.0
2025-10,EVT-202510-E91894B42D09-0019,SYN-202510-DE91894B42D09,SYN-202510-PE91894B42D09,2025-10-02T23:02:04,2025-10-02T21:45:04,level_completed,1,0.0
2025-10,EVT-202510-4CE362EC52C3-0006,SYN-202510-D4CE362EC52C3,SYN-202510-P4CE362EC52C3,2025-10-02T23:02:23,2025-10-02T21:57:23,level_completed,1,0.0
2025-10,EVT-202510-067D9004AE72-0036,SYN-202510-D067D9004AE72,SYN-202510-P067D9004AE72,2025-10-02T23:03:00,2025-10-02T06:35:38,level_completed,1,0.0
2025-10,EVT-202510-067D9004AE72-0064,SYN-202510-D067D9004AE72,SYN-202510-P067D9004AE72,2025-10-02T23:03:00,2025-10-02T06:35:38,ad_impression,0,0.0192
2025-10,EVT-202510-AA14D45B98B6-0031,SYN-202510-DAA14D45B98B6,SYN-202510-PAA14D45B98B6,2025-10-02T23:03:00,2025-10-01T15:06:59,level_completed,1,0.0
2025-10,EVT-202510-EA40B541A75F-0012,SYN-202510-DEA40B541A75F,SYN-202510-PEA40B541A75F,2025-10-02T23:03:00,2025-10-02T13:37:02,level_completed,1,0.0
2025-10,EVT-202510-C9E14E8A17C0-0005,SYN-202510-DC9E14E8A17C0,SYN-202510-PC9E14E8A17C0,2025-10-02T23:03:23,2025-10-02T22:16:23,level_completed,1,0.0
2025-10,EVT-202510-86B66C324F83-0110,SYN-202510-D86B66C324F83,SYN-202510-P86B66C324F83,2025-10-02T23:04:00,2025-10-01T23:19:16,level_completed,1,0.0
2025-10,EVT-202510-EA40B541A75F-0007,SYN-202510-DEA40B541A75F,SYN-202510-PEA40B541A75F,2025-10-02T23:04:00,2025-10-02T13:37:02,level_completed,1,0.0
2025-10,EVT-202510-067D9004AE72-0032,SYN-202510-D067D9004AE72,SYN-202510-P067D9004AE72,2025-10-02T23:05:00,2025-10-02T06:35:38,level_completed,1,0.0
2025-10,EVT-202510-86B66C324F83-0314,SYN-202510-D86B66C324F83,SYN-202510-P86B66C324F83,2025-10-02T23:05:00,2025-10-01T23:19:16,level_completed,1,0.0
2025-10,EVT-202510-D6D24A0AFE97-0009,SYN-202510-DD6D24A0AFE97,SYN-202510-PD6D24A0AFE97,2025-10-02T23:05:00,2025-10-02T16:19:39,level_completed,1,0.0
2025-10,EVT-202510-D6D24A0AFE97-0031,SYN-202510-DD6D24A0AFE97,SYN-202510-PD6D24A0AFE97,2025-10-02T23:05:00,2025-10-02T16:19:39,level_completed,1,0.0
2025-10,EVT-202510-DEE1747D7D6B-0066,SYN-202510-DDEE1747D7D6B,SYN-202510-PDEE1747D7D6B,2025-10-02T23:05:00,2025-10-01T06:23:43,level_completed,1,0.0
2025-10,EVT-202510-0EB38C91DE0F-0010,SYN-202510-D0EB38C91DE0F,SYN-202510-P0EB38C91DE0F,2025-10-02T23:06:00,2025-10-02T17:47:49,level_completed,1,0.0
2025-10,EVT-202510-86B66C324F83-0124,SYN-202510-D86B66C324F83,SYN-202510-P86B66C324F83,2025-10-02T23:06:00,2025-10-01T23:19:16,level_completed,1,0.0
2025-10,EVT-202510-D6D24A0AFE97-0014,SYN-202510-DD6D24A0AFE97,SYN-202510-PD6D24A0AFE97,2025-10-02T23:06:00,2025-10-02T16:19:39,level_completed,1,0.0
2025-10,EVT-202510-A054C1F819E3-0005,SYN-202510-DA054C1F819E3,SYN-202510-PA054C1F819E3,2025-10-02T23:07:00,2025-10-02T19:12:09,session_start,0,0.0
2025-10,EVT-202510-D6D24A0AFE97-0020,SYN-202510-DD6D24A0AFE97,SYN-202510-PD6D24A0AFE97,2025-10-02T23:07:00,2025-10-02T16:19:39,level_completed,1,0.0
2025-10,EVT-202510-AA14D45B98B6-0047,SYN-202510-DAA14D45B98B6,SYN-202510-PAA14D45B98B6,2025-10-02T23:09:00,2025-10-01T15:06:59,level_completed,1,0.0
2025-10,EVT-202510-067D9004AE72-0051,SYN-202510-D067D9004AE72,SYN-202510-P067D9004AE72,2025-10-02T23:10:00,2025-10-02T06:35:38,level_completed,1,0.0
2025-10,EVT-202510-DEE1747D7D6B-0134,SYN-202510-DDEE1747D7D6B,SYN-202510-PDEE1747D7D6B,2025-10-02T23:10:00,2025-10-01T06:23:43,level_completed,1,0.0
2025-10,EVT-202510-F3B1798D0F68-0001,SYN-202510-DF3B1798D0F68,SYN-202510-PF3B1798D0F68,2025-10-02T23:10:55,2025-10-02T23:09:55,session_start,0,0.0
2025-10,EVT-202510-067D9004AE72-0039,SYN-202510-D067D9004AE72,SYN-202510-P067D9004AE72,2025-10-02T23:11:00,2025-10-02T06:35:38,level_completed,1,0.0
2025-10,EVT-202510-0EB38C91DE0F-0002,SYN-202510-D0EB38C91DE0F,SYN-202510-P0EB38C91DE0F,2025-10-02T23:11:00,2025-10-02T17:47:49,level_completed,1,0.0
2025-10,EVT-202510-D6D24A0AFE97-0039,SYN-202510-DD6D24A0AFE97,SYN-202510-PD6D24A0AFE97,2025-10-02T23:11:00,2025-10-02T16:19:39,level_completed,1,0.0
2025-10,EVT-202510-DEE1747D7D6B-0024,SYN-202510-DDEE1747D7D6B,SYN-202510-PDEE1747D7D6B,2025-10-02T23:11:00,2025-10-01T06:23:43,level_completed,1,0.0
2025-10,EVT-202510-E91894B42D09-0035,SYN-202510-DE91894B42D09,SYN-202510-PE91894B42D09,2025-10-02T23:11:00,2025-10-02T21:45:04,ad_impression,0,0.0084
2025-10,EVT-202510-067D9004AE72-0046,SYN-202510-D067D9004AE72,SYN-202510-P067D9004AE72,2025-10-02T23:12:00,2025-10-02T06:35:38,level_completed,1,0.0
2025-10,EVT-202510-73CCD874A103-0018,SYN-202510-D73CCD874A103,SYN-202510-P73CCD874A103,2025-10-02T23:12:04,2025-10-02T21:58:04,level_completed,1,0.0
2025-10,EVT-202510-067D9004AE72-0050,SYN-202510-D067D9004AE72,SYN-202510-P067D9004AE72,2025-10-02T23:13:00,2025-10-02T06:35:38,level_completed,1,0.0
2025-10,EVT-202510-D6D24A0AFE97-0003,SYN-202510-DD6D24A0AFE97,SYN-202510-PD6D24A0AFE97,2025-10-02T23:13:00,2025-10-02T16:19:39,level_completed,1,0.0
2025-10,EVT-202510-D6D24A0AFE97-0022,SYN-202510-DD6D24A0AFE97,SYN-202510-PD6D24A0AFE97,2025-10-02T23:13:00,2025-10-02T16:19:39,level_completed,1,0.0
2025-10,EVT-202510-C9E14E8A17C0-0008,SYN-202510-DC9E14E8A17C0,SYN-202510-PC9E14E8A17C0,2025-10-02T23:13:23,2025-10-02T22:16:23,level_completed,1,0.0
2025-10,EVT-202510-86B66C324F83-0484,SYN-202510-D86B66C324F83,SYN-202510-P86B66C324F83,2025-10-02T23:14:00,2025-10-01T23:19:16,ad_impression,0,0.0003
2025-10,EVT-202510-D6D24A0AFE97-0051,SYN-202510-DD6D24A0AFE97,SYN-202510-PD6D24A0AFE97,2025-10-02T23:14:00,2025-10-02T16:19:39,level_completed,1,0.0
2025-10,EVT-202510-D6D24A0AFE97-0064,SYN-202510-DD6D24A0AFE97,SYN-202510-PD6D24A0AFE97,2025-10-02T23:14:00,2025-10-02T16:19:39,ad_impression,0,0.0283
2025-10,EVT-202510-73CCD874A103-0005,SYN-202510-D73CCD874A103,SYN-202510-P73CCD874A103,2025-10-02T23:14:04,2025-10-02T21:58:04,level_completed,1,0.0
2025-10,EVT-202510-D6D24A0AFE97-0044,SYN-202510-DD6D24A0AFE97,SYN-202510-PD6D24A0AFE97,2025-10-02T23:15:00,2025-10-02T16:19:39,level_completed,1,0.0
2025-10,EVT-202510-D6D24A0AFE97-0049,SYN-202510-DD6D24A0AFE97,SYN-202510-PD6D24A0AFE97,2025-10-02T23:15:00,2025-10-02T16:19:39,level_completed,1,0.0
2025-10,EVT-202510-73CCD874A103-0014,SYN-202510-D73CCD874A103,SYN-202510-P73CCD874A103,2025-10-02T23:15:04,2025-10-02T21:58:04,level_completed,1,0.0
2025-10,EVT-202510-D6D24A0AFE97-0063,SYN-202510-DD6D24A0AFE97,SYN-202510-PD6D24A0AFE97,2025-10-02T23:16:00,2025-10-02T16:19:39,ad_impression,0,0.0283
2025-10,EVT-202510-B7E5E9DC05A8-0011,SYN-202510-DB7E5E9DC05A8,SYN-202510-PB7E5E9DC05A8,2025-10-02T23:16:49,2025-10-02T22:47:49,level_completed,1,0.0
2025-10,EVT-202510-DFB51072F4D6-0001,SYN-202510-DDFB51072F4D6,SYN-202510-PDFB51072F4D6,2025-10-02T23:16:51,2025-10-02T23:15:51,session_start,0,0.0
2025-10,EVT-202510-DFB51072F4D6-0002,SYN-202510-DDFB51072F4D6,SYN-202510-PDFB51072F4D6,2025-10-02T23:16:51,2025-10-02T23:15:51,session_start,0,0.0
2025-10,EVT-202510-F3B1798D0F68-0004,SYN-202510-DF3B1798D0F68,SYN-202510-PF3B1798D0F68,2025-10-02T23:16:55,2025-10-02T23:09:55,level_completed,1,0.0
2025-10,EVT-202510-0EB38C91DE0F-0012,SYN-202510-D0EB38C91DE0F,SYN-202510-P0EB38C91DE0F,2025-10-02T23:18:00,2025-10-02T17:47:49,level_completed,1,0.0
2025-10,EVT-202510-D6D24A0AFE97-0033,SYN-202510-DD6D24A0AFE97,SYN-202510-PD6D24A0AFE97,2025-10-02T23:18:00,2025-10-02T16:19:39,level_completed,1,0.0
2025-10,EVT-202510-D6D24A0AFE97-0047,SYN-202510-DD6D24A0AFE97,SYN-202510-PD6D24A0AFE97,2025-10-02T23:18:00,2025-10-02T16:19:39,level_completed,1,0.0
2025-10,EVT-202510-DEE1747D7D6B-0129,SYN-202510-DDEE1747D7D6B,SYN-202510-PDEE1747D7D6B,2025-10-02T23:18:00,2025-10-01T06:23:43,level_completed,1,0.0
2025-10,EVT-202510-73CCD874A103-0008,SYN-202510-D73CCD874A103,SYN-202510-P73CCD874A103,2025-10-02T23:18:04,2025-10-02T21:58:04,level_completed,1,0.0
2025-10,EVT-202510-73CCD874A103-0011,SYN-202510-D73CCD874A103,SYN-202510-P73CCD874A103,2025-10-02T23:18:04,2025-10-02T21:58:04,level_completed,1,0.0
2025-10,EVT-202510-0EB38C91DE0F-0006,SYN-202510-D0EB38C91DE0F,SYN-202510-P0EB38C91DE0F,2025-10-02T23:19:00,2025-10-02T17:47:49,level_completed,1,0.0
2025-10,EVT-202510-73CCD874A103-0026,SYN-202510-D73CCD874A103,SYN-202510-P73CCD874A103,2025-10-02T23:20:04,2025-10-02T21:58:04,ad_impression,0,0.0379
2025-10,EVT-202510-B7E5E9DC05A8-0025,SYN-202510-DB7E5E9DC05A8,SYN-202510-PB7E5E9DC05A8,2025-10-02T23:20:49,2025-10-02T22:47:49,ad_impression,0,0.0258
2025-10,EVT-202510-D6D24A0AFE97-0043,SYN-202510-DD6D24A0AFE97,SYN-202510-PD6D24A0AFE97,2025-10-02T23:21:00,2025-10-02T16:19:39,level_completed,1,0.0
2025-10,EVT-202510-DEE1747D7D6B-0007,SYN-202510-DDEE1747D7D6B,SYN-202510-PDEE1747D7D6B,2025-10-02T23:21:00,2025-10-01T06:23:43,session_start,0,0.0
2025-10,EVT-202510-E91894B42D09-0028,SYN-202510-DE91894B42D09,SYN-202510-PE91894B42D09,2025-10-02T23:21:00,2025-10-02T21:45:04,level_completed,1,0.0
2025-10,EVT-202510-B7E5E9DC05A8-0007,SYN-202510-DB7E5E9DC05A8,SYN-202510-PB7E5E9DC05A8,2025-10-02T23:21:49,2025-10-02T22:47:49,level_completed,1,0.0
2025-10,EVT-202510-D6D24A0AFE97-0046,SYN-202510-DD6D24A0AFE97,SYN-202510-PD6D24A0AFE97,2025-10-02T23:22:00,2025-10-02T16:19:39,level_completed,1,0.0
2025-10,EVT-202510-7BBD532C3694-0003,SYN-202510-D7BBD532C3694,SYN-202510-P7BBD532C3694,2025-10-02T23:23:00,2025-10-02T00:50:09,session_start,0,0.0
2025-10,EVT-202510-D6D24A0AFE97-0026,SYN-202510-DD6D24A0AFE97,SYN-202510-PD6D24A0AFE97,2025-10-02T23:23:00,2025-10-02T16:19:39,level_completed,1,0.0
2025-10,EVT-202510-DB557C7A9709-0002,SYN-202510-DDB557C7A9709,SYN-202510-PDB557C7A9709,2025-10-02T23:24:00,2025-10-02T17:12:46,session_start,0,0.0
2025-10,EVT-202510-0EB38C91DE0F-0008,SYN-202510-D0EB38C91DE0F,SYN-202510-P0EB38C91DE0F,2025-10-02T23:25:00,2025-10-02T17:47:49,level_completed,1,0.0
2025-10,EVT-202510-7BBD532C3694-0029,SYN-202510-D7BBD532C3694,SYN-202510-P7BBD532C3694,2025-10-02T23:25:00,2025-10-02T00:50:09,level_completed,1,0.0
2025-10,EVT-202510-DEE1747D7D6B-0083,SYN-202510-DDEE1747D7D6B,SYN-202510-PDEE1747D7D6B,2025-10-02T23:25:00,2025-10-01T06:23:43,level_completed,1,0.0
2025-10,EVT-202510-D6D24A0AFE97-0015,SYN-202510-DD6D24A0AFE97,SYN-202510-PD6D24A0AFE97,2025-10-02T23:26:00,2025-10-02T16:19:39,level_completed,1,0.0
2025-10,EVT-202510-D6D24A0AFE97-0052,SYN-202510-DD6D24A0AFE97,SYN-202510-PD6D24A0AFE97,2025-10-02T23:26:00,2025-10-02T16:19:39,ad_impression,0,0.0283
2025-10,EVT-202510-B7E5E9DC05A8-0017,SYN-202510-DB7E5E9DC05A8,SYN-202510-PB7E5E9DC05A8,2025-10-02T23:26:49,2025-10-02T22:47:49,ad_impression,0,0.0258
2025-10,EVT-202510-5797993F4B47-0001,SYN-202510-D5797993F4B47,SYN-202510-P5797993F4B47,2025-10-02T23:27:19,2025-10-02T23:26:19,session_start,0,0.0
2025-10,EVT-202510-293567C932A5-0043,SYN-202510-D293567C932A5,SYN-202510-P293567C932A5,2025-10-02T23:28:00,2025-10-02T19:23:23,level_completed,1,0.0
2025-10,EVT-202510-BD970CB83BEC-0001,SYN-202510-DBD970CB83BEC,SYN-202510-PBD970CB83BEC,2025-10-02T23:28:02,2025-10-02T23:27:02,session_start,0,0.0
2025-10,EVT-202510-BD970CB83BEC-0002,SYN-202510-DBD970CB83BEC,SYN-202510-PBD970CB83BEC,2025-10-02T23:28:02,2025-10-02T23:27:02,session_start,0,0.0
2025-10,EVT-202510-BD970CB83BEC-0003,SYN-202510-DBD970CB83BEC,SYN-202510-PBD970CB83BEC,2025-10-02T23:28:02,2025-10-02T23:27:02,session_start,0,0.0
2025-10,EVT-202510-0EB38C91DE0F-0007,SYN-202510-D0EB38C91DE0F,SYN-202510-P0EB38C91DE0F,2025-10-02T23:29:00,2025-10-02T17:47:49,level_completed,1,0.0
2025-10,EVT-202510-D6D24A0AFE97-0059,SYN-202510-DD6D24A0AFE97,SYN-202510-PD6D24A0AFE97,2025-10-02T23:29:00,2025-10-02T16:19:39,ad_impression,0,0.0283
2025-10,EVT-202510-D6D24A0AFE97-0050,SYN-202510-DD6D24A0AFE97,SYN-202510-PD6D24A0AFE97,2025-10-02T23:30:00,2025-10-02T16:19:39,level_completed,1,0.0
2025-10,EVT-202510-DEE1747D7D6B-0027,SYN-202510-DDEE1747D7D6B,SYN-202510-PDEE1747D7D6B,2025-10-02T23:30:00,2025-10-01T06:23:43,level_completed,1,0.0
2025-10,EVT-202510-DEE1747D7D6B-0161,SYN-202510-DDEE1747D7D6B,SYN-202510-PDEE1747D7D6B,2025-10-02T23:30:00,2025-10-01T06:23:43,ad_impression,0,0.0039
2025-10,EVT-202510-B7E5E9DC05A8-0005,SYN-202510-DB7E5E9DC05A8,SYN-202510-PB7E5E9DC05A8,2025-10-02T23:30:49,2025-10-02T22:47:49,level_completed,1,0.0
2025-10,EVT-202510-D6D24A0AFE97-0056,SYN-202510-DD6D24A0AFE97,SYN-202510-PD6D24A0AFE97,2025-10-02T23:31:00,2025-10-02T16:19:39,ad_impression,0,0.0283
2025-10,EVT-202510-C9E14E8A17C0-0010,SYN-202510-DC9E14E8A17C0,SYN-202510-PC9E14E8A17C0,2025-10-02T23:31:23,2025-10-02T22:16:23,level_completed,1,0.0
2025-10,EVT-202510-B7E5E9DC05A8-0008,SYN-202510-DB7E5E9DC05A8,SYN-202510-PB7E5E9DC05A8,2025-10-02T23:31:49,2025-10-02T22:47:49,level_completed,1,0.0
2025-10,EVT-202510-0EB38C91DE0F-0011,SYN-202510-D0EB38C91DE0F,SYN-202510-P0EB38C91DE0F,2025-10-02T23:32:00,2025-10-02T17:47:49,level_completed,1,0.0
2025-10,EVT-202510-DEE1747D7D6B-0153,SYN-202510-DDEE1747D7D6B,SYN-202510-PDEE1747D7D6B,2025-10-02T23:32:00,2025-10-01T06:23:43,ad_impression,0,0.0039
2025-10,EVT-202510-DEE1747D7D6B-0021,SYN-202510-DDEE1747D7D6B,SYN-202510-PDEE1747D7D6B,2025-10-02T23:33:00,2025-10-01T06:23:43,level_completed,1,0.0
2025-10,EVT-202510-D6D24A0AFE97-0042,SYN-202510-DD6D24A0AFE97,SYN-202510-PD6D24A0AFE97,2025-10-02T23:35:00,2025-10-02T16:19:39,level_completed,1,0.0
2025-10,EVT-202510-D6D24A0AFE97-0053,SYN-202510-DD6D24A0AFE97,SYN-202510-PD6D24A0AFE97,2025-10-02T23:35:00,2025-10-02T16:19:39,ad_impression,0,0.0283
2025-10,EVT-202510-D6D24A0AFE97-0041,SYN-202510-DD6D24A0AFE97,SYN-202510-PD6D24A0AFE97,2025-10-02T23:36:00,2025-10-02T16:19:39,level_completed,1,0.0
2025-10,EVT-202510-DEE1747D7D6B-0180,SYN-202510-DDEE1747D7D6B,SYN-202510-PDEE1747D7D6B,2025-10-02T23:36:00,2025-10-01T06:23:43,ad_impression,0,0.0039
2025-10,EVT-202510-BD970CB83BEC-0008,SYN-202510-DBD970CB83BEC,SYN-202510-PBD970CB83BEC,2025-10-02T23:36:02,2025-10-02T23:27:02,level_completed,1,0.0
2025-10,EVT-202510-BD970CB83BEC-0012,SYN-202510-DBD970CB83BEC,SYN-202510-PBD970CB83BEC,2025-10-02T23:36:02,2025-10-02T23:27:02,level_completed,1,0.0
2025-10,EVT-202510-D6D24A0AFE97-0055,SYN-202510-DD6D24A0AFE97,SYN-202510-PD6D24A0AFE97,2025-10-02T23:37:00,2025-10-02T16:19:39,ad_impression,0,0.0283
2025-10,EVT-202510-DEE1747D7D6B-0136,SYN-202510-DDEE1747D7D6B,SYN-202510-PDEE1747D7D6B,2025-10-02T23:37:00,2025-10-01T06:23:43,level_completed,1,0.0
2025-10,EVT-202510-7BBD532C3694-0009,SYN-202510-D7BBD532C3694,SYN-202510-P7BBD532C3694,2025-10-02T23:38:00,2025-10-02T00:50:09,level_completed,1,0.0
2025-10,EVT-202510-D6D24A0AFE97-0010,SYN-202510-DD6D24A0AFE97,SYN-202510-PD6D24A0AFE97,2025-10-02T23:39:00,2025-10-02T16:19:39,level_completed,1,0.0
2025-10,EVT-202510-B7E5E9DC05A8-0013,SYN-202510-DB7E5E9DC05A8,SYN-202510-PB7E5E9DC05A8,2025-10-02T23:39:49,2025-10-02T22:47:49,level_completed,1,0.0
2025-10,EVT-202510-B7E5E9DC05A8-0019,SYN-202510-DB7E5E9DC05A8,SYN-202510-PB7E5E9DC05A8,2025-10-02T23:39:49,2025-10-02T22:47:49,ad_impression,0,0.0258
2025-10,EVT-202510-D6D24A0AFE97-0030,SYN-202510-DD6D24A0AFE97,SYN-202510-PD6D24A0AFE97,2025-10-02T23:40:00,2025-10-02T16:19:39,level_completed,1,0.0
2025-10,EVT-202510-D6D24A0AFE97-0045,SYN-202510-DD6D24A0AFE97,SYN-202510-PD6D24A0AFE97,2025-10-02T23:40:00,2025-10-02T16:19:39,level_completed,1,0.0
2025-10,EVT-202510-DEE1747D7D6B-0050,SYN-202510-DDEE1747D7D6B,SYN-202510-PDEE1747D7D6B,2025-10-02T23:41:00,2025-10-01T06:23:43,level_completed,1,0.0
2025-10,EVT-202510-DEE1747D7D6B-0063,SYN-202510-DDEE1747D7D6B,SYN-202510-PDEE1747D7D6B,2025-10-02T23:41:00,2025-10-01T06:23:43,level_completed,1,0.0
2025-10,EVT-202510-B7E5E9DC05A8-0002,SYN-202510-DB7E5E9DC05A8,SYN-202510-PB7E5E9DC05A8,2025-10-02T23:41:49,2025-10-02T22:47:49,level_completed,1,0.0
2025-10,EVT-202510-D6D24A0AFE97-0012,SYN-202510-DD6D24A0AFE97,SYN-202510-PD6D24A0AFE97,2025-10-02T23:42:00,2025-10-02T16:19:39,level_completed,1,0.0
2025-10,EVT-202510-DEE1747D7D6B-0019,SYN-202510-DDEE1747D7D6B,SYN-202510-PDEE1747D7D6B,2025-10-02T23:42:00,2025-10-01T06:23:43,level_completed,1,0.0
2025-10,EVT-202510-5AC050DF656B-0001,SYN-202510-D5AC050DF656B,SYN-202510-P5AC050DF656B,2025-10-02T23:42:01,2025-10-02T23:41:01,session_start,0,0.0
2025-10,EVT-202510-B7E5E9DC05A8-0015,SYN-202510-DB7E5E9DC05A8,SYN-202510-PB7E5E9DC05A8,2025-10-02T23:42:49,2025-10-02T22:47:49,level_completed,1,0.0
2025-10,EVT-202510-B7E5E9DC05A8-0016,SYN-202510-DB7E5E9DC05A8,SYN-202510-PB7E5E9DC05A8,2025-10-02T23:43:49,2025-10-02T22:47:49,ad_impression,0,0.0258
2025-10,EVT-202510-5797993F4B47-0007,SYN-202510-D5797993F4B47,SYN-202510-P5797993F4B47,2025-10-02T23:44:19,2025-10-02T23:26:19,ad_impression,0,0.2791
2025-10,EVT-202510-DB557C7A9709-0008,SYN-202510-DDB557C7A9709,SYN-202510-PDB557C7A9709,2025-10-02T23:45:00,2025-10-02T17:12:46,level_completed,1,0.0
2025-10,EVT-202510-B7E5E9DC05A8-0020,SYN-202510-DB7E5E9DC05A8,SYN-202510-PB7E5E9DC05A8,2025-10-02T23:45:49,2025-10-02T22:47:49,ad_impression,0,0.0258
2025-10,EVT-202510-DEE1747D7D6B-0166,SYN-202510-DDEE1747D7D6B,SYN-202510-PDEE1747D7D6B,2025-10-02T23:46:00,2025-10-01T06:23:43,ad_impression,0,0.0039
2025-10,EVT-202510-5AC050DF656B-0009,SYN-202510-D5AC050DF656B,SYN-202510-P5AC050DF656B,2025-10-02T23:46:01,2025-10-02T23:41:01,level_completed,1,0.0
2025-10,EVT-202510-293567C932A5-0047,SYN-202510-D293567C932A5,SYN-202510-P293567C932A5,2025-10-02T23:47:00,2025-10-02T19:23:23,level_completed,1,0.0
2025-10,EVT-202510-DEE1747D7D6B-0116,SYN-202510-DDEE1747D7D6B,SYN-202510-PDEE1747D7D6B,2025-10-02T23:47:00,2025-10-01T06:23:43,level_completed,1,0.0
2025-10,EVT-202510-BD970CB83BEC-0027,SYN-202510-DBD970CB83BEC,SYN-202510-PBD970CB83BEC,2025-10-02T23:47:02,2025-10-02T23:27:02,ad_impression,0,0.0015
2025-10,EVT-202510-0EB38C91DE0F-0005,SYN-202510-D0EB38C91DE0F,SYN-202510-P0EB38C91DE0F,2025-10-02T23:48:00,2025-10-02T17:47:49,level_completed,1,0.0
2025-10,EVT-202510-F3B1798D0F68-0005,SYN-202510-DF3B1798D0F68,SYN-202510-PF3B1798D0F68,2025-10-02T23:48:55,2025-10-02T23:09:55,level_completed,1,0.0
2025-10,EVT-202510-D6D24A0AFE97-0040,SYN-202510-DD6D24A0AFE97,SYN-202510-PD6D24A0AFE97,2025-10-02T23:49:00,2025-10-02T16:19:39,level_completed,1,0.0
2025-10,EVT-202510-D6D24A0AFE97-0032,SYN-202510-DD6D24A0AFE97,SYN-202510-PD6D24A0AFE97,2025-10-02T23:50:00,2025-10-02T16:19:39,level_completed,1,0.0
2025-10,EVT-202510-D6D24A0AFE97-0058,SYN-202510-DD6D24A0AFE97,SYN-202510-PD6D24A0AFE97,2025-10-02T23:50:00,2025-10-02T16:19:39,ad_impression,0,0.0283
2025-10,EVT-202510-DEE1747D7D6B-0031,SYN-202510-DDEE1747D7D6B,SYN-202510-PDEE1747D7D6B,2025-10-02T23:50:00,2025-10-01T06:23:43,level_completed,1,0.0
2025-10,EVT-202510-B7E5E9DC05A8-0004,SYN-202510-DB7E5E9DC05A8,SYN-202510-PB7E5E9DC05A8,2025-10-02T23:50:49,2025-10-02T22:47:49,level_completed,1,0.0
2025-10,EVT-202510-D6D24A0AFE97-0008,SYN-202510-DD6D24A0AFE97,SYN-202510-PD6D24A0AFE97,2025-10-02T23:51:00,2025-10-02T16:19:39,level_completed,1,0.0
2025-10,EVT-202510-DEE1747D7D6B-0072,SYN-202510-DDEE1747D7D6B,SYN-202510-PDEE1747D7D6B,2025-10-02T23:51:00,2025-10-01T06:23:43,level_completed,1,0.0
2025-10,EVT-202510-D6D24A0AFE97-0004,SYN-202510-DD6D24A0AFE97,SYN-202510-PD6D24A0AFE97,2025-10-02T23:52:00,2025-10-02T16:19:39,level_completed,1,0.0
2025-10,EVT-202510-D6D24A0AFE97-0005,SYN-202510-DD6D24A0AFE97,SYN-202510-PD6D24A0AFE97,2025-10-02T23:52:00,2025-10-02T16:19:39,level_completed,1,0.0
2025-10,EVT-202510-D6D24A0AFE97-0023,SYN-202510-DD6D24A0AFE97,SYN-202510-PD6D24A0AFE97,2025-10-02T23:52:00,2025-10-02T16:19:39,level_completed,1,0.0
2025-10,EVT-202510-293567C932A5-0012,SYN-202510-D293567C932A5,SYN-202510-P293567C932A5,2025-10-02T23:53:00,2025-10-02T19:23:23,session_start,0,0.0
2025-10,EVT-202510-5797993F4B47-0004,SYN-202510-D5797993F4B47,SYN-202510-P5797993F4B47,2025-10-02T23:53:19,2025-10-02T23:26:19,level_completed,1,0.0
2025-10,EVT-202510-5797993F4B47-0006,SYN-202510-D5797993F4B47,SYN-202510-P5797993F4B47,2025-10-02T23:53:19,2025-10-02T23:26:19,level_completed,1,0.0
2025-10,EVT-202510-5D76614FC056-0012,SYN-202510-D5D76614FC056,SYN-202510-P5D76614FC056,2025-10-02T23:54:00,2025-10-01T12:48:40,session_start,0,0.0
2025-10,EVT-202510-7BBD532C3694-0018,SYN-202510-D7BBD532C3694,SYN-202510-P7BBD532C3694,2025-10-02T23:54:00,2025-10-02T00:50:09,level_completed,1,0.0
2025-10,EVT-202510-DEE1747D7D6B-0076,SYN-202510-DDEE1747D7D6B,SYN-202510-PDEE1747D7D6B,2025-10-02T23:54:00,2025-10-01T06:23:43,level_completed,1,0.0
2025-10,EVT-202510-DEE1747D7D6B-0079,SYN-202510-DDEE1747D7D6B,SYN-202510-PDEE1747D7D6B,2025-10-02T23:54:00,2025-10-01T06:23:43,level_completed,1,0.0
2025-10,EVT-202510-DEE1747D7D6B-0112,SYN-202510-DDEE1747D7D6B,SYN-202510-PDEE1747D7D6B,2025-10-02T23:54:00,2025-10-01T06:23:43,level_completed,1,0.0
2025-10,EVT-202510-BD970CB83BEC-0014,SYN-202510-DBD970CB83BEC,SYN-202510-PBD970CB83BEC,2025-10-02T23:54:02,2025-10-02T23:27:02,level_completed,1,0.0
2025-10,EVT-202510-DEE1747D7D6B-0030,SYN-202510-DDEE1747D7D6B,SYN-202510-PDEE1747D7D6B,2025-10-02T23:55:00,2025-10-01T06:23:43,level_completed,1,0.0
2025-10,EVT-202510-DEE1747D7D6B-0188,SYN-202510-DDEE1747D7D6B,SYN-202510-PDEE1747D7D6B,2025-10-02T23:55:00,2025-10-01T06:23:43,ad_impression,0,0.0039
2025-10,EVT-202510-D6D24A0AFE97-0038,SYN-202510-DD6D24A0AFE97,SYN-202510-PD6D24A0AFE97,2025-10-02T23:56:00,2025-10-02T16:19:39,level_completed,1,0.0
2025-10,EVT-202510-D6D24A0AFE97-0057,SYN-202510-DD6D24A0AFE97,SYN-202510-PD6D24A0AFE97,2025-10-02T23:56:00,2025-10-02T16:19:39,ad_impression,0,0.0283
2025-10,EVT-202510-DEE1747D7D6B-0175,SYN-202510-DDEE1747D7D6B,SYN-202510-PDEE1747D7D6B,2025-10-02T23:56:00,2025-10-01T06:23:43,ad_impression,0,0.0039
2025-10,EVT-202510-D6D24A0AFE97-0027,SYN-202510-DD6D24A0AFE97,SYN-202510-PD6D24A0AFE97,2025-10-02T23:57:00,2025-10-02T16:19:39,level_completed,1,0.0
2025-10,EVT-202510-D6D24A0AFE97-0028,SYN-202510-DD6D24A0AFE97,SYN-202510-PD6D24A0AFE97,2025-10-02T23:57:00,2025-10-02T16:19:39,level_completed,1,0.0
2025-10,EVT-202510-BD970CB83BEC-0031,SYN-202510-DBD970CB83BEC,SYN-202510-PBD970CB83BEC,2025-10-02T23:57:02,2025-10-02T23:27:02,ad_impression,0,0.0015
2025-10,EVT-202510-B7E5E9DC05A8-0022,SYN-202510-DB7E5E9DC05A8,SYN-202510-PB7E5E9DC05A8,2025-10-02T23:57:49,2025-10-02T22:47:49,ad_impression,0,0.0258
2025-10,EVT-202510-5D76614FC056-0142,SYN-202510-D5D76614FC056,SYN-202510-P5D76614FC056,2025-10-02T23:58:00,2025-10-01T12:48:40,ad_impression,0,0.0007
2025-10,EVT-202510-5AC050DF656B-0007,SYN-202510-D5AC050DF656B,SYN-202510-P5AC050DF656B,2025-10-02T23:58:01,2025-10-02T23:41:01,level_completed,1,0.0
2025-10,EVT-202510-F3B1798D0F68-0003,SYN-202510-DF3B1798D0F68,SYN-202510-PF3B1798D0F68,2025-10-02T23:58:55,2025-10-02T23:09:55,level_completed,1,0.0
2025-10,EVT-202510-D6D24A0AFE97-0021,SYN-202510-DD6D24A0AFE97,SYN-202510-PD6D24A0AFE97,2025-10-02T23:59:00,2025-10-02T16:19:39,level_completed,1,0.0
2025-10,EVT-202510-D6D24A0AFE97-0048,SYN-202510-DD6D24A0AFE97,SYN-202510-PD6D24A0AFE97,2025-10-02T23:59:00,2025-10-02T16:19:39,level_completed,1,0.0
2025-10,EVT-202510-D6D24A0AFE97-0062,SYN-202510-DD6D24A0AFE97,SYN-202510-PD6D24A0AFE97,2025-10-02T23:59:00,2025-10-02T16:19:39,ad_impression,0,0.0283
2025-10,EVT-202510-5D76614FC056-0122,SYN-202510-D5D76614FC056,SYN-202510-P5D76614FC056,2025-10-03T00:00:00,2025-10-01T12:48:40,ad_impression,0,0.0007
2025-10,EVT-202510-DEE1747D7D6B-0125,SYN-202510-DDEE1747D7D6B,SYN-202510-PDEE1747D7D6B,2025-10-03T00:00:00,2025-10-01T06:23:43,level_completed,1,0.0
2025-10,EVT-202510-7BBD532C3694-0007,SYN-202510-D7BBD532C3694,SYN-202510-P7BBD532C3694,2025-10-03T00:01:00,2025-10-02T00:50:09,level_completed,1,0.0
2025-10,EVT-202510-DEE1747D7D6B-0028,SYN-202510-DDEE1747D7D6B,SYN-202510-PDEE1747D7D6B,2025-10-03T00:01:00,2025-10-01T06:23:43,level_completed,1,0.0
2025-10,EVT-202510-BD970CB83BEC-0032,SYN-202510-DBD970CB83BEC,SYN-202510-PBD970CB83BEC,2025-10-03T00:01:02,2025-10-02T23:27:02,ad_impression,0,0.0015
2025-10,EVT-202510-F3B1798D0F68-0006,SYN-202510-DF3B1798D0F68,SYN-202510-PF3B1798D0F68,2025-10-03T00:01:55,2025-10-02T23:09:55,level_completed,1,0.0
2025-10,EVT-202510-5AC050DF656B-0008,SYN-202510-D5AC050DF656B,SYN-202510-P5AC050DF656B,2025-10-03T00:02:01,2025-10-02T23:41:01,level_completed,1,0.0
2025-10,EVT-202510-D6D24A0AFE97-0011,SYN-202510-DD6D24A0AFE97,SYN-202510-PD6D24A0AFE97,2025-10-03T00:03:00,2025-10-02T16:19:39,level_completed,1,0.0
2025-10,EVT-202510-D6D24A0AFE97-0016,SYN-202510-DD6D24A0AFE97,SYN-202510-PD6D24A0AFE97,2025-10-03T00:03:00,2025-10-02T16:19:39,level_completed,1,0.0
2025-10,EVT-202510-D6D24A0AFE97-0025,SYN-202510-DD6D24A0AFE97,SYN-202510-PD6D24A0AFE97,2025-10-03T00:03:00,2025-10-02T16:19:39,level_completed,1,0.0
2025-10,EVT-202510-D6D24A0AFE97-0037,SYN-202510-DD6D24A0AFE97,SYN-202510-PD6D24A0AFE97,2025-10-03T00:03:00,2025-10-02T16:19:39,level_completed,1,0.0
2025-10,EVT-202510-DEE1747D7D6B-0162,SYN-202510-DDEE1747D7D6B,SYN-202510-PDEE1747D7D6B,2025-10-03T00:03:00,2025-10-01T06:23:43,ad_impression,0,0.0039
2025-10,EVT-202510-5AC050DF656B-0004,SYN-202510-D5AC050DF656B,SYN-202510-P5AC050DF656B,2025-10-03T00:03:01,2025-10-02T23:41:01,level_completed,1,0.0
2025-10,EVT-202510-BD970CB83BEC-0025,SYN-202510-DBD970CB83BEC,SYN-202510-PBD970CB83BEC,2025-10-03T00:03:02,2025-10-02T23:27:02,level_completed,1,0.0
2025-10,EVT-202510-B7E5E9DC05A8-0009,SYN-202510-DB7E5E9DC05A8,SYN-202510-PB7E5E9DC05A8,2025-10-03T00:03:49,2025-10-02T22:47:49,level_completed,1,0.0
2025-10,EVT-202510-7BBD532C3694-0017,SYN-202510-D7BBD532C3694,SYN-202510-P7BBD532C3694,2025-10-03T00:04:00,2025-10-02T00:50:09,level_completed,1,0.0
2025-10,EVT-202510-D6D24A0AFE97-0054,SYN-202510-DD6D24A0AFE97,SYN-202510-PD6D24A0AFE97,2025-10-03T00:04:00,2025-10-02T16:19:39,ad_impression,0,0.0283
2025-10,EVT-202510-DB557C7A9709-0011,SYN-202510-DDB557C7A9709,SYN-202510-PDB557C7A9709,2025-10-03T00:04:00,2025-10-02T17:12:46,level_completed,1,0.0
2025-10,EVT-202510-0EB38C91DE0F-0003,SYN-202510-D0EB38C91DE0F,SYN-202510-P0EB38C91DE0F,2025-10-03T00:05:00,2025-10-02T17:47:49,level_completed,1,0.0
2025-10,EVT-202510-5D76614FC056-0104,SYN-202510-D5D76614FC056,SYN-202510-P5D76614FC056,2025-10-03T00:05:00,2025-10-01T12:48:40,level_completed,1,0.0
2025-10,EVT-202510-D6D24A0AFE97-0006,SYN-202510-DD6D24A0AFE97,SYN-202510-PD6D24A0AFE97,2025-10-03T00:06:00,2025-10-02T16:19:39,level_completed,1,0.0
2025-10,EVT-202510-D6D24A0AFE97-0035,SYN-202510-DD6D24A0AFE97,SYN-202510-PD6D24A0AFE97,2025-10-03T00:06:00,2025-10-02T16:19:39,level_completed,1,0.0
2025-10,EVT-202510-DFB51072F4D6-0006,SYN-202510-DDFB51072F4D6,SYN-202510-PDFB51072F4D6,2025-10-03T00:06:51,2025-10-02T23:15:51,level_completed,1,0.0
2025-10,EVT-202510-D6D24A0AFE97-0017,SYN-202510-DD6D24A0AFE97,SYN-202510-PD6D24A0AFE97,2025-10-03T00:08:00,2025-10-02T16:19:39,level_completed,1,0.0
2025-10,EVT-202510-B7E5E9DC05A8-0018,SYN-202510-DB7E5E9DC05A8,SYN-202510-PB7E5E9DC05A8,2025-10-03T00:08:49,2025-10-02T22:47:49,ad_impression,0,0.0258
2025-10,EVT-202510-96F6A1B4BE7B-0005,SYN-202510-D96F6A1B4BE7B,SYN-202510-P96F6A1B4BE7B,2025-10-03T00:09:00,2025-10-02T07:27:04,session_start,0,0.0
2025-10,EVT-202510-B7E5E9DC05A8-0024,SYN-202510-DB7E5E9DC05A8,SYN-202510-PB7E5E9DC05A8,2025-10-03T00:09:49,2025-10-02T22:47:49,ad_impression,0,0.0258
2025-10,EVT-202510-D6D24A0AFE97-0002,SYN-202510-DD6D24A0AFE97,SYN-202510-PD6D24A0AFE97,2025-10-03T00:10:00,2025-10-02T16:19:39,level_completed,1,0.0
2025-10,EVT-202510-BD970CB83BEC-0017,SYN-202510-DBD970CB83BEC,SYN-202510-PBD970CB83BEC,2025-10-03T00:10:02,2025-10-02T23:27:02,level_completed,1,0.0
2025-10,EVT-202510-F3B1798D0F68-0002,SYN-202510-DF3B1798D0F68,SYN-202510-PF3B1798D0F68,2025-10-03T00:10:55,2025-10-02T23:09:55,level_completed,1,0.0
2025-10,EVT-202510-D6D24A0AFE97-0060,SYN-202510-DD6D24A0AFE97,SYN-202510-PD6D24A0AFE97,2025-10-03T00:11:00,2025-10-02T16:19:39,ad_impression,0,0.0283
2025-10,EVT-202510-5D76614FC056-0207,SYN-202510-D5D76614FC056,SYN-202510-P5D76614FC056,2025-10-03T00:12:00,2025-10-01T12:48:40,ad_impression,0,0.0007
2025-10,EVT-202510-7BBD532C3694-0023,SYN-202510-D7BBD532C3694,SYN-202510-P7BBD532C3694,2025-10-03T00:12:00,2025-10-02T00:50:09,level_completed,1,0.0
2025-10,EVT-202510-D6D24A0AFE97-0036,SYN-202510-DD6D24A0AFE97,SYN-202510-PD6D24A0AFE97,2025-10-03T00:13:00,2025-10-02T16:19:39,level_completed,1,0.0
2025-10,EVT-202510-D6D24A0AFE97-0029,SYN-202510-DD6D24A0AFE97,SYN-202510-PD6D24A0AFE97,2025-10-03T00:14:00,2025-10-02T16:19:39,level_completed,1,0.0
2025-10,EVT-202510-B7E5E9DC05A8-0023,SYN-202510-DB7E5E9DC05A8,SYN-202510-PB7E5E9DC05A8,2025-10-03T00:14:49,2025-10-02T22:47:49,ad_impression,0,0.0258
2025-10,EVT-202510-B7E5E9DC05A8-0026,SYN-202510-DB7E5E9DC05A8,SYN-202510-PB7E5E9DC05A8,2025-10-03T00:14:49,2025-10-02T22:47:49,ad_impression,0,0.0258
2025-10,EVT-202510-7BBD532C3694-0047,SYN-202510-D7BBD532C3694,SYN-202510-P7BBD532C3694,2025-10-03T00:15:00,2025-10-02T00:50:09,ad_impression,0,0.0154
2025-10,EVT-202510-B7E5E9DC05A8-0021,SYN-202510-DB7E5E9DC05A8,SYN-202510-PB7E5E9DC05A8,2025-10-03T00:15:49,2025-10-02T22:47:49,ad_impression,0,0.0258
2025-10,EVT-202510-D6D24A0AFE97-0013,SYN-202510-DD6D24A0AFE97,SYN-202510-PD6D24A0AFE97,2025-10-03T00:16:00,2025-10-02T16:19:39,level_completed,1,0.0
2025-10,EVT-202510-D6D24A0AFE97-0018,SYN-202510-DD6D24A0AFE97,SYN-202510-PD6D24A0AFE97,2025-10-03T00:17:00,2025-10-02T16:19:39,level_completed,1,0.0
2025-10,EVT-202510-5AC050DF656B-0006,SYN-202510-D5AC050DF656B,SYN-202510-P5AC050DF656B,2025-10-03T00:17:01,2025-10-02T23:41:01,level_completed,1,0.0
2025-10,EVT-202510-96F6A1B4BE7B-0027,SYN-202510-D96F6A1B4BE7B,SYN-202510-P96F6A1B4BE7B,2025-10-03T00:19:00,2025-10-02T07:27:04,level_completed,1,0.0
2025-10,EVT-202510-DB557C7A9709-0007,SYN-202510-DDB557C7A9709,SYN-202510-PDB557C7A9709,2025-10-03T00:19:00,2025-10-02T17:12:46,level_completed,1,0.0
2025-10,EVT-202510-BD970CB83BEC-0009,SYN-202510-DBD970CB83BEC,SYN-202510-PBD970CB83BEC,2025-10-03T00:20:02,2025-10-02T23:27:02,level_completed,1,0.0
2025-10,EVT-202510-DEE1747D7D6B-0038,SYN-202510-DDEE1747D7D6B,SYN-202510-PDEE1747D7D6B,2025-10-03T00:21:00,2025-10-01T06:23:43,level_completed,1,0.0
2025-10,EVT-202510-DEE1747D7D6B-0174,SYN-202510-DDEE1747D7D6B,SYN-202510-PDEE1747D7D6B,2025-10-03T00:21:00,2025-10-01T06:23:43,ad_impression,0,0.0039
2025-10,EVT-202510-293567C932A5-0054,SYN-202510-D293567C932A5,SYN-202510-P293567C932A5,2025-10-03T00:22:00,2025-10-02T19:23:23,level_completed,1,0.0
2025-10,EVT-202510-BD970CB83BEC-0028,SYN-202510-DBD970CB83BEC,SYN-202510-PBD970CB83BEC,2025-10-03T00:22:02,2025-10-02T23:27:02,ad_impression,0,0.0015
2025-10,EVT-202510-5797993F4B47-0003,SYN-202510-D5797993F4B47,SYN-202510-P5797993F4B47,2025-10-03T00:22:19,2025-10-02T23:26:19,level_completed,1,0.0
2025-10,EVT-202510-DFB51072F4D6-0005,SYN-202510-DDFB51072F4D6,SYN-202510-PDFB51072F4D6,2025-10-03T00:22:51,2025-10-02T23:15:51,level_completed,1,0.0
2025-10,EVT-202510-5D76614FC056-0021,SYN-202510-D5D76614FC056,SYN-202510-P5D76614FC056,2025-10-03T00:23:00,2025-10-01T12:48:40,level_completed,1,0.0
2025-10,EVT-202510-86B66C324F83-0014,SYN-202510-D86B66C324F83,SYN-202510-P86B66C324F83,2025-10-03T00:23:00,2025-10-01T23:19:16,session_start,0,0.0
2025-10,EVT-202510-5797993F4B47-0002,SYN-202510-D5797993F4B47,SYN-202510-P5797993F4B47,2025-10-03T00:23:19,2025-10-02T23:26:19,level_completed,1,0.0
2025-10,EVT-202510-5D76614FC056-0106,SYN-202510-D5D76614FC056,SYN-202510-P5D76614FC056,2025-10-03T00:24:00,2025-10-01T12:48:40,level_completed,1,0.0
2025-10,EVT-202510-DFB51072F4D6-0008,SYN-202510-DDFB51072F4D6,SYN-202510-PDFB51072F4D6,2025-10-03T00:24:51,2025-10-02T23:15:51,level_completed,1,0.0
2025-10,EVT-202510-7BBD532C3694-0048,SYN-202510-D7BBD532C3694,SYN-202510-P7BBD532C3694,2025-10-03T00:26:00,2025-10-02T00:50:09,ad_impression,0,0.0154
2025-10,EVT-202510-DEE1747D7D6B-0111,SYN-202510-DDEE1747D7D6B,SYN-202510-PDEE1747D7D6B,2025-10-03T00:27:00,2025-10-01T06:23:43,level_completed,1,0.0
2025-10,EVT-202510-BD970CB83BEC-0024,SYN-202510-DBD970CB83BEC,SYN-202510-PBD970CB83BEC,2025-10-03T00:27:02,2025-10-02T23:27:02,level_completed,1,0.0
2025-10,EVT-202510-5D76614FC056-0155,SYN-202510-D5D76614FC056,SYN-202510-P5D76614FC056,2025-10-03T00:28:00,2025-10-01T12:48:40,ad_impression,0,0.0007
2025-10,EVT-202510-5D76614FC056-0199,SYN-202510-D5D76614FC056,SYN-202510-P5D76614FC056,2025-10-03T00:28:00,2025-10-01T12:48:40,ad_impression,0,0.0007
2025-10,EVT-202510-96F6A1B4BE7B-0029,SYN-202510-D96F6A1B4BE7B,SYN-202510-P96F6A1B4BE7B,2025-10-03T00:28:00,2025-10-02T07:27:04,level_completed,1,0.0
2025-10,EVT-202510-D6D24A0AFE97-0061,SYN-202510-DD6D24A0AFE97,SYN-202510-PD6D24A0AFE97,2025-10-03T00:28:00,2025-10-02T16:19:39,ad_impression,0,0.0283
2025-10,EVT-202510-DB557C7A9709-0006,SYN-202510-DDB557C7A9709,SYN-202510-PDB557C7A9709,2025-10-03T00:28:00,2025-10-02T17:12:46,level_completed,1,0.0
2025-10,EVT-202510-7BBD532C3694-0016,SYN-202510-D7BBD532C3694,SYN-202510-P7BBD532C3694,2025-10-03T00:29:00,2025-10-02T00:50:09,level_completed,1,0.0
2025-10,EVT-202510-DEE1747D7D6B-0123,SYN-202510-DDEE1747D7D6B,SYN-202510-PDEE1747D7D6B,2025-10-03T00:30:00,2025-10-01T06:23:43,level_completed,1,0.0
2025-10,EVT-202510-96F6A1B4BE7B-0047,SYN-202510-D96F6A1B4BE7B,SYN-202510-P96F6A1B4BE7B,2025-10-03T00:31:00,2025-10-02T07:27:04,ad_impression,0,0.0043
2025-10,EVT-202510-BD970CB83BEC-0020,SYN-202510-DBD970CB83BEC,SYN-202510-PBD970CB83BEC,2025-10-03T00:31:02,2025-10-02T23:27:02,level_completed,1,0.0
2025-10,EVT-202510-DEE1747D7D6B-0183,SYN-202510-DDEE1747D7D6B,SYN-202510-PDEE1747D7D6B,2025-10-03T00:32:00,2025-10-01T06:23:43,ad_impression,0,0.0039
2025-10,EVT-202510-DB557C7A9709-0009,SYN-202510-DDB557C7A9709,SYN-202510-PDB557C7A9709,2025-10-03T00:33:00,2025-10-02T17:12:46,level_completed,1,0.0
2025-10,EVT-202510-5797993F4B47-0005,SYN-202510-D5797993F4B47,SYN-202510-P5797993F4B47,2025-10-03T00:35:19,2025-10-02T23:26:19,level_completed,1,0.0
2025-10,EVT-202510-5D76614FC056-0099,SYN-202510-D5D76614FC056,SYN-202510-P5D76614FC056,2025-10-03T00:37:00,2025-10-01T12:48:40,level_completed,1,0.0
2025-10,EVT-202510-DEE1747D7D6B-0044,SYN-202510-DDEE1747D7D6B,SYN-202510-PDEE1747D7D6B,2025-10-03T00:37:00,2025-10-01T06:23:43,level_completed,1,0.0
2025-10,EVT-202510-86B66C324F83-0317,SYN-202510-D86B66C324F83,SYN-202510-P86B66C324F83,2025-10-03T00:38:00,2025-10-01T23:19:16,level_completed,1,0.0
2025-10,EVT-202510-86B66C324F83-0388,SYN-202510-D86B66C324F83,SYN-202510-P86B66C324F83,2025-10-03T00:38:00,2025-10-01T23:19:16,ad_impression,0,0.0003
2025-10,EVT-202510-5AC050DF656B-0005,SYN-202510-D5AC050DF656B,SYN-202510-P5AC050DF656B,2025-10-03T00:39:01,2025-10-02T23:41:01,level_completed,1,0.0
2025-10,EVT-202510-96F6A1B4BE7B-0046,SYN-202510-D96F6A1B4BE7B,SYN-202510-P96F6A1B4BE7B,2025-10-03T00:40:00,2025-10-02T07:27:04,level_completed,1,0.0
2025-10,EVT-202510-5AC050DF656B-0003,SYN-202510-D5AC050DF656B,SYN-202510-P5AC050DF656B,2025-10-03T00:40:01,2025-10-02T23:41:01,level_completed,1,0.0
2025-10,EVT-202510-86B66C324F83-0353,SYN-202510-D86B66C324F83,SYN-202510-P86B66C324F83,2025-10-03T00:41:00,2025-10-01T23:19:16,ad_impression,0,0.0003
2025-10,EVT-202510-5AC050DF656B-0002,SYN-202510-D5AC050DF656B,SYN-202510-P5AC050DF656B,2025-10-03T00:41:01,2025-10-02T23:41:01,level_completed,1,0.0
2025-10,EVT-202510-7BBD532C3694-0049,SYN-202510-D7BBD532C3694,SYN-202510-P7BBD532C3694,2025-10-03T00:43:00,2025-10-02T00:50:09,ad_impression,0,0.0154
2025-10,EVT-202510-DEE1747D7D6B-0187,SYN-202510-DDEE1747D7D6B,SYN-202510-PDEE1747D7D6B,2025-10-03T00:44:00,2025-10-01T06:23:43,ad_impression,0,0.0039
2025-10,EVT-202510-86B66C324F83-0272,SYN-202510-D86B66C324F83,SYN-202510-P86B66C324F83,2025-10-03T00:46:00,2025-10-01T23:19:16,level_completed,1,0.0
2025-10,EVT-202510-86B66C324F83-0321,SYN-202510-D86B66C324F83,SYN-202510-P86B66C324F83,2025-10-03T00:47:00,2025-10-01T23:19:16,level_completed,1,0.0
2025-10,EVT-202510-DEE1747D7D6B-0168,SYN-202510-DDEE1747D7D6B,SYN-202510-PDEE1747D7D6B,2025-10-03T00:47:00,2025-10-01T06:23:43,ad_impression,0,0.0039
2025-10,EVT-202510-86B66C324F83-0064,SYN-202510-D86B66C324F83,SYN-202510-P86B66C324F83,2025-10-03T00:48:00,2025-10-01T23:19:16,level_completed,1,0.0
2025-10,EVT-202510-BD970CB83BEC-0021,SYN-202510-DBD970CB83BEC,SYN-202510-PBD970CB83BEC,2025-10-03T00:48:02,2025-10-02T23:27:02,level_completed,1,0.0
2025-10,EVT-202510-5D76614FC056-0041,SYN-202510-D5D76614FC056,SYN-202510-P5D76614FC056,2025-10-03T00:49:00,2025-10-01T12:48:40,level_completed,1,0.0
2025-10,EVT-202510-86B66C324F83-0197,SYN-202510-D86B66C324F83,SYN-202510-P86B66C324F83,2025-10-03T00:51:00,2025-10-01T23:19:16,level_completed,1,0.0
2025-10,EVT-202510-5D76614FC056-0147,SYN-202510-D5D76614FC056,SYN-202510-P5D76614FC056,2025-10-03T00:52:00,2025-10-01T12:48:40,ad_impression,0,0.0007
2025-10,EVT-202510-86B66C324F83-0380,SYN-202510-D86B66C324F83,SYN-202510-P86B66C324F83,2025-10-03T00:53:00,2025-10-01T23:19:16,ad_impression,0,0.0003
2025-10,EVT-202510-5D76614FC056-0119,SYN-202510-D5D76614FC056,SYN-202510-P5D76614FC056,2025-10-03T00:55:00,2025-10-01T12:48:40,ad_impression,0,0.0007
2025-10,EVT-202510-86B66C324F83-0076,SYN-202510-D86B66C324F83,SYN-202510-P86B66C324F83,2025-10-03T00:56:00,2025-10-01T23:19:16,level_completed,1,0.0
2025-10,EVT-202510-86B66C324F83-0411,SYN-202510-D86B66C324F83,SYN-202510-P86B66C324F83,2025-10-03T00:56:00,2025-10-01T23:19:16,ad_impression,0,0.0003
2025-10,EVT-202510-86B66C324F83-0566,SYN-202510-D86B66C324F83,SYN-202510-P86B66C324F83,2025-10-03T00:57:00,2025-10-01T23:19:16,ad_impression,0,0.0003
2025-10,EVT-202510-BD970CB83BEC-0030,SYN-202510-DBD970CB83BEC,SYN-202510-PBD970CB83BEC,2025-10-03T00:57:02,2025-10-02T23:27:02,ad_impression,0,0.0015
2025-10,EVT-202510-293567C932A5-0055,SYN-202510-D293567C932A5,SYN-202510-P293567C932A5,2025-10-03T01:00:00,2025-10-02T19:23:23,level_completed,1,0.0
2025-10,EVT-202510-5D76614FC056-0141,SYN-202510-D5D76614FC056,SYN-202510-P5D76614FC056,2025-10-03T01:00:00,2025-10-01T12:48:40,ad_impression,0,0.0007
2025-10,EVT-202510-5D76614FC056-0187,SYN-202510-D5D76614FC056,SYN-202510-P5D76614FC056,2025-10-03T01:00:00,2025-10-01T12:48:40,ad_impression,0,0.0007
2025-10,EVT-202510-86B66C324F83-0256,SYN-202510-D86B66C324F83,SYN-202510-P86B66C324F83,2025-10-03T01:01:00,2025-10-01T23:19:16,level_completed,1,0.0
2025-10,EVT-202510-86B66C324F83-0262,SYN-202510-D86B66C324F83,SYN-202510-P86B66C324F83,2025-10-03T01:04:00,2025-10-01T23:19:16,level_completed,1,0.0
2025-10,EVT-202510-86B66C324F83-0039,SYN-202510-D86B66C324F83,SYN-202510-P86B66C324F83,2025-10-03T01:06:00,2025-10-01T23:19:16,level_completed,1,0.0
2025-10,EVT-202510-86B66C324F83-0047,SYN-202510-D86B66C324F83,SYN-202510-P86B66C324F83,2025-10-03T01:10:00,2025-10-01T23:19:16,level_completed,1,0.0
2025-10,EVT-202510-1A0D2DA7D987-0001,SYN-202510-D1A0D2DA7D987,SYN-202510-P1A0D2DA7D987,2025-10-03T01:12:03,2025-10-03T01:11:03,session_start,0,0.0
2025-10,EVT-202510-86B66C324F83-0058,SYN-202510-D86B66C324F83,SYN-202510-P86B66C324F83,2025-10-03T01:14:00,2025-10-01T23:19:16,level_completed,1,0.0
2025-10,EVT-202510-5D76614FC056-0150,SYN-202510-D5D76614FC056,SYN-202510-P5D76614FC056,2025-10-03T01:17:00,2025-10-01T12:48:40,ad_impression,0,0.0007
2025-10,EVT-202510-96F6A1B4BE7B-0017,SYN-202510-D96F6A1B4BE7B,SYN-202510-P96F6A1B4BE7B,2025-10-03T01:17:00,2025-10-02T07:27:04,level_completed,1,0.0
2025-10,EVT-202510-86B66C324F83-0595,SYN-202510-D86B66C324F83,SYN-202510-P86B66C324F83,2025-10-03T01:19:00,2025-10-01T23:19:16,ad_impression,0,0.0003
2025-10,EVT-202510-293567C932A5-0068,SYN-202510-D293567C932A5,SYN-202510-P293567C932A5,2025-10-03T01:20:00,2025-10-02T19:23:23,ad_impression,0,0.003
2025-10,EVT-202510-86B66C324F83-0429,SYN-202510-D86B66C324F83,SYN-202510-P86B66C324F83,2025-10-03T01:22:00,2025-10-01T23:19:16,ad_impression,0,0.0003
2025-10,EVT-202510-86B66C324F83-0456,SYN-202510-D86B66C324F83,SYN-202510-P86B66C324F83,2025-10-03T01:22:00,2025-10-01T23:19:16,ad_impression,0,0.0003
2025-10,EVT-202510-96F6A1B4BE7B-0038,SYN-202510-D96F6A1B4BE7B,SYN-202510-P96F6A1B4BE7B,2025-10-03T01:22:00,2025-10-02T07:27:04,level_completed,1,0.0
2025-10,EVT-202510-96F6A1B4BE7B-0060,SYN-202510-D96F6A1B4BE7B,SYN-202510-P96F6A1B4BE7B,2025-10-03T01:22:00,2025-10-02T07:27:04,ad_impression,0,0.0043
2025-10,EVT-202510-5D76614FC056-0137,SYN-202510-D5D76614FC056,SYN-202510-P5D76614FC056,2025-10-03T01:23:00,2025-10-01T12:48:40,ad_impression,0,0.0007
2025-10,EVT-202510-1A0D2DA7D987-0002,SYN-202510-D1A0D2DA7D987,SYN-202510-P1A0D2DA7D987,2025-10-03T01:24:00,2025-10-03T01:11:03,session_start,0,0.0
2025-10,EVT-202510-86B66C324F83-0204,SYN-202510-D86B66C324F83,SYN-202510-P86B66C324F83,2025-10-03T01:25:00,2025-10-01T23:19:16,level_completed,1,0.0
2025-10,EVT-202510-86B66C324F83-0147,SYN-202510-D86B66C324F83,SYN-202510-P86B66C324F83,2025-10-03T01:27:00,2025-10-01T23:19:16,level_completed,1,0.0
2025-10,EVT-202510-86B66C324F83-0245,SYN-202510-D86B66C324F83,SYN-202510-P86B66C324F83,2025-10-03T01:28:00,2025-10-01T23:19:16,level_completed,1,0.0
2025-10,EVT-202510-86B66C324F83-0108,SYN-202510-D86B66C324F83,SYN-202510-P86B66C324F83,2025-10-03T01:32:00,2025-10-01T23:19:16,level_completed,1,0.0
2025-10,EVT-202510-86B66C324F83-0551,SYN-202510-D86B66C324F83,SYN-202510-P86B66C324F83,2025-10-03T01:36:00,2025-10-01T23:19:16,ad_impression,0,0.0003
2025-10,EVT-202510-86B66C324F83-0525,SYN-202510-D86B66C324F83,SYN-202510-P86B66C324F83,2025-10-03T01:37:00,2025-10-01T23:19:16,ad_impression,0,0.0003
2025-10,EVT-202510-86B66C324F83-0562,SYN-202510-D86B66C324F83,SYN-202510-P86B66C324F83,2025-10-03T01:37:00,2025-10-01T23:19:16,ad_impression,0,0.0003
2025-10,EVT-202510-86B66C324F83-0173,SYN-202510-D86B66C324F83,SYN-202510-P86B66C324F83,2025-10-03T01:42:00,2025-10-01T23:19:16,level_completed,1,0.0
2025-10,EVT-202510-93D4E9206BCD-0005,SYN-202510-D93D4E9206BCD,SYN-202510-P93D4E9206BCD,2025-10-03T01:47:00,2025-10-02T21:25:30,session_start,0,0.0
2025-10,EVT-202510-86B66C324F83-0601,SYN-202510-D86B66C324F83,SYN-202510-P86B66C324F83,2025-10-03T01:49:00,2025-10-01T23:19:16,ad_impression,0,0.0003
2025-10,EVT-202510-86B66C324F83-0354,SYN-202510-D86B66C324F83,SYN-202510-P86B66C324F83,2025-10-03T01:50:00,2025-10-01T23:19:16,ad_impression,0,0.0003
2025-10,EVT-202510-93D4E9206BCD-0119,SYN-202510-D93D4E9206BCD,SYN-202510-P93D4E9206BCD,2025-10-03T01:50:00,2025-10-02T21:25:30,level_completed,1,0.0
2025-10,EVT-202510-93D4E9206BCD-0126,SYN-202510-D93D4E9206BCD,SYN-202510-P93D4E9206BCD,2025-10-03T01:50:00,2025-10-02T21:25:30,level_completed,1,0.0
2025-10,EVT-202510-86B66C324F83-0454,SYN-202510-D86B66C324F83,SYN-202510-P86B66C324F83,2025-10-03T01:52:00,2025-10-01T23:19:16,ad_impression,0,0.0003
2025-10,EVT-202510-86B66C324F83-0523,SYN-202510-D86B66C324F83,SYN-202510-P86B66C324F83,2025-10-03T01:53:00,2025-10-01T23:19:16,ad_impression,0,0.0003
2025-10,EVT-202510-93D4E9206BCD-0073,SYN-202510-D93D4E9206BCD,SYN-202510-P93D4E9206BCD,2025-10-03T01:55:00,2025-10-02T21:25:30,level_completed,1,0.0
2025-10,EVT-202510-3DD8EC501AEA-0004,SYN-202510-D3DD8EC501AEA,SYN-202510-P3DD8EC501AEA,2025-10-03T01:58:00,2025-10-02T11:38:56,session_start,0,0.0
2025-10,EVT-202510-93D4E9206BCD-0079,SYN-202510-D93D4E9206BCD,SYN-202510-P93D4E9206BCD,2025-10-03T01:58:00,2025-10-02T21:25:30,level_completed,1,0.0
2025-10,EVT-202510-93D4E9206BCD-0025,SYN-202510-D93D4E9206BCD,SYN-202510-P93D4E9206BCD,2025-10-03T02:02:00,2025-10-02T21:25:30,level_completed,1,0.0
2025-10,EVT-202510-93D4E9206BCD-0076,SYN-202510-D93D4E9206BCD,SYN-202510-P93D4E9206BCD,2025-10-03T02:06:00,2025-10-02T21:25:30,level_completed,1,0.0
2025-10,EVT-202510-93D4E9206BCD-0161,SYN-202510-D93D4E9206BCD,SYN-202510-P93D4E9206BCD,2025-10-03T02:06:00,2025-10-02T21:25:30,ad_impression,0,0.0036
2025-10,EVT-202510-1A0D2DA7D987-0003,SYN-202510-D1A0D2DA7D987,SYN-202510-P1A0D2DA7D987,2025-10-03T02:08:00,2025-10-03T01:11:03,session_start,0,0.0
2025-10,EVT-202510-93D4E9206BCD-0097,SYN-202510-D93D4E9206BCD,SYN-202510-P93D4E9206BCD,2025-10-03T02:08:00,2025-10-02T21:25:30,level_completed,1,0.0
2025-10,EVT-202510-93D4E9206BCD-0117,SYN-202510-D93D4E9206BCD,SYN-202510-P93D4E9206BCD,2025-10-03T02:16:00,2025-10-02T21:25:30,level_completed,1,0.0
2025-10,EVT-202510-93D4E9206BCD-0121,SYN-202510-D93D4E9206BCD,SYN-202510-P93D4E9206BCD,2025-10-03T02:16:00,2025-10-02T21:25:30,level_completed,1,0.0
2025-10,EVT-202510-93D4E9206BCD-0021,SYN-202510-D93D4E9206BCD,SYN-202510-P93D4E9206BCD,2025-10-03T02:19:00,2025-10-02T21:25:30,level_completed,1,0.0
2025-10,EVT-202510-93D4E9206BCD-0118,SYN-202510-D93D4E9206BCD,SYN-202510-P93D4E9206BCD,2025-10-03T02:21:00,2025-10-02T21:25:30,level_completed,1,0.0
2025-10,EVT-202510-3DD8EC501AEA-0007,SYN-202510-D3DD8EC501AEA,SYN-202510-P3DD8EC501AEA,2025-10-03T02:22:00,2025-10-02T11:38:56,level_completed,1,0.0
2025-10,EVT-202510-93D4E9206BCD-0019,SYN-202510-D93D4E9206BCD,SYN-202510-P93D4E9206BCD,2025-10-03T02:25:00,2025-10-02T21:25:30,level_completed,1,0.0
2025-10,EVT-202510-93D4E9206BCD-0106,SYN-202510-D93D4E9206BCD,SYN-202510-P93D4E9206BCD,2025-10-03T02:25:00,2025-10-02T21:25:30,level_completed,1,0.0
2025-10,EVT-202510-93D4E9206BCD-0055,SYN-202510-D93D4E9206BCD,SYN-202510-P93D4E9206BCD,2025-10-03T02:27:00,2025-10-02T21:25:30,level_completed,1,0.0
2025-10,EVT-202510-93D4E9206BCD-0047,SYN-202510-D93D4E9206BCD,SYN-202510-P93D4E9206BCD,2025-10-03T02:30:00,2025-10-02T21:25:30,level_completed,1,0.0
2025-10,EVT-202510-96F6A1B4BE7B-0006,SYN-202510-D96F6A1B4BE7B,SYN-202510-P96F6A1B4BE7B,2025-10-03T02:31:00,2025-10-02T07:27:04,session_start,0,0.0
2025-10,EVT-202510-93D4E9206BCD-0027,SYN-202510-D93D4E9206BCD,SYN-202510-P93D4E9206BCD,2025-10-03T02:33:00,2025-10-02T21:25:30,level_completed,1,0.0
2025-10,EVT-202510-93D4E9206BCD-0155,SYN-202510-D93D4E9206BCD,SYN-202510-P93D4E9206BCD,2025-10-03T02:33:00,2025-10-02T21:25:30,ad_impression,0,0.0036
2025-10,EVT-202510-96F6A1B4BE7B-0061,SYN-202510-D96F6A1B4BE7B,SYN-202510-P96F6A1B4BE7B,2025-10-03T02:34:00,2025-10-02T07:27:04,ad_impression,0,0.0043
2025-10,EVT-202510-96F6A1B4BE7B-0026,SYN-202510-D96F6A1B4BE7B,SYN-202510-P96F6A1B4BE7B,2025-10-03T02:35:00,2025-10-02T07:27:04,level_completed,1,0.0
2025-10,EVT-202510-93D4E9206BCD-0063,SYN-202510-D93D4E9206BCD,SYN-202510-P93D4E9206BCD,2025-10-03T02:42:00,2025-10-02T21:25:30,level_completed,1,0.0
2025-10,EVT-202510-93D4E9206BCD-0111,SYN-202510-D93D4E9206BCD,SYN-202510-P93D4E9206BCD,2025-10-03T02:43:00,2025-10-02T21:25:30,level_completed,1,0.0
2025-10,EVT-202510-5D76614FC056-0013,SYN-202510-D5D76614FC056,SYN-202510-P5D76614FC056,2025-10-03T02:46:00,2025-10-01T12:48:40,session_start,0,0.0
2025-10,EVT-202510-93D4E9206BCD-0023,SYN-202510-D93D4E9206BCD,SYN-202510-P93D4E9206BCD,2025-10-03T02:48:00,2025-10-02T21:25:30,level_completed,1,0.0
2025-10,EVT-202510-5D76614FC056-0180,SYN-202510-D5D76614FC056,SYN-202510-P5D76614FC056,2025-10-03T02:49:00,2025-10-01T12:48:40,ad_impression,0,0.0007
2025-10,EVT-202510-93D4E9206BCD-0141,SYN-202510-D93D4E9206BCD,SYN-202510-P93D4E9206BCD,2025-10-03T02:49:00,2025-10-02T21:25:30,level_completed,1,0.0
2025-10,EVT-202510-3DD8EC501AEA-0009,SYN-202510-D3DD8EC501AEA,SYN-202510-P3DD8EC501AEA,2025-10-03T02:51:00,2025-10-02T11:38:56,level_completed,1,0.0
2025-10,EVT-202510-3DD8EC501AEA-0010,SYN-202510-D3DD8EC501AEA,SYN-202510-P3DD8EC501AEA,2025-10-03T02:57:00,2025-10-02T11:38:56,level_completed,1,0.0
2025-10,EVT-202510-31CA5CEB73B8-0001,SYN-202510-D31CA5CEB73B8,SYN-202510-P31CA5CEB73B8,2025-10-03T02:57:33,2025-10-03T02:56:33,session_start,0,0.0
2025-10,EVT-202510-93D4E9206BCD-0084,SYN-202510-D93D4E9206BCD,SYN-202510-P93D4E9206BCD,2025-10-03T02:59:00,2025-10-02T21:25:30,level_completed,1,0.0
2025-10,EVT-202510-93D4E9206BCD-0014,SYN-202510-D93D4E9206BCD,SYN-202510-P93D4E9206BCD,2025-10-03T03:01:00,2025-10-02T21:25:30,level_completed,1,0.0
2025-10,EVT-202510-93D4E9206BCD-0016,SYN-202510-D93D4E9206BCD,SYN-202510-P93D4E9206BCD,2025-10-03T03:05:00,2025-10-02T21:25:30,level_completed,1,0.0
2025-10,EVT-202510-93D4E9206BCD-0147,SYN-202510-D93D4E9206BCD,SYN-202510-P93D4E9206BCD,2025-10-03T03:08:00,2025-10-02T21:25:30,ad_impression,0,0.0036
2025-10,EVT-202510-93D4E9206BCD-0175,SYN-202510-D93D4E9206BCD,SYN-202510-P93D4E9206BCD,2025-10-03T03:12:00,2025-10-02T21:25:30,ad_impression,0,0.0036
2025-10,EVT-202510-5D76614FC056-0055,SYN-202510-D5D76614FC056,SYN-202510-P5D76614FC056,2025-10-03T03:14:00,2025-10-01T12:48:40,level_completed,1,0.0
2025-10,EVT-202510-5D76614FC056-0080,SYN-202510-D5D76614FC056,SYN-202510-P5D76614FC056,2025-10-03T03:21:00,2025-10-01T12:48:40,level_completed,1,0.0
2025-10,EVT-202510-5D76614FC056-0209,SYN-202510-D5D76614FC056,SYN-202510-P5D76614FC056,2025-10-03T03:21:00,2025-10-01T12:48:40,ad_impression,0,0.0007
2025-10,EVT-202510-31CA5CEB73B8-0003,SYN-202510-D31CA5CEB73B8,SYN-202510-P31CA5CEB73B8,2025-10-03T03:30:33,2025-10-03T02:56:33,level_completed,1,0.0
2025-10,EVT-202510-5D76614FC056-0040,SYN-202510-D5D76614FC056,SYN-202510-P5D76614FC056,2025-10-03T03:34:00,2025-10-01T12:48:40,level_completed,1,0.0
2025-10,EVT-202510-5D76614FC056-0060,SYN-202510-D5D76614FC056,SYN-202510-P5D76614FC056,2025-10-03T03:35:00,2025-10-01T12:48:40,level_completed,1,0.0
2025-10,EVT-202510-5D76614FC056-0177,SYN-202510-D5D76614FC056,SYN-202510-P5D76614FC056,2025-10-03T03:35:00,2025-10-01T12:48:40,ad_impression,0,0.0007
2025-10,EVT-202510-5D76614FC056-0081,SYN-202510-D5D76614FC056,SYN-202510-P5D76614FC056,2025-10-03T03:39:00,2025-10-01T12:48:40,level_completed,1,0.0
2025-10,EVT-202510-31CA5CEB73B8-0002,SYN-202510-D31CA5CEB73B8,SYN-202510-P31CA5CEB73B8,2025-10-03T03:44:33,2025-10-03T02:56:33,level_completed,1,0.0
2025-10,EVT-202510-5D76614FC056-0048,SYN-202510-D5D76614FC056,SYN-202510-P5D76614FC056,2025-10-03T03:50:00,2025-10-01T12:48:40,level_completed,1,0.0
2025-10,EVT-202510-5D76614FC056-0191,SYN-202510-D5D76614FC056,SYN-202510-P5D76614FC056,2025-10-03T04:00:00,2025-10-01T12:48:40,ad_impression,0,0.0007
2025-10,EVT-202510-9CB9BF1EA7B0-0001,SYN-202510-D9CB9BF1EA7B0,SYN-202510-P9CB9BF1EA7B0,2025-10-03T04:00:53,2025-10-03T03:59:53,session_start,0,0.0
2025-10,EVT-202510-5D76614FC056-0118,SYN-202510-D5D76614FC056,SYN-202510-P5D76614FC056,2025-10-03T04:01:00,2025-10-01T12:48:40,ad_impression,0,0.0007
2025-10,EVT-202510-5D76614FC056-0111,SYN-202510-D5D76614FC056,SYN-202510-P5D76614FC056,2025-10-03T04:03:00,2025-10-01T12:48:40,level_completed,1,0.0
2025-10,EVT-202510-5D76614FC056-0165,SYN-202510-D5D76614FC056,SYN-202510-P5D76614FC056,2025-10-03T04:03:00,2025-10-01T12:48:40,ad_impression,0,0.0007
2025-10,EVT-202510-86B66C324F83-0015,SYN-202510-D86B66C324F83,SYN-202510-P86B66C324F83,2025-10-03T04:07:00,2025-10-01T23:19:16,session_start,0,0.0
2025-10,EVT-202510-86B66C324F83-0445,SYN-202510-D86B66C324F83,SYN-202510-P86B66C324F83,2025-10-03T04:13:00,2025-10-01T23:19:16,ad_impression,0,0.0003
2025-10,EVT-202510-31CA5CEB73B8-0004,SYN-202510-D31CA5CEB73B8,SYN-202510-P31CA5CEB73B8,2025-10-03T04:14:33,2025-10-03T02:56:33,level_completed,1,0.0
2025-10,EVT-202510-86B66C324F83-0040,SYN-202510-D86B66C324F83,SYN-202510-P86B66C324F83,2025-10-03T04:16:00,2025-10-01T23:19:16,level_completed,1,0.0
2025-10,EVT-202510-86B66C324F83-0282,SYN-202510-D86B66C324F83,SYN-202510-P86B66C324F83,2025-10-03T04:16:00,2025-10-01T23:19:16,level_completed,1,0.0
2025-10,EVT-202510-9CB9BF1EA7B0-0071,SYN-202510-D9CB9BF1EA7B0,SYN-202510-P9CB9BF1EA7B0,2025-10-03T04:16:53,2025-10-03T03:59:53,ad_impression,0,0.0
2025-10,EVT-202510-86B66C324F83-0356,SYN-202510-D86B66C324F83,SYN-202510-P86B66C324F83,2025-10-03T04:18:00,2025-10-01T23:19:16,ad_impression,0,0.0003
2025-10,EVT-202510-86B66C324F83-0435,SYN-202510-D86B66C324F83,SYN-202510-P86B66C324F83,2025-10-03T04:19:00,2025-10-01T23:19:16,ad_impression,0,0.0003
2025-10,EVT-202510-86B66C324F83-0548,SYN-202510-D86B66C324F83,SYN-202510-P86B66C324F83,2025-10-03T04:27:00,2025-10-01T23:19:16,ad_impression,0,0.0003
2025-10,EVT-202510-86B66C324F83-0214,SYN-202510-D86B66C324F83,SYN-202510-P86B66C324F83,2025-10-03T04:28:00,2025-10-01T23:19:16,level_completed,1,0.0
2025-10,EVT-202510-86B66C324F83-0270,SYN-202510-D86B66C324F83,SYN-202510-P86B66C324F83,2025-10-03T04:29:00,2025-10-01T23:19:16,level_completed,1,0.0
2025-10,EVT-202510-86B66C324F83-0277,SYN-202510-D86B66C324F83,SYN-202510-P86B66C324F83,2025-10-03T04:29:00,2025-10-01T23:19:16,level_completed,1,0.0
2025-10,EVT-202510-86B66C324F83-0558,SYN-202510-D86B66C324F83,SYN-202510-P86B66C324F83,2025-10-03T04:32:00,2025-10-01T23:19:16,ad_impression,0,0.0003
2025-10,EVT-202510-86B66C324F83-0442,SYN-202510-D86B66C324F83,SYN-202510-P86B66C324F83,2025-10-03T04:33:00,2025-10-01T23:19:16,ad_impression,0,0.0003
2025-10,EVT-202510-86B66C324F83-0461,SYN-202510-D86B66C324F83,SYN-202510-P86B66C324F83,2025-10-03T04:34:00,2025-10-01T23:19:16,ad_impression,0,0.0003
2025-10,EVT-202510-86B66C324F83-0331,SYN-202510-D86B66C324F83,SYN-202510-P86B66C324F83,2025-10-03T04:36:00,2025-10-01T23:19:16,level_completed,1,0.0
2025-10,EVT-202510-86B66C324F83-0457,SYN-202510-D86B66C324F83,SYN-202510-P86B66C324F83,2025-10-03T04:36:00,2025-10-01T23:19:16,ad_impression,0,0.0003
2025-10,EVT-202510-86B66C324F83-0022,SYN-202510-D86B66C324F83,SYN-202510-P86B66C324F83,2025-10-03T04:41:00,2025-10-01T23:19:16,level_completed,1,0.0
2025-10,EVT-202510-86B66C324F83-0403,SYN-202510-D86B66C324F83,SYN-202510-P86B66C324F83,2025-10-03T04:42:00,2025-10-01T23:19:16,ad_impression,0,0.0003
2025-10,EVT-202510-86B66C324F83-0324,SYN-202510-D86B66C324F83,SYN-202510-P86B66C324F83,2025-10-03T04:44:00,2025-10-01T23:19:16,level_completed,1,0.0
2025-10,EVT-202510-9CB9BF1EA7B0-0067,SYN-202510-D9CB9BF1EA7B0,SYN-202510-P9CB9BF1EA7B0,2025-10-03T04:44:53,2025-10-03T03:59:53,ad_impression,0,0.0
2025-10,EVT-202510-86B66C324F83-0143,SYN-202510-D86B66C324F83,SYN-202510-P86B66C324F83,2025-10-03T04:45:00,2025-10-01T23:19:16,level_completed,1,0.0
2025-10,EVT-202510-86B66C324F83-0091,SYN-202510-D86B66C324F83,SYN-202510-P86B66C324F83,2025-10-03T04:47:00,2025-10-01T23:19:16,level_completed,1,0.0
2025-10,EVT-202510-86B66C324F83-0218,SYN-202510-D86B66C324F83,SYN-202510-P86B66C324F83,2025-10-03T04:47:00,2025-10-01T23:19:16,level_completed,1,0.0
2025-10,EVT-202510-86B66C324F83-0296,SYN-202510-D86B66C324F83,SYN-202510-P86B66C324F83,2025-10-03T04:49:00,2025-10-01T23:19:16,level_completed,1,0.0
2025-10,EVT-202510-86B66C324F83-0320,SYN-202510-D86B66C324F83,SYN-202510-P86B66C324F83,2025-10-03T04:49:00,2025-10-01T23:19:16,level_completed,1,0.0
2025-10,EVT-202510-9A4DB8DAE6F0-0003,SYN-202510-D9A4DB8DAE6F0,SYN-202510-P9A4DB8DAE6F0,2025-10-03T04:49:00,2025-10-02T20:01:20,session_start,0,0.0
2025-10,EVT-202510-9CB9BF1EA7B0-0040,SYN-202510-D9CB9BF1EA7B0,SYN-202510-P9CB9BF1EA7B0,2025-10-03T04:49:53,2025-10-03T03:59:53,level_completed,1,0.0
2025-10,EVT-202510-86B66C324F83-0641,SYN-202510-D86B66C324F83,SYN-202510-P86B66C324F83,2025-10-03T04:53:00,2025-10-01T23:19:16,ad_impression,0,0.0003
2025-10,EVT-202510-86B66C324F83-0333,SYN-202510-D86B66C324F83,SYN-202510-P86B66C324F83,2025-10-03T04:55:00,2025-10-01T23:19:16,level_completed,1,0.0
2025-10,EVT-202510-9A4DB8DAE6F0-0014,SYN-202510-D9A4DB8DAE6F0,SYN-202510-P9A4DB8DAE6F0,2025-10-03T04:55:00,2025-10-02T20:01:20,level_completed,1,0.0
2025-10,EVT-202510-9CB9BF1EA7B0-0044,SYN-202510-D9CB9BF1EA7B0,SYN-202510-P9CB9BF1EA7B0,2025-10-03T04:56:53,2025-10-03T03:59:53,level_completed,1,0.0
2025-10,EVT-202510-86B66C324F83-0119,SYN-202510-D86B66C324F83,SYN-202510-P86B66C324F83,2025-10-03T04:57:00,2025-10-01T23:19:16,level_completed,1,0.0
2025-10,EVT-202510-86B66C324F83-0405,SYN-202510-D86B66C324F83,SYN-202510-P86B66C324F83,2025-10-03T04:58:00,2025-10-01T23:19:16,ad_impression,0,0.0003
2025-10,EVT-202510-9A4DB8DAE6F0-0008,SYN-202510-D9A4DB8DAE6F0,SYN-202510-P9A4DB8DAE6F0,2025-10-03T04:59:00,2025-10-02T20:01:20,level_completed,1,0.0
2025-10,EVT-202510-86B66C324F83-0534,SYN-202510-D86B66C324F83,SYN-202510-P86B66C324F83,2025-10-03T05:01:00,2025-10-01T23:19:16,ad_impression,0,0.0003
2025-10,EVT-202510-9CB9BF1EA7B0-0073,SYN-202510-D9CB9BF1EA7B0,SYN-202510-P9CB9BF1EA7B0,2025-10-03T05:03:53,2025-10-03T03:59:53,ad_impression,0,0.0
2025-10,EVT-202510-86B66C324F83-0626,SYN-202510-D86B66C324F83,SYN-202510-P86B66C324F83,2025-10-03T05:04:00,2025-10-01T23:19:16,ad_impression,0,0.0003
2025-10,EVT-202510-86B66C324F83-0493,SYN-202510-D86B66C324F83,SYN-202510-P86B66C324F83,2025-10-03T05:05:00,2025-10-01T23:19:16,ad_impression,0,0.0003
2025-10,EVT-202510-9CB9BF1EA7B0-0062,SYN-202510-D9CB9BF1EA7B0,SYN-202510-P9CB9BF1EA7B0,2025-10-03T05:05:53,2025-10-03T03:59:53,ad_impression,0,0.0
2025-10,EVT-202510-9A4DB8DAE6F0-0010,SYN-202510-D9A4DB8DAE6F0,SYN-202510-P9A4DB8DAE6F0,2025-10-03T05:08:00,2025-10-02T20:01:20,level_completed,1,0.0
2025-10,EVT-202510-86B66C324F83-0529,SYN-202510-D86B66C324F83,SYN-202510-P86B66C324F83,2025-10-03T05:12:00,2025-10-01T23:19:16,ad_impression,0,0.0003
2025-10,EVT-202510-86B66C324F83-0532,SYN-202510-D86B66C324F83,SYN-202510-P86B66C324F83,2025-10-03T05:13:00,2025-10-01T23:19:16,ad_impression,0,0.0003
2025-10,EVT-202510-86B66C324F83-0368,SYN-202510-D86B66C324F83,SYN-202510-P86B66C324F83,2025-10-03T05:14:00,2025-10-01T23:19:16,ad_impression,0,0.0003
2025-10,EVT-202510-86B66C324F83-0242,SYN-202510-D86B66C324F83,SYN-202510-P86B66C324F83,2025-10-03T05:16:00,2025-10-01T23:19:16,level_completed,1,0.0
2025-10,EVT-202510-86B66C324F83-0144,SYN-202510-D86B66C324F83,SYN-202510-P86B66C324F83,2025-10-03T05:20:00,2025-10-01T23:19:16,level_completed,1,0.0
2025-10,EVT-202510-9CB9BF1EA7B0-0029,SYN-202510-D9CB9BF1EA7B0,SYN-202510-P9CB9BF1EA7B0,2025-10-03T05:20:53,2025-10-03T03:59:53,level_completed,1,0.0
2025-10,EVT-202510-86B66C324F83-0093,SYN-202510-D86B66C324F83,SYN-202510-P86B66C324F83,2025-10-03T05:24:00,2025-10-01T23:19:16,level_completed,1,0.0
2025-10,EVT-202510-86B66C324F83-0621,SYN-202510-D86B66C324F83,SYN-202510-P86B66C324F83,2025-10-03T05:27:00,2025-10-01T23:19:16,ad_impression,0,0.0003
2025-10,EVT-202510-9CB9BF1EA7B0-0069,SYN-202510-D9CB9BF1EA7B0,SYN-202510-P9CB9BF1EA7B0,2025-10-03T05:27:53,2025-10-03T03:59:53,ad_impression,0,0.0
2025-10,EVT-202510-86B66C324F83-0568,SYN-202510-D86B66C324F83,SYN-202510-P86B66C324F83,2025-10-03T05:28:00,2025-10-01T23:19:16,ad_impression,0,0.0003
2025-10,EVT-202510-9A4DB8DAE6F0-0004,SYN-202510-D9A4DB8DAE6F0,SYN-202510-P9A4DB8DAE6F0,2025-10-03T05:29:00,2025-10-02T20:01:20,level_completed,1,0.0
2025-10,EVT-202510-86B66C324F83-0363,SYN-202510-D86B66C324F83,SYN-202510-P86B66C324F83,2025-10-03T05:35:00,2025-10-01T23:19:16,ad_impression,0,0.0003
2025-10,EVT-202510-E91894B42D09-0005,SYN-202510-DE91894B42D09,SYN-202510-PE91894B42D09,2025-10-03T05:35:00,2025-10-02T21:45:04,session_start,0,0.0
2025-10,EVT-202510-86B66C324F83-0569,SYN-202510-D86B66C324F83,SYN-202510-P86B66C324F83,2025-10-03T05:37:00,2025-10-01T23:19:16,ad_impression,0,0.0003
2025-10,EVT-202510-E91894B42D09-0009,SYN-202510-DE91894B42D09,SYN-202510-PE91894B42D09,2025-10-03T05:40:00,2025-10-02T21:45:04,level_completed,1,0.0
2025-10,EVT-202510-9A4DB8DAE6F0-0012,SYN-202510-D9A4DB8DAE6F0,SYN-202510-P9A4DB8DAE6F0,2025-10-03T05:43:00,2025-10-02T20:01:20,level_completed,1,0.0
2025-10,EVT-202510-E91894B42D09-0015,SYN-202510-DE91894B42D09,SYN-202510-PE91894B42D09,2025-10-03T05:47:00,2025-10-02T21:45:04,level_completed,1,0.0
2025-10,EVT-202510-9A4DB8DAE6F0-0013,SYN-202510-D9A4DB8DAE6F0,SYN-202510-P9A4DB8DAE6F0,2025-10-03T05:52:00,2025-10-02T20:01:20,level_completed,1,0.0
2025-10,EVT-202510-EF63001F6760-0001,SYN-202510-DEF63001F6760,SYN-202510-PEF63001F6760,2025-10-03T06:10:00,2025-10-03T00:59:46,session_start,0,0.0
2025-10,EVT-202510-EF63001F6760-0009,SYN-202510-DEF63001F6760,SYN-202510-PEF63001F6760,2025-10-03T06:22:00,2025-10-03T00:59:46,level_completed,1,0.0
2025-10,EVT-202510-EF63001F6760-0011,SYN-202510-DEF63001F6760,SYN-202510-PEF63001F6760,2025-10-03T06:35:00,2025-10-03T00:59:46,level_completed,1,0.0
2025-10,EVT-202510-EF63001F6760-0005,SYN-202510-DEF63001F6760,SYN-202510-PEF63001F6760,2025-10-03T06:39:00,2025-10-03T00:59:46,level_completed,1,0.0
2025-10,EVT-202510-BD970CB83BEC-0004,SYN-202510-DBD970CB83BEC,SYN-202510-PBD970CB83BEC,2025-10-03T06:41:00,2025-10-02T23:27:02,session_start,0,0.0
2025-10,EVT-202510-E4757970F6D3-0001,SYN-202510-DE4757970F6D3,SYN-202510-PE4757970F6D3,2025-10-03T06:42:24,2025-10-03T06:41:24,session_start,0,0.0
2025-10,EVT-202510-E4757970F6D3-0002,SYN-202510-DE4757970F6D3,SYN-202510-PE4757970F6D3,2025-10-03T06:42:24,2025-10-03T06:41:24,session_start,0,0.0
2025-10,EVT-202510-E91894B42D09-0012,SYN-202510-DE91894B42D09,SYN-202510-PE91894B42D09,2025-10-03T06:47:00,2025-10-02T21:45:04,level_completed,1,0.0
2025-10,EVT-202510-4614514762A7-0005,SYN-202510-D4614514762A7,SYN-202510-P4614514762A7,2025-10-03T06:49:00,2025-10-02T18:51:08,session_start,0,0.0
2025-10,EVT-202510-4614514762A7-0035,SYN-202510-D4614514762A7,SYN-202510-P4614514762A7,2025-10-03T06:51:00,2025-10-02T18:51:08,level_completed,1,0.0
2025-10,EVT-202510-BD970CB83BEC-0026,SYN-202510-DBD970CB83BEC,SYN-202510-PBD970CB83BEC,2025-10-03T06:52:00,2025-10-02T23:27:02,level_completed,1,0.0
2025-10,EVT-202510-BD970CB83BEC-0011,SYN-202510-DBD970CB83BEC,SYN-202510-PBD970CB83BEC,2025-10-03T06:53:00,2025-10-02T23:27:02,level_completed,1,0.0
2025-10,EVT-202510-4614514762A7-0141,SYN-202510-D4614514762A7,SYN-202510-P4614514762A7,2025-10-03T06:54:00,2025-10-02T18:51:08,ad_impression,0,0.001
2025-10,EVT-202510-CC8F2BF47CFB-0002,SYN-202510-DCC8F2BF47CFB,SYN-202510-PCC8F2BF47CFB,2025-10-03T06:54:00,2025-10-02T09:42:30,session_start,0,0.0
2025-10,EVT-202510-CC8F2BF47CFB-0008,SYN-202510-DCC8F2BF47CFB,SYN-202510-PCC8F2BF47CFB,2025-10-03T06:59:00,2025-10-02T09:42:30,level_completed,1,0.0
2025-10,EVT-202510-BD970CB83BEC-0015,SYN-202510-DBD970CB83BEC,SYN-202510-PBD970CB83BEC,2025-10-03T07:00:00,2025-10-02T23:27:02,level_completed,1,0.0
2025-10,EVT-202510-1FFFAC12B5F5-0001,SYN-202510-D1FFFAC12B5F5,SYN-202510-P1FFFAC12B5F5,2025-10-03T07:01:00,2025-10-03T03:14:50,session_start,0,0.0
2025-10,EVT-202510-4614514762A7-0055,SYN-202510-D4614514762A7,SYN-202510-P4614514762A7,2025-10-03T07:03:00,2025-10-02T18:51:08,level_completed,1,0.0
2025-10,EVT-202510-BD970CB83BEC-0023,SYN-202510-DBD970CB83BEC,SYN-202510-PBD970CB83BEC,2025-10-03T07:05:00,2025-10-02T23:27:02,level_completed,1,0.0
2025-10,EVT-202510-4614514762A7-0125,SYN-202510-D4614514762A7,SYN-202510-P4614514762A7,2025-10-03T07:06:00,2025-10-02T18:51:08,ad_impression,0,0.001
2025-10,EVT-202510-636537B00474-0001,SYN-202510-D636537B00474,SYN-202510-P636537B00474,2025-10-03T07:06:00,2025-10-03T01:52:32,session_start,0,0.0
2025-10,EVT-202510-1FFFAC12B5F5-0011,SYN-202510-D1FFFAC12B5F5,SYN-202510-P1FFFAC12B5F5,2025-10-03T07:07:00,2025-10-03T03:14:50,level_completed,1,0.0
2025-10,EVT-202510-4614514762A7-0062,SYN-202510-D4614514762A7,SYN-202510-P4614514762A7,2025-10-03T07:07:00,2025-10-02T18:51:08,level_completed,1,0.0
2025-10,EVT-202510-1A0D2DA7D987-0004,SYN-202510-D1A0D2DA7D987,SYN-202510-P1A0D2DA7D987,2025-10-03T07:08:00,2025-10-03T01:11:03,session_start,0,0.0
2025-10,EVT-202510-E4757970F6D3-0016,SYN-202510-DE4757970F6D3,SYN-202510-PE4757970F6D3,2025-10-03T07:08:24,2025-10-03T06:41:24,ad_impression,0,0.0213
2025-10,EVT-202510-4614514762A7-0119,SYN-202510-D4614514762A7,SYN-202510-P4614514762A7,2025-10-03T07:10:00,2025-10-02T18:51:08,ad_impression,0,0.001
2025-10,EVT-202510-4614514762A7-0091,SYN-202510-D4614514762A7,SYN-202510-P4614514762A7,2025-10-03T07:11:00,2025-10-02T18:51:08,ad_impression,0,0.001
2025-10,EVT-202510-BD970CB83BEC-0016,SYN-202510-DBD970CB83BEC,SYN-202510-PBD970CB83BEC,2025-10-03T07:12:00,2025-10-02T23:27:02,level_completed,1,0.0
2025-10,EVT-202510-CC8F2BF47CFB-0007,SYN-202510-DCC8F2BF47CFB,SYN-202510-PCC8F2BF47CFB,2025-10-03T07:12:00,2025-10-02T09:42:30,level_completed,1,0.0
2025-10,EVT-202510-E4757970F6D3-0019,SYN-202510-DE4757970F6D3,SYN-202510-PE4757970F6D3,2025-10-03T07:16:24,2025-10-03T06:41:24,ad_impression,0,0.0213
2025-10,EVT-202510-E4757970F6D3-0023,SYN-202510-DE4757970F6D3,SYN-202510-PE4757970F6D3,2025-10-03T07:17:24,2025-10-03T06:41:24,ad_impression,0,0.0213
2025-10,EVT-202510-1FFFAC12B5F5-0016,SYN-202510-D1FFFAC12B5F5,SYN-202510-P1FFFAC12B5F5,2025-10-03T07:18:00,2025-10-03T03:14:50,level_completed,1,0.0
2025-10,EVT-202510-4614514762A7-0041,SYN-202510-D4614514762A7,SYN-202510-P4614514762A7,2025-10-03T07:21:00,2025-10-02T18:51:08,level_completed,1,0.0
2025-10,EVT-202510-4614514762A7-0053,SYN-202510-D4614514762A7,SYN-202510-P4614514762A7,2025-10-03T07:29:00,2025-10-02T18:51:08,level_completed,1,0.0
2025-10,EVT-202510-BD970CB83BEC-0022,SYN-202510-DBD970CB83BEC,SYN-202510-PBD970CB83BEC,2025-10-03T07:30:00,2025-10-02T23:27:02,level_completed,1,0.0
2025-10,EVT-202510-CC8F2BF47CFB-0004,SYN-202510-DCC8F2BF47CFB,SYN-202510-PCC8F2BF47CFB,2025-10-03T07:31:00,2025-10-02T09:42:30,level_completed,1,0.0
2025-10,EVT-202510-1FFFAC12B5F5-0010,SYN-202510-D1FFFAC12B5F5,SYN-202510-P1FFFAC12B5F5,2025-10-03T07:33:00,2025-10-03T03:14:50,level_completed,1,0.0
2025-10,EVT-202510-CC8F2BF47CFB-0005,SYN-202510-DCC8F2BF47CFB,SYN-202510-PCC8F2BF47CFB,2025-10-03T07:33:00,2025-10-02T09:42:30,level_completed,1,0.0
2025-10,EVT-202510-1FFFAC12B5F5-0003,SYN-202510-D1FFFAC12B5F5,SYN-202510-P1FFFAC12B5F5,2025-10-03T07:37:00,2025-10-03T03:14:50,level_completed,1,0.0
2025-10,EVT-202510-1FFFAC12B5F5-0014,SYN-202510-D1FFFAC12B5F5,SYN-202510-P1FFFAC12B5F5,2025-10-03T07:40:00,2025-10-03T03:14:50,level_completed,1,0.0
2025-10,EVT-202510-4614514762A7-0040,SYN-202510-D4614514762A7,SYN-202510-P4614514762A7,2025-10-03T07:40:00,2025-10-02T18:51:08,level_completed,1,0.0
2025-10,EVT-202510-4614514762A7-0077,SYN-202510-D4614514762A7,SYN-202510-P4614514762A7,2025-10-03T07:41:00,2025-10-02T18:51:08,level_completed,1,0.0
2025-10,EVT-202510-4614514762A7-0042,SYN-202510-D4614514762A7,SYN-202510-P4614514762A7,2025-10-03T07:43:00,2025-10-02T18:51:08,level_completed,1,0.0
2025-10,EVT-202510-5D76614FC056-0014,SYN-202510-D5D76614FC056,SYN-202510-P5D76614FC056,2025-10-03T07:43:00,2025-10-01T12:48:40,session_start,0,0.0
2025-10,EVT-202510-1FFFAC12B5F5-0017,SYN-202510-D1FFFAC12B5F5,SYN-202510-P1FFFAC12B5F5,2025-10-03T07:44:00,2025-10-03T03:14:50,ad_impression,0,0.0644
2025-10,EVT-202510-E4757970F6D3-0020,SYN-202510-DE4757970F6D3,SYN-202510-PE4757970F6D3,2025-10-03T07:48:24,2025-10-03T06:41:24,ad_impression,0,0.0213
2025-10,EVT-202510-AA14D45B98B6-0005,SYN-202510-DAA14D45B98B6,SYN-202510-PAA14D45B98B6,2025-10-03T07:52:00,2025-10-01T15:06:59,session_start,0,0.0
2025-10,EVT-202510-4614514762A7-0006,SYN-202510-D4614514762A7,SYN-202510-P4614514762A7,2025-10-03T07:53:00,2025-10-02T18:51:08,session_start,0,0.0
2025-10,EVT-202510-E4757970F6D3-0018,SYN-202510-DE4757970F6D3,SYN-202510-PE4757970F6D3,2025-10-03T07:54:24,2025-10-03T06:41:24,ad_impression,0,0.0213
2025-10,EVT-202510-4614514762A7-0079,SYN-202510-D4614514762A7,SYN-202510-P4614514762A7,2025-10-03T07:55:00,2025-10-02T18:51:08,level_completed,1,0.0
2025-10,EVT-202510-4614514762A7-0111,SYN-202510-D4614514762A7,SYN-202510-P4614514762A7,2025-10-03T07:55:00,2025-10-02T18:51:08,ad_impression,0,0.001
2025-10,EVT-202510-4614514762A7-0016,SYN-202510-D4614514762A7,SYN-202510-P4614514762A7,2025-10-03T07:57:00,2025-10-02T18:51:08,level_completed,1,0.0
2025-10,EVT-202510-BD970CB83BEC-0033,SYN-202510-DBD970CB83BEC,SYN-202510-PBD970CB83BEC,2025-10-03T07:58:00,2025-10-02T23:27:02,ad_impression,0,0.0015
2025-10,EVT-202510-93D4E9206BCD-0006,SYN-202510-D93D4E9206BCD,SYN-202510-P93D4E9206BCD,2025-10-03T08:01:00,2025-10-02T21:25:30,session_start,0,0.0
2025-10,EVT-202510-AA14D45B98B6-0037,SYN-202510-DAA14D45B98B6,SYN-202510-PAA14D45B98B6,2025-10-03T08:03:00,2025-10-01T15:06:59,level_completed,1,0.0
2025-10,EVT-202510-4614514762A7-0089,SYN-202510-D4614514762A7,SYN-202510-P4614514762A7,2025-10-03T08:05:00,2025-10-02T18:51:08,ad_impression,0,0.001
2025-10,EVT-202510-4614514762A7-0024,SYN-202510-D4614514762A7,SYN-202510-P4614514762A7,2025-10-03T08:06:00,2025-10-02T18:51:08,level_completed,1,0.0
2025-10,EVT-202510-5D76614FC056-0103,SYN-202510-D5D76614FC056,SYN-202510-P5D76614FC056,2025-10-03T08:07:00,2025-10-01T12:48:40,level_completed,1,0.0
2025-10,EVT-202510-CC8F2BF47CFB-0011,SYN-202510-DCC8F2BF47CFB,SYN-202510-PCC8F2BF47CFB,2025-10-03T08:08:00,2025-10-02T09:42:30,level_completed,1,0.0
2025-10,EVT-202510-4614514762A7-0108,SYN-202510-D4614514762A7,SYN-202510-P4614514762A7,2025-10-03T08:10:00,2025-10-02T18:51:08,ad_impression,0,0.001
2025-10,EVT-202510-1FFFAC12B5F5-0015,SYN-202510-D1FFFAC12B5F5,SYN-202510-P1FFFAC12B5F5,2025-10-03T08:11:00,2025-10-03T03:14:50,level_completed,1,0.0
2025-10,EVT-202510-93D4E9206BCD-0052,SYN-202510-D93D4E9206BCD,SYN-202510-P93D4E9206BCD,2025-10-03T08:11:00,2025-10-02T21:25:30,level_completed,1,0.0
2025-10,EVT-202510-93D4E9206BCD-0132,SYN-202510-D93D4E9206BCD,SYN-202510-P93D4E9206BCD,2025-10-03T08:11:00,2025-10-02T21:25:30,level_completed,1,0.0
2025-10,EVT-202510-93D4E9206BCD-0129,SYN-202510-D93D4E9206BCD,SYN-202510-P93D4E9206BCD,2025-10-03T08:12:00,2025-10-02T21:25:30,level_completed,1,0.0
2025-10,EVT-202510-E8539E112FE3-0003,SYN-202510-DE8539E112FE3,SYN-202510-PE8539E112FE3,2025-10-03T08:13:00,2025-10-02T12:58:38,session_start,0,0.0
2025-10,EVT-202510-5D76614FC056-0166,SYN-202510-D5D76614FC056,SYN-202510-P5D76614FC056,2025-10-03T08:14:00,2025-10-01T12:48:40,ad_impression,0,0.0007
2025-10,EVT-202510-93D4E9206BCD-0136,SYN-202510-D93D4E9206BCD,SYN-202510-P93D4E9206BCD,2025-10-03T08:14:00,2025-10-02T21:25:30,level_completed,1,0.0
2025-10,EVT-202510-4614514762A7-0059,SYN-202510-D4614514762A7,SYN-202510-P4614514762A7,2025-10-03T08:17:00,2025-10-02T18:51:08,level_completed,1,0.0
2025-10,EVT-202510-AA14D45B98B6-0067,SYN-202510-DAA14D45B98B6,SYN-202510-PAA14D45B98B6,2025-10-03T08:17:00,2025-10-01T15:06:59,ad_impression,0,0.0112
2025-10,EVT-202510-93D4E9206BCD-0048,SYN-202510-D93D4E9206BCD,SYN-202510-P93D4E9206BCD,2025-10-03T08:18:00,2025-10-02T21:25:30,level_completed,1,0.0
2025-10,EVT-202510-93D4E9206BCD-0034,SYN-202510-D93D4E9206BCD,SYN-202510-P93D4E9206BCD,2025-10-03T08:19:00,2025-10-02T21:25:30,level_completed,1,0.0
2025-10,EVT-202510-E8539E112FE3-0024,SYN-202510-DE8539E112FE3,SYN-202510-PE8539E112FE3,2025-10-03T08:21:00,2025-10-02T12:58:38,level_completed,1,0.0
2025-10,EVT-202510-93D4E9206BCD-0176,SYN-202510-D93D4E9206BCD,SYN-202510-P93D4E9206BCD,2025-10-03T08:22:00,2025-10-02T21:25:30,ad_impression,0,0.0036
2025-10,EVT-202510-93D4E9206BCD-0109,SYN-202510-D93D4E9206BCD,SYN-202510-P93D4E9206BCD,2025-10-03T08:24:00,2025-10-02T21:25:30,level_completed,1,0.0
2025-10,EVT-202510-5D76614FC056-0157,SYN-202510-D5D76614FC056,SYN-202510-P5D76614FC056,2025-10-03T08:27:00,2025-10-01T12:48:40,ad_impression,0,0.0007
2025-10,EVT-202510-E8539E112FE3-0019,SYN-202510-DE8539E112FE3,SYN-202510-PE8539E112FE3,2025-10-03T08:28:00,2025-10-02T12:58:38,level_completed,1,0.0
2025-10,EVT-202510-5D76614FC056-0026,SYN-202510-D5D76614FC056,SYN-202510-P5D76614FC056,2025-10-03T08:29:00,2025-10-01T12:48:40,level_completed,1,0.0
2025-10,EVT-202510-93D4E9206BCD-0062,SYN-202510-D93D4E9206BCD,SYN-202510-P93D4E9206BCD,2025-10-03T08:29:00,2025-10-02T21:25:30,level_completed,1,0.0
2025-10,EVT-202510-E8539E112FE3-0025,SYN-202510-DE8539E112FE3,SYN-202510-PE8539E112FE3,2025-10-03T08:30:00,2025-10-02T12:58:38,level_completed,1,0.0
2025-10,EVT-202510-4614514762A7-0126,SYN-202510-D4614514762A7,SYN-202510-P4614514762A7,2025-10-03T08:31:00,2025-10-02T18:51:08,ad_impression,0,0.001
2025-10,EVT-202510-93D4E9206BCD-0036,SYN-202510-D93D4E9206BCD,SYN-202510-P93D4E9206BCD,2025-10-03T08:34:00,2025-10-02T21:25:30,level_completed,1,0.0
2025-10,EVT-202510-93D4E9206BCD-0045,SYN-202510-D93D4E9206BCD,SYN-202510-P93D4E9206BCD,2025-10-03T08:34:00,2025-10-02T21:25:30,level_completed,1,0.0
2025-10,EVT-202510-AA14D45B98B6-0061,SYN-202510-DAA14D45B98B6,SYN-202510-PAA14D45B98B6,2025-10-03T08:34:00,2025-10-01T15:06:59,ad_impression,0,0.0112
2025-10,EVT-202510-4614514762A7-0043,SYN-202510-D4614514762A7,SYN-202510-P4614514762A7,2025-10-03T08:36:00,2025-10-02T18:51:08,level_completed,1,0.0
2025-10,EVT-202510-4614514762A7-0124,SYN-202510-D4614514762A7,SYN-202510-P4614514762A7,2025-10-03T08:36:00,2025-10-02T18:51:08,ad_impression,0,0.001
2025-10,EVT-202510-93D4E9206BCD-0139,SYN-202510-D93D4E9206BCD,SYN-202510-P93D4E9206BCD,2025-10-03T08:36:00,2025-10-02T21:25:30,level_completed,1,0.0
2025-10,EVT-202510-93D4E9206BCD-0157,SYN-202510-D93D4E9206BCD,SYN-202510-P93D4E9206BCD,2025-10-03T08:36:00,2025-10-02T21:25:30,ad_impression,0,0.0036
2025-10,EVT-202510-8E2F0F963B69-0001,SYN-202510-D8E2F0F963B69,SYN-202510-P8E2F0F963B69,2025-10-03T08:40:00,2025-10-03T03:55:35,session_start,0,0.0
2025-10,EVT-202510-93D4E9206BCD-0102,SYN-202510-D93D4E9206BCD,SYN-202510-P93D4E9206BCD,2025-10-03T08:42:00,2025-10-02T21:25:30,level_completed,1,0.0
2025-10,EVT-202510-E8539E112FE3-0013,SYN-202510-DE8539E112FE3,SYN-202510-PE8539E112FE3,2025-10-03T08:43:00,2025-10-02T12:58:38,level_completed,1,0.0
2025-10,EVT-202510-4614514762A7-0060,SYN-202510-D4614514762A7,SYN-202510-P4614514762A7,2025-10-03T08:44:00,2025-10-02T18:51:08,level_completed,1,0.0
2025-10,EVT-202510-93D4E9206BCD-0068,SYN-202510-D93D4E9206BCD,SYN-202510-P93D4E9206BCD,2025-10-03T08:44:00,2025-10-02T21:25:30,level_completed,1,0.0
2025-10,EVT-202510-93D4E9206BCD-0075,SYN-202510-D93D4E9206BCD,SYN-202510-P93D4E9206BCD,2025-10-03T08:45:00,2025-10-02T21:25:30,level_completed,1,0.0
2025-10,EVT-202510-5D76614FC056-0100,SYN-202510-D5D76614FC056,SYN-202510-P5D76614FC056,2025-10-03T08:46:00,2025-10-01T12:48:40,level_completed,1,0.0
2025-10,EVT-202510-CD116610839D-0001,SYN-202510-DCD116610839D,SYN-202510-PCD116610839D,2025-10-03T08:46:00,2025-10-03T01:36:47,session_start,0,0.0
2025-10,EVT-202510-93D4E9206BCD-0128,SYN-202510-D93D4E9206BCD,SYN-202510-P93D4E9206BCD,2025-10-03T08:48:00,2025-10-02T21:25:30,level_completed,1,0.0
2025-10,EVT-202510-4614514762A7-0137,SYN-202510-D4614514762A7,SYN-202510-P4614514762A7,2025-10-03T08:49:00,2025-10-02T18:51:08,ad_impression,0,0.001
2025-10,EVT-202510-CD116610839D-0024,SYN-202510-DCD116610839D,SYN-202510-PCD116610839D,2025-10-03T08:50:00,2025-10-03T01:36:47,level_completed,1,0.0
2025-10,EVT-202510-E8539E112FE3-0030,SYN-202510-DE8539E112FE3,SYN-202510-PE8539E112FE3,2025-10-03T08:50:00,2025-10-02T12:58:38,ad_impression,0,0.078
2025-10,EVT-202510-4614514762A7-0061,SYN-202510-D4614514762A7,SYN-202510-P4614514762A7,2025-10-03T08:54:00,2025-10-02T18:51:08,level_completed,1,0.0
2025-10,EVT-202510-93D4E9206BCD-0170,SYN-202510-D93D4E9206BCD,SYN-202510-P93D4E9206BCD,2025-10-03T08:54:00,2025-10-02T21:25:30,ad_impression,0,0.0036
2025-10,EVT-202510-93D4E9206BCD-0096,SYN-202510-D93D4E9206BCD,SYN-202510-P93D4E9206BCD,2025-10-03T08:57:00,2025-10-02T21:25:30,level_completed,1,0.0
2025-10,EVT-202510-E8539E112FE3-0010,SYN-202510-DE8539E112FE3,SYN-202510-PE8539E112FE3,2025-10-03T08:57:00,2025-10-02T12:58:38,level_completed,1,0.0
2025-10,EVT-202510-5D76614FC056-0072,SYN-202510-D5D76614FC056,SYN-202510-P5D76614FC056,2025-10-03T08:58:00,2025-10-01T12:48:40,level_completed,1,0.0
2025-10,EVT-202510-4614514762A7-0030,SYN-202510-D4614514762A7,SYN-202510-P4614514762A7,2025-10-03T08:59:00,2025-10-02T18:51:08,level_completed,1,0.0
2025-10,EVT-202510-93D4E9206BCD-0018,SYN-202510-D93D4E9206BCD,SYN-202510-P93D4E9206BCD,2025-10-03T09:00:00,2025-10-02T21:25:30,level_completed,1,0.0
2025-10,EVT-202510-93D4E9206BCD-0012,SYN-202510-D93D4E9206BCD,SYN-202510-P93D4E9206BCD,2025-10-03T09:01:00,2025-10-02T21:25:30,level_completed,1,0.0
2025-10,EVT-202510-93D4E9206BCD-0108,SYN-202510-D93D4E9206BCD,SYN-202510-P93D4E9206BCD,2025-10-03T09:04:00,2025-10-02T21:25:30,level_completed,1,0.0
2025-10,EVT-202510-93D4E9206BCD-0177,SYN-202510-D93D4E9206BCD,SYN-202510-P93D4E9206BCD,2025-10-03T09:05:00,2025-10-02T21:25:30,ad_impression,0,0.0036
2025-10,EVT-202510-93D4E9206BCD-0180,SYN-202510-D93D4E9206BCD,SYN-202510-P93D4E9206BCD,2025-10-03T09:05:00,2025-10-02T21:25:30,ad_impression,0,0.0036
2025-10,EVT-202510-93D4E9206BCD-0140,SYN-202510-D93D4E9206BCD,SYN-202510-P93D4E9206BCD,2025-10-03T09:08:00,2025-10-02T21:25:30,level_completed,1,0.0
2025-10,EVT-202510-CD116610839D-0020,SYN-202510-DCD116610839D,SYN-202510-PCD116610839D,2025-10-03T09:11:00,2025-10-03T01:36:47,level_completed,1,0.0
2025-10,EVT-202510-93D4E9206BCD-0115,SYN-202510-D93D4E9206BCD,SYN-202510-P93D4E9206BCD,2025-10-03T09:12:00,2025-10-02T21:25:30,level_completed,1,0.0
2025-10,EVT-202510-93D4E9206BCD-0164,SYN-202510-D93D4E9206BCD,SYN-202510-P93D4E9206BCD,2025-10-03T09:14:00,2025-10-02T21:25:30,ad_impression,0,0.0036
2025-10,EVT-202510-E8539E112FE3-0009,SYN-202510-DE8539E112FE3,SYN-202510-PE8539E112FE3,2025-10-03T09:16:00,2025-10-02T12:58:38,level_completed,1,0.0
2025-10,EVT-202510-E8539E112FE3-0005,SYN-202510-DE8539E112FE3,SYN-202510-PE8539E112FE3,2025-10-03T09:17:00,2025-10-02T12:58:38,level_completed,1,0.0
2025-10,EVT-202510-E8539E112FE3-0006,SYN-202510-DE8539E112FE3,SYN-202510-PE8539E112FE3,2025-10-03T09:17:00,2025-10-02T12:58:38,level_completed,1,0.0
2025-10,EVT-202510-4614514762A7-0116,SYN-202510-D4614514762A7,SYN-202510-P4614514762A7,2025-10-03T09:18:00,2025-10-02T18:51:08,ad_impression,0,0.001
2025-10,EVT-202510-93D4E9206BCD-0059,SYN-202510-D93D4E9206BCD,SYN-202510-P93D4E9206BCD,2025-10-03T09:19:00,2025-10-02T21:25:30,level_completed,1,0.0
2025-10,EVT-202510-93D4E9206BCD-0093,SYN-202510-D93D4E9206BCD,SYN-202510-P93D4E9206BCD,2025-10-03T09:19:00,2025-10-02T21:25:30,level_completed,1,0.0
2025-10,EVT-202510-93D4E9206BCD-0042,SYN-202510-D93D4E9206BCD,SYN-202510-P93D4E9206BCD,2025-10-03T09:20:00,2025-10-02T21:25:30,level_completed,1,0.0
2025-10,EVT-202510-93D4E9206BCD-0168,SYN-202510-D93D4E9206BCD,SYN-202510-P93D4E9206BCD,2025-10-03T09:21:00,2025-10-02T21:25:30,ad_impression,0,0.0036
2025-10,EVT-202510-750FE15ED3F4-0004,SYN-202510-D750FE15ED3F4,SYN-202510-P750FE15ED3F4,2025-10-03T09:23:00,2025-10-02T12:21:01,session_start,0,0.0
2025-10,EVT-202510-CD116610839D-0029,SYN-202510-DCD116610839D,SYN-202510-PCD116610839D,2025-10-03T09:23:00,2025-10-03T01:36:47,ad_impression,0,0.041
2025-10,EVT-202510-E8539E112FE3-0023,SYN-202510-DE8539E112FE3,SYN-202510-PE8539E112FE3,2025-10-03T09:33:00,2025-10-02T12:58:38,level_completed,1,0.0
2025-10,EVT-202510-5D76614FC056-0015,SYN-202510-D5D76614FC056,SYN-202510-P5D76614FC056,2025-10-03T09:39:00,2025-10-01T12:48:40,session_start,0,0.0
2025-10,EVT-202510-750FE15ED3F4-0028,SYN-202510-D750FE15ED3F4,SYN-202510-P750FE15ED3F4,2025-10-03T09:44:00,2025-10-02T12:21:01,ad_impression,0,0.0319
2025-10,EVT-202510-5D76614FC056-0127,SYN-202510-D5D76614FC056,SYN-202510-P5D76614FC056,2025-10-03T09:46:00,2025-10-01T12:48:40,ad_impression,0,0.0007
2025-10,EVT-202510-5D76614FC056-0171,SYN-202510-D5D76614FC056,SYN-202510-P5D76614FC056,2025-10-03T09:51:00,2025-10-01T12:48:40,ad_impression,0,0.0007
2025-10,EVT-202510-750FE15ED3F4-0011,SYN-202510-D750FE15ED3F4,SYN-202510-P750FE15ED3F4,2025-10-03T09:51:00,2025-10-02T12:21:01,level_completed,1,0.0
2025-10,EVT-202510-5D76614FC056-0063,SYN-202510-D5D76614FC056,SYN-202510-P5D76614FC056,2025-10-03T09:56:00,2025-10-01T12:48:40,level_completed,1,0.0
2025-10,EVT-202510-5D76614FC056-0117,SYN-202510-D5D76614FC056,SYN-202510-P5D76614FC056,2025-10-03T09:56:00,2025-10-01T12:48:40,ad_impression,0,0.0007
2025-10,EVT-202510-CD116610839D-0025,SYN-202510-DCD116610839D,SYN-202510-PCD116610839D,2025-10-03T10:04:00,2025-10-03T01:36:47,ad_impression,0,0.041
2025-10,EVT-202510-5D76614FC056-0089,SYN-202510-D5D76614FC056,SYN-202510-P5D76614FC056,2025-10-03T10:05:00,2025-10-01T12:48:40,level_completed,1,0.0
2025-10,EVT-202510-750FE15ED3F4-0007,SYN-202510-D750FE15ED3F4,SYN-202510-P750FE15ED3F4,2025-10-03T10:06:00,2025-10-02T12:21:01,level_completed,1,0.0
2025-10,EVT-202510-4614514762A7-0007,SYN-202510-D4614514762A7,SYN-202510-P4614514762A7,2025-10-03T10:09:00,2025-10-02T18:51:08,session_start,0,0.0
2025-10,EVT-202510-5D76614FC056-0125,SYN-202510-D5D76614FC056,SYN-202510-P5D76614FC056,2025-10-03T10:09:00,2025-10-01T12:48:40,ad_impression,0,0.0007
2025-10,EVT-202510-750FE15ED3F4-0018,SYN-202510-D750FE15ED3F4,SYN-202510-P750FE15ED3F4,2025-10-03T10:11:00,2025-10-02T12:21:01,level_completed,1,0.0
2025-10,EVT-202510-5D76614FC056-0131,SYN-202510-D5D76614FC056,SYN-202510-P5D76614FC056,2025-10-03T10:20:00,2025-10-01T12:48:40,ad_impression,0,0.0007
2025-10,EVT-202510-750FE15ED3F4-0021,SYN-202510-D750FE15ED3F4,SYN-202510-P750FE15ED3F4,2025-10-03T10:21:00,2025-10-02T12:21:01,level_completed,1,0.0
2025-10,EVT-202510-5D76614FC056-0197,SYN-202510-D5D76614FC056,SYN-202510-P5D76614FC056,2025-10-03T10:26:00,2025-10-01T12:48:40,ad_impression,0,0.0007
2025-10,EVT-202510-B262515AD4E3-0001,SYN-202510-DB262515AD4E3,SYN-202510-PB262515AD4E3,2025-10-03T10:27:00,2025-10-03T02:57:21,session_start,0,0.0
2025-10,EVT-202510-5D76614FC056-0113,SYN-202510-D5D76614FC056,SYN-202510-P5D76614FC056,2025-10-03T10:28:00,2025-10-01T12:48:40,ad_impression,0,0.0007
2025-10,EVT-202510-B262515AD4E3-0004,SYN-202510-DB262515AD4E3,SYN-202510-PB262515AD4E3,2025-10-03T10:29:00,2025-10-03T02:57:21,level_completed,1,0.0
2025-10,EVT-202510-4614514762A7-0010,SYN-202510-D4614514762A7,SYN-202510-P4614514762A7,2025-10-03T10:30:00,2025-10-02T18:51:08,level_completed,1,0.0
2025-10,EVT-202510-B262515AD4E3-0003,SYN-202510-DB262515AD4E3,SYN-202510-PB262515AD4E3,2025-10-03T10:31:00,2025-10-03T02:57:21,level_completed,1,0.0
2025-10,EVT-202510-86B66C324F83-0016,SYN-202510-D86B66C324F83,SYN-202510-P86B66C324F83,2025-10-03T10:38:00,2025-10-01T23:19:16,session_start,0,0.0
2025-10,EVT-202510-4614514762A7-0020,SYN-202510-D4614514762A7,SYN-202510-P4614514762A7,2025-10-03T10:40:00,2025-10-02T18:51:08,level_completed,1,0.0
2025-10,EVT-202510-5D76614FC056-0200,SYN-202510-D5D76614FC056,SYN-202510-P5D76614FC056,2025-10-03T10:40:00,2025-10-01T12:48:40,ad_impression,0,0.0007
2025-10,EVT-202510-86B66C324F83-0066,SYN-202510-D86B66C324F83,SYN-202510-P86B66C324F83,2025-10-03T10:41:00,2025-10-01T23:19:16,level_completed,1,0.0
2025-10,EVT-202510-86B66C324F83-0580,SYN-202510-D86B66C324F83,SYN-202510-P86B66C324F83,2025-10-03T10:43:00,2025-10-01T23:19:16,ad_impression,0,0.0003
2025-10,EVT-202510-5D76614FC056-0160,SYN-202510-D5D76614FC056,SYN-202510-P5D76614FC056,2025-10-03T10:44:00,2025-10-01T12:48:40,ad_impression,0,0.0007
2025-10,EVT-202510-86B66C324F83-0576,SYN-202510-D86B66C324F83,SYN-202510-P86B66C324F83,2025-10-03T10:44:00,2025-10-01T23:19:16,ad_impression,0,0.0003
2025-10,EVT-202510-5D76614FC056-0214,SYN-202510-D5D76614FC056,SYN-202510-P5D76614FC056,2025-10-03T10:45:00,2025-10-01T12:48:40,ad_impression,0,0.0007
2025-10,EVT-202510-86B66C324F83-0164,SYN-202510-D86B66C324F83,SYN-202510-P86B66C324F83,2025-10-03T10:46:00,2025-10-01T23:19:16,level_completed,1,0.0
2025-10,EVT-202510-4614514762A7-0047,SYN-202510-D4614514762A7,SYN-202510-P4614514762A7,2025-10-03T10:47:00,2025-10-02T18:51:08,level_completed,1,0.0
2025-10,EVT-202510-4614514762A7-0082,SYN-202510-D4614514762A7,SYN-202510-P4614514762A7,2025-10-03T10:48:00,2025-10-02T18:51:08,level_completed,1,0.0
2025-10,EVT-202510-750FE15ED3F4-0026,SYN-202510-D750FE15ED3F4,SYN-202510-P750FE15ED3F4,2025-10-03T10:51:00,2025-10-02T12:21:01,ad_impression,0,0.0319
2025-10,EVT-202510-B262515AD4E3-0002,SYN-202510-DB262515AD4E3,SYN-202510-PB262515AD4E3,2025-10-03T10:51:00,2025-10-03T02:57:21,level_completed,1,0.0
2025-10,EVT-202510-86B66C324F83-0617,SYN-202510-D86B66C324F83,SYN-202510-P86B66C324F83,2025-10-03T10:52:00,2025-10-01T23:19:16,ad_impression,0,0.0003
2025-10,EVT-202510-1638E0E3F530-0001,SYN-202510-D1638E0E3F530,SYN-202510-P1638E0E3F530,2025-10-03T10:54:00,2025-10-03T01:23:48,session_start,0,0.0
2025-10,EVT-202510-86B66C324F83-0054,SYN-202510-D86B66C324F83,SYN-202510-P86B66C324F83,2025-10-03T10:54:00,2025-10-01T23:19:16,level_completed,1,0.0
2025-10,EVT-202510-1638E0E3F530-0004,SYN-202510-D1638E0E3F530,SYN-202510-P1638E0E3F530,2025-10-03T10:59:00,2025-10-03T01:23:48,level_completed,1,0.0
2025-10,EVT-202510-86B66C324F83-0507,SYN-202510-D86B66C324F83,SYN-202510-P86B66C324F83,2025-10-03T10:59:00,2025-10-01T23:19:16,ad_impression,0,0.0003
2025-10,EVT-202510-20C1AB5181D1-0001,SYN-202510-D20C1AB5181D1,SYN-202510-P20C1AB5181D1,2025-10-03T11:00:55,2025-10-03T10:59:55,session_start,0,0.0
2025-10,EVT-202510-86B66C324F83-0465,SYN-202510-D86B66C324F83,SYN-202510-P86B66C324F83,2025-10-03T11:01:00,2025-10-01T23:19:16,ad_impression,0,0.0003
2025-10,EVT-202510-86B66C324F83-0202,SYN-202510-D86B66C324F83,SYN-202510-P86B66C324F83,2025-10-03T11:02:00,2025-10-01T23:19:16,level_completed,1,0.0
2025-10,EVT-202510-86B66C324F83-0302,SYN-202510-D86B66C324F83,SYN-202510-P86B66C324F83,2025-10-03T11:03:00,2025-10-01T23:19:16,level_completed,1,0.0
2025-10,EVT-202510-86B66C324F83-0297,SYN-202510-D86B66C324F83,SYN-202510-P86B66C324F83,2025-10-03T11:04:00,2025-10-01T23:19:16,level_completed,1,0.0
2025-10,EVT-202510-5D76614FC056-0179,SYN-202510-D5D76614FC056,SYN-202510-P5D76614FC056,2025-10-03T11:05:00,2025-10-01T12:48:40,ad_impression,0,0.0007
2025-10,EVT-202510-86B66C324F83-0424,SYN-202510-D86B66C324F83,SYN-202510-P86B66C324F83,2025-10-03T11:06:00,2025-10-01T23:19:16,ad_impression,0,0.0003
2025-10,EVT-202510-20C1AB5181D1-0023,SYN-202510-D20C1AB5181D1,SYN-202510-P20C1AB5181D1,2025-10-03T11:07:55,2025-10-03T10:59:55,level_completed,1,0.0
2025-10,EVT-202510-4614514762A7-0071,SYN-202510-D4614514762A7,SYN-202510-P4614514762A7,2025-10-03T11:08:00,2025-10-02T18:51:08,level_completed,1,0.0
2025-10,EVT-202510-5D76614FC056-0139,SYN-202510-D5D76614FC056,SYN-202510-P5D76614FC056,2025-10-03T11:08:00,2025-10-01T12:48:40,ad_impression,0,0.0007
2025-10,EVT-202510-20C1AB5181D1-0011,SYN-202510-D20C1AB5181D1,SYN-202510-P20C1AB5181D1,2025-10-03T11:09:55,2025-10-03T10:59:55,level_completed,1,0.0
2025-10,EVT-202510-1638E0E3F530-0010,SYN-202510-D1638E0E3F530,SYN-202510-P1638E0E3F530,2025-10-03T11:10:00,2025-10-03T01:23:48,level_completed,1,0.0
2025-10,EVT-202510-4614514762A7-0099,SYN-202510-D4614514762A7,SYN-202510-P4614514762A7,2025-10-03T11:10:00,2025-10-02T18:51:08,ad_impression,0,0.001
2025-10,EVT-202510-4614514762A7-0097,SYN-202510-D4614514762A7,SYN-202510-P4614514762A7,2025-10-03T11:11:00,2025-10-02T18:51:08,ad_impression,0,0.001
2025-10,EVT-202510-4614514762A7-0140,SYN-202510-D4614514762A7,SYN-202510-P4614514762A7,2025-10-03T11:12:00,2025-10-02T18:51:08,ad_impression,0,0.001
2025-10,EVT-202510-86B66C324F83-0239,SYN-202510-D86B66C324F83,SYN-202510-P86B66C324F83,2025-10-03T11:12:00,2025-10-01T23:19:16,level_completed,1,0.0
2025-10,EVT-202510-4614514762A7-0032,SYN-202510-D4614514762A7,SYN-202510-P4614514762A7,2025-10-03T11:13:00,2025-10-02T18:51:08,level_completed,1,0.0
2025-10,EVT-202510-86B66C324F83-0345,SYN-202510-D86B66C324F83,SYN-202510-P86B66C324F83,2025-10-03T11:13:00,2025-10-01T23:19:16,level_completed,1,0.0
2025-10,EVT-202510-20C1AB5181D1-0014,SYN-202510-D20C1AB5181D1,SYN-202510-P20C1AB5181D1,2025-10-03T11:13:55,2025-10-03T10:59:55,level_completed,1,0.0
2025-10,EVT-202510-1638E0E3F530-0003,SYN-202510-D1638E0E3F530,SYN-202510-P1638E0E3F530,2025-10-03T11:15:00,2025-10-03T01:23:48,level_completed,1,0.0
2025-10,EVT-202510-86B66C324F83-0201,SYN-202510-D86B66C324F83,SYN-202510-P86B66C324F83,2025-10-03T11:15:00,2025-10-01T23:19:16,level_completed,1,0.0
2025-10,EVT-202510-86B66C324F83-0043,SYN-202510-D86B66C324F83,SYN-202510-P86B66C324F83,2025-10-03T11:16:00,2025-10-01T23:19:16,level_completed,1,0.0
2025-10,EVT-202510-4614514762A7-0052,SYN-202510-D4614514762A7,SYN-202510-P4614514762A7,2025-10-03T11:20:00,2025-10-02T18:51:08,level_completed,1,0.0
2025-10,EVT-202510-96F6A1B4BE7B-0007,SYN-202510-D96F6A1B4BE7B,SYN-202510-P96F6A1B4BE7B,2025-10-03T11:20:00,2025-10-02T07:27:04,session_start,0,0.0
2025-10,EVT-202510-4614514762A7-0022,SYN-202510-D4614514762A7,SYN-202510-P4614514762A7,2025-10-03T11:21:00,2025-10-02T18:51:08,level_completed,1,0.0
2025-10,EVT-202510-86B66C324F83-0288,SYN-202510-D86B66C324F83,SYN-202510-P86B66C324F83,2025-10-03T11:22:00,2025-10-01T23:19:16,level_completed,1,0.0
2025-10,EVT-202510-96F6A1B4BE7B-0036,SYN-202510-D96F6A1B4BE7B,SYN-202510-P96F6A1B4BE7B,2025-10-03T11:22:00,2025-10-02T07:27:04,level_completed,1,0.0
2025-10,EVT-202510-4614514762A7-0036,SYN-202510-D4614514762A7,SYN-202510-P4614514762A7,2025-10-03T11:24:00,2025-10-02T18:51:08,level_completed,1,0.0
2025-10,EVT-202510-86B66C324F83-0572,SYN-202510-D86B66C324F83,SYN-202510-P86B66C324F83,2025-10-03T11:24:00,2025-10-01T23:19:16,ad_impression,0,0.0003
2025-10,EVT-202510-4BAFDACE030D-0001,SYN-202510-D4BAFDACE030D,SYN-202510-P4BAFDACE030D,2025-10-03T11:24:04,2025-10-03T11:23:04,session_start,0,0.0
2025-10,EVT-202510-4BAFDACE030D-0002,SYN-202510-D4BAFDACE030D,SYN-202510-P4BAFDACE030D,2025-10-03T11:24:04,2025-10-03T11:23:04,session_start,0,0.0
2025-10,EVT-202510-86B66C324F83-0498,SYN-202510-D86B66C324F83,SYN-202510-P86B66C324F83,2025-10-03T11:26:00,2025-10-01T23:19:16,ad_impression,0,0.0003
2025-10,EVT-202510-4BAFDACE030D-0021,SYN-202510-D4BAFDACE030D,SYN-202510-P4BAFDACE030D,2025-10-03T11:26:04,2025-10-03T11:23:04,level_completed,1,0.0
2025-10,EVT-202510-4BAFDACE030D-0047,SYN-202510-D4BAFDACE030D,SYN-202510-P4BAFDACE030D,2025-10-03T11:26:04,2025-10-03T11:23:04,level_completed,1,0.0
2025-10,EVT-202510-86B66C324F83-0240,SYN-202510-D86B66C324F83,SYN-202510-P86B66C324F83,2025-10-03T11:27:00,2025-10-01T23:19:16,level_completed,1,0.0
2025-10,EVT-202510-4BAFDACE030D-0027,SYN-202510-D4BAFDACE030D,SYN-202510-P4BAFDACE030D,2025-10-03T11:27:04,2025-10-03T11:23:04,level_completed,1,0.0
2025-10,EVT-202510-4BAFDACE030D-0029,SYN-202510-D4BAFDACE030D,SYN-202510-P4BAFDACE030D,2025-10-03T11:28:04,2025-10-03T11:23:04,level_completed,1,0.0
2025-10,EVT-202510-1638E0E3F530-0009,SYN-202510-D1638E0E3F530,SYN-202510-P1638E0E3F530,2025-10-03T11:29:00,2025-10-03T01:23:48,level_completed,1,0.0
2025-10,EVT-202510-4BAFDACE030D-0026,SYN-202510-D4BAFDACE030D,SYN-202510-P4BAFDACE030D,2025-10-03T11:29:04,2025-10-03T11:23:04,level_completed,1,0.0
2025-10,EVT-202510-4BAFDACE030D-0059,SYN-202510-D4BAFDACE030D,SYN-202510-P4BAFDACE030D,2025-10-03T11:29:04,2025-10-03T11:23:04,level_completed,1,0.0
2025-10,EVT-202510-4BAFDACE030D-0031,SYN-202510-D4BAFDACE030D,SYN-202510-P4BAFDACE030D,2025-10-03T11:30:04,2025-10-03T11:23:04,level_completed,1,0.0
2025-10,EVT-202510-E9745B9BA1EA-0001,SYN-202510-DE9745B9BA1EA,SYN-202510-PE9745B9BA1EA,2025-10-03T11:32:00,2025-10-03T05:14:19,session_start,0,0.0
2025-10,EVT-202510-B262515AD4E3-0005,SYN-202510-DB262515AD4E3,SYN-202510-PB262515AD4E3,2025-10-03T11:33:00,2025-10-03T02:57:21,level_completed,1,0.0
2025-10,EVT-202510-4BAFDACE030D-0019,SYN-202510-D4BAFDACE030D,SYN-202510-P4BAFDACE030D,2025-10-03T11:33:04,2025-10-03T11:23:04,level_completed,1,0.0
2025-10,EVT-202510-7BBD532C3694-0004,SYN-202510-D7BBD532C3694,SYN-202510-P7BBD532C3694,2025-10-03T11:35:00,2025-10-02T00:50:09,session_start,0,0.0
2025-10,EVT-202510-D3475F4193A8-0002,SYN-202510-DD3475F4193A8,SYN-202510-PD3475F4193A8,2025-10-03T11:35:00,2025-10-02T03:05:43,session_start,0,0.0
2025-10,EVT-202510-4BAFDACE030D-0055,SYN-202510-D4BAFDACE030D,SYN-202510-P4BAFDACE030D,2025-10-03T11:36:04,2025-10-03T11:23:04,level_completed,1,0.0
2025-10,EVT-202510-1638E0E3F530-0006,SYN-202510-D1638E0E3F530,SYN-202510-P1638E0E3F530,2025-10-03T11:37:00,2025-10-03T01:23:48,level_completed,1,0.0
2025-10,EVT-202510-86B66C324F83-0343,SYN-202510-D86B66C324F83,SYN-202510-P86B66C324F83,2025-10-03T11:37:00,2025-10-01T23:19:16,level_completed,1,0.0
2025-10,EVT-202510-4BAFDACE030D-0041,SYN-202510-D4BAFDACE030D,SYN-202510-P4BAFDACE030D,2025-10-03T11:37:04,2025-10-03T11:23:04,level_completed,1,0.0
2025-10,EVT-202510-86B66C324F83-0136,SYN-202510-D86B66C324F83,SYN-202510-P86B66C324F83,2025-10-03T11:38:00,2025-10-01T23:19:16,level_completed,1,0.0
2025-10,EVT-202510-4BAFDACE030D-0053,SYN-202510-D4BAFDACE030D,SYN-202510-P4BAFDACE030D,2025-10-03T11:38:04,2025-10-03T11:23:04,level_completed,1,0.0
2025-10,EVT-202510-20C1AB5181D1-0020,SYN-202510-D20C1AB5181D1,SYN-202510-P20C1AB5181D1,2025-10-03T11:38:55,2025-10-03T10:59:55,level_completed,1,0.0
2025-10,EVT-202510-1638E0E3F530-0007,SYN-202510-D1638E0E3F530,SYN-202510-P1638E0E3F530,2025-10-03T11:41:00,2025-10-03T01:23:48,level_completed,1,0.0
2025-10,EVT-202510-86B66C324F83-0414,SYN-202510-D86B66C324F83,SYN-202510-P86B66C324F83,2025-10-03T11:41:00,2025-10-01T23:19:16,ad_impression,0,0.0003
2025-10,EVT-202510-86B66C324F83-0426,SYN-202510-D86B66C324F83,SYN-202510-P86B66C324F83,2025-10-03T11:41:00,2025-10-01T23:19:16,ad_impression,0,0.0003
2025-10,EVT-202510-86B66C324F83-0020,SYN-202510-D86B66C324F83,SYN-202510-P86B66C324F83,2025-10-03T11:42:00,2025-10-01T23:19:16,level_completed,1,0.0
2025-10,EVT-202510-86B66C324F83-0134,SYN-202510-D86B66C324F83,SYN-202510-P86B66C324F83,2025-10-03T11:42:00,2025-10-01T23:19:16,level_completed,1,0.0
2025-10,EVT-202510-4BAFDACE030D-0065,SYN-202510-D4BAFDACE030D,SYN-202510-P4BAFDACE030D,2025-10-03T11:43:04,2025-10-03T11:23:04,ad_impression,0,0.0159
2025-10,EVT-202510-96F6A1B4BE7B-0039,SYN-202510-D96F6A1B4BE7B,SYN-202510-P96F6A1B4BE7B,2025-10-03T11:44:00,2025-10-02T07:27:04,level_completed,1,0.0
2025-10,EVT-202510-4BAFDACE030D-0056,SYN-202510-D4BAFDACE030D,SYN-202510-P4BAFDACE030D,2025-10-03T11:44:04,2025-10-03T11:23:04,level_completed,1,0.0
2025-10,EVT-202510-7BBD532C3694-0039,SYN-202510-D7BBD532C3694,SYN-202510-P7BBD532C3694,2025-10-03T11:45:00,2025-10-02T00:50:09,level_completed,1,0.0
2025-10,EVT-202510-1638E0E3F530-0002,SYN-202510-D1638E0E3F530,SYN-202510-P1638E0E3F530,2025-10-03T11:46:00,2025-10-03T01:23:48,level_completed,1,0.0
2025-10,EVT-202510-96F6A1B4BE7B-0034,SYN-202510-D96F6A1B4BE7B,SYN-202510-P96F6A1B4BE7B,2025-10-03T11:46:00,2025-10-02T07:27:04,level_completed,1,0.0
2025-10,EVT-202510-4BAFDACE030D-0040,SYN-202510-D4BAFDACE030D,SYN-202510-P4BAFDACE030D,2025-10-03T11:48:04,2025-10-03T11:23:04,level_completed,1,0.0
2025-10,EVT-202510-20C1AB5181D1-0009,SYN-202510-D20C1AB5181D1,SYN-202510-P20C1AB5181D1,2025-10-03T11:48:55,2025-10-03T10:59:55,level_completed,1,0.0
2025-10,EVT-202510-1638E0E3F530-0008,SYN-202510-D1638E0E3F530,SYN-202510-P1638E0E3F530,2025-10-03T11:51:00,2025-10-03T01:23:48,level_completed,1,0.0
2025-10,EVT-202510-4BAFDACE030D-0043,SYN-202510-D4BAFDACE030D,SYN-202510-P4BAFDACE030D,2025-10-03T11:51:04,2025-10-03T11:23:04,level_completed,1,0.0
2025-10,EVT-202510-4BAFDACE030D-0012,SYN-202510-D4BAFDACE030D,SYN-202510-P4BAFDACE030D,2025-10-03T11:52:04,2025-10-03T11:23:04,level_completed,1,0.0
2025-10,EVT-202510-86B66C324F83-0355,SYN-202510-D86B66C324F83,SYN-202510-P86B66C324F83,2025-10-03T11:54:00,2025-10-01T23:19:16,ad_impression,0,0.0003
2025-10,EVT-202510-86B66C324F83-0533,SYN-202510-D86B66C324F83,SYN-202510-P86B66C324F83,2025-10-03T11:54:00,2025-10-01T23:19:16,ad_impression,0,0.0003
2025-10,EVT-202510-4BAFDACE030D-0023,SYN-202510-D4BAFDACE030D,SYN-202510-P4BAFDACE030D,2025-10-03T11:54:04,2025-10-03T11:23:04,level_completed,1,0.0
2025-10,EVT-202510-7BBD532C3694-0022,SYN-202510-D7BBD532C3694,SYN-202510-P7BBD532C3694,2025-10-03T11:57:00,2025-10-02T00:50:09,level_completed,1,0.0
2025-10,EVT-202510-4BAFDACE030D-0050,SYN-202510-D4BAFDACE030D,SYN-202510-P4BAFDACE030D,2025-10-03T11:57:04,2025-10-03T11:23:04,level_completed,1,0.0
2025-10,EVT-202510-7BBD532C3694-0024,SYN-202510-D7BBD532C3694,SYN-202510-P7BBD532C3694,2025-10-03T11:58:00,2025-10-02T00:50:09,level_completed,1,0.0
2025-10,EVT-202510-86B66C324F83-0489,SYN-202510-D86B66C324F83,SYN-202510-P86B66C324F83,2025-10-03T11:59:00,2025-10-01T23:19:16,ad_impression,0,0.0003
2025-10,EVT-202510-96F6A1B4BE7B-0035,SYN-202510-D96F6A1B4BE7B,SYN-202510-P96F6A1B4BE7B,2025-10-03T12:00:00,2025-10-02T07:27:04,level_completed,1,0.0
2025-10,EVT-202510-BD970CB83BEC-0005,SYN-202510-DBD970CB83BEC,SYN-202510-PBD970CB83BEC,2025-10-03T12:00:00,2025-10-02T23:27:02,session_start,0,0.0
2025-10,EVT-202510-4BAFDACE030D-0052,SYN-202510-D4BAFDACE030D,SYN-202510-P4BAFDACE030D,2025-10-03T12:02:04,2025-10-03T11:23:04,level_completed,1,0.0
2025-10,EVT-202510-B28498937467-0001,SYN-202510-DB28498937467,SYN-202510-PB28498937467,2025-10-03T12:04:00,2025-10-03T02:20:01,session_start,0,0.0
2025-10,EVT-202510-1638E0E3F530-0005,SYN-202510-D1638E0E3F530,SYN-202510-P1638E0E3F530,2025-10-03T12:06:00,2025-10-03T01:23:48,level_completed,1,0.0
2025-10,EVT-202510-86B66C324F83-0577,SYN-202510-D86B66C324F83,SYN-202510-P86B66C324F83,2025-10-03T12:06:00,2025-10-01T23:19:16,ad_impression,0,0.0003
2025-10,EVT-202510-4BAFDACE030D-0007,SYN-202510-D4BAFDACE030D,SYN-202510-P4BAFDACE030D,2025-10-03T12:06:04,2025-10-03T11:23:04,level_completed,1,0.0
2025-10,EVT-202510-86B66C324F83-0499,SYN-202510-D86B66C324F83,SYN-202510-P86B66C324F83,2025-10-03T12:07:00,2025-10-01T23:19:16,ad_impression,0,0.0003
2025-10,EVT-202510-4BAFDACE030D-0022,SYN-202510-D4BAFDACE030D,SYN-202510-P4BAFDACE030D,2025-10-03T12:07:04,2025-10-03T11:23:04,level_completed,1,0.0
2025-10,EVT-202510-4BAFDACE030D-0054,SYN-202510-D4BAFDACE030D,SYN-202510-P4BAFDACE030D,2025-10-03T12:09:04,2025-10-03T11:23:04,level_completed,1,0.0
2025-10,EVT-202510-5D76614FC056-0016,SYN-202510-D5D76614FC056,SYN-202510-P5D76614FC056,2025-10-03T12:11:00,2025-10-01T12:48:40,session_start,0,0.0
2025-10,EVT-202510-4BAFDACE030D-0044,SYN-202510-D4BAFDACE030D,SYN-202510-P4BAFDACE030D,2025-10-03T12:11:04,2025-10-03T11:23:04,level_completed,1,0.0
2025-10,EVT-202510-4BAFDACE030D-0048,SYN-202510-D4BAFDACE030D,SYN-202510-P4BAFDACE030D,2025-10-03T12:11:04,2025-10-03T11:23:04,level_completed,1,0.0
2025-10,EVT-202510-4BAFDACE030D-0020,SYN-202510-D4BAFDACE030D,SYN-202510-P4BAFDACE030D,2025-10-03T12:13:04,2025-10-03T11:23:04,level_completed,1,0.0
2025-10,EVT-202510-4BAFDACE030D-0018,SYN-202510-D4BAFDACE030D,SYN-202510-P4BAFDACE030D,2025-10-03T12:14:04,2025-10-03T11:23:04,level_completed,1,0.0
2025-10,EVT-202510-4BAFDACE030D-0066,SYN-202510-D4BAFDACE030D,SYN-202510-P4BAFDACE030D,2025-10-03T12:14:04,2025-10-03T11:23:04,ad_impression,0,0.0159
2025-10,EVT-202510-D3475F4193A8-0016,SYN-202510-DD3475F4193A8,SYN-202510-PD3475F4193A8,2025-10-03T12:16:00,2025-10-02T03:05:43,ad_impression,0,0.0703
2025-10,EVT-202510-D3475F4193A8-0011,SYN-202510-DD3475F4193A8,SYN-202510-PD3475F4193A8,2025-10-03T12:17:00,2025-10-02T03:05:43,level_completed,1,0.0
2025-10,EVT-202510-4BAFDACE030D-0033,SYN-202510-D4BAFDACE030D,SYN-202510-P4BAFDACE030D,2025-10-03T12:17:04,2025-10-03T11:23:04,level_completed,1,0.0
2025-10,EVT-202510-4BAFDACE030D-0037,SYN-202510-D4BAFDACE030D,SYN-202510-P4BAFDACE030D,2025-10-03T12:17:04,2025-10-03T11:23:04,level_completed,1,0.0
2025-10,EVT-202510-4BAFDACE030D-0034,SYN-202510-D4BAFDACE030D,SYN-202510-P4BAFDACE030D,2025-10-03T12:18:04,2025-10-03T11:23:04,level_completed,1,0.0
2025-10,EVT-202510-4BAFDACE030D-0014,SYN-202510-D4BAFDACE030D,SYN-202510-P4BAFDACE030D,2025-10-03T12:19:04,2025-10-03T11:23:04,level_completed,1,0.0
2025-10,EVT-202510-D3475F4193A8-0017,SYN-202510-DD3475F4193A8,SYN-202510-PD3475F4193A8,2025-10-03T12:20:00,2025-10-02T03:05:43,ad_impression,0,0.0703
2025-10,EVT-202510-5D76614FC056-0024,SYN-202510-D5D76614FC056,SYN-202510-P5D76614FC056,2025-10-03T12:21:00,2025-10-01T12:48:40,level_completed,1,0.0
2025-10,EVT-202510-BD970CB83BEC-0019,SYN-202510-DBD970CB83BEC,SYN-202510-PBD970CB83BEC,2025-10-03T12:21:00,2025-10-02T23:27:02,level_completed,1,0.0
2025-10,EVT-202510-5D76614FC056-0107,SYN-202510-D5D76614FC056,SYN-202510-P5D76614FC056,2025-10-03T12:22:00,2025-10-01T12:48:40,level_completed,1,0.0
2025-10,EVT-202510-4BAFDACE030D-0046,SYN-202510-D4BAFDACE030D,SYN-202510-P4BAFDACE030D,2025-10-03T12:22:04,2025-10-03T11:23:04,level_completed,1,0.0
2025-10,EVT-202510-D3475F4193A8-0013,SYN-202510-DD3475F4193A8,SYN-202510-PD3475F4193A8,2025-10-03T12:23:00,2025-10-02T03:05:43,level_completed,1,0.0
2025-10,EVT-202510-7BBD532C3694-0052,SYN-202510-D7BBD532C3694,SYN-202510-P7BBD532C3694,2025-10-03T12:24:00,2025-10-02T00:50:09,ad_impression,0,0.0154
2025-10,EVT-202510-4BAFDACE030D-0011,SYN-202510-D4BAFDACE030D,SYN-202510-P4BAFDACE030D,2025-10-03T12:24:04,2025-10-03T11:23:04,level_completed,1,0.0
2025-10,EVT-202510-BD970CB83BEC-0018,SYN-202510-DBD970CB83BEC,SYN-202510-PBD970CB83BEC,2025-10-03T12:25:00,2025-10-02T23:27:02,level_completed,1,0.0
2025-10,EVT-202510-4BAFDACE030D-0058,SYN-202510-D4BAFDACE030D,SYN-202510-P4BAFDACE030D,2025-10-03T12:27:04,2025-10-03T11:23:04,level_completed,1,0.0
2025-10,EVT-202510-7BBD532C3694-0037,SYN-202510-D7BBD532C3694,SYN-202510-P7BBD532C3694,2025-10-03T12:28:00,2025-10-02T00:50:09,level_completed,1,0.0
2025-10,EVT-202510-D3475F4193A8-0010,SYN-202510-DD3475F4193A8,SYN-202510-PD3475F4193A8,2025-10-03T12:28:00,2025-10-02T03:05:43,level_completed,1,0.0
2025-10,EVT-202510-5D76614FC056-0068,SYN-202510-D5D76614FC056,SYN-202510-P5D76614FC056,2025-10-03T12:29:00,2025-10-01T12:48:40,level_completed,1,0.0
2025-10,EVT-202510-96F6A1B4BE7B-0012,SYN-202510-D96F6A1B4BE7B,SYN-202510-P96F6A1B4BE7B,2025-10-03T12:29:00,2025-10-02T07:27:04,level_completed,1,0.0
2025-10,EVT-202510-D3475F4193A8-0012,SYN-202510-DD3475F4193A8,SYN-202510-PD3475F4193A8,2025-10-03T12:29:00,2025-10-02T03:05:43,level_completed,1,0.0
2025-10,EVT-202510-5D76614FC056-0030,SYN-202510-D5D76614FC056,SYN-202510-P5D76614FC056,2025-10-03T12:31:00,2025-10-01T12:48:40,level_completed,1,0.0
2025-10,EVT-202510-96F6A1B4BE7B-0044,SYN-202510-D96F6A1B4BE7B,SYN-202510-P96F6A1B4BE7B,2025-10-03T12:32:00,2025-10-02T07:27:04,level_completed,1,0.0
2025-10,EVT-202510-E9745B9BA1EA-0005,SYN-202510-DE9745B9BA1EA,SYN-202510-PE9745B9BA1EA,2025-10-03T12:32:00,2025-10-03T05:14:19,level_completed,1,0.0
2025-10,EVT-202510-4BAFDACE030D-0042,SYN-202510-D4BAFDACE030D,SYN-202510-P4BAFDACE030D,2025-10-03T12:33:04,2025-10-03T11:23:04,level_completed,1,0.0
2025-10,EVT-202510-5D76614FC056-0019,SYN-202510-D5D76614FC056,SYN-202510-P5D76614FC056,2025-10-03T12:35:00,2025-10-01T12:48:40,level_completed,1,0.0
2025-10,EVT-202510-7BBD532C3694-0013,SYN-202510-D7BBD532C3694,SYN-202510-P7BBD532C3694,2025-10-03T12:37:00,2025-10-02T00:50:09,level_completed,1,0.0
2025-10,EVT-202510-4BAFDACE030D-0006,SYN-202510-D4BAFDACE030D,SYN-202510-P4BAFDACE030D,2025-10-03T12:37:04,2025-10-03T11:23:04,level_completed,1,0.0
2025-10,EVT-202510-7BBD532C3694-0053,SYN-202510-D7BBD532C3694,SYN-202510-P7BBD532C3694,2025-10-03T12:38:00,2025-10-02T00:50:09,ad_impression,0,0.0154
2025-10,EVT-202510-96F6A1B4BE7B-0032,SYN-202510-D96F6A1B4BE7B,SYN-202510-P96F6A1B4BE7B,2025-10-03T12:39:00,2025-10-02T07:27:04,level_completed,1,0.0
2025-10,EVT-202510-4BAFDACE030D-0016,SYN-202510-D4BAFDACE030D,SYN-202510-P4BAFDACE030D,2025-10-03T12:39:04,2025-10-03T11:23:04,level_completed,1,0.0
2025-10,EVT-202510-B28498937467-0006,SYN-202510-DB28498937467,SYN-202510-PB28498937467,2025-10-03T12:43:00,2025-10-03T02:20:01,level_completed,1,0.0
2025-10,EVT-202510-4BAFDACE030D-0030,SYN-202510-D4BAFDACE030D,SYN-202510-P4BAFDACE030D,2025-10-03T12:43:04,2025-10-03T11:23:04,level_completed,1,0.0
2025-10,EVT-202510-5D76614FC056-0143,SYN-202510-D5D76614FC056,SYN-202510-P5D76614FC056,2025-10-03T12:45:00,2025-10-01T12:48:40,ad_impression,0,0.0007
2025-10,EVT-202510-B28498937467-0009,SYN-202510-DB28498937467,SYN-202510-PB28498937467,2025-10-03T12:45:00,2025-10-03T02:20:01,ad_impression,0,0.0039
2025-10,EVT-202510-4BAFDACE030D-0067,SYN-202510-D4BAFDACE030D,SYN-202510-P4BAFDACE030D,2025-10-03T12:46:04,2025-10-03T11:23:04,ad_impression,0,0.0159
2025-10,EVT-202510-5D76614FC056-0069,SYN-202510-D5D76614FC056,SYN-202510-P5D76614FC056,2025-10-03T12:47:00,2025-10-01T12:48:40,level_completed,1,0.0
2025-10,EVT-202510-7BBD532C3694-0031,SYN-202510-D7BBD532C3694,SYN-202510-P7BBD532C3694,2025-10-03T12:48:00,2025-10-02T00:50:09,level_completed,1,0.0
2025-10,EVT-202510-B781948D3F02-0001,SYN-202510-DB781948D3F02,SYN-202510-PB781948D3F02,2025-10-03T12:48:54,2025-10-03T12:47:54,session_start,0,0.0
2025-10,EVT-202510-B781948D3F02-0002,SYN-202510-DB781948D3F02,SYN-202510-PB781948D3F02,2025-10-03T12:48:54,2025-10-03T12:47:54,session_start,0,0.0
2025-10,EVT-202510-5D76614FC056-0023,SYN-202510-D5D76614FC056,SYN-202510-P5D76614FC056,2025-10-03T12:50:00,2025-10-01T12:48:40,level_completed,1,0.0
2025-10,EVT-202510-5D76614FC056-0070,SYN-202510-D5D76614FC056,SYN-202510-P5D76614FC056,2025-10-03T12:51:00,2025-10-01T12:48:40,level_completed,1,0.0
2025-10,EVT-202510-7BBD532C3694-0041,SYN-202510-D7BBD532C3694,SYN-202510-P7BBD532C3694,2025-10-03T12:52:00,2025-10-02T00:50:09,ad_impression,0,0.0154
2025-10,EVT-202510-B781948D3F02-0006,SYN-202510-DB781948D3F02,SYN-202510-PB781948D3F02,2025-10-03T12:52:54,2025-10-03T12:47:54,level_completed,1,0.0
2025-10,EVT-202510-1FFFAC12B5F5-0002,SYN-202510-D1FFFAC12B5F5,SYN-202510-P1FFFAC12B5F5,2025-10-03T12:54:00,2025-10-03T03:14:50,session_start,0,0.0
2025-10,EVT-202510-1BDEB5A1102D-0004,SYN-202510-D1BDEB5A1102D,SYN-202510-P1BDEB5A1102D,2025-10-03T12:56:00,2025-10-02T18:40:37,session_start,0,0.0
2025-10,EVT-202510-B28498937467-0007,SYN-202510-DB28498937467,SYN-202510-PB28498937467,2025-10-03T12:56:00,2025-10-03T02:20:01,level_completed,1,0.0
2025-10,EVT-202510-B781948D3F02-0044,SYN-202510-DB781948D3F02,SYN-202510-PB781948D3F02,2025-10-03T12:56:54,2025-10-03T12:47:54,level_completed,1,0.0
2025-10,EVT-202510-B781948D3F02-0016,SYN-202510-DB781948D3F02,SYN-202510-PB781948D3F02,2025-10-03T12:57:54,2025-10-03T12:47:54,level_completed,1,0.0
2025-10,EVT-202510-1FFFAC12B5F5-0013,SYN-202510-D1FFFAC12B5F5,SYN-202510-P1FFFAC12B5F5,2025-10-03T12:58:00,2025-10-03T03:14:50,level_completed,1,0.0
2025-10,EVT-202510-20C1AB5181D1-0002,SYN-202510-D20C1AB5181D1,SYN-202510-P20C1AB5181D1,2025-10-03T12:58:00,2025-10-03T10:59:55,session_start,0,0.0
2025-10,EVT-202510-B781948D3F02-0025,SYN-202510-DB781948D3F02,SYN-202510-PB781948D3F02,2025-10-03T12:58:54,2025-10-03T12:47:54,level_completed,1,0.0
2025-10,EVT-202510-1FFFAC12B5F5-0007,SYN-202510-D1FFFAC12B5F5,SYN-202510-P1FFFAC12B5F5,2025-10-03T12:59:00,2025-10-03T03:14:50,level_completed,1,0.0
2025-10,EVT-202510-1BDEB5A1102D-0017,SYN-202510-D1BDEB5A1102D,SYN-202510-P1BDEB5A1102D,2025-10-03T13:01:00,2025-10-02T18:40:37,level_completed,1,0.0
2025-10,EVT-202510-5D76614FC056-0114,SYN-202510-D5D76614FC056,SYN-202510-P5D76614FC056,2025-10-03T13:01:00,2025-10-01T12:48:40,ad_impression,0,0.0007
2025-10,EVT-202510-B781948D3F02-0022,SYN-202510-DB781948D3F02,SYN-202510-PB781948D3F02,2025-10-03T13:03:54,2025-10-03T12:47:54,level_completed,1,0.0
2025-10,EVT-202510-1BDEB5A1102D-0039,SYN-202510-D1BDEB5A1102D,SYN-202510-P1BDEB5A1102D,2025-10-03T13:04:00,2025-10-02T18:40:37,level_completed,1,0.0
2025-10,EVT-202510-B781948D3F02-0012,SYN-202510-DB781948D3F02,SYN-202510-PB781948D3F02,2025-10-03T13:04:54,2025-10-03T12:47:54,level_completed,1,0.0
2025-10,EVT-202510-148AEED0F829-0001,SYN-202510-D148AEED0F829,SYN-202510-P148AEED0F829,2025-10-03T13:05:00,2025-10-03T01:11:46,session_start,0,0.0
2025-10,EVT-202510-B781948D3F02-0067,SYN-202510-DB781948D3F02,SYN-202510-PB781948D3F02,2025-10-03T13:06:54,2025-10-03T12:47:54,ad_impression,0,0.0004
2025-10,EVT-202510-636537B00474-0002,SYN-202510-D636537B00474,SYN-202510-P636537B00474,2025-10-03T13:07:00,2025-10-03T01:52:32,session_start,0,0.0
2025-10,EVT-202510-B781948D3F02-0049,SYN-202510-DB781948D3F02,SYN-202510-PB781948D3F02,2025-10-03T13:08:54,2025-10-03T12:47:54,level_completed,1,0.0
2025-10,EVT-202510-B781948D3F02-0014,SYN-202510-DB781948D3F02,SYN-202510-PB781948D3F02,2025-10-03T13:10:54,2025-10-03T12:47:54,level_completed,1,0.0
2025-10,EVT-202510-B781948D3F02-0036,SYN-202510-DB781948D3F02,SYN-202510-PB781948D3F02,2025-10-03T13:10:54,2025-10-03T12:47:54,level_completed,1,0.0
2025-10,EVT-202510-20C1AB5181D1-0025,SYN-202510-D20C1AB5181D1,SYN-202510-P20C1AB5181D1,2025-10-03T13:11:00,2025-10-03T10:59:55,level_completed,1,0.0
2025-10,EVT-202510-B781948D3F02-0004,SYN-202510-DB781948D3F02,SYN-202510-PB781948D3F02,2025-10-03T13:11:54,2025-10-03T12:47:54,level_completed,1,0.0
2025-10,EVT-202510-148AEED0F829-0011,SYN-202510-D148AEED0F829,SYN-202510-P148AEED0F829,2025-10-03T13:12:00,2025-10-03T01:11:46,level_completed,1,0.0
2025-10,EVT-202510-B781948D3F02-0064,SYN-202510-DB781948D3F02,SYN-202510-PB781948D3F02,2025-10-03T13:12:54,2025-10-03T12:47:54,ad_impression,0,0.0004
2025-10,EVT-202510-B781948D3F02-0030,SYN-202510-DB781948D3F02,SYN-202510-PB781948D3F02,2025-10-03T13:13:54,2025-10-03T12:47:54,level_completed,1,0.0
2025-10,EVT-202510-1BDEB5A1102D-0015,SYN-202510-D1BDEB5A1102D,SYN-202510-P1BDEB5A1102D,2025-10-03T13:15:00,2025-10-02T18:40:37,level_completed,1,0.0
2025-10,EVT-202510-1FFFAC12B5F5-0008,SYN-202510-D1FFFAC12B5F5,SYN-202510-P1FFFAC12B5F5,2025-10-03T13:17:00,2025-10-03T03:14:50,level_completed,1,0.0
2025-10,EVT-202510-1BDEB5A1102D-0042,SYN-202510-D1BDEB5A1102D,SYN-202510-P1BDEB5A1102D,2025-10-03T13:18:00,2025-10-02T18:40:37,level_completed,1,0.0
2025-10,EVT-202510-5D76614FC056-0158,SYN-202510-D5D76614FC056,SYN-202510-P5D76614FC056,2025-10-03T13:18:00,2025-10-01T12:48:40,ad_impression,0,0.0007
2025-10,EVT-202510-B781948D3F02-0056,SYN-202510-DB781948D3F02,SYN-202510-PB781948D3F02,2025-10-03T13:18:54,2025-10-03T12:47:54,ad_impression,0,0.0004
2025-10,EVT-202510-1FFFAC12B5F5-0012,SYN-202510-D1FFFAC12B5F5,SYN-202510-P1FFFAC12B5F5,2025-10-03T13:19:00,2025-10-03T03:14:50,level_completed,1,0.0
2025-10,EVT-202510-BD970CB83BEC-0007,SYN-202510-DBD970CB83BEC,SYN-202510-PBD970CB83BEC,2025-10-03T13:19:00,2025-10-02T23:27:02,level_completed,1,0.0
2025-10,EVT-202510-B781948D3F02-0009,SYN-202510-DB781948D3F02,SYN-202510-PB781948D3F02,2025-10-03T13:19:54,2025-10-03T12:47:54,level_completed,1,0.0
2025-10,EVT-202510-B781948D3F02-0069,SYN-202510-DB781948D3F02,SYN-202510-PB781948D3F02,2025-10-03T13:19:54,2025-10-03T12:47:54,ad_impression,0,0.0004
2025-10,EVT-202510-1BDEB5A1102D-0005,SYN-202510-D1BDEB5A1102D,SYN-202510-P1BDEB5A1102D,2025-10-03T13:21:00,2025-10-02T18:40:37,session_start,0,0.0
2025-10,EVT-202510-148AEED0F829-0025,SYN-202510-D148AEED0F829,SYN-202510-P148AEED0F829,2025-10-03T13:22:00,2025-10-03T01:11:46,ad_impression,0,0.0041
2025-10,EVT-202510-96F6A1B4BE7B-0008,SYN-202510-D96F6A1B4BE7B,SYN-202510-P96F6A1B4BE7B,2025-10-03T13:22:00,2025-10-02T07:27:04,session_start,0,0.0
2025-10,EVT-202510-1BDEB5A1102D-0018,SYN-202510-D1BDEB5A1102D,SYN-202510-P1BDEB5A1102D,2025-10-03T13:23:00,2025-10-02T18:40:37,level_completed,1,0.0
2025-10,EVT-202510-B781948D3F02-0035,SYN-202510-DB781948D3F02,SYN-202510-PB781948D3F02,2025-10-03T13:23:54,2025-10-03T12:47:54,level_completed,1,0.0
2025-10,EVT-202510-B781948D3F02-0057,SYN-202510-DB781948D3F02,SYN-202510-PB781948D3F02,2025-10-03T13:23:54,2025-10-03T12:47:54,ad_impression,0,0.0004
2025-10,EVT-202510-B781948D3F02-0074,SYN-202510-DB781948D3F02,SYN-202510-PB781948D3F02,2025-10-03T13:23:54,2025-10-03T12:47:54,ad_impression,0,0.0004
2025-10,EVT-202510-1BDEB5A1102D-0021,SYN-202510-D1BDEB5A1102D,SYN-202510-P1BDEB5A1102D,2025-10-03T13:24:00,2025-10-02T18:40:37,level_completed,1,0.0
2025-10,EVT-202510-1BDEB5A1102D-0069,SYN-202510-D1BDEB5A1102D,SYN-202510-P1BDEB5A1102D,2025-10-03T13:24:00,2025-10-02T18:40:37,ad_impression,0,0.0039
2025-10,EVT-202510-4F47B04733CC-0002,SYN-202510-D4F47B04733CC,SYN-202510-P4F47B04733CC,2025-10-03T13:24:00,2025-10-02T19:46:05,session_start,0,0.0
2025-10,EVT-202510-B781948D3F02-0079,SYN-202510-DB781948D3F02,SYN-202510-PB781948D3F02,2025-10-03T13:24:54,2025-10-03T12:47:54,ad_impression,0,0.0004
2025-10,EVT-202510-E9745B9BA1EA-0002,SYN-202510-DE9745B9BA1EA,SYN-202510-PE9745B9BA1EA,2025-10-03T13:25:00,2025-10-03T05:14:19,session_start,0,0.0
2025-10,EVT-202510-1BDEB5A1102D-0016,SYN-202510-D1BDEB5A1102D,SYN-202510-P1BDEB5A1102D,2025-10-03T13:26:00,2025-10-02T18:40:37,level_completed,1,0.0
2025-10,EVT-202510-B781948D3F02-0041,SYN-202510-DB781948D3F02,SYN-202510-PB781948D3F02,2025-10-03T13:26:54,2025-10-03T12:47:54,level_completed,1,0.0
2025-10,EVT-202510-B781948D3F02-0048,SYN-202510-DB781948D3F02,SYN-202510-PB781948D3F02,2025-10-03T13:26:54,2025-10-03T12:47:54,level_completed,1,0.0
2025-10,EVT-202510-B781948D3F02-0059,SYN-202510-DB781948D3F02,SYN-202510-PB781948D3F02,2025-10-03T13:26:54,2025-10-03T12:47:54,ad_impression,0,0.0004
2025-10,EVT-202510-1BDEB5A1102D-0052,SYN-202510-D1BDEB5A1102D,SYN-202510-P1BDEB5A1102D,2025-10-03T13:28:00,2025-10-02T18:40:37,level_completed,1,0.0
2025-10,EVT-202510-B781948D3F02-0018,SYN-202510-DB781948D3F02,SYN-202510-PB781948D3F02,2025-10-03T13:29:54,2025-10-03T12:47:54,level_completed,1,0.0
2025-10,EVT-202510-4F47B04733CC-0018,SYN-202510-D4F47B04733CC,SYN-202510-P4F47B04733CC,2025-10-03T13:30:00,2025-10-02T19:46:05,level_completed,1,0.0
2025-10,EVT-202510-B781948D3F02-0076,SYN-202510-DB781948D3F02,SYN-202510-PB781948D3F02,2025-10-03T13:30:54,2025-10-03T12:47:54,ad_impression,0,0.0004
2025-10,EVT-202510-148AEED0F829-0016,SYN-202510-D148AEED0F829,SYN-202510-P148AEED0F829,2025-10-03T13:31:00,2025-10-03T01:11:46,level_completed,1,0.0
2025-10,EVT-202510-20C1AB5181D1-0034,SYN-202510-D20C1AB5181D1,SYN-202510-P20C1AB5181D1,2025-10-03T13:31:00,2025-10-03T10:59:55,ad_impression,0,0.0169
2025-10,EVT-202510-B781948D3F02-0029,SYN-202510-DB781948D3F02,SYN-202510-PB781948D3F02,2025-10-03T13:31:54,2025-10-03T12:47:54,level_completed,1,0.0
2025-10,EVT-202510-1BDEB5A1102D-0074,SYN-202510-D1BDEB5A1102D,SYN-202510-P1BDEB5A1102D,2025-10-03T13:32:00,2025-10-02T18:40:37,ad_impression,0,0.0039
2025-10,EVT-202510-B781948D3F02-0031,SYN-202510-DB781948D3F02,SYN-202510-PB781948D3F02,2025-10-03T13:32:54,2025-10-03T12:47:54,level_completed,1,0.0
2025-10,EVT-202510-B781948D3F02-0008,SYN-202510-DB781948D3F02,SYN-202510-PB781948D3F02,2025-10-03T13:33:54,2025-10-03T12:47:54,level_completed,1,0.0
2025-10,EVT-202510-B781948D3F02-0013,SYN-202510-DB781948D3F02,SYN-202510-PB781948D3F02,2025-10-03T13:33:54,2025-10-03T12:47:54,level_completed,1,0.0
2025-10,EVT-202510-B781948D3F02-0019,SYN-202510-DB781948D3F02,SYN-202510-PB781948D3F02,2025-10-03T13:33:54,2025-10-03T12:47:54,level_completed,1,0.0
2025-10,EVT-202510-5D76614FC056-0176,SYN-202510-D5D76614FC056,SYN-202510-P5D76614FC056,2025-10-03T13:34:00,2025-10-01T12:48:40,ad_impression,0,0.0007
2025-10,EVT-202510-B781948D3F02-0039,SYN-202510-DB781948D3F02,SYN-202510-PB781948D3F02,2025-10-03T13:34:54,2025-10-03T12:47:54,level_completed,1,0.0
2025-10,EVT-202510-20C1AB5181D1-0033,SYN-202510-D20C1AB5181D1,SYN-202510-P20C1AB5181D1,2025-10-03T13:35:00,2025-10-03T10:59:55,ad_impression,0,0.0169
2025-10,EVT-202510-B781948D3F02-0007,SYN-202510-DB781948D3F02,SYN-202510-PB781948D3F02,2025-10-03T13:35:54,2025-10-03T12:47:54,level_completed,1,0.0
2025-10,EVT-202510-4F47B04733CC-0009,SYN-202510-D4F47B04733CC,SYN-202510-P4F47B04733CC,2025-10-03T13:36:00,2025-10-02T19:46:05,level_completed,1,0.0
2025-10,EVT-202510-B781948D3F02-0037,SYN-202510-DB781948D3F02,SYN-202510-PB781948D3F02,2025-10-03T13:36:54,2025-10-03T12:47:54,level_completed,1,0.0
2025-10,EVT-202510-1BDEB5A1102D-0048,SYN-202510-D1BDEB5A1102D,SYN-202510-P1BDEB5A1102D,2025-10-03T13:38:00,2025-10-02T18:40:37,level_completed,1,0.0
2025-10,EVT-202510-4F47B04733CC-0004,SYN-202510-D4F47B04733CC,SYN-202510-P4F47B04733CC,2025-10-03T13:38:00,2025-10-02T19:46:05,level_completed,1,0.0
2025-10,EVT-202510-4F47B04733CC-0012,SYN-202510-D4F47B04733CC,SYN-202510-P4F47B04733CC,2025-10-03T13:38:00,2025-10-02T19:46:05,level_completed,1,0.0
2025-10,EVT-202510-67FEF20AEF23-0002,SYN-202510-D67FEF20AEF23,SYN-202510-P67FEF20AEF23,2025-10-03T13:38:00,2025-10-01T19:59:42,session_start,0,0.0
2025-10,EVT-202510-B781948D3F02-0045,SYN-202510-DB781948D3F02,SYN-202510-PB781948D3F02,2025-10-03T13:38:54,2025-10-03T12:47:54,level_completed,1,0.0
2025-10,EVT-202510-1FFFAC12B5F5-0009,SYN-202510-D1FFFAC12B5F5,SYN-202510-P1FFFAC12B5F5,2025-10-03T13:39:00,2025-10-03T03:14:50,level_completed,1,0.0
2025-10,EVT-202510-67FEF20AEF23-0018,SYN-202510-D67FEF20AEF23,SYN-202510-P67FEF20AEF23,2025-10-03T13:40:00,2025-10-01T19:59:42,level_completed,1,0.0
2025-10,EVT-202510-67FEF20AEF23-0025,SYN-202510-D67FEF20AEF23,SYN-202510-P67FEF20AEF23,2025-10-03T13:40:00,2025-10-01T19:59:42,level_completed,1,0.0
2025-10,EVT-202510-68150D173A91-0001,SYN-202510-D68150D173A91,SYN-202510-P68150D173A91,2025-10-03T13:41:00,2025-10-03T03:45:14,session_start,0,0.0
2025-10,EVT-202510-B781948D3F02-0043,SYN-202510-DB781948D3F02,SYN-202510-PB781948D3F02,2025-10-03T13:41:54,2025-10-03T12:47:54,level_completed,1,0.0
2025-10,EVT-202510-B781948D3F02-0061,SYN-202510-DB781948D3F02,SYN-202510-PB781948D3F02,2025-10-03T13:41:54,2025-10-03T12:47:54,ad_impression,0,0.0004
2025-10,EVT-202510-148AEED0F829-0002,SYN-202510-D148AEED0F829,SYN-202510-P148AEED0F829,2025-10-03T13:42:00,2025-10-03T01:11:46,session_start,0,0.0
2025-10,EVT-202510-67FEF20AEF23-0019,SYN-202510-D67FEF20AEF23,SYN-202510-P67FEF20AEF23,2025-10-03T13:42:00,2025-10-01T19:59:42,level_completed,1,0.0
2025-10,EVT-202510-67FEF20AEF23-0031,SYN-202510-D67FEF20AEF23,SYN-202510-P67FEF20AEF23,2025-10-03T13:42:00,2025-10-01T19:59:42,level_completed,1,0.0
2025-10,EVT-202510-B781948D3F02-0042,SYN-202510-DB781948D3F02,SYN-202510-PB781948D3F02,2025-10-03T13:42:54,2025-10-03T12:47:54,level_completed,1,0.0
2025-10,EVT-202510-B781948D3F02-0017,SYN-202510-DB781948D3F02,SYN-202510-PB781948D3F02,2025-10-03T13:43:54,2025-10-03T12:47:54,level_completed,1,0.0
2025-10,EVT-202510-1BDEB5A1102D-0051,SYN-202510-D1BDEB5A1102D,SYN-202510-P1BDEB5A1102D,2025-10-03T13:44:00,2025-10-02T18:40:37,level_completed,1,0.0
2025-10,EVT-202510-B781948D3F02-0066,SYN-202510-DB781948D3F02,SYN-202510-PB781948D3F02,2025-10-03T13:44:54,2025-10-03T12:47:54,ad_impression,0,0.0004
2025-10,EVT-202510-67FEF20AEF23-0029,SYN-202510-D67FEF20AEF23,SYN-202510-P67FEF20AEF23,2025-10-03T13:45:00,2025-10-01T19:59:42,level_completed,1,0.0
2025-10,EVT-202510-67FEF20AEF23-0036,SYN-202510-D67FEF20AEF23,SYN-202510-P67FEF20AEF23,2025-10-03T13:45:00,2025-10-01T19:59:42,ad_impression,0,0.0062
2025-10,EVT-202510-148AEED0F829-0028,SYN-202510-D148AEED0F829,SYN-202510-P148AEED0F829,2025-10-03T13:46:00,2025-10-03T01:11:46,ad_impression,0,0.0041
2025-10,EVT-202510-68150D173A91-0018,SYN-202510-D68150D173A91,SYN-202510-P68150D173A91,2025-10-03T13:46:00,2025-10-03T03:45:14,ad_impression,0,0.1124
2025-10,EVT-202510-B781948D3F02-0072,SYN-202510-DB781948D3F02,SYN-202510-PB781948D3F02,2025-10-03T13:46:54,2025-10-03T12:47:54,ad_impression,0,0.0004
2025-10,EVT-202510-B781948D3F02-0063,SYN-202510-DB781948D3F02,SYN-202510-PB781948D3F02,2025-10-03T13:47:54,2025-10-03T12:47:54,ad_impression,0,0.0004
2025-10,EVT-202510-67FEF20AEF23-0014,SYN-202510-D67FEF20AEF23,SYN-202510-P67FEF20AEF23,2025-10-03T13:48:00,2025-10-01T19:59:42,level_completed,1,0.0
2025-10,EVT-202510-1BDEB5A1102D-0033,SYN-202510-D1BDEB5A1102D,SYN-202510-P1BDEB5A1102D,2025-10-03T13:49:00,2025-10-02T18:40:37,level_completed,1,0.0
2025-10,EVT-202510-B781948D3F02-0040,SYN-202510-DB781948D3F02,SYN-202510-PB781948D3F02,2025-10-03T13:49:54,2025-10-03T12:47:54,level_completed,1,0.0
2025-10,EVT-202510-148AEED0F829-0005,SYN-202510-D148AEED0F829,SYN-202510-P148AEED0F829,2025-10-03T13:50:00,2025-10-03T01:11:46,level_completed,1,0.0
2025-10,EVT-202510-68150D173A91-0009,SYN-202510-D68150D173A91,SYN-202510-P68150D173A91,2025-10-03T13:50:00,2025-10-03T03:45:14,level_completed,1,0.0
2025-10,EVT-202510-67FEF20AEF23-0038,SYN-202510-D67FEF20AEF23,SYN-202510-P67FEF20AEF23,2025-10-03T13:51:00,2025-10-01T19:59:42,ad_impression,0,0.0062
2025-10,EVT-202510-B781948D3F02-0023,SYN-202510-DB781948D3F02,SYN-202510-PB781948D3F02,2025-10-03T13:51:54,2025-10-03T12:47:54,level_completed,1,0.0
2025-10,EVT-202510-1BDEB5A1102D-0059,SYN-202510-D1BDEB5A1102D,SYN-202510-P1BDEB5A1102D,2025-10-03T13:52:00,2025-10-02T18:40:37,ad_impression,0,0.0039
2025-10,EVT-202510-67FEF20AEF23-0024,SYN-202510-D67FEF20AEF23,SYN-202510-P67FEF20AEF23,2025-10-03T13:53:00,2025-10-01T19:59:42,level_completed,1,0.0
2025-10,EVT-202510-68150D173A91-0019,SYN-202510-D68150D173A91,SYN-202510-P68150D173A91,2025-10-03T13:53:00,2025-10-03T03:45:14,ad_impression,0,0.1124
2025-10,EVT-202510-1BDEB5A1102D-0011,SYN-202510-D1BDEB5A1102D,SYN-202510-P1BDEB5A1102D,2025-10-03T13:55:00,2025-10-02T18:40:37,level_completed,1,0.0
2025-10,EVT-202510-67FEF20AEF23-0016,SYN-202510-D67FEF20AEF23,SYN-202510-P67FEF20AEF23,2025-10-03T13:55:00,2025-10-01T19:59:42,level_completed,1,0.0
2025-10,EVT-202510-1FFFAC12B5F5-0006,SYN-202510-D1FFFAC12B5F5,SYN-202510-P1FFFAC12B5F5,2025-10-03T13:56:00,2025-10-03T03:14:50,level_completed,1,0.0
2025-10,EVT-202510-B781948D3F02-0055,SYN-202510-DB781948D3F02,SYN-202510-PB781948D3F02,2025-10-03T13:56:54,2025-10-03T12:47:54,ad_impression,0,0.0004
2025-10,EVT-202510-1BDEB5A1102D-0006,SYN-202510-D1BDEB5A1102D,SYN-202510-P1BDEB5A1102D,2025-10-03T13:57:00,2025-10-02T18:40:37,level_completed,1,0.0
2025-10,EVT-202510-67FEF20AEF23-0009,SYN-202510-D67FEF20AEF23,SYN-202510-P67FEF20AEF23,2025-10-03T13:57:00,2025-10-01T19:59:42,level_completed,1,0.0
2025-10,EVT-202510-148AEED0F829-0009,SYN-202510-D148AEED0F829,SYN-202510-P148AEED0F829,2025-10-03T13:58:00,2025-10-03T01:11:46,level_completed,1,0.0
2025-10,EVT-202510-B781948D3F02-0032,SYN-202510-DB781948D3F02,SYN-202510-PB781948D3F02,2025-10-03T13:59:54,2025-10-03T12:47:54,level_completed,1,0.0
2025-10,EVT-202510-E9745B9BA1EA-0004,SYN-202510-DE9745B9BA1EA,SYN-202510-PE9745B9BA1EA,2025-10-03T14:00:00,2025-10-03T05:14:19,level_completed,1,0.0
2025-10,EVT-202510-4F47B04733CC-0003,SYN-202510-D4F47B04733CC,SYN-202510-P4F47B04733CC,2025-10-03T14:01:00,2025-10-02T19:46:05,level_completed,1,0.0
2025-10,EVT-202510-67FEF20AEF23-0041,SYN-202510-D67FEF20AEF23,SYN-202510-P67FEF20AEF23,2025-10-03T14:01:00,2025-10-01T19:59:42,ad_impression,0,0.0062
2025-10,EVT-202510-67FEF20AEF23-0046,SYN-202510-D67FEF20AEF23,SYN-202510-P67FEF20AEF23,2025-10-03T14:01:00,2025-10-01T19:59:42,ad_impression,0,0.0062
2025-10,EVT-202510-4F47B04733CC-0022,SYN-202510-D4F47B04733CC,SYN-202510-P4F47B04733CC,2025-10-03T14:02:00,2025-10-02T19:46:05,ad_impression,0,0.0287
2025-10,EVT-202510-68150D173A91-0013,SYN-202510-D68150D173A91,SYN-202510-P68150D173A91,2025-10-03T14:02:00,2025-10-03T03:45:14,level_completed,1,0.0
2025-10,EVT-202510-B781948D3F02-0054,SYN-202510-DB781948D3F02,SYN-202510-PB781948D3F02,2025-10-03T14:02:54,2025-10-03T12:47:54,ad_impression,0,0.0004
2025-10,EVT-202510-68150D173A91-0015,SYN-202510-D68150D173A91,SYN-202510-P68150D173A91,2025-10-03T14:04:00,2025-10-03T03:45:14,level_completed,1,0.0
2025-10,EVT-202510-B781948D3F02-0020,SYN-202510-DB781948D3F02,SYN-202510-PB781948D3F02,2025-10-03T14:04:54,2025-10-03T12:47:54,level_completed,1,0.0
2025-10,EVT-202510-1BDEB5A1102D-0031,SYN-202510-D1BDEB5A1102D,SYN-202510-P1BDEB5A1102D,2025-10-03T14:05:00,2025-10-02T18:40:37,level_completed,1,0.0
2025-10,EVT-202510-1BDEB5A1102D-0055,SYN-202510-D1BDEB5A1102D,SYN-202510-P1BDEB5A1102D,2025-10-03T14:05:00,2025-10-02T18:40:37,level_completed,1,0.0
2025-10,EVT-202510-68150D173A91-0008,SYN-202510-D68150D173A91,SYN-202510-P68150D173A91,2025-10-03T14:05:00,2025-10-03T03:45:14,level_completed,1,0.0
2025-10,EVT-202510-B781948D3F02-0060,SYN-202510-DB781948D3F02,SYN-202510-PB781948D3F02,2025-10-03T14:05:54,2025-10-03T12:47:54,ad_impression,0,0.0004
2025-10,EVT-202510-4F47B04733CC-0014,SYN-202510-D4F47B04733CC,SYN-202510-P4F47B04733CC,2025-10-03T14:07:00,2025-10-02T19:46:05,level_completed,1,0.0
2025-10,EVT-202510-1FFFAC12B5F5-0004,SYN-202510-D1FFFAC12B5F5,SYN-202510-P1FFFAC12B5F5,2025-10-03T14:08:00,2025-10-03T03:14:50,level_completed,1,0.0
2025-10,EVT-202510-20C1AB5181D1-0012,SYN-202510-D20C1AB5181D1,SYN-202510-P20C1AB5181D1,2025-10-03T14:08:00,2025-10-03T10:59:55,level_completed,1,0.0
2025-10,EVT-202510-B781948D3F02-0068,SYN-202510-DB781948D3F02,SYN-202510-PB781948D3F02,2025-10-03T14:08:54,2025-10-03T12:47:54,ad_impression,0,0.0004
2025-10,EVT-202510-B781948D3F02-0073,SYN-202510-DB781948D3F02,SYN-202510-PB781948D3F02,2025-10-03T14:08:54,2025-10-03T12:47:54,ad_impression,0,0.0004
2025-10,EVT-202510-1BDEB5A1102D-0024,SYN-202510-D1BDEB5A1102D,SYN-202510-P1BDEB5A1102D,2025-10-03T14:09:00,2025-10-02T18:40:37,level_completed,1,0.0
2025-10,EVT-202510-1BDEB5A1102D-0013,SYN-202510-D1BDEB5A1102D,SYN-202510-P1BDEB5A1102D,2025-10-03T14:10:00,2025-10-02T18:40:37,level_completed,1,0.0
2025-10,EVT-202510-1BDEB5A1102D-0037,SYN-202510-D1BDEB5A1102D,SYN-202510-P1BDEB5A1102D,2025-10-03T14:10:00,2025-10-02T18:40:37,level_completed,1,0.0
2025-10,EVT-202510-20C1AB5181D1-0028,SYN-202510-D20C1AB5181D1,SYN-202510-P20C1AB5181D1,2025-10-03T14:10:00,2025-10-03T10:59:55,level_completed,1,0.0
2025-10,EVT-202510-68150D173A91-0014,SYN-202510-D68150D173A91,SYN-202510-P68150D173A91,2025-10-03T14:10:00,2025-10-03T03:45:14,level_completed,1,0.0
2025-10,EVT-202510-B781948D3F02-0053,SYN-202510-DB781948D3F02,SYN-202510-PB781948D3F02,2025-10-03T14:10:54,2025-10-03T12:47:54,ad_impression,0,0.0004
2025-10,EVT-202510-67FEF20AEF23-0023,SYN-202510-D67FEF20AEF23,SYN-202510-P67FEF20AEF23,2025-10-03T14:11:00,2025-10-01T19:59:42,level_completed,1,0.0
2025-10,EVT-202510-67FEF20AEF23-0028,SYN-202510-D67FEF20AEF23,SYN-202510-P67FEF20AEF23,2025-10-03T14:11:00,2025-10-01T19:59:42,level_completed,1,0.0
2025-10,EVT-202510-3DD8EC501AEA-0005,SYN-202510-D3DD8EC501AEA,SYN-202510-P3DD8EC501AEA,2025-10-03T14:12:00,2025-10-02T11:38:56,session_start,0,0.0
2025-10,EVT-202510-1FFFAC12B5F5-0005,SYN-202510-D1FFFAC12B5F5,SYN-202510-P1FFFAC12B5F5,2025-10-03T14:14:00,2025-10-03T03:14:50,level_completed,1,0.0
2025-10,EVT-202510-67FEF20AEF23-0006,SYN-202510-D67FEF20AEF23,SYN-202510-P67FEF20AEF23,2025-10-03T14:14:00,2025-10-01T19:59:42,level_completed,1,0.0
2025-10,EVT-202510-B781948D3F02-0081,SYN-202510-DB781948D3F02,SYN-202510-PB781948D3F02,2025-10-03T14:14:54,2025-10-03T12:47:54,ad_impression,0,0.0004
2025-10,EVT-202510-86B66C324F83-0017,SYN-202510-D86B66C324F83,SYN-202510-P86B66C324F83,2025-10-03T14:15:00,2025-10-01T23:19:16,session_start,0,0.0
2025-10,EVT-202510-4F47B04733CC-0025,SYN-202510-D4F47B04733CC,SYN-202510-P4F47B04733CC,2025-10-03T14:16:00,2025-10-02T19:46:05,ad_impression,0,0.0287
2025-10,EVT-202510-67FEF20AEF23-0022,SYN-202510-D67FEF20AEF23,SYN-202510-P67FEF20AEF23,2025-10-03T14:16:00,2025-10-01T19:59:42,level_completed,1,0.0
2025-10,EVT-202510-4F47B04733CC-0024,SYN-202510-D4F47B04733CC,SYN-202510-P4F47B04733CC,2025-10-03T14:17:00,2025-10-02T19:46:05,ad_impression,0,0.0287
2025-10,EVT-202510-86B66C324F83-0021,SYN-202510-D86B66C324F83,SYN-202510-P86B66C324F83,2025-10-03T14:17:00,2025-10-01T23:19:16,level_completed,1,0.0
2025-10,EVT-202510-E9745B9BA1EA-0003,SYN-202510-DE9745B9BA1EA,SYN-202510-PE9745B9BA1EA,2025-10-03T14:17:00,2025-10-03T05:14:19,level_completed,1,0.0
2025-10,EVT-202510-1BDEB5A1102D-0060,SYN-202510-D1BDEB5A1102D,SYN-202510-P1BDEB5A1102D,2025-10-03T14:18:00,2025-10-02T18:40:37,ad_impression,0,0.0039
2025-10,EVT-202510-96F6A1B4BE7B-0013,SYN-202510-D96F6A1B4BE7B,SYN-202510-P96F6A1B4BE7B,2025-10-03T14:18:00,2025-10-02T07:27:04,level_completed,1,0.0
2025-10,EVT-202510-1BDEB5A1102D-0062,SYN-202510-D1BDEB5A1102D,SYN-202510-P1BDEB5A1102D,2025-10-03T14:19:00,2025-10-02T18:40:37,ad_impression,0,0.0039
2025-10,EVT-202510-68150D173A91-0010,SYN-202510-D68150D173A91,SYN-202510-P68150D173A91,2025-10-03T14:19:00,2025-10-03T03:45:14,level_completed,1,0.0
2025-10,EVT-202510-4F47B04733CC-0021,SYN-202510-D4F47B04733CC,SYN-202510-P4F47B04733CC,2025-10-03T14:20:00,2025-10-02T19:46:05,ad_impression,0,0.0287
2025-10,EVT-202510-86B66C324F83-0260,SYN-202510-D86B66C324F83,SYN-202510-P86B66C324F83,2025-10-03T14:21:00,2025-10-01T23:19:16,level_completed,1,0.0
2025-10,EVT-202510-148AEED0F829-0010,SYN-202510-D148AEED0F829,SYN-202510-P148AEED0F829,2025-10-03T14:22:00,2025-10-03T01:11:46,level_completed,1,0.0
2025-10,EVT-202510-4F47B04733CC-0011,SYN-202510-D4F47B04733CC,SYN-202510-P4F47B04733CC,2025-10-03T14:22:00,2025-10-02T19:46:05,level_completed,1,0.0
2025-10,EVT-202510-86B66C324F83-0221,SYN-202510-D86B66C324F83,SYN-202510-P86B66C324F83,2025-10-03T14:22:00,2025-10-01T23:19:16,level_completed,1,0.0
2025-10,EVT-202510-86B66C324F83-0530,SYN-202510-D86B66C324F83,SYN-202510-P86B66C324F83,2025-10-03T14:22:00,2025-10-01T23:19:16,ad_impression,0,0.0003
2025-10,EVT-202510-4F47B04733CC-0010,SYN-202510-D4F47B04733CC,SYN-202510-P4F47B04733CC,2025-10-03T14:23:00,2025-10-02T19:46:05,level_completed,1,0.0
2025-10,EVT-202510-68150D173A91-0017,SYN-202510-D68150D173A91,SYN-202510-P68150D173A91,2025-10-03T14:24:00,2025-10-03T03:45:14,level_completed,1,0.0
2025-10,EVT-202510-86B66C324F83-0510,SYN-202510-D86B66C324F83,SYN-202510-P86B66C324F83,2025-10-03T14:24:00,2025-10-01T23:19:16,ad_impression,0,0.0003
2025-10,EVT-202510-148AEED0F829-0023,SYN-202510-D148AEED0F829,SYN-202510-P148AEED0F829,2025-10-03T14:25:00,2025-10-03T01:11:46,ad_impression,0,0.0041
2025-10,EVT-202510-4F47B04733CC-0013,SYN-202510-D4F47B04733CC,SYN-202510-P4F47B04733CC,2025-10-03T14:25:00,2025-10-02T19:46:05,level_completed,1,0.0
2025-10,EVT-202510-86B66C324F83-0476,SYN-202510-D86B66C324F83,SYN-202510-P86B66C324F83,2025-10-03T14:26:00,2025-10-01T23:19:16,ad_impression,0,0.0003
2025-10,EVT-202510-96F6A1B4BE7B-0019,SYN-202510-D96F6A1B4BE7B,SYN-202510-P96F6A1B4BE7B,2025-10-03T14:26:00,2025-10-02T07:27:04,level_completed,1,0.0
2025-10,EVT-202510-86B66C324F83-0150,SYN-202510-D86B66C324F83,SYN-202510-P86B66C324F83,2025-10-03T14:27:00,2025-10-01T23:19:16,level_completed,1,0.0
2025-10,EVT-202510-67FEF20AEF23-0003,SYN-202510-D67FEF20AEF23,SYN-202510-P67FEF20AEF23,2025-10-03T14:28:00,2025-10-01T19:59:42,level_completed,1,0.0
2025-10,EVT-202510-86B66C324F83-0053,SYN-202510-D86B66C324F83,SYN-202510-P86B66C324F83,2025-10-03T14:28:00,2025-10-01T23:19:16,level_completed,1,0.0
2025-10,EVT-202510-86B66C324F83-0609,SYN-202510-D86B66C324F83,SYN-202510-P86B66C324F83,2025-10-03T14:28:00,2025-10-01T23:19:16,ad_impression,0,0.0003
2025-10,EVT-202510-67FEF20AEF23-0007,SYN-202510-D67FEF20AEF23,SYN-202510-P67FEF20AEF23,2025-10-03T14:29:00,2025-10-01T19:59:42,level_completed,1,0.0
2025-10,EVT-202510-86B66C324F83-0060,SYN-202510-D86B66C324F83,SYN-202510-P86B66C324F83,2025-10-03T14:30:00,2025-10-01T23:19:16,level_completed,1,0.0
2025-10,EVT-202510-1BDEB5A1102D-0043,SYN-202510-D1BDEB5A1102D,SYN-202510-P1BDEB5A1102D,2025-10-03T14:31:00,2025-10-02T18:40:37,level_completed,1,0.0
2025-10,EVT-202510-86B66C324F83-0172,SYN-202510-D86B66C324F83,SYN-202510-P86B66C324F83,2025-10-03T14:31:00,2025-10-01T23:19:16,level_completed,1,0.0
2025-10,EVT-202510-AACAC65FDEBE-0003,SYN-202510-DAACAC65FDEBE,SYN-202510-PAACAC65FDEBE,2025-10-03T14:31:00,2025-10-02T20:13:36,session_start,0,0.0
2025-10,EVT-202510-EF63001F6760-0002,SYN-202510-DEF63001F6760,SYN-202510-PEF63001F6760,2025-10-03T14:31:00,2025-10-03T00:59:46,session_start,0,0.0
2025-10,EVT-202510-86B66C324F83-0146,SYN-202510-D86B66C324F83,SYN-202510-P86B66C324F83,2025-10-03T14:32:00,2025-10-01T23:19:16,level_completed,1,0.0
2025-10,EVT-202510-96F6A1B4BE7B-0028,SYN-202510-D96F6A1B4BE7B,SYN-202510-P96F6A1B4BE7B,2025-10-03T14:33:00,2025-10-02T07:27:04,level_completed,1,0.0
2025-10,EVT-202510-EF63001F6760-0010,SYN-202510-DEF63001F6760,SYN-202510-PEF63001F6760,2025-10-03T14:33:00,2025-10-03T00:59:46,level_completed,1,0.0
2025-10,EVT-202510-67FEF20AEF23-0033,SYN-202510-D67FEF20AEF23,SYN-202510-P67FEF20AEF23,2025-10-03T14:34:00,2025-10-01T19:59:42,level_completed,1,0.0
2025-10,EVT-202510-68150D173A91-0002,SYN-202510-D68150D173A91,SYN-202510-P68150D173A91,2025-10-03T14:34:00,2025-10-03T03:45:14,level_completed,1,0.0
2025-10,EVT-202510-96F6A1B4BE7B-0024,SYN-202510-D96F6A1B4BE7B,SYN-202510-P96F6A1B4BE7B,2025-10-03T14:34:00,2025-10-02T07:27:04,level_completed,1,0.0
2025-10,EVT-202510-148AEED0F829-0019,SYN-202510-D148AEED0F829,SYN-202510-P148AEED0F829,2025-10-03T14:35:00,2025-10-03T01:11:46,level_completed,1,0.0
2025-10,EVT-202510-68150D173A91-0012,SYN-202510-D68150D173A91,SYN-202510-P68150D173A91,2025-10-03T14:35:00,2025-10-03T03:45:14,level_completed,1,0.0
2025-10,EVT-202510-67FEF20AEF23-0048,SYN-202510-D67FEF20AEF23,SYN-202510-P67FEF20AEF23,2025-10-03T14:36:00,2025-10-01T19:59:42,ad_impression,0,0.0062
2025-10,EVT-202510-AACAC65FDEBE-0028,SYN-202510-DAACAC65FDEBE,SYN-202510-PAACAC65FDEBE,2025-10-03T14:36:00,2025-10-02T20:13:36,ad_impression,0,0.0096
2025-10,EVT-202510-CD116610839D-0002,SYN-202510-DCD116610839D,SYN-202510-PCD116610839D,2025-10-03T14:36:00,2025-10-03T01:36:47,session_start,0,0.0
2025-10,EVT-202510-1BDEB5A1102D-0047,SYN-202510-D1BDEB5A1102D,SYN-202510-P1BDEB5A1102D,2025-10-03T14:37:00,2025-10-02T18:40:37,level_completed,1,0.0
2025-10,EVT-202510-614CA34F6B59-0003,SYN-202510-D614CA34F6B59,SYN-202510-P614CA34F6B59,2025-10-03T14:37:00,2025-10-02T17:52:47,session_start,0,0.0
2025-10,EVT-202510-67FEF20AEF23-0045,SYN-202510-D67FEF20AEF23,SYN-202510-P67FEF20AEF23,2025-10-03T14:37:00,2025-10-01T19:59:42,ad_impression,0,0.0062
2025-10,EVT-202510-67FEF20AEF23-0037,SYN-202510-D67FEF20AEF23,SYN-202510-P67FEF20AEF23,2025-10-03T14:38:00,2025-10-01T19:59:42,ad_impression,0,0.0062
2025-10,EVT-202510-4F47B04733CC-0008,SYN-202510-D4F47B04733CC,SYN-202510-P4F47B04733CC,2025-10-03T14:40:00,2025-10-02T19:46:05,level_completed,1,0.0
2025-10,EVT-202510-68150D173A91-0016,SYN-202510-D68150D173A91,SYN-202510-P68150D173A91,2025-10-03T14:40:00,2025-10-03T03:45:14,level_completed,1,0.0
2025-10,EVT-202510-67FEF20AEF23-0020,SYN-202510-D67FEF20AEF23,SYN-202510-P67FEF20AEF23,2025-10-03T14:42:00,2025-10-01T19:59:42,level_completed,1,0.0
2025-10,EVT-202510-68150D173A91-0011,SYN-202510-D68150D173A91,SYN-202510-P68150D173A91,2025-10-03T14:42:00,2025-10-03T03:45:14,level_completed,1,0.0
2025-10,EVT-202510-86B66C324F83-0099,SYN-202510-D86B66C324F83,SYN-202510-P86B66C324F83,2025-10-03T14:42:00,2025-10-01T23:19:16,level_completed,1,0.0
2025-10,EVT-202510-86B66C324F83-0584,SYN-202510-D86B66C324F83,SYN-202510-P86B66C324F83,2025-10-03T14:42:00,2025-10-01T23:19:16,ad_impression,0,0.0003
2025-10,EVT-202510-148AEED0F829-0008,SYN-202510-D148AEED0F829,SYN-202510-P148AEED0F829,2025-10-03T14:43:00,2025-10-03T01:11:46,level_completed,1,0.0
2025-10,EVT-202510-4F47B04733CC-0017,SYN-202510-D4F47B04733CC,SYN-202510-P4F47B04733CC,2025-10-03T14:43:00,2025-10-02T19:46:05,level_completed,1,0.0
2025-10,EVT-202510-67FEF20AEF23-0021,SYN-202510-D67FEF20AEF23,SYN-202510-P67FEF20AEF23,2025-10-03T14:44:00,2025-10-01T19:59:42,level_completed,1,0.0
2025-10,EVT-202510-68150D173A91-0003,SYN-202510-D68150D173A91,SYN-202510-P68150D173A91,2025-10-03T14:44:00,2025-10-03T03:45:14,level_completed,1,0.0
2025-10,EVT-202510-EF63001F6760-0003,SYN-202510-DEF63001F6760,SYN-202510-PEF63001F6760,2025-10-03T14:44:00,2025-10-03T00:59:46,level_completed,1,0.0
2025-10,EVT-202510-86B66C324F83-0026,SYN-202510-D86B66C324F83,SYN-202510-P86B66C324F83,2025-10-03T14:45:00,2025-10-01T23:19:16,level_completed,1,0.0
2025-10,EVT-202510-67FEF20AEF23-0035,SYN-202510-D67FEF20AEF23,SYN-202510-P67FEF20AEF23,2025-10-03T14:46:00,2025-10-01T19:59:42,level_completed,1,0.0
2025-10,EVT-202510-68150D173A91-0004,SYN-202510-D68150D173A91,SYN-202510-P68150D173A91,2025-10-03T14:46:00,2025-10-03T03:45:14,level_completed,1,0.0
2025-10,EVT-202510-86B66C324F83-0615,SYN-202510-D86B66C324F83,SYN-202510-P86B66C324F83,2025-10-03T14:46:00,2025-10-01T23:19:16,ad_impression,0,0.0003
2025-10,EVT-202510-68150D173A91-0005,SYN-202510-D68150D173A91,SYN-202510-P68150D173A91,2025-10-03T14:47:00,2025-10-03T03:45:14,level_completed,1,0.0
2025-10,EVT-202510-86B66C324F83-0536,SYN-202510-D86B66C324F83,SYN-202510-P86B66C324F83,2025-10-03T14:47:00,2025-10-01T23:19:16,ad_impression,0,0.0003
2025-10,EVT-202510-86B66C324F83-0446,SYN-202510-D86B66C324F83,SYN-202510-P86B66C324F83,2025-10-03T14:49:00,2025-10-01T23:19:16,ad_impression,0,0.0003
2025-10,EVT-202510-68150D173A91-0007,SYN-202510-D68150D173A91,SYN-202510-P68150D173A91,2025-10-03T14:58:00,2025-10-03T03:45:14,level_completed,1,0.0
2025-10,EVT-202510-68150D173A91-0006,SYN-202510-D68150D173A91,SYN-202510-P68150D173A91,2025-10-03T15:00:00,2025-10-03T03:45:14,level_completed,1,0.0
2025-10,EVT-202510-86B66C324F83-0303,SYN-202510-D86B66C324F83,SYN-202510-P86B66C324F83,2025-10-03T15:00:00,2025-10-01T23:19:16,level_completed,1,0.0
2025-10,EVT-202510-86B66C324F83-0065,SYN-202510-D86B66C324F83,SYN-202510-P86B66C324F83,2025-10-03T15:01:00,2025-10-01T23:19:16,level_completed,1,0.0
2025-10,EVT-202510-86B66C324F83-0591,SYN-202510-D86B66C324F83,SYN-202510-P86B66C324F83,2025-10-03T15:01:00,2025-10-01T23:19:16,ad_impression,0,0.0003
2025-10,EVT-202510-AACAC65FDEBE-0007,SYN-202510-DAACAC65FDEBE,SYN-202510-PAACAC65FDEBE,2025-10-03T15:01:00,2025-10-02T20:13:36,level_completed,1,0.0
2025-10,EVT-202510-AACAC65FDEBE-0010,SYN-202510-DAACAC65FDEBE,SYN-202510-PAACAC65FDEBE,2025-10-03T15:03:00,2025-10-02T20:13:36,level_completed,1,0.0
2025-10,EVT-202510-148AEED0F829-0026,SYN-202510-D148AEED0F829,SYN-202510-P148AEED0F829,2025-10-03T15:04:00,2025-10-03T01:11:46,ad_impression,0,0.0041
2025-10,EVT-202510-67FEF20AEF23-0044,SYN-202510-D67FEF20AEF23,SYN-202510-P67FEF20AEF23,2025-10-03T15:04:00,2025-10-01T19:59:42,ad_impression,0,0.0062
2025-10,EVT-202510-86B66C324F83-0637,SYN-202510-D86B66C324F83,SYN-202510-P86B66C324F83,2025-10-03T15:04:00,2025-10-01T23:19:16,ad_impression,0,0.0003
2025-10,EVT-202510-86B66C324F83-0604,SYN-202510-D86B66C324F83,SYN-202510-P86B66C324F83,2025-10-03T15:07:00,2025-10-01T23:19:16,ad_impression,0,0.0003
2025-10,EVT-202510-AACAC65FDEBE-0017,SYN-202510-DAACAC65FDEBE,SYN-202510-PAACAC65FDEBE,2025-10-03T15:07:00,2025-10-02T20:13:36,level_completed,1,0.0
2025-10,EVT-202510-86B66C324F83-0182,SYN-202510-D86B66C324F83,SYN-202510-P86B66C324F83,2025-10-03T15:11:00,2025-10-01T23:19:16,level_completed,1,0.0
2025-10,EVT-202510-86B66C324F83-0255,SYN-202510-D86B66C324F83,SYN-202510-P86B66C324F83,2025-10-03T15:11:00,2025-10-01T23:19:16,level_completed,1,0.0
2025-10,EVT-202510-AACAC65FDEBE-0006,SYN-202510-DAACAC65FDEBE,SYN-202510-PAACAC65FDEBE,2025-10-03T15:17:00,2025-10-02T20:13:36,level_completed,1,0.0
2025-10,EVT-202510-EF63001F6760-0012,SYN-202510-DEF63001F6760,SYN-202510-PEF63001F6760,2025-10-03T15:18:00,2025-10-03T00:59:46,level_completed,1,0.0
2025-10,EVT-202510-CD116610839D-0011,SYN-202510-DCD116610839D,SYN-202510-PCD116610839D,2025-10-03T15:19:00,2025-10-03T01:36:47,level_completed,1,0.0
2025-10,EVT-202510-CD116610839D-0021,SYN-202510-DCD116610839D,SYN-202510-PCD116610839D,2025-10-03T15:21:00,2025-10-03T01:36:47,level_completed,1,0.0
2025-10,EVT-202510-86B66C324F83-0634,SYN-202510-D86B66C324F83,SYN-202510-P86B66C324F83,2025-10-03T15:25:00,2025-10-01T23:19:16,ad_impression,0,0.0003
2025-10,EVT-202510-86B66C324F83-0109,SYN-202510-D86B66C324F83,SYN-202510-P86B66C324F83,2025-10-03T15:26:00,2025-10-01T23:19:16,level_completed,1,0.0
2025-10,EVT-202510-86B66C324F83-0528,SYN-202510-D86B66C324F83,SYN-202510-P86B66C324F83,2025-10-03T15:27:00,2025-10-01T23:19:16,ad_impression,0,0.0003
2025-10,EVT-202510-816EA7918124-0001,SYN-202510-D816EA7918124,SYN-202510-P816EA7918124,2025-10-03T15:28:00,2025-10-03T03:08:48,session_start,0,0.0
2025-10,EVT-202510-9C1E770C7A10-0001,SYN-202510-D9C1E770C7A10,SYN-202510-P9C1E770C7A10,2025-10-03T15:28:00,2025-10-03T14:07:17,session_start,0,0.0
2025-10,EVT-202510-EF63001F6760-0006,SYN-202510-DEF63001F6760,SYN-202510-PEF63001F6760,2025-10-03T15:28:00,2025-10-03T00:59:46,level_completed,1,0.0
2025-10,EVT-202510-EF63001F6760-0004,SYN-202510-DEF63001F6760,SYN-202510-PEF63001F6760,2025-10-03T15:29:00,2025-10-03T00:59:46,level_completed,1,0.0
2025-10,EVT-202510-EF63001F6760-0008,SYN-202510-DEF63001F6760,SYN-202510-PEF63001F6760,2025-10-03T15:29:00,2025-10-03T00:59:46,level_completed,1,0.0
2025-10,EVT-202510-86B66C324F83-0269,SYN-202510-D86B66C324F83,SYN-202510-P86B66C324F83,2025-10-03T15:30:00,2025-10-01T23:19:16,level_completed,1,0.0
2025-10,EVT-202510-86B66C324F83-0079,SYN-202510-D86B66C324F83,SYN-202510-P86B66C324F83,2025-10-03T15:32:00,2025-10-01T23:19:16,level_completed,1,0.0
2025-10,EVT-202510-CD116610839D-0030,SYN-202510-DCD116610839D,SYN-202510-PCD116610839D,2025-10-03T15:33:00,2025-10-03T01:36:47,ad_impression,0,0.041
2025-10,EVT-202510-86B66C324F83-0379,SYN-202510-D86B66C324F83,SYN-202510-P86B66C324F83,2025-10-03T15:35:00,2025-10-01T23:19:16,ad_impression,0,0.0003
2025-10,EVT-202510-EF63001F6760-0007,SYN-202510-DEF63001F6760,SYN-202510-PEF63001F6760,2025-10-03T15:35:00,2025-10-03T00:59:46,level_completed,1,0.0
2025-10,EVT-202510-86B66C324F83-0430,SYN-202510-D86B66C324F83,SYN-202510-P86B66C324F83,2025-10-03T15:36:00,2025-10-01T23:19:16,ad_impression,0,0.0003
2025-10,EVT-202510-816EA7918124-0012,SYN-202510-D816EA7918124,SYN-202510-P816EA7918124,2025-10-03T15:38:00,2025-10-03T03:08:48,level_completed,1,0.0
2025-10,EVT-202510-86B66C324F83-0592,SYN-202510-D86B66C324F83,SYN-202510-P86B66C324F83,2025-10-03T15:39:00,2025-10-01T23:19:16,ad_impression,0,0.0003
2025-10,EVT-202510-AACAC65FDEBE-0011,SYN-202510-DAACAC65FDEBE,SYN-202510-PAACAC65FDEBE,2025-10-03T15:45:00,2025-10-02T20:13:36,level_completed,1,0.0
2025-10,EVT-202510-CD116610839D-0008,SYN-202510-DCD116610839D,SYN-202510-PCD116610839D,2025-10-03T15:47:00,2025-10-03T01:36:47,level_completed,1,0.0
2025-10,EVT-202510-9C1E770C7A10-0004,SYN-202510-D9C1E770C7A10,SYN-202510-P9C1E770C7A10,2025-10-03T15:49:00,2025-10-03T14:07:17,level_completed,1,0.0
2025-10,EVT-202510-816EA7918124-0015,SYN-202510-D816EA7918124,SYN-202510-P816EA7918124,2025-10-03T15:53:00,2025-10-03T03:08:48,level_completed,1,0.0
2025-10,EVT-202510-816EA7918124-0020,SYN-202510-D816EA7918124,SYN-202510-P816EA7918124,2025-10-03T15:53:00,2025-10-03T03:08:48,level_completed,1,0.0
2025-10,EVT-202510-CD116610839D-0022,SYN-202510-DCD116610839D,SYN-202510-PCD116610839D,2025-10-03T15:54:00,2025-10-03T01:36:47,level_completed,1,0.0
2025-10,EVT-202510-AACAC65FDEBE-0027,SYN-202510-DAACAC65FDEBE,SYN-202510-PAACAC65FDEBE,2025-10-03T15:56:00,2025-10-02T20:13:36,ad_impression,0,0.0096
2025-10,EVT-202510-AACAC65FDEBE-0029,SYN-202510-DAACAC65FDEBE,SYN-202510-PAACAC65FDEBE,2025-10-03T15:56:00,2025-10-02T20:13:36,ad_impression,0,0.0096
2025-10,EVT-202510-9C1E770C7A10-0006,SYN-202510-D9C1E770C7A10,SYN-202510-P9C1E770C7A10,2025-10-03T15:59:00,2025-10-03T14:07:17,level_completed,1,0.0
2025-10,EVT-202510-9C1E770C7A10-0005,SYN-202510-D9C1E770C7A10,SYN-202510-P9C1E770C7A10,2025-10-03T16:01:00,2025-10-03T14:07:17,level_completed,1,0.0
2025-10,EVT-202510-8D70719D5D7C-0001,SYN-202510-D8D70719D5D7C,SYN-202510-P8D70719D5D7C,2025-10-03T16:04:06,2025-10-03T16:03:06,session_start,0,0.0
2025-10,EVT-202510-8D70719D5D7C-0002,SYN-202510-D8D70719D5D7C,SYN-202510-P8D70719D5D7C,2025-10-03T16:04:06,2025-10-03T16:03:06,session_start,0,0.0
2025-10,EVT-202510-816EA7918124-0018,SYN-202510-D816EA7918124,SYN-202510-P816EA7918124,2025-10-03T16:06:00,2025-10-03T03:08:48,level_completed,1,0.0
2025-10,EVT-202510-8D70719D5D7C-0004,SYN-202510-D8D70719D5D7C,SYN-202510-P8D70719D5D7C,2025-10-03T16:06:06,2025-10-03T16:03:06,level_completed,1,0.0
2025-10,EVT-202510-816EA7918124-0022,SYN-202510-D816EA7918124,SYN-202510-P816EA7918124,2025-10-03T16:16:00,2025-10-03T03:08:48,level_completed,1,0.0
2025-10,EVT-202510-8D70719D5D7C-0007,SYN-202510-D8D70719D5D7C,SYN-202510-P8D70719D5D7C,2025-10-03T16:17:06,2025-10-03T16:03:06,level_completed,1,0.0
2025-10,EVT-202510-4614514762A7-0008,SYN-202510-D4614514762A7,SYN-202510-P4614514762A7,2025-10-03T16:18:00,2025-10-02T18:51:08,session_start,0,0.0
2025-10,EVT-202510-816EA7918124-0009,SYN-202510-D816EA7918124,SYN-202510-P816EA7918124,2025-10-03T16:20:00,2025-10-03T03:08:48,level_completed,1,0.0
2025-10,EVT-202510-AACAC65FDEBE-0004,SYN-202510-DAACAC65FDEBE,SYN-202510-PAACAC65FDEBE,2025-10-03T16:22:00,2025-10-02T20:13:36,session_start,0,0.0
2025-10,EVT-202510-4614514762A7-0028,SYN-202510-D4614514762A7,SYN-202510-P4614514762A7,2025-10-03T16:24:00,2025-10-02T18:51:08,level_completed,1,0.0
2025-10,EVT-202510-816EA7918124-0005,SYN-202510-D816EA7918124,SYN-202510-P816EA7918124,2025-10-03T16:24:00,2025-10-03T03:08:48,level_completed,1,0.0
2025-10,EVT-202510-9C1E770C7A10-0002,SYN-202510-D9C1E770C7A10,SYN-202510-P9C1E770C7A10,2025-10-03T16:24:00,2025-10-03T14:07:17,level_completed,1,0.0
2025-10,EVT-202510-E4757970F6D3-0003,SYN-202510-DE4757970F6D3,SYN-202510-PE4757970F6D3,2025-10-03T16:24:00,2025-10-03T06:41:24,session_start,0,0.0
2025-10,EVT-202510-816EA7918124-0008,SYN-202510-D816EA7918124,SYN-202510-P816EA7918124,2025-10-03T16:27:00,2025-10-03T03:08:48,level_completed,1,0.0
2025-10,EVT-202510-8D70719D5D7C-0006,SYN-202510-D8D70719D5D7C,SYN-202510-P8D70719D5D7C,2025-10-03T16:27:06,2025-10-03T16:03:06,level_completed,1,0.0
2025-10,EVT-202510-4614514762A7-0056,SYN-202510-D4614514762A7,SYN-202510-P4614514762A7,2025-10-03T16:28:00,2025-10-02T18:51:08,level_completed,1,0.0
2025-10,EVT-202510-4614514762A7-0139,SYN-202510-D4614514762A7,SYN-202510-P4614514762A7,2025-10-03T16:32:00,2025-10-02T18:51:08,ad_impression,0,0.001
2025-10,EVT-202510-816EA7918124-0010,SYN-202510-D816EA7918124,SYN-202510-P816EA7918124,2025-10-03T16:32:00,2025-10-03T03:08:48,level_completed,1,0.0
2025-10,EVT-202510-4614514762A7-0072,SYN-202510-D4614514762A7,SYN-202510-P4614514762A7,2025-10-03T16:35:00,2025-10-02T18:51:08,level_completed,1,0.0
2025-10,EVT-202510-4614514762A7-0048,SYN-202510-D4614514762A7,SYN-202510-P4614514762A7,2025-10-03T16:40:00,2025-10-02T18:51:08,level_completed,1,0.0
2025-10,EVT-202510-816EA7918124-0004,SYN-202510-D816EA7918124,SYN-202510-P816EA7918124,2025-10-03T16:40:00,2025-10-03T03:08:48,level_completed,1,0.0
2025-10,EVT-202510-5D76614FC056-0017,SYN-202510-D5D76614FC056,SYN-202510-P5D76614FC056,2025-10-03T16:42:00,2025-10-01T12:48:40,session_start,0,0.0
2025-10,EVT-202510-AACAC65FDEBE-0009,SYN-202510-DAACAC65FDEBE,SYN-202510-PAACAC65FDEBE,2025-10-03T16:43:00,2025-10-02T20:13:36,level_completed,1,0.0
2025-10,EVT-202510-AACAC65FDEBE-0016,SYN-202510-DAACAC65FDEBE,SYN-202510-PAACAC65FDEBE,2025-10-03T16:43:00,2025-10-02T20:13:36,level_completed,1,0.0
2025-10,EVT-202510-9A0FEDCF2B68-0001,SYN-202510-D9A0FEDCF2B68,SYN-202510-P9A0FEDCF2B68,2025-10-03T16:43:10,2025-10-03T16:42:10,session_start,0,0.0
2025-10,EVT-202510-9C1E770C7A10-0003,SYN-202510-D9C1E770C7A10,SYN-202510-P9C1E770C7A10,2025-10-03T16:45:00,2025-10-03T14:07:17,level_completed,1,0.0
2025-10,EVT-202510-AACAC65FDEBE-0008,SYN-202510-DAACAC65FDEBE,SYN-202510-PAACAC65FDEBE,2025-10-03T16:45:00,2025-10-02T20:13:36,level_completed,1,0.0
2025-10,EVT-202510-9A0FEDCF2B68-0002,SYN-202510-D9A0FEDCF2B68,SYN-202510-P9A0FEDCF2B68,2025-10-03T16:47:10,2025-10-03T16:42:10,level_completed,1,0.0
2025-10,EVT-202510-4614514762A7-0014,SYN-202510-D4614514762A7,SYN-202510-P4614514762A7,2025-10-03T16:48:00,2025-10-02T18:51:08,level_completed,1,0.0
2025-10,EVT-202510-4614514762A7-0127,SYN-202510-D4614514762A7,SYN-202510-P4614514762A7,2025-10-03T16:48:00,2025-10-02T18:51:08,ad_impression,0,0.001
2025-10,EVT-202510-8D70719D5D7C-0008,SYN-202510-D8D70719D5D7C,SYN-202510-P8D70719D5D7C,2025-10-03T16:48:06,2025-10-03T16:03:06,level_completed,1,0.0
2025-10,EVT-202510-9A0FEDCF2B68-0010,SYN-202510-D9A0FEDCF2B68,SYN-202510-P9A0FEDCF2B68,2025-10-03T16:56:10,2025-10-03T16:42:10,ad_impression,0,0.1646
2025-10,EVT-202510-AACAC65FDEBE-0024,SYN-202510-DAACAC65FDEBE,SYN-202510-PAACAC65FDEBE,2025-10-03T16:57:00,2025-10-02T20:13:36,level_completed,1,0.0
2025-10,EVT-202510-AACAC65FDEBE-0025,SYN-202510-DAACAC65FDEBE,SYN-202510-PAACAC65FDEBE,2025-10-03T16:57:00,2025-10-02T20:13:36,ad_impression,0,0.0096
2025-10,EVT-202510-E4757970F6D3-0017,SYN-202510-DE4757970F6D3,SYN-202510-PE4757970F6D3,2025-10-03T16:58:00,2025-10-03T06:41:24,ad_impression,0,0.0213
2025-10,EVT-202510-5D76614FC056-0090,SYN-202510-D5D76614FC056,SYN-202510-P5D76614FC056,2025-10-03T16:59:00,2025-10-01T12:48:40,level_completed,1,0.0
2025-10,EVT-202510-D3D16FD20D86-0001,SYN-202510-DD3D16FD20D86,SYN-202510-PD3D16FD20D86,2025-10-03T17:00:37,2025-10-03T16:59:37,session_start,0,0.0
2025-10,EVT-202510-D3D16FD20D86-0002,SYN-202510-DD3D16FD20D86,SYN-202510-PD3D16FD20D86,2025-10-03T17:00:37,2025-10-03T16:59:37,session_start,0,0.0
2025-10,EVT-202510-AACAC65FDEBE-0018,SYN-202510-DAACAC65FDEBE,SYN-202510-PAACAC65FDEBE,2025-10-03T17:05:00,2025-10-02T20:13:36,level_completed,1,0.0
2025-10,EVT-202510-D3D16FD20D86-0010,SYN-202510-DD3D16FD20D86,SYN-202510-PD3D16FD20D86,2025-10-03T17:05:37,2025-10-03T16:59:37,level_completed,1,0.0
2025-10,EVT-202510-4614514762A7-0044,SYN-202510-D4614514762A7,SYN-202510-P4614514762A7,2025-10-03T17:07:00,2025-10-02T18:51:08,level_completed,1,0.0
2025-10,EVT-202510-D3D16FD20D86-0007,SYN-202510-DD3D16FD20D86,SYN-202510-PD3D16FD20D86,2025-10-03T17:07:37,2025-10-03T16:59:37,level_completed,1,0.0
2025-10,EVT-202510-4614514762A7-0019,SYN-202510-D4614514762A7,SYN-202510-P4614514762A7,2025-10-03T17:09:00,2025-10-02T18:51:08,level_completed,1,0.0
2025-10,EVT-202510-D3D16FD20D86-0014,SYN-202510-DD3D16FD20D86,SYN-202510-PD3D16FD20D86,2025-10-03T17:09:37,2025-10-03T16:59:37,ad_impression,0,0.1632
2025-10,EVT-202510-4614514762A7-0031,SYN-202510-D4614514762A7,SYN-202510-P4614514762A7,2025-10-03T17:13:00,2025-10-02T18:51:08,level_completed,1,0.0
2025-10,EVT-202510-4614514762A7-0034,SYN-202510-D4614514762A7,SYN-202510-P4614514762A7,2025-10-03T17:14:00,2025-10-02T18:51:08,level_completed,1,0.0
2025-10,EVT-202510-4614514762A7-0113,SYN-202510-D4614514762A7,SYN-202510-P4614514762A7,2025-10-03T17:17:00,2025-10-02T18:51:08,ad_impression,0,0.001
2025-10,EVT-202510-CD116610839D-0003,SYN-202510-DCD116610839D,SYN-202510-PCD116610839D,2025-10-03T17:18:00,2025-10-03T01:36:47,session_start,0,0.0
2025-10,EVT-202510-8D70719D5D7C-0011,SYN-202510-D8D70719D5D7C,SYN-202510-P8D70719D5D7C,2025-10-03T17:19:06,2025-10-03T16:03:06,level_completed,1,0.0
2025-10,EVT-202510-D3D16FD20D86-0005,SYN-202510-DD3D16FD20D86,SYN-202510-PD3D16FD20D86,2025-10-03T17:20:37,2025-10-03T16:59:37,level_completed,1,0.0
2025-10,EVT-202510-8D70719D5D7C-0005,SYN-202510-D8D70719D5D7C,SYN-202510-P8D70719D5D7C,2025-10-03T17:21:06,2025-10-03T16:03:06,level_completed,1,0.0
2025-10,EVT-202510-4614514762A7-0066,SYN-202510-D4614514762A7,SYN-202510-P4614514762A7,2025-10-03T17:22:00,2025-10-02T18:51:08,level_completed,1,0.0
2025-10,EVT-202510-816EA7918124-0002,SYN-202510-D816EA7918124,SYN-202510-P816EA7918124,2025-10-03T17:22:00,2025-10-03T03:08:48,session_start,0,0.0
2025-10,EVT-202510-D3D16FD20D86-0006,SYN-202510-DD3D16FD20D86,SYN-202510-PD3D16FD20D86,2025-10-03T17:22:37,2025-10-03T16:59:37,level_completed,1,0.0
2025-10,EVT-202510-CD116610839D-0019,SYN-202510-DCD116610839D,SYN-202510-PCD116610839D,2025-10-03T17:23:00,2025-10-03T01:36:47,level_completed,1,0.0
2025-10,EVT-202510-9A0FEDCF2B68-0003,SYN-202510-D9A0FEDCF2B68,SYN-202510-P9A0FEDCF2B68,2025-10-03T17:24:10,2025-10-03T16:42:10,level_completed,1,0.0
2025-10,EVT-202510-E4757970F6D3-0021,SYN-202510-DE4757970F6D3,SYN-202510-PE4757970F6D3,2025-10-03T17:25:00,2025-10-03T06:41:24,ad_impression,0,0.0213
2025-10,EVT-202510-9A0FEDCF2B68-0007,SYN-202510-D9A0FEDCF2B68,SYN-202510-P9A0FEDCF2B68,2025-10-03T17:25:10,2025-10-03T16:42:10,level_completed,1,0.0
2025-10,EVT-202510-4614514762A7-0023,SYN-202510-D4614514762A7,SYN-202510-P4614514762A7,2025-10-03T17:27:00,2025-10-02T18:51:08,level_completed,1,0.0
2025-10,EVT-202510-4614514762A7-0015,SYN-202510-D4614514762A7,SYN-202510-P4614514762A7,2025-10-03T17:28:00,2025-10-02T18:51:08,level_completed,1,0.0
2025-10,EVT-202510-9A0FEDCF2B68-0008,SYN-202510-D9A0FEDCF2B68,SYN-202510-P9A0FEDCF2B68,2025-10-03T17:29:10,2025-10-03T16:42:10,level_completed,1,0.0
2025-10,EVT-202510-CD116610839D-0010,SYN-202510-DCD116610839D,SYN-202510-PCD116610839D,2025-10-03T17:31:00,2025-10-03T01:36:47,level_completed,1,0.0
2025-10,EVT-202510-D3D16FD20D86-0009,SYN-202510-DD3D16FD20D86,SYN-202510-PD3D16FD20D86,2025-10-03T17:31:37,2025-10-03T16:59:37,level_completed,1,0.0
2025-10,EVT-202510-4614514762A7-0033,SYN-202510-D4614514762A7,SYN-202510-P4614514762A7,2025-10-03T17:33:00,2025-10-02T18:51:08,level_completed,1,0.0
2025-10,EVT-202510-4614514762A7-0090,SYN-202510-D4614514762A7,SYN-202510-P4614514762A7,2025-10-03T17:33:00,2025-10-02T18:51:08,ad_impression,0,0.001
2025-10,EVT-202510-4614514762A7-0080,SYN-202510-D4614514762A7,SYN-202510-P4614514762A7,2025-10-03T17:35:00,2025-10-02T18:51:08,level_completed,1,0.0
2025-10,EVT-202510-5D76614FC056-0047,SYN-202510-D5D76614FC056,SYN-202510-P5D76614FC056,2025-10-03T17:36:00,2025-10-01T12:48:40,level_completed,1,0.0
2025-10,EVT-202510-4614514762A7-0013,SYN-202510-D4614514762A7,SYN-202510-P4614514762A7,2025-10-03T17:37:00,2025-10-02T18:51:08,level_completed,1,0.0
2025-10,EVT-202510-9A0FEDCF2B68-0006,SYN-202510-D9A0FEDCF2B68,SYN-202510-P9A0FEDCF2B68,2025-10-03T17:37:10,2025-10-03T16:42:10,level_completed,1,0.0
2025-10,EVT-202510-5D76614FC056-0050,SYN-202510-D5D76614FC056,SYN-202510-P5D76614FC056,2025-10-03T17:38:00,2025-10-01T12:48:40,level_completed,1,0.0
2025-10,EVT-202510-9A0FEDCF2B68-0004,SYN-202510-D9A0FEDCF2B68,SYN-202510-P9A0FEDCF2B68,2025-10-03T17:39:10,2025-10-03T16:42:10,level_completed,1,0.0
2025-10,EVT-202510-816EA7918124-0011,SYN-202510-D816EA7918124,SYN-202510-P816EA7918124,2025-10-03T17:43:00,2025-10-03T03:08:48,level_completed,1,0.0
2025-10,EVT-202510-D3D16FD20D86-0012,SYN-202510-DD3D16FD20D86,SYN-202510-PD3D16FD20D86,2025-10-03T17:45:37,2025-10-03T16:59:37,level_completed,1,0.0
2025-10,EVT-202510-5D76614FC056-0094,SYN-202510-D5D76614FC056,SYN-202510-P5D76614FC056,2025-10-03T17:46:00,2025-10-01T12:48:40,level_completed,1,0.0
2025-10,EVT-202510-D076E90174EE-0001,SYN-202510-DD076E90174EE,SYN-202510-PD076E90174EE,2025-10-03T17:47:34,2025-10-03T17:46:34,session_start,0,0.0
2025-10,EVT-202510-4614514762A7-0121,SYN-202510-D4614514762A7,SYN-202510-P4614514762A7,2025-10-03T17:48:00,2025-10-02T18:51:08,ad_impression,0,0.001
2025-10,EVT-202510-816EA7918124-0014,SYN-202510-D816EA7918124,SYN-202510-P816EA7918124,2025-10-03T17:48:00,2025-10-03T03:08:48,level_completed,1,0.0
2025-10,EVT-202510-816EA7918124-0023,SYN-202510-D816EA7918124,SYN-202510-P816EA7918124,2025-10-03T17:48:00,2025-10-03T03:08:48,level_completed,1,0.0
2025-10,EVT-202510-E91894B42D09-0006,SYN-202510-DE91894B42D09,SYN-202510-PE91894B42D09,2025-10-03T17:48:00,2025-10-02T21:45:04,session_start,0,0.0
2025-10,EVT-202510-D3D16FD20D86-0003,SYN-202510-DD3D16FD20D86,SYN-202510-PD3D16FD20D86,2025-10-03T17:50:37,2025-10-03T16:59:37,level_completed,1,0.0
2025-10,EVT-202510-D3D16FD20D86-0011,SYN-202510-DD3D16FD20D86,SYN-202510-PD3D16FD20D86,2025-10-03T17:50:37,2025-10-03T16:59:37,level_completed,1,0.0
2025-10,EVT-202510-5D76614FC056-0033,SYN-202510-D5D76614FC056,SYN-202510-P5D76614FC056,2025-10-03T17:52:00,2025-10-01T12:48:40,level_completed,1,0.0
2025-10,EVT-202510-5D76614FC056-0126,SYN-202510-D5D76614FC056,SYN-202510-P5D76614FC056,2025-10-03T17:53:00,2025-10-01T12:48:40,ad_impression,0,0.0007
2025-10,EVT-202510-9A0FEDCF2B68-0009,SYN-202510-D9A0FEDCF2B68,SYN-202510-P9A0FEDCF2B68,2025-10-03T17:53:10,2025-10-03T16:42:10,level_completed,1,0.0
2025-10,EVT-202510-816EA7918124-0027,SYN-202510-D816EA7918124,SYN-202510-P816EA7918124,2025-10-03T17:54:00,2025-10-03T03:08:48,ad_impression,0,0.0486
2025-10,EVT-202510-9A0FEDCF2B68-0005,SYN-202510-D9A0FEDCF2B68,SYN-202510-P9A0FEDCF2B68,2025-10-03T17:54:10,2025-10-03T16:42:10,level_completed,1,0.0
2025-10,EVT-202510-B2594FAE7659-0001,SYN-202510-DB2594FAE7659,SYN-202510-PB2594FAE7659,2025-10-03T17:54:32,2025-10-03T17:53:32,session_start,0,0.0
2025-10,EVT-202510-D3D16FD20D86-0004,SYN-202510-DD3D16FD20D86,SYN-202510-PD3D16FD20D86,2025-10-03T17:55:37,2025-10-03T16:59:37,level_completed,1,0.0
2025-10,EVT-202510-816EA7918124-0026,SYN-202510-D816EA7918124,SYN-202510-P816EA7918124,2025-10-03T17:56:00,2025-10-03T03:08:48,ad_impression,0,0.0486
2025-10,EVT-202510-9CB9BF1EA7B0-0002,SYN-202510-D9CB9BF1EA7B0,SYN-202510-P9CB9BF1EA7B0,2025-10-03T17:56:00,2025-10-03T03:59:53,session_start,0,0.0
2025-10,EVT-202510-E26048BECB70-0001,SYN-202510-DE26048BECB70,SYN-202510-PE26048BECB70,2025-10-03T17:56:37,2025-10-03T17:55:37,session_start,0,0.0
2025-10,EVT-202510-5D76614FC056-0164,SYN-202510-D5D76614FC056,SYN-202510-P5D76614FC056,2025-10-03T17:58:00,2025-10-01T12:48:40,ad_impression,0,0.0007
2025-10,EVT-202510-5D76614FC056-0039,SYN-202510-D5D76614FC056,SYN-202510-P5D76614FC056,2025-10-03T17:59:00,2025-10-01T12:48:40,level_completed,1,0.0
2025-10,EVT-202510-9CB9BF1EA7B0-0052,SYN-202510-D9CB9BF1EA7B0,SYN-202510-P9CB9BF1EA7B0,2025-10-03T17:59:00,2025-10-03T03:59:53,level_completed,1,0.0
2025-10,EVT-202510-B2594FAE7659-0015,SYN-202510-DB2594FAE7659,SYN-202510-PB2594FAE7659,2025-10-03T18:00:32,2025-10-03T17:53:32,level_completed,1,0.0
2025-10,EVT-202510-9CB9BF1EA7B0-0014,SYN-202510-D9CB9BF1EA7B0,SYN-202510-P9CB9BF1EA7B0,2025-10-03T18:02:00,2025-10-03T03:59:53,level_completed,1,0.0
2025-10,EVT-202510-D076E90174EE-0008,SYN-202510-DD076E90174EE,SYN-202510-PD076E90174EE,2025-10-03T18:02:34,2025-10-03T17:46:34,level_completed,1,0.0
2025-10,EVT-202510-AA14D45B98B6-0006,SYN-202510-DAA14D45B98B6,SYN-202510-PAA14D45B98B6,2025-10-03T18:03:00,2025-10-01T15:06:59,session_start,0,0.0
2025-10,EVT-202510-D3D16FD20D86-0008,SYN-202510-DD3D16FD20D86,SYN-202510-PD3D16FD20D86,2025-10-03T18:03:37,2025-10-03T16:59:37,level_completed,1,0.0
2025-10,EVT-202510-AA14D45B98B6-0012,SYN-202510-DAA14D45B98B6,SYN-202510-PAA14D45B98B6,2025-10-03T18:05:00,2025-10-01T15:06:59,level_completed,1,0.0
2025-10,EVT-202510-B2594FAE7659-0007,SYN-202510-DB2594FAE7659,SYN-202510-PB2594FAE7659,2025-10-03T18:10:32,2025-10-03T17:53:32,level_completed,1,0.0
2025-10,EVT-202510-816EA7918124-0017,SYN-202510-D816EA7918124,SYN-202510-P816EA7918124,2025-10-03T18:11:00,2025-10-03T03:08:48,level_completed,1,0.0
2025-10,EVT-202510-D3D16FD20D86-0013,SYN-202510-DD3D16FD20D86,SYN-202510-PD3D16FD20D86,2025-10-03T18:11:37,2025-10-03T16:59:37,ad_impression,0,0.1632
2025-10,EVT-202510-9CB9BF1EA7B0-0010,SYN-202510-D9CB9BF1EA7B0,SYN-202510-P9CB9BF1EA7B0,2025-10-03T18:14:00,2025-10-03T03:59:53,level_completed,1,0.0
2025-10,EVT-202510-9CB9BF1EA7B0-0017,SYN-202510-D9CB9BF1EA7B0,SYN-202510-P9CB9BF1EA7B0,2025-10-03T18:14:00,2025-10-03T03:59:53,level_completed,1,0.0
2025-10,EVT-202510-B2594FAE7659-0031,SYN-202510-DB2594FAE7659,SYN-202510-PB2594FAE7659,2025-10-03T18:14:32,2025-10-03T17:53:32,level_completed,1,0.0
2025-10,EVT-202510-AA14D45B98B6-0015,SYN-202510-DAA14D45B98B6,SYN-202510-PAA14D45B98B6,2025-10-03T18:16:00,2025-10-01T15:06:59,level_completed,1,0.0
2025-10,EVT-202510-9CB9BF1EA7B0-0065,SYN-202510-D9CB9BF1EA7B0,SYN-202510-P9CB9BF1EA7B0,2025-10-03T18:17:00,2025-10-03T03:59:53,ad_impression,0,0.0
2025-10,EVT-202510-AA14D45B98B6-0016,SYN-202510-DAA14D45B98B6,SYN-202510-PAA14D45B98B6,2025-10-03T18:17:00,2025-10-01T15:06:59,level_completed,1,0.0
2025-10,EVT-202510-E26048BECB70-0002,SYN-202510-DE26048BECB70,SYN-202510-PE26048BECB70,2025-10-03T18:19:37,2025-10-03T17:55:37,level_completed,1,0.0
2025-10,EVT-202510-9CB9BF1EA7B0-0066,SYN-202510-D9CB9BF1EA7B0,SYN-202510-P9CB9BF1EA7B0,2025-10-03T18:23:00,2025-10-03T03:59:53,ad_impression,0,0.0
2025-10,EVT-202510-AA14D45B98B6-0049,SYN-202510-DAA14D45B98B6,SYN-202510-PAA14D45B98B6,2025-10-03T18:23:00,2025-10-01T15:06:59,level_completed,1,0.0
2025-10,EVT-202510-AA14D45B98B6-0023,SYN-202510-DAA14D45B98B6,SYN-202510-PAA14D45B98B6,2025-10-03T18:25:00,2025-10-01T15:06:59,level_completed,1,0.0
2025-10,EVT-202510-E26048BECB70-0003,SYN-202510-DE26048BECB70,SYN-202510-PE26048BECB70,2025-10-03T18:25:37,2025-10-03T17:55:37,level_completed,1,0.0
2025-10,EVT-202510-E26048BECB70-0004,SYN-202510-DE26048BECB70,SYN-202510-PE26048BECB70,2025-10-03T18:25:37,2025-10-03T17:55:37,level_completed,1,0.0
2025-10,EVT-202510-E91894B42D09-0030,SYN-202510-DE91894B42D09,SYN-202510-PE91894B42D09,2025-10-03T18:27:00,2025-10-02T21:45:04,level_completed,1,0.0
2025-10,EVT-202510-E26048BECB70-0006,SYN-202510-DE26048BECB70,SYN-202510-PE26048BECB70,2025-10-03T18:27:37,2025-10-03T17:55:37,ad_impression,0,0.0588
2025-10,EVT-202510-9CB9BF1EA7B0-0038,SYN-202510-D9CB9BF1EA7B0,SYN-202510-P9CB9BF1EA7B0,2025-10-03T18:28:00,2025-10-03T03:59:53,level_completed,1,0.0
2025-10,EVT-202510-B2594FAE7659-0009,SYN-202510-DB2594FAE7659,SYN-202510-PB2594FAE7659,2025-10-03T18:29:32,2025-10-03T17:53:32,level_completed,1,0.0
2025-10,EVT-202510-9CB9BF1EA7B0-0018,SYN-202510-D9CB9BF1EA7B0,SYN-202510-P9CB9BF1EA7B0,2025-10-03T18:31:00,2025-10-03T03:59:53,level_completed,1,0.0
2025-10,EVT-202510-AA14D45B98B6-0039,SYN-202510-DAA14D45B98B6,SYN-202510-PAA14D45B98B6,2025-10-03T18:31:00,2025-10-01T15:06:59,level_completed,1,0.0
2025-10,EVT-202510-CD116610839D-0017,SYN-202510-DCD116610839D,SYN-202510-PCD116610839D,2025-10-03T18:32:00,2025-10-03T01:36:47,level_completed,1,0.0
2025-10,EVT-202510-CD116610839D-0031,SYN-202510-DCD116610839D,SYN-202510-PCD116610839D,2025-10-03T18:34:00,2025-10-03T01:36:47,ad_impression,0,0.041
2025-10,EVT-202510-E91894B42D09-0037,SYN-202510-DE91894B42D09,SYN-202510-PE91894B42D09,2025-10-03T18:34:00,2025-10-02T21:45:04,ad_impression,0,0.0084
2025-10,EVT-202510-B2594FAE7659-0017,SYN-202510-DB2594FAE7659,SYN-202510-PB2594FAE7659,2025-10-03T18:34:32,2025-10-03T17:53:32,level_completed,1,0.0
2025-10,EVT-202510-B2594FAE7659-0026,SYN-202510-DB2594FAE7659,SYN-202510-PB2594FAE7659,2025-10-03T18:34:32,2025-10-03T17:53:32,level_completed,1,0.0
2025-10,EVT-202510-AA14D45B98B6-0064,SYN-202510-DAA14D45B98B6,SYN-202510-PAA14D45B98B6,2025-10-03T18:35:00,2025-10-01T15:06:59,ad_impression,0,0.0112
2025-10,EVT-202510-E91894B42D09-0026,SYN-202510-DE91894B42D09,SYN-202510-PE91894B42D09,2025-10-03T18:35:00,2025-10-02T21:45:04,level_completed,1,0.0
2025-10,EVT-202510-9CB9BF1EA7B0-0051,SYN-202510-D9CB9BF1EA7B0,SYN-202510-P9CB9BF1EA7B0,2025-10-03T18:36:00,2025-10-03T03:59:53,level_completed,1,0.0
2025-10,EVT-202510-E91894B42D09-0011,SYN-202510-DE91894B42D09,SYN-202510-PE91894B42D09,2025-10-03T18:36:00,2025-10-02T21:45:04,level_completed,1,0.0
2025-10,EVT-202510-E91894B42D09-0036,SYN-202510-DE91894B42D09,SYN-202510-PE91894B42D09,2025-10-03T18:36:00,2025-10-02T21:45:04,ad_impression,0,0.0084
2025-10,EVT-202510-B2594FAE7659-0021,SYN-202510-DB2594FAE7659,SYN-202510-PB2594FAE7659,2025-10-03T18:36:32,2025-10-03T17:53:32,level_completed,1,0.0
2025-10,EVT-202510-9CB9BF1EA7B0-0064,SYN-202510-D9CB9BF1EA7B0,SYN-202510-P9CB9BF1EA7B0,2025-10-03T18:37:00,2025-10-03T03:59:53,ad_impression,0,0.0
2025-10,EVT-202510-AA14D45B98B6-0024,SYN-202510-DAA14D45B98B6,SYN-202510-PAA14D45B98B6,2025-10-03T18:37:00,2025-10-01T15:06:59,level_completed,1,0.0
2025-10,EVT-202510-D076E90174EE-0003,SYN-202510-DD076E90174EE,SYN-202510-PD076E90174EE,2025-10-03T18:37:34,2025-10-03T17:46:34,level_completed,1,0.0
2025-10,EVT-202510-816EA7918124-0025,SYN-202510-D816EA7918124,SYN-202510-P816EA7918124,2025-10-03T18:38:00,2025-10-03T03:08:48,ad_impression,0,0.0486
2025-10,EVT-202510-9CB9BF1EA7B0-0055,SYN-202510-D9CB9BF1EA7B0,SYN-202510-P9CB9BF1EA7B0,2025-10-03T18:40:00,2025-10-03T03:59:53,level_completed,1,0.0
2025-10,EVT-202510-B2594FAE7659-0029,SYN-202510-DB2594FAE7659,SYN-202510-PB2594FAE7659,2025-10-03T18:41:32,2025-10-03T17:53:32,level_completed,1,0.0
2025-10,EVT-202510-9CB9BF1EA7B0-0047,SYN-202510-D9CB9BF1EA7B0,SYN-202510-P9CB9BF1EA7B0,2025-10-03T18:45:00,2025-10-03T03:59:53,level_completed,1,0.0
2025-10,EVT-202510-B2594FAE7659-0032,SYN-202510-DB2594FAE7659,SYN-202510-PB2594FAE7659,2025-10-03T18:46:32,2025-10-03T17:53:32,level_completed,1,0.0
2025-10,EVT-202510-B2594FAE7659-0018,SYN-202510-DB2594FAE7659,SYN-202510-PB2594FAE7659,2025-10-03T18:47:32,2025-10-03T17:53:32,level_completed,1,0.0
2025-10,EVT-202510-B2594FAE7659-0020,SYN-202510-DB2594FAE7659,SYN-202510-PB2594FAE7659,2025-10-03T18:48:32,2025-10-03T17:53:32,level_completed,1,0.0
2025-10,EVT-202510-D076E90174EE-0009,SYN-202510-DD076E90174EE,SYN-202510-PD076E90174EE,2025-10-03T18:48:34,2025-10-03T17:46:34,ad_impression,0,0.0599
2025-10,EVT-202510-9CB9BF1EA7B0-0023,SYN-202510-D9CB9BF1EA7B0,SYN-202510-P9CB9BF1EA7B0,2025-10-03T18:50:00,2025-10-03T03:59:53,level_completed,1,0.0
2025-10,EVT-202510-E91894B42D09-0021,SYN-202510-DE91894B42D09,SYN-202510-PE91894B42D09,2025-10-03T18:51:00,2025-10-02T21:45:04,level_completed,1,0.0
2025-10,EVT-202510-9CB9BF1EA7B0-0053,SYN-202510-D9CB9BF1EA7B0,SYN-202510-P9CB9BF1EA7B0,2025-10-03T18:52:00,2025-10-03T03:59:53,level_completed,1,0.0
2025-10,EVT-202510-9CB9BF1EA7B0-0031,SYN-202510-D9CB9BF1EA7B0,SYN-202510-P9CB9BF1EA7B0,2025-10-03T18:55:00,2025-10-03T03:59:53,level_completed,1,0.0
2025-10,EVT-202510-9CB9BF1EA7B0-0042,SYN-202510-D9CB9BF1EA7B0,SYN-202510-P9CB9BF1EA7B0,2025-10-03T18:57:00,2025-10-03T03:59:53,level_completed,1,0.0
2025-10,EVT-202510-B2594FAE7659-0005,SYN-202510-DB2594FAE7659,SYN-202510-PB2594FAE7659,2025-10-03T19:02:32,2025-10-03T17:53:32,level_completed,1,0.0
2025-10,EVT-202510-D076E90174EE-0007,SYN-202510-DD076E90174EE,SYN-202510-PD076E90174EE,2025-10-03T19:03:34,2025-10-03T17:46:34,level_completed,1,0.0
2025-10,EVT-202510-AA14D45B98B6-0022,SYN-202510-DAA14D45B98B6,SYN-202510-PAA14D45B98B6,2025-10-03T19:04:00,2025-10-01T15:06:59,level_completed,1,0.0
2025-10,EVT-202510-9CB9BF1EA7B0-0019,SYN-202510-D9CB9BF1EA7B0,SYN-202510-P9CB9BF1EA7B0,2025-10-03T19:05:00,2025-10-03T03:59:53,level_completed,1,0.0
2025-10,EVT-202510-9CB9BF1EA7B0-0050,SYN-202510-D9CB9BF1EA7B0,SYN-202510-P9CB9BF1EA7B0,2025-10-03T19:05:00,2025-10-03T03:59:53,level_completed,1,0.0
2025-10,EVT-202510-9CB9BF1EA7B0-0020,SYN-202510-D9CB9BF1EA7B0,SYN-202510-P9CB9BF1EA7B0,2025-10-03T19:07:00,2025-10-03T03:59:53,level_completed,1,0.0
2025-10,EVT-202510-B2594FAE7659-0028,SYN-202510-DB2594FAE7659,SYN-202510-PB2594FAE7659,2025-10-03T19:07:32,2025-10-03T17:53:32,level_completed,1,0.0
2025-10,EVT-202510-B2594FAE7659-0022,SYN-202510-DB2594FAE7659,SYN-202510-PB2594FAE7659,2025-10-03T19:11:32,2025-10-03T17:53:32,level_completed,1,0.0
2025-10,EVT-202510-E26048BECB70-0005,SYN-202510-DE26048BECB70,SYN-202510-PE26048BECB70,2025-10-03T19:13:37,2025-10-03T17:55:37,level_completed,1,0.0
2025-10,EVT-202510-AA14D45B98B6-0027,SYN-202510-DAA14D45B98B6,SYN-202510-PAA14D45B98B6,2025-10-03T19:14:00,2025-10-01T15:06:59,level_completed,1,0.0
2025-10,EVT-202510-AA14D45B98B6-0062,SYN-202510-DAA14D45B98B6,SYN-202510-PAA14D45B98B6,2025-10-03T19:14:00,2025-10-01T15:06:59,ad_impression,0,0.0112
2025-10,EVT-202510-AA14D45B98B6-0014,SYN-202510-DAA14D45B98B6,SYN-202510-PAA14D45B98B6,2025-10-03T19:18:00,2025-10-01T15:06:59,level_completed,1,0.0
2025-10,EVT-202510-AA14D45B98B6-0025,SYN-202510-DAA14D45B98B6,SYN-202510-PAA14D45B98B6,2025-10-03T19:20:00,2025-10-01T15:06:59,level_completed,1,0.0
2025-10,EVT-202510-750FE15ED3F4-0005,SYN-202510-D750FE15ED3F4,SYN-202510-P750FE15ED3F4,2025-10-03T19:23:00,2025-10-02T12:21:01,session_start,0,0.0
2025-10,EVT-202510-B28498937467-0002,SYN-202510-DB28498937467,SYN-202510-PB28498937467,2025-10-03T19:26:00,2025-10-03T02:20:01,session_start,0,0.0
2025-10,EVT-202510-AA14D45B98B6-0068,SYN-202510-DAA14D45B98B6,SYN-202510-PAA14D45B98B6,2025-10-03T19:30:00,2025-10-01T15:06:59,ad_impression,0,0.0112
2025-10,EVT-202510-7D4E98C8E5CD-0001,SYN-202510-D7D4E98C8E5CD,SYN-202510-P7D4E98C8E5CD,2025-10-03T19:30:40,2025-10-03T19:29:40,session_start,0,0.0
2025-10,EVT-202510-9CB9BF1EA7B0-0003,SYN-202510-D9CB9BF1EA7B0,SYN-202510-P9CB9BF1EA7B0,2025-10-03T19:32:00,2025-10-03T03:59:53,session_start,0,0.0
2025-10,EVT-202510-B28498937467-0004,SYN-202510-DB28498937467,SYN-202510-PB28498937467,2025-10-03T19:32:00,2025-10-03T02:20:01,level_completed,1,0.0
2025-10,EVT-202510-B28498937467-0008,SYN-202510-DB28498937467,SYN-202510-PB28498937467,2025-10-03T19:34:00,2025-10-03T02:20:01,ad_impression,0,0.0039
2025-10,EVT-202510-750FE15ED3F4-0017,SYN-202510-D750FE15ED3F4,SYN-202510-P750FE15ED3F4,2025-10-03T19:41:00,2025-10-02T12:21:01,level_completed,1,0.0
2025-10,EVT-202510-750FE15ED3F4-0025,SYN-202510-D750FE15ED3F4,SYN-202510-P750FE15ED3F4,2025-10-03T19:43:00,2025-10-02T12:21:01,level_completed,1,0.0
2025-10,EVT-202510-B28498937467-0005,SYN-202510-DB28498937467,SYN-202510-PB28498937467,2025-10-03T19:43:00,2025-10-03T02:20:01,level_completed,1,0.0
2025-10,EVT-202510-93D4E9206BCD-0007,SYN-202510-D93D4E9206BCD,SYN-202510-P93D4E9206BCD,2025-10-03T19:44:00,2025-10-02T21:25:30,session_start,0,0.0
2025-10,EVT-202510-9CB9BF1EA7B0-0046,SYN-202510-D9CB9BF1EA7B0,SYN-202510-P9CB9BF1EA7B0,2025-10-03T19:45:00,2025-10-03T03:59:53,level_completed,1,0.0
2025-10,EVT-202510-E91894B42D09-0007,SYN-202510-DE91894B42D09,SYN-202510-PE91894B42D09,2025-10-03T19:46:00,2025-10-02T21:45:04,session_start,0,0.0
2025-10,EVT-202510-1A0D2DA7D987-0005,SYN-202510-D1A0D2DA7D987,SYN-202510-P1A0D2DA7D987,2025-10-03T19:48:00,2025-10-03T01:11:03,session_start,0,0.0
2025-10,EVT-202510-93D4E9206BCD-0022,SYN-202510-D93D4E9206BCD,SYN-202510-P93D4E9206BCD,2025-10-03T19:48:00,2025-10-02T21:25:30,level_completed,1,0.0
2025-10,EVT-202510-93D4E9206BCD-0110,SYN-202510-D93D4E9206BCD,SYN-202510-P93D4E9206BCD,2025-10-03T19:48:00,2025-10-02T21:25:30,level_completed,1,0.0
2025-10,EVT-202510-86B66C324F83-0018,SYN-202510-D86B66C324F83,SYN-202510-P86B66C324F83,2025-10-03T19:55:00,2025-10-01T23:19:16,session_start,0,0.0
2025-10,EVT-202510-4F986E662824-0001,SYN-202510-D4F986E662824,SYN-202510-P4F986E662824,2025-10-03T19:56:00,2025-10-03T00:36:18,session_start,0,0.0
2025-10,EVT-202510-750FE15ED3F4-0006,SYN-202510-D750FE15ED3F4,SYN-202510-P750FE15ED3F4,2025-10-03T19:56:00,2025-10-02T12:21:01,level_completed,1,0.0
2025-10,EVT-202510-93D4E9206BCD-0082,SYN-202510-D93D4E9206BCD,SYN-202510-P93D4E9206BCD,2025-10-03T19:56:00,2025-10-02T21:25:30,level_completed,1,0.0
2025-10,EVT-202510-86B66C324F83-0055,SYN-202510-D86B66C324F83,SYN-202510-P86B66C324F83,2025-10-03T19:57:00,2025-10-01T23:19:16,level_completed,1,0.0
2025-10,EVT-202510-93D4E9206BCD-0184,SYN-202510-D93D4E9206BCD,SYN-202510-P93D4E9206BCD,2025-10-03T19:57:00,2025-10-02T21:25:30,ad_impression,0,0.0036
2025-10,EVT-202510-86B66C324F83-0019,SYN-202510-D86B66C324F83,SYN-202510-P86B66C324F83,2025-10-03T19:59:00,2025-10-01T23:19:16,session_start,0,0.0
2025-10,EVT-202510-1A0D2DA7D987-0006,SYN-202510-D1A0D2DA7D987,SYN-202510-P1A0D2DA7D987,2025-10-03T20:04:00,2025-10-03T01:11:03,level_completed,1,0.0
2025-10,EVT-202510-347EEE2F8E33-0001,SYN-202510-D347EEE2F8E33,SYN-202510-P347EEE2F8E33,2025-10-03T20:05:10,2025-10-03T20:04:10,session_start,0,0.0
2025-10,EVT-202510-347EEE2F8E33-0002,SYN-202510-D347EEE2F8E33,SYN-202510-P347EEE2F8E33,2025-10-03T20:05:10,2025-10-03T20:04:10,session_start,0,0.0
2025-10,EVT-202510-86B66C324F83-0027,SYN-202510-D86B66C324F83,SYN-202510-P86B66C324F83,2025-10-03T20:06:00,2025-10-01T23:19:16,level_completed,1,0.0
2025-10,EVT-202510-86B66C324F83-0062,SYN-202510-D86B66C324F83,SYN-202510-P86B66C324F83,2025-10-03T20:06:00,2025-10-01T23:19:16,level_completed,1,0.0
2025-10,EVT-202510-86B66C324F83-0382,SYN-202510-D86B66C324F83,SYN-202510-P86B66C324F83,2025-10-03T20:06:00,2025-10-01T23:19:16,ad_impression,0,0.0003
2025-10,EVT-202510-93D4E9206BCD-0083,SYN-202510-D93D4E9206BCD,SYN-202510-P93D4E9206BCD,2025-10-03T20:06:00,2025-10-02T21:25:30,level_completed,1,0.0
2025-10,EVT-202510-93D4E9206BCD-0172,SYN-202510-D93D4E9206BCD,SYN-202510-P93D4E9206BCD,2025-10-03T20:06:00,2025-10-02T21:25:30,ad_impression,0,0.0036
2025-10,EVT-202510-86B66C324F83-0417,SYN-202510-D86B66C324F83,SYN-202510-P86B66C324F83,2025-10-03T20:07:00,2025-10-01T23:19:16,ad_impression,0,0.0003
2025-10,EVT-202510-86B66C324F83-0482,SYN-202510-D86B66C324F83,SYN-202510-P86B66C324F83,2025-10-03T20:08:00,2025-10-01T23:19:16,ad_impression,0,0.0003
2025-10,EVT-202510-86B66C324F83-0522,SYN-202510-D86B66C324F83,SYN-202510-P86B66C324F83,2025-10-03T20:09:00,2025-10-01T23:19:16,ad_impression,0,0.0003
2025-10,EVT-202510-93D4E9206BCD-0099,SYN-202510-D93D4E9206BCD,SYN-202510-P93D4E9206BCD,2025-10-03T20:09:00,2025-10-02T21:25:30,level_completed,1,0.0
2025-10,EVT-202510-86B66C324F83-0573,SYN-202510-D86B66C324F83,SYN-202510-P86B66C324F83,2025-10-03T20:10:00,2025-10-01T23:19:16,ad_impression,0,0.0003
2025-10,EVT-202510-86B66C324F83-0188,SYN-202510-D86B66C324F83,SYN-202510-P86B66C324F83,2025-10-03T20:11:00,2025-10-01T23:19:16,level_completed,1,0.0
2025-10,EVT-202510-86B66C324F83-0629,SYN-202510-D86B66C324F83,SYN-202510-P86B66C324F83,2025-10-03T20:12:00,2025-10-01T23:19:16,ad_impression,0,0.0003
2025-10,EVT-202510-86B66C324F83-0575,SYN-202510-D86B66C324F83,SYN-202510-P86B66C324F83,2025-10-03T20:14:00,2025-10-01T23:19:16,ad_impression,0,0.0003
2025-10,EVT-202510-86B66C324F83-0210,SYN-202510-D86B66C324F83,SYN-202510-P86B66C324F83,2025-10-03T20:15:00,2025-10-01T23:19:16,level_completed,1,0.0
2025-10,EVT-202510-86B66C324F83-0378,SYN-202510-D86B66C324F83,SYN-202510-P86B66C324F83,2025-10-03T20:16:00,2025-10-01T23:19:16,ad_impression,0,0.0003
2025-10,EVT-202510-86B66C324F83-0481,SYN-202510-D86B66C324F83,SYN-202510-P86B66C324F83,2025-10-03T20:16:00,2025-10-01T23:19:16,ad_impression,0,0.0003
2025-10,EVT-202510-93D4E9206BCD-0182,SYN-202510-D93D4E9206BCD,SYN-202510-P93D4E9206BCD,2025-10-03T20:17:00,2025-10-02T21:25:30,ad_impression,0,0.0036
2025-10,EVT-202510-E91894B42D09-0025,SYN-202510-DE91894B42D09,SYN-202510-PE91894B42D09,2025-10-03T20:17:00,2025-10-02T21:45:04,level_completed,1,0.0
2025-10,EVT-202510-E9A75A63ED7E-0001,SYN-202510-DE9A75A63ED7E,SYN-202510-PE9A75A63ED7E,2025-10-03T20:17:20,2025-10-03T20:16:20,session_start,0,0.0
2025-10,EVT-202510-86B66C324F83-0470,SYN-202510-D86B66C324F83,SYN-202510-P86B66C324F83,2025-10-03T20:18:00,2025-10-01T23:19:16,ad_impression,0,0.0003
2025-10,EVT-202510-9CB9BF1EA7B0-0021,SYN-202510-D9CB9BF1EA7B0,SYN-202510-P9CB9BF1EA7B0,2025-10-03T20:18:00,2025-10-03T03:59:53,level_completed,1,0.0
2025-10,EVT-202510-86B66C324F83-0228,SYN-202510-D86B66C324F83,SYN-202510-P86B66C324F83,2025-10-03T20:19:00,2025-10-01T23:19:16,level_completed,1,0.0
2025-10,EVT-202510-9CB9BF1EA7B0-0027,SYN-202510-D9CB9BF1EA7B0,SYN-202510-P9CB9BF1EA7B0,2025-10-03T20:19:00,2025-10-03T03:59:53,level_completed,1,0.0
2025-10,EVT-202510-86B66C324F83-0387,SYN-202510-D86B66C324F83,SYN-202510-P86B66C324F83,2025-10-03T20:22:00,2025-10-01T23:19:16,ad_impression,0,0.0003
2025-10,EVT-202510-86B66C324F83-0129,SYN-202510-D86B66C324F83,SYN-202510-P86B66C324F83,2025-10-03T20:23:00,2025-10-01T23:19:16,level_completed,1,0.0
2025-10,EVT-202510-93D4E9206BCD-0039,SYN-202510-D93D4E9206BCD,SYN-202510-P93D4E9206BCD,2025-10-03T20:23:00,2025-10-02T21:25:30,level_completed,1,0.0
2025-10,EVT-202510-97BBD87F3F67-0001,SYN-202510-D97BBD87F3F67,SYN-202510-P97BBD87F3F67,2025-10-03T20:23:36,2025-10-03T20:22:36,session_start,0,0.0
2025-10,EVT-202510-97BBD87F3F67-0002,SYN-202510-D97BBD87F3F67,SYN-202510-P97BBD87F3F67,2025-10-03T20:23:36,2025-10-03T20:22:36,session_start,0,0.0
2025-10,EVT-202510-86B66C324F83-0189,SYN-202510-D86B66C324F83,SYN-202510-P86B66C324F83,2025-10-03T20:24:00,2025-10-01T23:19:16,level_completed,1,0.0
2025-10,EVT-202510-86B66C324F83-0247,SYN-202510-D86B66C324F83,SYN-202510-P86B66C324F83,2025-10-03T20:24:00,2025-10-01T23:19:16,level_completed,1,0.0
2025-10,EVT-202510-86B66C324F83-0503,SYN-202510-D86B66C324F83,SYN-202510-P86B66C324F83,2025-10-03T20:25:00,2025-10-01T23:19:16,ad_impression,0,0.0003
2025-10,EVT-202510-86B66C324F83-0571,SYN-202510-D86B66C324F83,SYN-202510-P86B66C324F83,2025-10-03T20:25:00,2025-10-01T23:19:16,ad_impression,0,0.0003
2025-10,EVT-202510-93D4E9206BCD-0120,SYN-202510-D93D4E9206BCD,SYN-202510-P93D4E9206BCD,2025-10-03T20:26:00,2025-10-02T21:25:30,level_completed,1,0.0
2025-10,EVT-202510-93D4E9206BCD-0046,SYN-202510-D93D4E9206BCD,SYN-202510-P93D4E9206BCD,2025-10-03T20:27:00,2025-10-02T21:25:30,level_completed,1,0.0
2025-10,EVT-202510-9CB9BF1EA7B0-0013,SYN-202510-D9CB9BF1EA7B0,SYN-202510-P9CB9BF1EA7B0,2025-10-03T20:27:00,2025-10-03T03:59:53,level_completed,1,0.0
2025-10,EVT-202510-E91894B42D09-0014,SYN-202510-DE91894B42D09,SYN-202510-PE91894B42D09,2025-10-03T20:27:00,2025-10-02T21:45:04,level_completed,1,0.0
2025-10,EVT-202510-59D753113781-0001,SYN-202510-D59D753113781,SYN-202510-P59D753113781,2025-10-03T20:28:03,2025-10-03T20:27:03,session_start,0,0.0
2025-10,EVT-202510-59D753113781-0002,SYN-202510-D59D753113781,SYN-202510-P59D753113781,2025-10-03T20:28:03,2025-10-03T20:27:03,session_start,0,0.0
2025-10,EVT-202510-59D753113781-0003,SYN-202510-D59D753113781,SYN-202510-P59D753113781,2025-10-03T20:28:03,2025-10-03T20:27:03,session_start,0,0.0
2025-10,EVT-202510-59D753113781-0004,SYN-202510-D59D753113781,SYN-202510-P59D753113781,2025-10-03T20:28:03,2025-10-03T20:27:03,session_start,0,0.0
2025-10,EVT-202510-86B66C324F83-0433,SYN-202510-D86B66C324F83,SYN-202510-P86B66C324F83,2025-10-03T20:29:00,2025-10-01T23:19:16,ad_impression,0,0.0003
2025-10,EVT-202510-93D4E9206BCD-0049,SYN-202510-D93D4E9206BCD,SYN-202510-P93D4E9206BCD,2025-10-03T20:29:00,2025-10-02T21:25:30,level_completed,1,0.0
2025-10,EVT-202510-86B66C324F83-0542,SYN-202510-D86B66C324F83,SYN-202510-P86B66C324F83,2025-10-03T20:30:00,2025-10-01T23:19:16,ad_impression,0,0.0003
2025-10,EVT-202510-5D76614FC056-0018,SYN-202510-D5D76614FC056,SYN-202510-P5D76614FC056,2025-10-03T20:31:00,2025-10-01T12:48:40,session_start,0,0.0
2025-10,EVT-202510-347EEE2F8E33-0009,SYN-202510-D347EEE2F8E33,SYN-202510-P347EEE2F8E33,2025-10-03T20:31:10,2025-10-03T20:04:10,level_completed,1,0.0
2025-10,EVT-202510-86B66C324F83-0103,SYN-202510-D86B66C324F83,SYN-202510-P86B66C324F83,2025-10-03T20:32:00,2025-10-01T23:19:16,level_completed,1,0.0
2025-10,EVT-202510-93D4E9206BCD-0013,SYN-202510-D93D4E9206BCD,SYN-202510-P93D4E9206BCD,2025-10-03T20:33:00,2025-10-02T21:25:30,level_completed,1,0.0
2025-10,EVT-202510-86B66C324F83-0311,SYN-202510-D86B66C324F83,SYN-202510-P86B66C324F83,2025-10-03T20:34:00,2025-10-01T23:19:16,level_completed,1,0.0
2025-10,EVT-202510-93D4E9206BCD-0008,SYN-202510-D93D4E9206BCD,SYN-202510-P93D4E9206BCD,2025-10-03T20:34:00,2025-10-02T21:25:30,level_completed,1,0.0
2025-10,EVT-202510-86B66C324F83-0177,SYN-202510-D86B66C324F83,SYN-202510-P86B66C324F83,2025-10-03T20:35:00,2025-10-01T23:19:16,level_completed,1,0.0
2025-10,EVT-202510-86B66C324F83-0180,SYN-202510-D86B66C324F83,SYN-202510-P86B66C324F83,2025-10-03T20:35:00,2025-10-01T23:19:16,level_completed,1,0.0
2025-10,EVT-202510-93D4E9206BCD-0116,SYN-202510-D93D4E9206BCD,SYN-202510-P93D4E9206BCD,2025-10-03T20:35:00,2025-10-02T21:25:30,level_completed,1,0.0
2025-10,EVT-202510-97BBD87F3F67-0004,SYN-202510-D97BBD87F3F67,SYN-202510-P97BBD87F3F67,2025-10-03T20:35:36,2025-10-03T20:22:36,level_completed,1,0.0
2025-10,EVT-202510-4F986E662824-0005,SYN-202510-D4F986E662824,SYN-202510-P4F986E662824,2025-10-03T20:36:00,2025-10-03T00:36:18,level_completed,1,0.0
2025-10,EVT-202510-796E01C6683D-0001,SYN-202510-D796E01C6683D,SYN-202510-P796E01C6683D,2025-10-03T20:37:00,2025-10-03T14:09:13,session_start,0,0.0
2025-10,EVT-202510-86B66C324F83-0459,SYN-202510-D86B66C324F83,SYN-202510-P86B66C324F83,2025-10-03T20:37:00,2025-10-01T23:19:16,ad_impression,0,0.0003
2025-10,EVT-202510-69FC3DB3D0F2-0005,SYN-202510-D69FC3DB3D0F2,SYN-202510-P69FC3DB3D0F2,2025-10-03T20:38:00,2025-10-01T17:31:34,session_start,0,0.0
2025-10,EVT-202510-86B66C324F83-0630,SYN-202510-D86B66C324F83,SYN-202510-P86B66C324F83,2025-10-03T20:38:00,2025-10-01T23:19:16,ad_impression,0,0.0003
2025-10,EVT-202510-86B66C324F83-0642,SYN-202510-D86B66C324F83,SYN-202510-P86B66C324F83,2025-10-03T20:39:00,2025-10-01T23:19:16,ad_impression,0,0.0003
2025-10,EVT-202510-9CB9BF1EA7B0-0036,SYN-202510-D9CB9BF1EA7B0,SYN-202510-P9CB9BF1EA7B0,2025-10-03T20:39:00,2025-10-03T03:59:53,level_completed,1,0.0
2025-10,EVT-202510-347EEE2F8E33-0008,SYN-202510-D347EEE2F8E33,SYN-202510-P347EEE2F8E33,2025-10-03T20:39:10,2025-10-03T20:04:10,level_completed,1,0.0
2025-10,EVT-202510-69FC3DB3D0F2-0007,SYN-202510-D69FC3DB3D0F2,SYN-202510-P69FC3DB3D0F2,2025-10-03T20:40:00,2025-10-01T17:31:34,level_completed,1,0.0
2025-10,EVT-202510-86B66C324F83-0112,SYN-202510-D86B66C324F83,SYN-202510-P86B66C324F83,2025-10-03T20:40:00,2025-10-01T23:19:16,level_completed,1,0.0
2025-10,EVT-202510-9CB9BF1EA7B0-0025,SYN-202510-D9CB9BF1EA7B0,SYN-202510-P9CB9BF1EA7B0,2025-10-03T20:40:00,2025-10-03T03:59:53,level_completed,1,0.0
2025-10,EVT-202510-86B66C324F83-0521,SYN-202510-D86B66C324F83,SYN-202510-P86B66C324F83,2025-10-03T20:41:00,2025-10-01T23:19:16,ad_impression,0,0.0003
2025-10,EVT-202510-93D4E9206BCD-0081,SYN-202510-D93D4E9206BCD,SYN-202510-P93D4E9206BCD,2025-10-03T20:41:00,2025-10-02T21:25:30,level_completed,1,0.0
2025-10,EVT-202510-750FE15ED3F4-0023,SYN-202510-D750FE15ED3F4,SYN-202510-P750FE15ED3F4,2025-10-03T20:42:00,2025-10-02T12:21:01,level_completed,1,0.0
2025-10,EVT-202510-86B66C324F83-0515,SYN-202510-D86B66C324F83,SYN-202510-P86B66C324F83,2025-10-03T20:42:00,2025-10-01T23:19:16,ad_impression,0,0.0003
2025-10,EVT-202510-93D4E9206BCD-0086,SYN-202510-D93D4E9206BCD,SYN-202510-P93D4E9206BCD,2025-10-03T20:42:00,2025-10-02T21:25:30,level_completed,1,0.0
2025-10,EVT-202510-93D4E9206BCD-0156,SYN-202510-D93D4E9206BCD,SYN-202510-P93D4E9206BCD,2025-10-03T20:42:00,2025-10-02T21:25:30,ad_impression,0,0.0036
2025-10,EVT-202510-86B66C324F83-0118,SYN-202510-D86B66C324F83,SYN-202510-P86B66C324F83,2025-10-03T20:43:00,2025-10-01T23:19:16,level_completed,1,0.0
2025-10,EVT-202510-86B66C324F83-0600,SYN-202510-D86B66C324F83,SYN-202510-P86B66C324F83,2025-10-03T20:43:00,2025-10-01T23:19:16,ad_impression,0,0.0003
2025-10,EVT-202510-93D4E9206BCD-0065,SYN-202510-D93D4E9206BCD,SYN-202510-P93D4E9206BCD,2025-10-03T20:43:00,2025-10-02T21:25:30,level_completed,1,0.0
2025-10,EVT-202510-20C1AB5181D1-0003,SYN-202510-D20C1AB5181D1,SYN-202510-P20C1AB5181D1,2025-10-03T20:44:00,2025-10-03T10:59:55,session_start,0,0.0
2025-10,EVT-202510-86B66C324F83-0407,SYN-202510-D86B66C324F83,SYN-202510-P86B66C324F83,2025-10-03T20:44:00,2025-10-01T23:19:16,ad_impression,0,0.0003
2025-10,EVT-202510-93D4E9206BCD-0104,SYN-202510-D93D4E9206BCD,SYN-202510-P93D4E9206BCD,2025-10-03T20:44:00,2025-10-02T21:25:30,level_completed,1,0.0
2025-10,EVT-202510-93D4E9206BCD-0091,SYN-202510-D93D4E9206BCD,SYN-202510-P93D4E9206BCD,2025-10-03T20:45:00,2025-10-02T21:25:30,level_completed,1,0.0
2025-10,EVT-202510-86B66C324F83-0295,SYN-202510-D86B66C324F83,SYN-202510-P86B66C324F83,2025-10-03T20:46:00,2025-10-01T23:19:16,level_completed,1,0.0
2025-10,EVT-202510-93D4E9206BCD-0167,SYN-202510-D93D4E9206BCD,SYN-202510-P93D4E9206BCD,2025-10-03T20:46:00,2025-10-02T21:25:30,ad_impression,0,0.0036
2025-10,EVT-202510-4F986E662824-0002,SYN-202510-D4F986E662824,SYN-202510-P4F986E662824,2025-10-03T20:47:00,2025-10-03T00:36:18,level_completed,1,0.0
2025-10,EVT-202510-86B66C324F83-0397,SYN-202510-D86B66C324F83,SYN-202510-P86B66C324F83,2025-10-03T20:47:00,2025-10-01T23:19:16,ad_impression,0,0.0003
2025-10,EVT-202510-E9A75A63ED7E-0002,SYN-202510-DE9A75A63ED7E,SYN-202510-PE9A75A63ED7E,2025-10-03T20:47:20,2025-10-03T20:16:20,level_completed,1,0.0
2025-10,EVT-202510-93D4E9206BCD-0160,SYN-202510-D93D4E9206BCD,SYN-202510-P93D4E9206BCD,2025-10-03T20:48:00,2025-10-02T21:25:30,ad_impression,0,0.0036
2025-10,EVT-202510-59D753113781-0005,SYN-202510-D59D753113781,SYN-202510-P59D753113781,2025-10-03T20:48:03,2025-10-03T20:27:03,level_completed,1,0.0
2025-10,EVT-202510-86B66C324F83-0402,SYN-202510-D86B66C324F83,SYN-202510-P86B66C324F83,2025-10-03T20:49:00,2025-10-01T23:19:16,ad_impression,0,0.0003
2025-10,EVT-202510-86B66C324F83-0469,SYN-202510-D86B66C324F83,SYN-202510-P86B66C324F83,2025-10-03T20:49:00,2025-10-01T23:19:16,ad_impression,0,0.0003
2025-10,EVT-202510-E9A75A63ED7E-0004,SYN-202510-DE9A75A63ED7E,SYN-202510-PE9A75A63ED7E,2025-10-03T20:49:20,2025-10-03T20:16:20,level_completed,1,0.0
2025-10,EVT-202510-86B66C324F83-0097,SYN-202510-D86B66C324F83,SYN-202510-P86B66C324F83,2025-10-03T20:50:00,2025-10-01T23:19:16,level_completed,1,0.0
2025-10,EVT-202510-86B66C324F83-0285,SYN-202510-D86B66C324F83,SYN-202510-P86B66C324F83,2025-10-03T20:50:00,2025-10-01T23:19:16,level_completed,1,0.0
2025-10,EVT-202510-9CB9BF1EA7B0-0035,SYN-202510-D9CB9BF1EA7B0,SYN-202510-P9CB9BF1EA7B0,2025-10-03T20:51:00,2025-10-03T03:59:53,level_completed,1,0.0
2025-10,EVT-202510-97BBD87F3F67-0008,SYN-202510-D97BBD87F3F67,SYN-202510-P97BBD87F3F67,2025-10-03T20:51:36,2025-10-03T20:22:36,level_completed,1,0.0
2025-10,EVT-202510-69FC3DB3D0F2-0013,SYN-202510-D69FC3DB3D0F2,SYN-202510-P69FC3DB3D0F2,2025-10-03T20:52:00,2025-10-01T17:31:34,level_completed,1,0.0
2025-10,EVT-202510-750FE15ED3F4-0031,SYN-202510-D750FE15ED3F4,SYN-202510-P750FE15ED3F4,2025-10-03T20:52:00,2025-10-02T12:21:01,ad_impression,0,0.0319
2025-10,EVT-202510-86B66C324F83-0080,SYN-202510-D86B66C324F83,SYN-202510-P86B66C324F83,2025-10-03T20:52:00,2025-10-01T23:19:16,level_completed,1,0.0
2025-10,EVT-202510-97BBD87F3F67-0012,SYN-202510-D97BBD87F3F67,SYN-202510-P97BBD87F3F67,2025-10-03T20:52:36,2025-10-03T20:22:36,level_completed,1,0.0
2025-10,EVT-202510-86B66C324F83-0337,SYN-202510-D86B66C324F83,SYN-202510-P86B66C324F83,2025-10-03T20:53:00,2025-10-01T23:19:16,level_completed,1,0.0
2025-10,EVT-202510-86B66C324F83-0561,SYN-202510-D86B66C324F83,SYN-202510-P86B66C324F83,2025-10-03T20:54:00,2025-10-01T23:19:16,ad_impression,0,0.0003
2025-10,EVT-202510-86B66C324F83-0538,SYN-202510-D86B66C324F83,SYN-202510-P86B66C324F83,2025-10-03T20:55:00,2025-10-01T23:19:16,ad_impression,0,0.0003
2025-10,EVT-202510-93D4E9206BCD-0100,SYN-202510-D93D4E9206BCD,SYN-202510-P93D4E9206BCD,2025-10-03T20:55:00,2025-10-02T21:25:30,level_completed,1,0.0
2025-10,EVT-202510-93D4E9206BCD-0123,SYN-202510-D93D4E9206BCD,SYN-202510-P93D4E9206BCD,2025-10-03T20:55:00,2025-10-02T21:25:30,level_completed,1,0.0
2025-10,EVT-202510-347EEE2F8E33-0005,SYN-202510-D347EEE2F8E33,SYN-202510-P347EEE2F8E33,2025-10-03T20:55:10,2025-10-03T20:04:10,level_completed,1,0.0
2025-10,EVT-202510-86B66C324F83-0259,SYN-202510-D86B66C324F83,SYN-202510-P86B66C324F83,2025-10-03T20:56:00,2025-10-01T23:19:16,level_completed,1,0.0
2025-10,EVT-202510-93D4E9206BCD-0112,SYN-202510-D93D4E9206BCD,SYN-202510-P93D4E9206BCD,2025-10-03T20:56:00,2025-10-02T21:25:30,level_completed,1,0.0
2025-10,EVT-202510-93D4E9206BCD-0159,SYN-202510-D93D4E9206BCD,SYN-202510-P93D4E9206BCD,2025-10-03T20:56:00,2025-10-02T21:25:30,ad_impression,0,0.0036
2025-10,EVT-202510-97BBD87F3F67-0003,SYN-202510-D97BBD87F3F67,SYN-202510-P97BBD87F3F67,2025-10-03T20:57:36,2025-10-03T20:22:36,level_completed,1,0.0
2025-10,EVT-202510-86B66C324F83-0323,SYN-202510-D86B66C324F83,SYN-202510-P86B66C324F83,2025-10-03T20:58:00,2025-10-01T23:19:16,level_completed,1,0.0
2025-10,EVT-202510-4F986E662824-0004,SYN-202510-D4F986E662824,SYN-202510-P4F986E662824,2025-10-03T20:59:00,2025-10-03T00:36:18,level_completed,1,0.0
2025-10,EVT-202510-347EEE2F8E33-0004,SYN-202510-D347EEE2F8E33,SYN-202510-P347EEE2F8E33,2025-10-03T20:59:10,2025-10-03T20:04:10,level_completed,1,0.0
2025-10,EVT-202510-66BCA87E2FA7-0001,SYN-202510-D66BCA87E2FA7,SYN-202510-P66BCA87E2FA7,2025-10-03T21:00:04,2025-10-03T20:59:04,session_start,0,0.0
2025-10,EVT-202510-66BCA87E2FA7-0002,SYN-202510-D66BCA87E2FA7,SYN-202510-P66BCA87E2FA7,2025-10-03T21:00:04,2025-10-03T20:59:04,session_start,0,0.0
2025-10,EVT-202510-66BCA87E2FA7-0003,SYN-202510-D66BCA87E2FA7,SYN-202510-P66BCA87E2FA7,2025-10-03T21:00:04,2025-10-03T20:59:04,session_start,0,0.0
2025-10,EVT-202510-66BCA87E2FA7-0004,SYN-202510-D66BCA87E2FA7,SYN-202510-P66BCA87E2FA7,2025-10-03T21:00:04,2025-10-03T20:59:04,session_start,0,0.0
2025-10,EVT-202510-66BCA87E2FA7-0005,SYN-202510-D66BCA87E2FA7,SYN-202510-P66BCA87E2FA7,2025-10-03T21:00:04,2025-10-03T20:59:04,session_start,0,0.0
2025-10,EVT-202510-66BCA87E2FA7-0006,SYN-202510-D66BCA87E2FA7,SYN-202510-P66BCA87E2FA7,2025-10-03T21:00:04,2025-10-03T20:59:04,session_start,0,0.0
2025-10,EVT-202510-66BCA87E2FA7-0007,SYN-202510-D66BCA87E2FA7,SYN-202510-P66BCA87E2FA7,2025-10-03T21:00:04,2025-10-03T20:59:04,session_start,0,0.0
2025-10,EVT-202510-66BCA87E2FA7-0008,SYN-202510-D66BCA87E2FA7,SYN-202510-P66BCA87E2FA7,2025-10-03T21:00:04,2025-10-03T20:59:04,session_start,0,0.0
2025-10,EVT-202510-4F986E662824-0006,SYN-202510-D4F986E662824,SYN-202510-P4F986E662824,2025-10-03T21:01:00,2025-10-03T00:36:18,level_completed,1,0.0
2025-10,EVT-202510-86B66C324F83-0029,SYN-202510-D86B66C324F83,SYN-202510-P86B66C324F83,2025-10-03T21:02:00,2025-10-01T23:19:16,level_completed,1,0.0
2025-10,EVT-202510-66BCA87E2FA7-0010,SYN-202510-D66BCA87E2FA7,SYN-202510-P66BCA87E2FA7,2025-10-03T21:02:04,2025-10-03T20:59:04,level_completed,1,0.0
2025-10,EVT-202510-66BCA87E2FA7-0022,SYN-202510-D66BCA87E2FA7,SYN-202510-P66BCA87E2FA7,2025-10-03T21:02:04,2025-10-03T20:59:04,level_completed,1,0.0
2025-10,EVT-202510-86B66C324F83-0266,SYN-202510-D86B66C324F83,SYN-202510-P86B66C324F83,2025-10-03T21:03:00,2025-10-01T23:19:16,level_completed,1,0.0
2025-10,EVT-202510-86B66C324F83-0553,SYN-202510-D86B66C324F83,SYN-202510-P86B66C324F83,2025-10-03T21:03:00,2025-10-01T23:19:16,ad_impression,0,0.0003
2025-10,EVT-202510-5D76614FC056-0198,SYN-202510-D5D76614FC056,SYN-202510-P5D76614FC056,2025-10-03T21:04:00,2025-10-01T12:48:40,ad_impression,0,0.0007
2025-10,EVT-202510-66BCA87E2FA7-0013,SYN-202510-D66BCA87E2FA7,SYN-202510-P66BCA87E2FA7,2025-10-03T21:04:04,2025-10-03T20:59:04,level_completed,1,0.0
2025-10,EVT-202510-347EEE2F8E33-0003,SYN-202510-D347EEE2F8E33,SYN-202510-P347EEE2F8E33,2025-10-03T21:06:10,2025-10-03T20:04:10,level_completed,1,0.0
2025-10,EVT-202510-66BCA87E2FA7-0028,SYN-202510-D66BCA87E2FA7,SYN-202510-P66BCA87E2FA7,2025-10-03T21:07:04,2025-10-03T20:59:04,level_completed,1,0.0
2025-10,EVT-202510-347EEE2F8E33-0006,SYN-202510-D347EEE2F8E33,SYN-202510-P347EEE2F8E33,2025-10-03T21:07:10,2025-10-03T20:04:10,level_completed,1,0.0
2025-10,EVT-202510-86B66C324F83-0158,SYN-202510-D86B66C324F83,SYN-202510-P86B66C324F83,2025-10-03T21:08:00,2025-10-01T23:19:16,level_completed,1,0.0
2025-10,EVT-202510-5D76614FC056-0092,SYN-202510-D5D76614FC056,SYN-202510-P5D76614FC056,2025-10-03T21:11:00,2025-10-01T12:48:40,level_completed,1,0.0
2025-10,EVT-202510-4F986E662824-0003,SYN-202510-D4F986E662824,SYN-202510-P4F986E662824,2025-10-03T21:12:00,2025-10-03T00:36:18,level_completed,1,0.0
2025-10,EVT-202510-796E01C6683D-0002,SYN-202510-D796E01C6683D,SYN-202510-P796E01C6683D,2025-10-03T21:12:00,2025-10-03T14:09:13,level_completed,1,0.0
2025-10,EVT-202510-86B66C324F83-0290,SYN-202510-D86B66C324F83,SYN-202510-P86B66C324F83,2025-10-03T21:12:00,2025-10-01T23:19:16,level_completed,1,0.0
2025-10,EVT-202510-86B66C324F83-0517,SYN-202510-D86B66C324F83,SYN-202510-P86B66C324F83,2025-10-03T21:12:00,2025-10-01T23:19:16,ad_impression,0,0.0003
2025-10,EVT-202510-86B66C324F83-0625,SYN-202510-D86B66C324F83,SYN-202510-P86B66C324F83,2025-10-03T21:12:00,2025-10-01T23:19:16,ad_impression,0,0.0003
2025-10,EVT-202510-69FC3DB3D0F2-0016,SYN-202510-D69FC3DB3D0F2,SYN-202510-P69FC3DB3D0F2,2025-10-03T21:13:00,2025-10-01T17:31:34,ad_impression,0,0.0187
2025-10,EVT-202510-86B66C324F83-0225,SYN-202510-D86B66C324F83,SYN-202510-P86B66C324F83,2025-10-03T21:16:00,2025-10-01T23:19:16,level_completed,1,0.0
2025-10,EVT-202510-86B66C324F83-0250,SYN-202510-D86B66C324F83,SYN-202510-P86B66C324F83,2025-10-03T21:17:00,2025-10-01T23:19:16,level_completed,1,0.0
2025-10,EVT-202510-347EEE2F8E33-0007,SYN-202510-D347EEE2F8E33,SYN-202510-P347EEE2F8E33,2025-10-03T21:17:10,2025-10-03T20:04:10,level_completed,1,0.0
2025-10,EVT-202510-5D76614FC056-0044,SYN-202510-D5D76614FC056,SYN-202510-P5D76614FC056,2025-10-03T21:19:00,2025-10-01T12:48:40,level_completed,1,0.0
2025-10,EVT-202510-66BCA87E2FA7-0026,SYN-202510-D66BCA87E2FA7,SYN-202510-P66BCA87E2FA7,2025-10-03T21:19:04,2025-10-03T20:59:04,level_completed,1,0.0
2025-10,EVT-202510-20C1AB5181D1-0010,SYN-202510-D20C1AB5181D1,SYN-202510-P20C1AB5181D1,2025-10-03T21:20:00,2025-10-03T10:59:55,level_completed,1,0.0
2025-10,EVT-202510-66BCA87E2FA7-0009,SYN-202510-D66BCA87E2FA7,SYN-202510-P66BCA87E2FA7,2025-10-03T21:20:00,2025-10-03T20:59:04,session_start,0,0.0
2025-10,EVT-202510-86B66C324F83-0622,SYN-202510-D86B66C324F83,SYN-202510-P86B66C324F83,2025-10-03T21:21:00,2025-10-01T23:19:16,ad_impression,0,0.0003
2025-10,EVT-202510-66BCA87E2FA7-0033,SYN-202510-D66BCA87E2FA7,SYN-202510-P66BCA87E2FA7,2025-10-03T21:21:04,2025-10-03T20:59:04,ad_impression,0,0.052
2025-10,EVT-202510-5D76614FC056-0066,SYN-202510-D5D76614FC056,SYN-202510-P5D76614FC056,2025-10-03T21:23:00,2025-10-01T12:48:40,level_completed,1,0.0
2025-10,EVT-202510-86B66C324F83-0508,SYN-202510-D86B66C324F83,SYN-202510-P86B66C324F83,2025-10-03T21:24:00,2025-10-01T23:19:16,ad_impression,0,0.0003
2025-10,EVT-202510-66BCA87E2FA7-0036,SYN-202510-D66BCA87E2FA7,SYN-202510-P66BCA87E2FA7,2025-10-03T21:27:04,2025-10-03T20:59:04,ad_impression,0,0.052
2025-10,EVT-202510-A9E25EFBD2C9-0001,SYN-202510-DA9E25EFBD2C9,SYN-202510-PA9E25EFBD2C9,2025-10-03T21:28:00,2025-10-03T14:00:57,session_start,0,0.0
2025-10,EVT-202510-97BBD87F3F67-0009,SYN-202510-D97BBD87F3F67,SYN-202510-P97BBD87F3F67,2025-10-03T21:28:36,2025-10-03T20:22:36,level_completed,1,0.0
2025-10,EVT-202510-97BBD87F3F67-0011,SYN-202510-D97BBD87F3F67,SYN-202510-P97BBD87F3F67,2025-10-03T21:30:36,2025-10-03T20:22:36,level_completed,1,0.0
2025-10,EVT-202510-796E01C6683D-0003,SYN-202510-D796E01C6683D,SYN-202510-P796E01C6683D,2025-10-03T21:31:00,2025-10-03T14:09:13,ad_impression,0,2.3081
2025-10,EVT-202510-66BCA87E2FA7-0023,SYN-202510-D66BCA87E2FA7,SYN-202510-P66BCA87E2FA7,2025-10-03T21:31:04,2025-10-03T20:59:04,level_completed,1,0.0
2025-10,EVT-202510-E9A75A63ED7E-0003,SYN-202510-DE9A75A63ED7E,SYN-202510-PE9A75A63ED7E,2025-10-03T21:31:20,2025-10-03T20:16:20,level_completed,1,0.0
2025-10,EVT-202510-347EEE2F8E33-0010,SYN-202510-D347EEE2F8E33,SYN-202510-P347EEE2F8E33,2025-10-03T21:33:10,2025-10-03T20:04:10,ad_impression,0,0.2707
2025-10,EVT-202510-97BBD87F3F67-0006,SYN-202510-D97BBD87F3F67,SYN-202510-P97BBD87F3F67,2025-10-03T21:34:36,2025-10-03T20:22:36,level_completed,1,0.0
2025-10,EVT-202510-20C1AB5181D1-0021,SYN-202510-D20C1AB5181D1,SYN-202510-P20C1AB5181D1,2025-10-03T21:37:00,2025-10-03T10:59:55,level_completed,1,0.0
2025-10,EVT-202510-66BCA87E2FA7-0025,SYN-202510-D66BCA87E2FA7,SYN-202510-P66BCA87E2FA7,2025-10-03T21:37:04,2025-10-03T20:59:04,level_completed,1,0.0
2025-10,EVT-202510-66BCA87E2FA7-0015,SYN-202510-D66BCA87E2FA7,SYN-202510-P66BCA87E2FA7,2025-10-03T21:38:04,2025-10-03T20:59:04,level_completed,1,0.0
2025-10,EVT-202510-97BBD87F3F67-0010,SYN-202510-D97BBD87F3F67,SYN-202510-P97BBD87F3F67,2025-10-03T21:39:36,2025-10-03T20:22:36,level_completed,1,0.0
2025-10,EVT-202510-5D76614FC056-0098,SYN-202510-D5D76614FC056,SYN-202510-P5D76614FC056,2025-10-03T21:40:00,2025-10-01T12:48:40,level_completed,1,0.0
2025-10,EVT-202510-97BBD87F3F67-0007,SYN-202510-D97BBD87F3F67,SYN-202510-P97BBD87F3F67,2025-10-03T21:40:36,2025-10-03T20:22:36,level_completed,1,0.0
2025-10,EVT-202510-97BBD87F3F67-0005,SYN-202510-D97BBD87F3F67,SYN-202510-P97BBD87F3F67,2025-10-03T21:41:36,2025-10-03T20:22:36,level_completed,1,0.0
2025-10,EVT-202510-66BCA87E2FA7-0017,SYN-202510-D66BCA87E2FA7,SYN-202510-P66BCA87E2FA7,2025-10-03T21:45:04,2025-10-03T20:59:04,level_completed,1,0.0
2025-10,EVT-202510-66BCA87E2FA7-0030,SYN-202510-D66BCA87E2FA7,SYN-202510-P66BCA87E2FA7,2025-10-03T21:45:04,2025-10-03T20:59:04,ad_impression,0,0.052
2025-10,EVT-202510-A9E25EFBD2C9-0011,SYN-202510-DA9E25EFBD2C9,SYN-202510-PA9E25EFBD2C9,2025-10-03T21:48:00,2025-10-03T14:00:57,ad_impression,0,0.2192
2025-10,EVT-202510-59D753113781-0006,SYN-202510-D59D753113781,SYN-202510-P59D753113781,2025-10-03T21:48:03,2025-10-03T20:27:03,level_completed,1,0.0
2025-10,EVT-202510-66BCA87E2FA7-0014,SYN-202510-D66BCA87E2FA7,SYN-202510-P66BCA87E2FA7,2025-10-03T21:49:04,2025-10-03T20:59:04,level_completed,1,0.0
2025-10,EVT-202510-66BCA87E2FA7-0029,SYN-202510-D66BCA87E2FA7,SYN-202510-P66BCA87E2FA7,2025-10-03T21:51:04,2025-10-03T20:59:04,ad_impression,0,0.052
2025-10,EVT-202510-20C1AB5181D1-0016,SYN-202510-D20C1AB5181D1,SYN-202510-P20C1AB5181D1,2025-10-03T21:52:00,2025-10-03T10:59:55,level_completed,1,0.0
2025-10,EVT-202510-69FC3DB3D0F2-0015,SYN-202510-D69FC3DB3D0F2,SYN-202510-P69FC3DB3D0F2,2025-10-03T21:52:00,2025-10-01T17:31:34,ad_impression,0,0.0187
2025-10,EVT-202510-20C1AB5181D1-0015,SYN-202510-D20C1AB5181D1,SYN-202510-P20C1AB5181D1,2025-10-03T21:55:00,2025-10-03T10:59:55,level_completed,1,0.0
2025-10,EVT-202510-20C1AB5181D1-0027,SYN-202510-D20C1AB5181D1,SYN-202510-P20C1AB5181D1,2025-10-03T21:56:00,2025-10-03T10:59:55,level_completed,1,0.0
2025-10,EVT-202510-66BCA87E2FA7-0035,SYN-202510-D66BCA87E2FA7,SYN-202510-P66BCA87E2FA7,2025-10-03T21:59:04,2025-10-03T20:59:04,ad_impression,0,0.052
2025-10,EVT-202510-66BCA87E2FA7-0020,SYN-202510-D66BCA87E2FA7,SYN-202510-P66BCA87E2FA7,2025-10-03T22:01:04,2025-10-03T20:59:04,level_completed,1,0.0
2025-10,EVT-202510-A9E25EFBD2C9-0007,SYN-202510-DA9E25EFBD2C9,SYN-202510-PA9E25EFBD2C9,2025-10-03T22:02:00,2025-10-03T14:00:57,level_completed,1,0.0
2025-10,EVT-202510-66BCA87E2FA7-0011,SYN-202510-D66BCA87E2FA7,SYN-202510-P66BCA87E2FA7,2025-10-03T22:04:04,2025-10-03T20:59:04,level_completed,1,0.0
2025-10,EVT-202510-66BCA87E2FA7-0032,SYN-202510-D66BCA87E2FA7,SYN-202510-P66BCA87E2FA7,2025-10-03T22:04:04,2025-10-03T20:59:04,ad_impression,0,0.052
2025-10,EVT-202510-66BCA87E2FA7-0024,SYN-202510-D66BCA87E2FA7,SYN-202510-P66BCA87E2FA7,2025-10-03T22:06:04,2025-10-03T20:59:04,level_completed,1,0.0
2025-10,EVT-202510-66BCA87E2FA7-0034,SYN-202510-D66BCA87E2FA7,SYN-202510-P66BCA87E2FA7,2025-10-03T22:07:00,2025-10-03T20:59:04,ad_impression,0,0.052
2025-10,EVT-202510-66BCA87E2FA7-0019,SYN-202510-D66BCA87E2FA7,SYN-202510-P66BCA87E2FA7,2025-10-03T22:07:04,2025-10-03T20:59:04,level_completed,1,0.0
2025-10,EVT-202510-A9E25EFBD2C9-0006,SYN-202510-DA9E25EFBD2C9,SYN-202510-PA9E25EFBD2C9,2025-10-03T22:08:00,2025-10-03T14:00:57,level_completed,1,0.0
2025-10,EVT-202510-66BCA87E2FA7-0018,SYN-202510-D66BCA87E2FA7,SYN-202510-P66BCA87E2FA7,2025-10-03T22:08:04,2025-10-03T20:59:04,level_completed,1,0.0
2025-10,EVT-202510-66BCA87E2FA7-0021,SYN-202510-D66BCA87E2FA7,SYN-202510-P66BCA87E2FA7,2025-10-03T22:10:04,2025-10-03T20:59:04,level_completed,1,0.0
2025-10,EVT-202510-636537B00474-0003,SYN-202510-D636537B00474,SYN-202510-P636537B00474,2025-10-03T22:11:00,2025-10-03T01:52:32,session_start,0,0.0
2025-10,EVT-202510-66BCA87E2FA7-0031,SYN-202510-D66BCA87E2FA7,SYN-202510-P66BCA87E2FA7,2025-10-03T22:11:04,2025-10-03T20:59:04,ad_impression,0,0.052
2025-10,EVT-202510-66BCA87E2FA7-0027,SYN-202510-D66BCA87E2FA7,SYN-202510-P66BCA87E2FA7,2025-10-03T22:13:04,2025-10-03T20:59:04,level_completed,1,0.0
2025-10,EVT-202510-C955F36323D7-0001,SYN-202510-DC955F36323D7,SYN-202510-PC955F36323D7,2025-10-03T22:13:27,2025-10-03T22:12:27,session_start,0,0.0
2025-10,EVT-202510-C955F36323D7-0002,SYN-202510-DC955F36323D7,SYN-202510-PC955F36323D7,2025-10-03T22:13:27,2025-10-03T22:12:27,session_start,0,0.0
2025-10,EVT-202510-66BCA87E2FA7-0016,SYN-202510-D66BCA87E2FA7,SYN-202510-P66BCA87E2FA7,2025-10-03T22:15:04,2025-10-03T20:59:04,level_completed,1,0.0
2025-10,EVT-202510-A9E25EFBD2C9-0002,SYN-202510-DA9E25EFBD2C9,SYN-202510-PA9E25EFBD2C9,2025-10-03T22:17:00,2025-10-03T14:00:57,level_completed,1,0.0
2025-10,EVT-202510-CD116610839D-0004,SYN-202510-DCD116610839D,SYN-202510-PCD116610839D,2025-10-03T22:18:00,2025-10-03T01:36:47,session_start,0,0.0
2025-10,EVT-202510-66BCA87E2FA7-0012,SYN-202510-D66BCA87E2FA7,SYN-202510-P66BCA87E2FA7,2025-10-03T22:18:04,2025-10-03T20:59:04,level_completed,1,0.0
2025-10,EVT-202510-B2594FAE7659-0002,SYN-202510-DB2594FAE7659,SYN-202510-PB2594FAE7659,2025-10-03T22:23:00,2025-10-03T17:53:32,session_start,0,0.0
2025-10,EVT-202510-A9A12FC4967D-0003,SYN-202510-DA9A12FC4967D,SYN-202510-PA9A12FC4967D,2025-10-03T22:25:00,2025-10-02T16:38:06,session_start,0,0.0
2025-10,EVT-202510-636537B00474-0004,SYN-202510-D636537B00474,SYN-202510-P636537B00474,2025-10-03T22:28:00,2025-10-03T01:52:32,level_completed,1,0.0
2025-10,EVT-202510-A9E25EFBD2C9-0004,SYN-202510-DA9E25EFBD2C9,SYN-202510-PA9E25EFBD2C9,2025-10-03T22:30:00,2025-10-03T14:00:57,level_completed,1,0.0
2025-10,EVT-202510-A9E25EFBD2C9-0005,SYN-202510-DA9E25EFBD2C9,SYN-202510-PA9E25EFBD2C9,2025-10-03T22:31:00,2025-10-03T14:00:57,level_completed,1,0.0
2025-10,EVT-202510-B2594FAE7659-0025,SYN-202510-DB2594FAE7659,SYN-202510-PB2594FAE7659,2025-10-03T22:31:00,2025-10-03T17:53:32,level_completed,1,0.0
2025-10,EVT-202510-B2594FAE7659-0033,SYN-202510-DB2594FAE7659,SYN-202510-PB2594FAE7659,2025-10-03T22:32:00,2025-10-03T17:53:32,level_completed,1,0.0
2025-10,EVT-202510-B781948D3F02-0003,SYN-202510-DB781948D3F02,SYN-202510-PB781948D3F02,2025-10-03T22:33:00,2025-10-03T12:47:54,session_start,0,0.0
2025-10,EVT-202510-A9E25EFBD2C9-0008,SYN-202510-DA9E25EFBD2C9,SYN-202510-PA9E25EFBD2C9,2025-10-03T22:34:00,2025-10-03T14:00:57,level_completed,1,0.0
2025-10,EVT-202510-B781948D3F02-0078,SYN-202510-DB781948D3F02,SYN-202510-PB781948D3F02,2025-10-03T22:36:00,2025-10-03T12:47:54,ad_impression,0,0.0004
2025-10,EVT-202510-A9E25EFBD2C9-0010,SYN-202510-DA9E25EFBD2C9,SYN-202510-PA9E25EFBD2C9,2025-10-03T22:37:00,2025-10-03T14:00:57,level_completed,1,0.0
2025-10,EVT-202510-B781948D3F02-0051,SYN-202510-DB781948D3F02,SYN-202510-PB781948D3F02,2025-10-03T22:38:00,2025-10-03T12:47:54,ad_impression,0,0.0004
2025-10,EVT-202510-B781948D3F02-0080,SYN-202510-DB781948D3F02,SYN-202510-PB781948D3F02,2025-10-03T22:38:00,2025-10-03T12:47:54,ad_impression,0,0.0004
2025-10,EVT-202510-A9E25EFBD2C9-0009,SYN-202510-DA9E25EFBD2C9,SYN-202510-PA9E25EFBD2C9,2025-10-03T22:41:00,2025-10-03T14:00:57,level_completed,1,0.0
2025-10,EVT-202510-A9E25EFBD2C9-0003,SYN-202510-DA9E25EFBD2C9,SYN-202510-PA9E25EFBD2C9,2025-10-03T22:43:00,2025-10-03T14:00:57,level_completed,1,0.0
2025-10,EVT-202510-B781948D3F02-0058,SYN-202510-DB781948D3F02,SYN-202510-PB781948D3F02,2025-10-03T22:43:00,2025-10-03T12:47:54,ad_impression,0,0.0004
2025-10,EVT-202510-636537B00474-0005,SYN-202510-D636537B00474,SYN-202510-P636537B00474,2025-10-03T22:45:00,2025-10-03T01:52:32,level_completed,1,0.0
2025-10,EVT-202510-F5579178CEC3-0001,SYN-202510-DF5579178CEC3,SYN-202510-PF5579178CEC3,2025-10-03T22:51:14,2025-10-03T22:50:14,session_start,0,0.0
2025-10,EVT-202510-F5579178CEC3-0002,SYN-202510-DF5579178CEC3,SYN-202510-PF5579178CEC3,2025-10-03T22:51:14,2025-10-03T22:50:14,session_start,0,0.0
2025-10,EVT-202510-F5579178CEC3-0003,SYN-202510-DF5579178CEC3,SYN-202510-PF5579178CEC3,2025-10-03T22:51:14,2025-10-03T22:50:14,session_start,0,0.0
2025-10,EVT-202510-F5579178CEC3-0004,SYN-202510-DF5579178CEC3,SYN-202510-PF5579178CEC3,2025-10-03T22:51:14,2025-10-03T22:50:14,session_start,0,0.0
2025-10,EVT-202510-F5579178CEC3-0005,SYN-202510-DF5579178CEC3,SYN-202510-PF5579178CEC3,2025-10-03T22:51:14,2025-10-03T22:50:14,session_start,0,0.0
2025-10,EVT-202510-F5579178CEC3-0006,SYN-202510-DF5579178CEC3,SYN-202510-PF5579178CEC3,2025-10-03T22:51:14,2025-10-03T22:50:14,session_start,0,0.0
2025-10,EVT-202510-F5579178CEC3-0007,SYN-202510-DF5579178CEC3,SYN-202510-PF5579178CEC3,2025-10-03T22:51:14,2025-10-03T22:50:14,session_start,0,0.0
2025-10,EVT-202510-F5579178CEC3-0008,SYN-202510-DF5579178CEC3,SYN-202510-PF5579178CEC3,2025-10-03T22:51:14,2025-10-03T22:50:14,session_start,0,0.0
2025-10,EVT-202510-F5579178CEC3-0009,SYN-202510-DF5579178CEC3,SYN-202510-PF5579178CEC3,2025-10-03T22:51:14,2025-10-03T22:50:14,session_start,0,0.0
2025-10,EVT-202510-F5579178CEC3-0010,SYN-202510-DF5579178CEC3,SYN-202510-PF5579178CEC3,2025-10-03T22:51:14,2025-10-03T22:50:14,session_start,0,0.0
2025-10,EVT-202510-F5579178CEC3-0011,SYN-202510-DF5579178CEC3,SYN-202510-PF5579178CEC3,2025-10-03T22:51:14,2025-10-03T22:50:14,session_start,0,0.0
2025-10,EVT-202510-B2594FAE7659-0006,SYN-202510-DB2594FAE7659,SYN-202510-PB2594FAE7659,2025-10-03T22:52:00,2025-10-03T17:53:32,level_completed,1,0.0
2025-10,EVT-202510-B2594FAE7659-0004,SYN-202510-DB2594FAE7659,SYN-202510-PB2594FAE7659,2025-10-03T22:53:00,2025-10-03T17:53:32,level_completed,1,0.0
2025-10,EVT-202510-A9A12FC4967D-0010,SYN-202510-DA9A12FC4967D,SYN-202510-PA9A12FC4967D,2025-10-03T22:54:00,2025-10-02T16:38:06,level_completed,1,0.0
2025-10,EVT-202510-E2157F868420-0001,SYN-202510-DE2157F868420,SYN-202510-PE2157F868420,2025-10-03T22:56:15,2025-10-03T22:55:15,session_start,0,0.0
2025-10,EVT-202510-E2157F868420-0002,SYN-202510-DE2157F868420,SYN-202510-PE2157F868420,2025-10-03T22:56:15,2025-10-03T22:55:15,session_start,0,0.0
2025-10,EVT-202510-E2157F868420-0003,SYN-202510-DE2157F868420,SYN-202510-PE2157F868420,2025-10-03T22:56:15,2025-10-03T22:55:15,session_start,0,0.0
2025-10,EVT-202510-B781948D3F02-0027,SYN-202510-DB781948D3F02,SYN-202510-PB781948D3F02,2025-10-03T22:58:00,2025-10-03T12:47:54,level_completed,1,0.0
2025-10,EVT-202510-D076E90174EE-0002,SYN-202510-DD076E90174EE,SYN-202510-PD076E90174EE,2025-10-03T22:58:00,2025-10-03T17:46:34,session_start,0,0.0
2025-10,EVT-202510-F5579178CEC3-0026,SYN-202510-DF5579178CEC3,SYN-202510-PF5579178CEC3,2025-10-03T22:58:14,2025-10-03T22:50:14,level_completed,1,0.0
2025-10,EVT-202510-C955F36323D7-0005,SYN-202510-DC955F36323D7,SYN-202510-PC955F36323D7,2025-10-03T23:00:27,2025-10-03T22:12:27,level_completed,1,0.0
2025-10,EVT-202510-B781948D3F02-0015,SYN-202510-DB781948D3F02,SYN-202510-PB781948D3F02,2025-10-03T23:01:00,2025-10-03T12:47:54,level_completed,1,0.0
2025-10,EVT-202510-F5579178CEC3-0028,SYN-202510-DF5579178CEC3,SYN-202510-PF5579178CEC3,2025-10-03T23:01:14,2025-10-03T22:50:14,level_completed,1,0.0
2025-10,EVT-202510-3EA30B035B3E-0001,SYN-202510-D3EA30B035B3E,SYN-202510-P3EA30B035B3E,2025-10-03T23:01:17,2025-10-03T23:00:17,session_start,0,0.0
2025-10,EVT-202510-2F84F71FC082-0001,SYN-202510-D2F84F71FC082,SYN-202510-P2F84F71FC082,2025-10-03T23:01:21,2025-10-03T23:00:21,session_start,0,0.0
2025-10,EVT-202510-B2594FAE7659-0010,SYN-202510-DB2594FAE7659,SYN-202510-PB2594FAE7659,2025-10-03T23:02:00,2025-10-03T17:53:32,level_completed,1,0.0
2025-10,EVT-202510-B2594FAE7659-0013,SYN-202510-DB2594FAE7659,SYN-202510-PB2594FAE7659,2025-10-03T23:02:00,2025-10-03T17:53:32,level_completed,1,0.0
2025-10,EVT-202510-B781948D3F02-0075,SYN-202510-DB781948D3F02,SYN-202510-PB781948D3F02,2025-10-03T23:02:00,2025-10-03T12:47:54,ad_impression,0,0.0004
2025-10,EVT-202510-E2157F868420-0009,SYN-202510-DE2157F868420,SYN-202510-PE2157F868420,2025-10-03T23:02:15,2025-10-03T22:55:15,level_completed,1,0.0
2025-10,EVT-202510-B2594FAE7659-0011,SYN-202510-DB2594FAE7659,SYN-202510-PB2594FAE7659,2025-10-03T23:03:00,2025-10-03T17:53:32,level_completed,1,0.0
2025-10,EVT-202510-C2C479D5FC0D-0001,SYN-202510-DC2C479D5FC0D,SYN-202510-PC2C479D5FC0D,2025-10-03T23:03:32,2025-10-03T23:02:32,session_start,0,0.0
2025-10,EVT-202510-C2C479D5FC0D-0007,SYN-202510-DC2C479D5FC0D,SYN-202510-PC2C479D5FC0D,2025-10-03T23:05:32,2025-10-03T23:02:32,level_completed,1,0.0
2025-10,EVT-202510-B2594FAE7659-0030,SYN-202510-DB2594FAE7659,SYN-202510-PB2594FAE7659,2025-10-03T23:06:00,2025-10-03T17:53:32,level_completed,1,0.0
2025-10,EVT-202510-CC441A95F86D-0001,SYN-202510-DCC441A95F86D,SYN-202510-PCC441A95F86D,2025-10-03T23:06:11,2025-10-03T23:05:11,session_start,0,0.0
2025-10,EVT-202510-F5579178CEC3-0019,SYN-202510-DF5579178CEC3,SYN-202510-PF5579178CEC3,2025-10-03T23:06:14,2025-10-03T22:50:14,level_completed,1,0.0
2025-10,EVT-202510-C2C479D5FC0D-0003,SYN-202510-DC2C479D5FC0D,SYN-202510-PC2C479D5FC0D,2025-10-03T23:06:32,2025-10-03T23:02:32,level_completed,1,0.0
2025-10,EVT-202510-F5579178CEC3-0020,SYN-202510-DF5579178CEC3,SYN-202510-PF5579178CEC3,2025-10-03T23:07:14,2025-10-03T22:50:14,level_completed,1,0.0
2025-10,EVT-202510-3EA30B035B3E-0009,SYN-202510-D3EA30B035B3E,SYN-202510-P3EA30B035B3E,2025-10-03T23:08:17,2025-10-03T23:00:17,level_completed,1,0.0
2025-10,EVT-202510-C955F36323D7-0007,SYN-202510-DC955F36323D7,SYN-202510-PC955F36323D7,2025-10-03T23:08:27,2025-10-03T22:12:27,level_completed,1,0.0
2025-10,EVT-202510-B2594FAE7659-0024,SYN-202510-DB2594FAE7659,SYN-202510-PB2594FAE7659,2025-10-03T23:09:00,2025-10-03T17:53:32,level_completed,1,0.0
2025-10,EVT-202510-E2157F868420-0005,SYN-202510-DE2157F868420,SYN-202510-PE2157F868420,2025-10-03T23:09:15,2025-10-03T22:55:15,level_completed,1,0.0
2025-10,EVT-202510-C955F36323D7-0003,SYN-202510-DC955F36323D7,SYN-202510-PC955F36323D7,2025-10-03T23:09:27,2025-10-03T22:12:27,level_completed,1,0.0
2025-10,EVT-202510-B781948D3F02-0034,SYN-202510-DB781948D3F02,SYN-202510-PB781948D3F02,2025-10-03T23:10:00,2025-10-03T12:47:54,level_completed,1,0.0
2025-10,EVT-202510-E2157F868420-0013,SYN-202510-DE2157F868420,SYN-202510-PE2157F868420,2025-10-03T23:10:15,2025-10-03T22:55:15,level_completed,1,0.0
2025-10,EVT-202510-A9A12FC4967D-0007,SYN-202510-DA9A12FC4967D,SYN-202510-PA9A12FC4967D,2025-10-03T23:11:00,2025-10-02T16:38:06,level_completed,1,0.0
2025-10,EVT-202510-B781948D3F02-0062,SYN-202510-DB781948D3F02,SYN-202510-PB781948D3F02,2025-10-03T23:11:00,2025-10-03T12:47:54,ad_impression,0,0.0004
2025-10,EVT-202510-CC441A95F86D-0004,SYN-202510-DCC441A95F86D,SYN-202510-PCC441A95F86D,2025-10-03T23:11:11,2025-10-03T23:05:11,level_completed,1,0.0
2025-10,EVT-202510-E2157F868420-0006,SYN-202510-DE2157F868420,SYN-202510-PE2157F868420,2025-10-03T23:11:15,2025-10-03T22:55:15,level_completed,1,0.0
2025-10,EVT-202510-B781948D3F02-0005,SYN-202510-DB781948D3F02,SYN-202510-PB781948D3F02,2025-10-03T23:12:00,2025-10-03T12:47:54,level_completed,1,0.0
2025-10,EVT-202510-3EA30B035B3E-0011,SYN-202510-D3EA30B035B3E,SYN-202510-P3EA30B035B3E,2025-10-03T23:12:17,2025-10-03T23:00:17,level_completed,1,0.0
2025-10,EVT-202510-B781948D3F02-0052,SYN-202510-DB781948D3F02,SYN-202510-PB781948D3F02,2025-10-03T23:13:00,2025-10-03T12:47:54,ad_impression,0,0.0004
2025-10,EVT-202510-F5579178CEC3-0022,SYN-202510-DF5579178CEC3,SYN-202510-PF5579178CEC3,2025-10-03T23:13:14,2025-10-03T22:50:14,level_completed,1,0.0
2025-10,EVT-202510-3EA30B035B3E-0010,SYN-202510-D3EA30B035B3E,SYN-202510-P3EA30B035B3E,2025-10-03T23:13:17,2025-10-03T23:00:17,level_completed,1,0.0
2025-10,EVT-202510-B781948D3F02-0046,SYN-202510-DB781948D3F02,SYN-202510-PB781948D3F02,2025-10-03T23:14:00,2025-10-03T12:47:54,level_completed,1,0.0
2025-10,EVT-202510-BD970CB83BEC-0006,SYN-202510-DBD970CB83BEC,SYN-202510-PBD970CB83BEC,2025-10-03T23:14:00,2025-10-02T23:27:02,session_start,0,0.0
2025-10,EVT-202510-CD73CC5CC1C8-0001,SYN-202510-DCD73CC5CC1C8,SYN-202510-PCD73CC5CC1C8,2025-10-03T23:14:00,2025-10-03T15:43:48,session_start,0,0.0
2025-10,EVT-202510-B781948D3F02-0026,SYN-202510-DB781948D3F02,SYN-202510-PB781948D3F02,2025-10-03T23:16:00,2025-10-03T12:47:54,level_completed,1,0.0
2025-10,EVT-202510-B781948D3F02-0070,SYN-202510-DB781948D3F02,SYN-202510-PB781948D3F02,2025-10-03T23:16:00,2025-10-03T12:47:54,ad_impression,0,0.0004
2025-10,EVT-202510-3EA30B035B3E-0016,SYN-202510-D3EA30B035B3E,SYN-202510-P3EA30B035B3E,2025-10-03T23:16:17,2025-10-03T23:00:17,ad_impression,0,0.0335
2025-10,EVT-202510-B781948D3F02-0010,SYN-202510-DB781948D3F02,SYN-202510-PB781948D3F02,2025-10-03T23:17:00,2025-10-03T12:47:54,level_completed,1,0.0
2025-10,EVT-202510-B781948D3F02-0071,SYN-202510-DB781948D3F02,SYN-202510-PB781948D3F02,2025-10-03T23:17:00,2025-10-03T12:47:54,ad_impression,0,0.0004
2025-10,EVT-202510-CD73CC5CC1C8-0003,SYN-202510-DCD73CC5CC1C8,SYN-202510-PCD73CC5CC1C8,2025-10-03T23:17:00,2025-10-03T15:43:48,level_completed,1,0.0
2025-10,EVT-202510-B2594FAE7659-0008,SYN-202510-DB2594FAE7659,SYN-202510-PB2594FAE7659,2025-10-03T23:18:00,2025-10-03T17:53:32,level_completed,1,0.0
2025-10,EVT-202510-3EA30B035B3E-0004,SYN-202510-D3EA30B035B3E,SYN-202510-P3EA30B035B3E,2025-10-03T23:18:17,2025-10-03T23:00:17,level_completed,1,0.0
2025-10,EVT-202510-B2594FAE7659-0034,SYN-202510-DB2594FAE7659,SYN-202510-PB2594FAE7659,2025-10-03T23:19:00,2025-10-03T17:53:32,ad_impression,0,0.0951
2025-10,EVT-202510-B2594FAE7659-0003,SYN-202510-DB2594FAE7659,SYN-202510-PB2594FAE7659,2025-10-03T23:20:00,2025-10-03T17:53:32,level_completed,1,0.0
2025-10,EVT-202510-B2594FAE7659-0012,SYN-202510-DB2594FAE7659,SYN-202510-PB2594FAE7659,2025-10-03T23:20:00,2025-10-03T17:53:32,level_completed,1,0.0
2025-10,EVT-202510-F5579178CEC3-0021,SYN-202510-DF5579178CEC3,SYN-202510-PF5579178CEC3,2025-10-03T23:20:14,2025-10-03T22:50:14,level_completed,1,0.0
2025-10,EVT-202510-3EA30B035B3E-0008,SYN-202510-D3EA30B035B3E,SYN-202510-P3EA30B035B3E,2025-10-03T23:21:17,2025-10-03T23:00:17,level_completed,1,0.0
2025-10,EVT-202510-2F84F71FC082-0006,SYN-202510-D2F84F71FC082,SYN-202510-P2F84F71FC082,2025-10-03T23:21:21,2025-10-03T23:00:21,level_completed,1,0.0
2025-10,EVT-202510-C955F36323D7-0006,SYN-202510-DC955F36323D7,SYN-202510-PC955F36323D7,2025-10-03T23:21:27,2025-10-03T22:12:27,level_completed,1,0.0
2025-10,EVT-202510-B2594FAE7659-0014,SYN-202510-DB2594FAE7659,SYN-202510-PB2594FAE7659,2025-10-03T23:22:00,2025-10-03T17:53:32,level_completed,1,0.0
2025-10,EVT-202510-B781948D3F02-0077,SYN-202510-DB781948D3F02,SYN-202510-PB781948D3F02,2025-10-03T23:22:00,2025-10-03T12:47:54,ad_impression,0,0.0004
2025-10,EVT-202510-C955F36323D7-0004,SYN-202510-DC955F36323D7,SYN-202510-PC955F36323D7,2025-10-03T23:23:27,2025-10-03T22:12:27,level_completed,1,0.0
2025-10,EVT-202510-B781948D3F02-0011,SYN-202510-DB781948D3F02,SYN-202510-PB781948D3F02,2025-10-03T23:24:00,2025-10-03T12:47:54,level_completed,1,0.0
2025-10,EVT-202510-B781948D3F02-0024,SYN-202510-DB781948D3F02,SYN-202510-PB781948D3F02,2025-10-03T23:24:00,2025-10-03T12:47:54,level_completed,1,0.0
2025-10,EVT-202510-F5579178CEC3-0018,SYN-202510-DF5579178CEC3,SYN-202510-PF5579178CEC3,2025-10-03T23:24:14,2025-10-03T22:50:14,level_completed,1,0.0
2025-10,EVT-202510-E2157F868420-0004,SYN-202510-DE2157F868420,SYN-202510-PE2157F868420,2025-10-03T23:24:15,2025-10-03T22:55:15,level_completed,1,0.0
2025-10,EVT-202510-B2594FAE7659-0016,SYN-202510-DB2594FAE7659,SYN-202510-PB2594FAE7659,2025-10-03T23:25:00,2025-10-03T17:53:32,level_completed,1,0.0
2025-10,EVT-202510-F5579178CEC3-0027,SYN-202510-DF5579178CEC3,SYN-202510-PF5579178CEC3,2025-10-03T23:25:14,2025-10-03T22:50:14,level_completed,1,0.0
2025-10,EVT-202510-3EA30B035B3E-0002,SYN-202510-D3EA30B035B3E,SYN-202510-P3EA30B035B3E,2025-10-03T23:26:17,2025-10-03T23:00:17,level_completed,1,0.0
2025-10,EVT-202510-B781948D3F02-0047,SYN-202510-DB781948D3F02,SYN-202510-PB781948D3F02,2025-10-03T23:27:00,2025-10-03T12:47:54,level_completed,1,0.0
2025-10,EVT-202510-B781948D3F02-0065,SYN-202510-DB781948D3F02,SYN-202510-PB781948D3F02,2025-10-03T23:27:00,2025-10-03T12:47:54,ad_impression,0,0.0004
2025-10,EVT-202510-F5579178CEC3-0029,SYN-202510-DF5579178CEC3,SYN-202510-PF5579178CEC3,2025-10-03T23:27:14,2025-10-03T22:50:14,level_completed,1,0.0
2025-10,EVT-202510-F5579178CEC3-0030,SYN-202510-DF5579178CEC3,SYN-202510-PF5579178CEC3,2025-10-03T23:27:14,2025-10-03T22:50:14,level_completed,1,0.0
2025-10,EVT-202510-E2157F868420-0011,SYN-202510-DE2157F868420,SYN-202510-PE2157F868420,2025-10-03T23:27:15,2025-10-03T22:55:15,level_completed,1,0.0
2025-10,EVT-202510-F5579178CEC3-0025,SYN-202510-DF5579178CEC3,SYN-202510-PF5579178CEC3,2025-10-03T23:28:14,2025-10-03T22:50:14,level_completed,1,0.0
2025-10,EVT-202510-BD970CB83BEC-0010,SYN-202510-DBD970CB83BEC,SYN-202510-PBD970CB83BEC,2025-10-03T23:29:00,2025-10-02T23:27:02,level_completed,1,0.0
2025-10,EVT-202510-F5579178CEC3-0034,SYN-202510-DF5579178CEC3,SYN-202510-PF5579178CEC3,2025-10-03T23:30:14,2025-10-03T22:50:14,ad_impression,0,0.0326
2025-10,EVT-202510-B781948D3F02-0050,SYN-202510-DB781948D3F02,SYN-202510-PB781948D3F02,2025-10-03T23:31:00,2025-10-03T12:47:54,ad_impression,0,0.0004
2025-10,EVT-202510-F5579178CEC3-0014,SYN-202510-DF5579178CEC3,SYN-202510-PF5579178CEC3,2025-10-03T23:31:14,2025-10-03T22:50:14,level_completed,1,0.0
2025-10,EVT-202510-E2157F868420-0008,SYN-202510-DE2157F868420,SYN-202510-PE2157F868420,2025-10-03T23:31:15,2025-10-03T22:55:15,level_completed,1,0.0
2025-10,EVT-202510-3EA30B035B3E-0013,SYN-202510-D3EA30B035B3E,SYN-202510-P3EA30B035B3E,2025-10-03T23:31:17,2025-10-03T23:00:17,level_completed,1,0.0
2025-10,EVT-202510-B781948D3F02-0028,SYN-202510-DB781948D3F02,SYN-202510-PB781948D3F02,2025-10-03T23:32:00,2025-10-03T12:47:54,level_completed,1,0.0
2025-10,EVT-202510-BD970CB83BEC-0029,SYN-202510-DBD970CB83BEC,SYN-202510-PBD970CB83BEC,2025-10-03T23:32:00,2025-10-02T23:27:02,ad_impression,0,0.0015
2025-10,EVT-202510-CC441A95F86D-0003,SYN-202510-DCC441A95F86D,SYN-202510-PCC441A95F86D,2025-10-03T23:32:11,2025-10-03T23:05:11,level_completed,1,0.0
2025-10,EVT-202510-3EA30B035B3E-0006,SYN-202510-D3EA30B035B3E,SYN-202510-P3EA30B035B3E,2025-10-03T23:33:17,2025-10-03T23:00:17,level_completed,1,0.0
2025-10,EVT-202510-D076E90174EE-0004,SYN-202510-DD076E90174EE,SYN-202510-PD076E90174EE,2025-10-03T23:34:00,2025-10-03T17:46:34,level_completed,1,0.0
2025-10,EVT-202510-D076E90174EE-0006,SYN-202510-DD076E90174EE,SYN-202510-PD076E90174EE,2025-10-03T23:34:00,2025-10-03T17:46:34,level_completed,1,0.0
2025-10,EVT-202510-8D70719D5D7C-0003,SYN-202510-D8D70719D5D7C,SYN-202510-P8D70719D5D7C,2025-10-03T23:35:00,2025-10-03T16:03:06,session_start,0,0.0
2025-10,EVT-202510-2F84F71FC082-0005,SYN-202510-D2F84F71FC082,SYN-202510-P2F84F71FC082,2025-10-03T23:35:21,2025-10-03T23:00:21,level_completed,1,0.0
2025-10,EVT-202510-B2594FAE7659-0023,SYN-202510-DB2594FAE7659,SYN-202510-PB2594FAE7659,2025-10-03T23:37:00,2025-10-03T17:53:32,level_completed,1,0.0
2025-10,EVT-202510-B2594FAE7659-0027,SYN-202510-DB2594FAE7659,SYN-202510-PB2594FAE7659,2025-10-03T23:37:00,2025-10-03T17:53:32,level_completed,1,0.0
2025-10,EVT-202510-B781948D3F02-0033,SYN-202510-DB781948D3F02,SYN-202510-PB781948D3F02,2025-10-03T23:37:00,2025-10-03T12:47:54,level_completed,1,0.0
2025-10,EVT-202510-E2157F868420-0014,SYN-202510-DE2157F868420,SYN-202510-PE2157F868420,2025-10-03T23:37:15,2025-10-03T22:55:15,level_completed,1,0.0
2025-10,EVT-202510-2F84F71FC082-0002,SYN-202510-D2F84F71FC082,SYN-202510-P2F84F71FC082,2025-10-03T23:37:21,2025-10-03T23:00:21,level_completed,1,0.0
2025-10,EVT-202510-7294E08EA2AD-0001,SYN-202510-D7294E08EA2AD,SYN-202510-P7294E08EA2AD,2025-10-03T23:37:35,2025-10-03T23:36:35,session_start,0,0.0
2025-10,EVT-202510-7294E08EA2AD-0002,SYN-202510-D7294E08EA2AD,SYN-202510-P7294E08EA2AD,2025-10-03T23:37:35,2025-10-03T23:36:35,session_start,0,0.0
2025-10,EVT-202510-7294E08EA2AD-0003,SYN-202510-D7294E08EA2AD,SYN-202510-P7294E08EA2AD,2025-10-03T23:37:35,2025-10-03T23:36:35,session_start,0,0.0
2025-10,EVT-202510-7294E08EA2AD-0004,SYN-202510-D7294E08EA2AD,SYN-202510-P7294E08EA2AD,2025-10-03T23:37:35,2025-10-03T23:36:35,session_start,0,0.0
2025-10,EVT-202510-7294E08EA2AD-0005,SYN-202510-D7294E08EA2AD,SYN-202510-P7294E08EA2AD,2025-10-03T23:37:35,2025-10-03T23:36:35,session_start,0,0.0
2025-10,EVT-202510-7294E08EA2AD-0006,SYN-202510-D7294E08EA2AD,SYN-202510-P7294E08EA2AD,2025-10-03T23:37:35,2025-10-03T23:36:35,session_start,0,0.0
2025-10,EVT-202510-7294E08EA2AD-0007,SYN-202510-D7294E08EA2AD,SYN-202510-P7294E08EA2AD,2025-10-03T23:37:35,2025-10-03T23:36:35,session_start,0,0.0
2025-10,EVT-202510-7294E08EA2AD-0008,SYN-202510-D7294E08EA2AD,SYN-202510-P7294E08EA2AD,2025-10-03T23:37:35,2025-10-03T23:36:35,session_start,0,0.0
2025-10,EVT-202510-C2C479D5FC0D-0004,SYN-202510-DC2C479D5FC0D,SYN-202510-PC2C479D5FC0D,2025-10-03T23:38:32,2025-10-03T23:02:32,level_completed,1,0.0
2025-10,EVT-202510-7BBD532C3694-0005,SYN-202510-D7BBD532C3694,SYN-202510-P7BBD532C3694,2025-10-03T23:39:00,2025-10-02T00:50:09,session_start,0,0.0
2025-10,EVT-202510-7294E08EA2AD-0027,SYN-202510-D7294E08EA2AD,SYN-202510-P7294E08EA2AD,2025-10-03T23:39:35,2025-10-03T23:36:35,level_completed,1,0.0
2025-10,EVT-202510-7294E08EA2AD-0045,SYN-202510-D7294E08EA2AD,SYN-202510-P7294E08EA2AD,2025-10-03T23:39:35,2025-10-03T23:36:35,level_completed,1,0.0
2025-10,EVT-202510-7294E08EA2AD-0098,SYN-202510-D7294E08EA2AD,SYN-202510-P7294E08EA2AD,2025-10-03T23:40:35,2025-10-03T23:36:35,level_completed,1,0.0
2025-10,EVT-202510-7BBD532C3694-0011,SYN-202510-D7BBD532C3694,SYN-202510-P7BBD532C3694,2025-10-03T23:41:00,2025-10-02T00:50:09,level_completed,1,0.0
2025-10,EVT-202510-3EA30B035B3E-0012,SYN-202510-D3EA30B035B3E,SYN-202510-P3EA30B035B3E,2025-10-03T23:41:17,2025-10-03T23:00:17,level_completed,1,0.0
2025-10,EVT-202510-7294E08EA2AD-0107,SYN-202510-D7294E08EA2AD,SYN-202510-P7294E08EA2AD,2025-10-03T23:41:35,2025-10-03T23:36:35,ad_impression,0,0.0043
2025-10,EVT-202510-B2594FAE7659-0019,SYN-202510-DB2594FAE7659,SYN-202510-PB2594FAE7659,2025-10-03T23:42:00,2025-10-03T17:53:32,level_completed,1,0.0
2025-10,EVT-202510-7294E08EA2AD-0018,SYN-202510-D7294E08EA2AD,SYN-202510-P7294E08EA2AD,2025-10-03T23:42:35,2025-10-03T23:36:35,level_completed,1,0.0
2025-10,EVT-202510-F5579178CEC3-0016,SYN-202510-DF5579178CEC3,SYN-202510-PF5579178CEC3,2025-10-03T23:43:14,2025-10-03T22:50:14,level_completed,1,0.0
2025-10,EVT-202510-E2157F868420-0010,SYN-202510-DE2157F868420,SYN-202510-PE2157F868420,2025-10-03T23:43:15,2025-10-03T22:55:15,level_completed,1,0.0
2025-10,EVT-202510-E2157F868420-0007,SYN-202510-DE2157F868420,SYN-202510-PE2157F868420,2025-10-03T23:44:15,2025-10-03T22:55:15,level_completed,1,0.0
2025-10,EVT-202510-7294E08EA2AD-0083,SYN-202510-D7294E08EA2AD,SYN-202510-P7294E08EA2AD,2025-10-03T23:44:35,2025-10-03T23:36:35,level_completed,1,0.0
2025-10,EVT-202510-7294E08EA2AD-0099,SYN-202510-D7294E08EA2AD,SYN-202510-P7294E08EA2AD,2025-10-03T23:44:35,2025-10-03T23:36:35,level_completed,1,0.0
2025-10,EVT-202510-7294E08EA2AD-0100,SYN-202510-D7294E08EA2AD,SYN-202510-P7294E08EA2AD,2025-10-03T23:44:35,2025-10-03T23:36:35,ad_impression,0,0.0043
2025-10,EVT-202510-9FD8A1E200C6-0001,SYN-202510-D9FD8A1E200C6,SYN-202510-P9FD8A1E200C6,2025-10-03T23:44:57,2025-10-03T23:43:57,session_start,0,0.0
2025-10,EVT-202510-9FD8A1E200C6-0002,SYN-202510-D9FD8A1E200C6,SYN-202510-P9FD8A1E200C6,2025-10-03T23:44:57,2025-10-03T23:43:57,session_start,0,0.0
2025-10,EVT-202510-A9A12FC4967D-0005,SYN-202510-DA9A12FC4967D,SYN-202510-PA9A12FC4967D,2025-10-03T23:45:00,2025-10-02T16:38:06,level_completed,1,0.0
2025-10,EVT-202510-CD73CC5CC1C8-0005,SYN-202510-DCD73CC5CC1C8,SYN-202510-PCD73CC5CC1C8,2025-10-03T23:45:00,2025-10-03T15:43:48,level_completed,1,0.0
2025-10,EVT-202510-C2C479D5FC0D-0002,SYN-202510-DC2C479D5FC0D,SYN-202510-PC2C479D5FC0D,2025-10-03T23:45:32,2025-10-03T23:02:32,level_completed,1,0.0
2025-10,EVT-202510-7294E08EA2AD-0023,SYN-202510-D7294E08EA2AD,SYN-202510-P7294E08EA2AD,2025-10-03T23:45:35,2025-10-03T23:36:35,level_completed,1,0.0
2025-10,EVT-202510-F5579178CEC3-0032,SYN-202510-DF5579178CEC3,SYN-202510-PF5579178CEC3,2025-10-03T23:46:14,2025-10-03T22:50:14,ad_impression,0,0.0326
2025-10,EVT-202510-CC441A95F86D-0002,SYN-202510-DCC441A95F86D,SYN-202510-PCC441A95F86D,2025-10-03T23:47:11,2025-10-03T23:05:11,level_completed,1,0.0
2025-10,EVT-202510-7294E08EA2AD-0020,SYN-202510-D7294E08EA2AD,SYN-202510-P7294E08EA2AD,2025-10-03T23:47:35,2025-10-03T23:36:35,level_completed,1,0.0
2025-10,EVT-202510-F5579178CEC3-0012,SYN-202510-DF5579178CEC3,SYN-202510-PF5579178CEC3,2025-10-03T23:48:14,2025-10-03T22:50:14,level_completed,1,0.0
2025-10,EVT-202510-7BBD532C3694-0010,SYN-202510-D7BBD532C3694,SYN-202510-P7BBD532C3694,2025-10-03T23:49:00,2025-10-02T00:50:09,level_completed,1,0.0
2025-10,EVT-202510-7BBD532C3694-0012,SYN-202510-D7BBD532C3694,SYN-202510-P7BBD532C3694,2025-10-03T23:49:00,2025-10-02T00:50:09,level_completed,1,0.0
2025-10,EVT-202510-B781948D3F02-0038,SYN-202510-DB781948D3F02,SYN-202510-PB781948D3F02,2025-10-03T23:49:00,2025-10-03T12:47:54,level_completed,1,0.0
2025-10,EVT-202510-F5579178CEC3-0023,SYN-202510-DF5579178CEC3,SYN-202510-PF5579178CEC3,2025-10-03T23:49:14,2025-10-03T22:50:14,level_completed,1,0.0
2025-10,EVT-202510-E2157F868420-0012,SYN-202510-DE2157F868420,SYN-202510-PE2157F868420,2025-10-03T23:49:15,2025-10-03T22:55:15,level_completed,1,0.0
2025-10,EVT-202510-B781948D3F02-0021,SYN-202510-DB781948D3F02,SYN-202510-PB781948D3F02,2025-10-03T23:50:00,2025-10-03T12:47:54,level_completed,1,0.0
2025-10,EVT-202510-7294E08EA2AD-0052,SYN-202510-D7294E08EA2AD,SYN-202510-P7294E08EA2AD,2025-10-03T23:50:35,2025-10-03T23:36:35,level_completed,1,0.0
2025-10,EVT-202510-7294E08EA2AD-0108,SYN-202510-D7294E08EA2AD,SYN-202510-P7294E08EA2AD,2025-10-03T23:50:35,2025-10-03T23:36:35,ad_impression,0,0.0043
2025-10,EVT-202510-2F84F71FC082-0004,SYN-202510-D2F84F71FC082,SYN-202510-P2F84F71FC082,2025-10-03T23:51:21,2025-10-03T23:00:21,level_completed,1,0.0
2025-10,EVT-202510-7294E08EA2AD-0058,SYN-202510-D7294E08EA2AD,SYN-202510-P7294E08EA2AD,2025-10-03T23:51:35,2025-10-03T23:36:35,level_completed,1,0.0
2025-10,EVT-202510-7294E08EA2AD-0105,SYN-202510-D7294E08EA2AD,SYN-202510-P7294E08EA2AD,2025-10-03T23:51:35,2025-10-03T23:36:35,ad_impression,0,0.0043
2025-10,EVT-202510-3EA30B035B3E-0005,SYN-202510-D3EA30B035B3E,SYN-202510-P3EA30B035B3E,2025-10-03T23:52:17,2025-10-03T23:00:17,level_completed,1,0.0
2025-10,EVT-202510-7294E08EA2AD-0062,SYN-202510-D7294E08EA2AD,SYN-202510-P7294E08EA2AD,2025-10-03T23:52:35,2025-10-03T23:36:35,level_completed,1,0.0
2025-10,EVT-202510-7BBD532C3694-0032,SYN-202510-D7BBD532C3694,SYN-202510-P7BBD532C3694,2025-10-03T23:53:00,2025-10-02T00:50:09,level_completed,1,0.0
2025-10,EVT-202510-7294E08EA2AD-0025,SYN-202510-D7294E08EA2AD,SYN-202510-P7294E08EA2AD,2025-10-03T23:53:35,2025-10-03T23:36:35,level_completed,1,0.0
2025-10,EVT-202510-7294E08EA2AD-0085,SYN-202510-D7294E08EA2AD,SYN-202510-P7294E08EA2AD,2025-10-03T23:53:35,2025-10-03T23:36:35,level_completed,1,0.0
2025-10,EVT-202510-F5579178CEC3-0013,SYN-202510-DF5579178CEC3,SYN-202510-PF5579178CEC3,2025-10-03T23:54:14,2025-10-03T22:50:14,level_completed,1,0.0
2025-10,EVT-202510-7294E08EA2AD-0009,SYN-202510-D7294E08EA2AD,SYN-202510-P7294E08EA2AD,2025-10-03T23:54:35,2025-10-03T23:36:35,level_completed,1,0.0
2025-10,EVT-202510-7BBD532C3694-0056,SYN-202510-D7BBD532C3694,SYN-202510-P7BBD532C3694,2025-10-03T23:55:00,2025-10-02T00:50:09,ad_impression,0,0.0154
2025-10,EVT-202510-7294E08EA2AD-0032,SYN-202510-D7294E08EA2AD,SYN-202510-P7294E08EA2AD,2025-10-03T23:55:35,2025-10-03T23:36:35,level_completed,1,0.0
2025-10,EVT-202510-7294E08EA2AD-0039,SYN-202510-D7294E08EA2AD,SYN-202510-P7294E08EA2AD,2025-10-03T23:55:35,2025-10-03T23:36:35,level_completed,1,0.0
2025-10,EVT-202510-7294E08EA2AD-0061,SYN-202510-D7294E08EA2AD,SYN-202510-P7294E08EA2AD,2025-10-03T23:55:35,2025-10-03T23:36:35,level_completed,1,0.0
2025-10,EVT-202510-7294E08EA2AD-0076,SYN-202510-D7294E08EA2AD,SYN-202510-P7294E08EA2AD,2025-10-03T23:55:35,2025-10-03T23:36:35,level_completed,1,0.0
2025-10,EVT-202510-CD73CC5CC1C8-0004,SYN-202510-DCD73CC5CC1C8,SYN-202510-PCD73CC5CC1C8,2025-10-03T23:56:00,2025-10-03T15:43:48,level_completed,1,0.0
2025-10,EVT-202510-7294E08EA2AD-0048,SYN-202510-D7294E08EA2AD,SYN-202510-P7294E08EA2AD,2025-10-03T23:56:35,2025-10-03T23:36:35,level_completed,1,0.0
2025-10,EVT-202510-7294E08EA2AD-0053,SYN-202510-D7294E08EA2AD,SYN-202510-P7294E08EA2AD,2025-10-03T23:56:35,2025-10-03T23:36:35,level_completed,1,0.0
2025-10,EVT-202510-7294E08EA2AD-0057,SYN-202510-D7294E08EA2AD,SYN-202510-P7294E08EA2AD,2025-10-03T23:57:35,2025-10-03T23:36:35,level_completed,1,0.0
2025-10,EVT-202510-7294E08EA2AD-0084,SYN-202510-D7294E08EA2AD,SYN-202510-P7294E08EA2AD,2025-10-03T23:58:35,2025-10-03T23:36:35,level_completed,1,0.0
2025-10,EVT-202510-7294E08EA2AD-0097,SYN-202510-D7294E08EA2AD,SYN-202510-P7294E08EA2AD,2025-10-03T23:58:35,2025-10-03T23:36:35,level_completed,1,0.0
2025-10,EVT-202510-2F84F71FC082-0003,SYN-202510-D2F84F71FC082,SYN-202510-P2F84F71FC082,2025-10-03T23:59:21,2025-10-03T23:00:21,level_completed,1,0.0
2025-10,EVT-202510-7294E08EA2AD-0070,SYN-202510-D7294E08EA2AD,SYN-202510-P7294E08EA2AD,2025-10-03T23:59:35,2025-10-03T23:36:35,level_completed,1,0.0
2025-10,EVT-202510-7294E08EA2AD-0092,SYN-202510-D7294E08EA2AD,SYN-202510-P7294E08EA2AD,2025-10-03T23:59:35,2025-10-03T23:36:35,level_completed,1,0.0
2025-10,EVT-202510-7BBD532C3694-0025,SYN-202510-D7BBD532C3694,SYN-202510-P7BBD532C3694,2025-10-04T00:00:00,2025-10-02T00:50:09,level_completed,1,0.0
2025-10,EVT-202510-F5579178CEC3-0031,SYN-202510-DF5579178CEC3,SYN-202510-PF5579178CEC3,2025-10-04T00:00:14,2025-10-03T22:50:14,level_completed,1,0.0
2025-10,EVT-202510-F5579178CEC3-0033,SYN-202510-DF5579178CEC3,SYN-202510-PF5579178CEC3,2025-10-04T00:00:14,2025-10-03T22:50:14,ad_impression,0,0.0326
2025-10,EVT-202510-E2FD8AF70D4A-0001,SYN-202510-DE2FD8AF70D4A,SYN-202510-PE2FD8AF70D4A,2025-10-04T00:00:22,2025-10-03T23:59:22,session_start,0,0.0
2025-10,EVT-202510-E2FD8AF70D4A-0002,SYN-202510-DE2FD8AF70D4A,SYN-202510-PE2FD8AF70D4A,2025-10-04T00:00:22,2025-10-03T23:59:22,session_start,0,0.0
2025-10,EVT-202510-E2FD8AF70D4A-0003,SYN-202510-DE2FD8AF70D4A,SYN-202510-PE2FD8AF70D4A,2025-10-04T00:00:22,2025-10-03T23:59:22,session_start,0,0.0
2025-10,EVT-202510-E2FD8AF70D4A-0004,SYN-202510-DE2FD8AF70D4A,SYN-202510-PE2FD8AF70D4A,2025-10-04T00:00:22,2025-10-03T23:59:22,session_start,0,0.0
2025-10,EVT-202510-7294E08EA2AD-0042,SYN-202510-D7294E08EA2AD,SYN-202510-P7294E08EA2AD,2025-10-04T00:00:35,2025-10-03T23:36:35,level_completed,1,0.0
2025-10,EVT-202510-7294E08EA2AD-0082,SYN-202510-D7294E08EA2AD,SYN-202510-P7294E08EA2AD,2025-10-04T00:00:35,2025-10-03T23:36:35,level_completed,1,0.0
2025-10,EVT-202510-CC441A95F86D-0006,SYN-202510-DCC441A95F86D,SYN-202510-PCC441A95F86D,2025-10-04T00:01:11,2025-10-03T23:05:11,level_completed,1,0.0
2025-10,EVT-202510-F5579178CEC3-0017,SYN-202510-DF5579178CEC3,SYN-202510-PF5579178CEC3,2025-10-04T00:01:14,2025-10-03T22:50:14,level_completed,1,0.0
2025-10,EVT-202510-7294E08EA2AD-0089,SYN-202510-D7294E08EA2AD,SYN-202510-P7294E08EA2AD,2025-10-04T00:01:35,2025-10-03T23:36:35,level_completed,1,0.0
2025-10,EVT-202510-9FD8A1E200C6-0003,SYN-202510-D9FD8A1E200C6,SYN-202510-P9FD8A1E200C6,2025-10-04T00:01:57,2025-10-03T23:43:57,level_completed,1,0.0
2025-10,EVT-202510-7294E08EA2AD-0011,SYN-202510-D7294E08EA2AD,SYN-202510-P7294E08EA2AD,2025-10-04T00:02:35,2025-10-03T23:36:35,level_completed,1,0.0
2025-10,EVT-202510-7294E08EA2AD-0022,SYN-202510-D7294E08EA2AD,SYN-202510-P7294E08EA2AD,2025-10-04T00:02:35,2025-10-03T23:36:35,level_completed,1,0.0
2025-10,EVT-202510-7294E08EA2AD-0072,SYN-202510-D7294E08EA2AD,SYN-202510-P7294E08EA2AD,2025-10-04T00:02:35,2025-10-03T23:36:35,level_completed,1,0.0
2025-10,EVT-202510-7294E08EA2AD-0049,SYN-202510-D7294E08EA2AD,SYN-202510-P7294E08EA2AD,2025-10-04T00:03:35,2025-10-03T23:36:35,level_completed,1,0.0
2025-10,EVT-202510-7294E08EA2AD-0056,SYN-202510-D7294E08EA2AD,SYN-202510-P7294E08EA2AD,2025-10-04T00:03:35,2025-10-03T23:36:35,level_completed,1,0.0
2025-10,EVT-202510-7BBD532C3694-0034,SYN-202510-D7BBD532C3694,SYN-202510-P7BBD532C3694,2025-10-04T00:04:00,2025-10-02T00:50:09,level_completed,1,0.0
2025-10,EVT-202510-7BBD532C3694-0055,SYN-202510-D7BBD532C3694,SYN-202510-P7BBD532C3694,2025-10-04T00:04:00,2025-10-02T00:50:09,ad_impression,0,0.0154
2025-10,EVT-202510-E2FD8AF70D4A-0005,SYN-202510-DE2FD8AF70D4A,SYN-202510-PE2FD8AF70D4A,2025-10-04T00:04:22,2025-10-03T23:59:22,level_completed,1,0.0
2025-10,EVT-202510-E2FD8AF70D4A-0025,SYN-202510-DE2FD8AF70D4A,SYN-202510-PE2FD8AF70D4A,2025-10-04T00:04:22,2025-10-03T23:59:22,level_completed,1,0.0
2025-10,EVT-202510-7294E08EA2AD-0015,SYN-202510-D7294E08EA2AD,SYN-202510-P7294E08EA2AD,2025-10-04T00:04:35,2025-10-03T23:36:35,level_completed,1,0.0
2025-10,EVT-202510-7294E08EA2AD-0103,SYN-202510-D7294E08EA2AD,SYN-202510-P7294E08EA2AD,2025-10-04T00:04:35,2025-10-03T23:36:35,ad_impression,0,0.0043
2025-10,EVT-202510-C2C479D5FC0D-0006,SYN-202510-DC2C479D5FC0D,SYN-202510-PC2C479D5FC0D,2025-10-04T00:05:32,2025-10-03T23:02:32,level_completed,1,0.0
2025-10,EVT-202510-3EA30B035B3E-0003,SYN-202510-D3EA30B035B3E,SYN-202510-P3EA30B035B3E,2025-10-04T00:06:17,2025-10-03T23:00:17,level_completed,1,0.0
2025-10,EVT-202510-F5579178CEC3-0024,SYN-202510-DF5579178CEC3,SYN-202510-PF5579178CEC3,2025-10-04T00:07:14,2025-10-03T22:50:14,level_completed,1,0.0
2025-10,EVT-202510-E2FD8AF70D4A-0018,SYN-202510-DE2FD8AF70D4A,SYN-202510-PE2FD8AF70D4A,2025-10-04T00:07:22,2025-10-03T23:59:22,level_completed,1,0.0
2025-10,EVT-202510-7294E08EA2AD-0040,SYN-202510-D7294E08EA2AD,SYN-202510-P7294E08EA2AD,2025-10-04T00:07:35,2025-10-03T23:36:35,level_completed,1,0.0
2025-10,EVT-202510-7294E08EA2AD-0106,SYN-202510-D7294E08EA2AD,SYN-202510-P7294E08EA2AD,2025-10-04T00:07:35,2025-10-03T23:36:35,ad_impression,0,0.0043
2025-10,EVT-202510-E2FD8AF70D4A-0016,SYN-202510-DE2FD8AF70D4A,SYN-202510-PE2FD8AF70D4A,2025-10-04T00:08:22,2025-10-03T23:59:22,level_completed,1,0.0
2025-10,EVT-202510-7294E08EA2AD-0028,SYN-202510-D7294E08EA2AD,SYN-202510-P7294E08EA2AD,2025-10-04T00:08:35,2025-10-03T23:36:35,level_completed,1,0.0
2025-10,EVT-202510-7294E08EA2AD-0077,SYN-202510-D7294E08EA2AD,SYN-202510-P7294E08EA2AD,2025-10-04T00:08:35,2025-10-03T23:36:35,level_completed,1,0.0
2025-10,EVT-202510-7294E08EA2AD-0079,SYN-202510-D7294E08EA2AD,SYN-202510-P7294E08EA2AD,2025-10-04T00:08:35,2025-10-03T23:36:35,level_completed,1,0.0
2025-10,EVT-202510-7294E08EA2AD-0087,SYN-202510-D7294E08EA2AD,SYN-202510-P7294E08EA2AD,2025-10-04T00:08:35,2025-10-03T23:36:35,level_completed,1,0.0
2025-10,EVT-202510-7BBD532C3694-0020,SYN-202510-D7BBD532C3694,SYN-202510-P7BBD532C3694,2025-10-04T00:09:00,2025-10-02T00:50:09,level_completed,1,0.0
2025-10,EVT-202510-F5579178CEC3-0015,SYN-202510-DF5579178CEC3,SYN-202510-PF5579178CEC3,2025-10-04T00:09:14,2025-10-03T22:50:14,level_completed,1,0.0
2025-10,EVT-202510-3EA30B035B3E-0014,SYN-202510-D3EA30B035B3E,SYN-202510-P3EA30B035B3E,2025-10-04T00:09:17,2025-10-03T23:00:17,level_completed,1,0.0
2025-10,EVT-202510-7294E08EA2AD-0014,SYN-202510-D7294E08EA2AD,SYN-202510-P7294E08EA2AD,2025-10-04T00:09:35,2025-10-03T23:36:35,level_completed,1,0.0
2025-10,EVT-202510-7294E08EA2AD-0096,SYN-202510-D7294E08EA2AD,SYN-202510-P7294E08EA2AD,2025-10-04T00:09:35,2025-10-03T23:36:35,level_completed,1,0.0
2025-10,EVT-202510-E2FD8AF70D4A-0034,SYN-202510-DE2FD8AF70D4A,SYN-202510-PE2FD8AF70D4A,2025-10-04T00:10:22,2025-10-03T23:59:22,ad_impression,0,0.0591
2025-10,EVT-202510-7BBD532C3694-0015,SYN-202510-D7BBD532C3694,SYN-202510-P7BBD532C3694,2025-10-04T00:11:00,2025-10-02T00:50:09,level_completed,1,0.0
2025-10,EVT-202510-D076E90174EE-0005,SYN-202510-DD076E90174EE,SYN-202510-PD076E90174EE,2025-10-04T00:11:00,2025-10-03T17:46:34,level_completed,1,0.0
2025-10,EVT-202510-7294E08EA2AD-0038,SYN-202510-D7294E08EA2AD,SYN-202510-P7294E08EA2AD,2025-10-04T00:11:35,2025-10-03T23:36:35,level_completed,1,0.0
2025-10,EVT-202510-7294E08EA2AD-0109,SYN-202510-D7294E08EA2AD,SYN-202510-P7294E08EA2AD,2025-10-04T00:11:35,2025-10-03T23:36:35,ad_impression,0,0.0043
2025-10,EVT-202510-7BBD532C3694-0038,SYN-202510-D7BBD532C3694,SYN-202510-P7BBD532C3694,2025-10-04T00:12:00,2025-10-02T00:50:09,level_completed,1,0.0
2025-10,EVT-202510-C2C479D5FC0D-0005,SYN-202510-DC2C479D5FC0D,SYN-202510-PC2C479D5FC0D,2025-10-04T00:12:32,2025-10-03T23:02:32,level_completed,1,0.0
2025-10,EVT-202510-7294E08EA2AD-0094,SYN-202510-D7294E08EA2AD,SYN-202510-P7294E08EA2AD,2025-10-04T00:12:35,2025-10-03T23:36:35,level_completed,1,0.0
2025-10,EVT-202510-7294E08EA2AD-0055,SYN-202510-D7294E08EA2AD,SYN-202510-P7294E08EA2AD,2025-10-04T00:13:35,2025-10-03T23:36:35,level_completed,1,0.0
2025-10,EVT-202510-7294E08EA2AD-0095,SYN-202510-D7294E08EA2AD,SYN-202510-P7294E08EA2AD,2025-10-04T00:13:35,2025-10-03T23:36:35,level_completed,1,0.0
2025-10,EVT-202510-7294E08EA2AD-0035,SYN-202510-D7294E08EA2AD,SYN-202510-P7294E08EA2AD,2025-10-04T00:14:35,2025-10-03T23:36:35,level_completed,1,0.0
2025-10,EVT-202510-7294E08EA2AD-0046,SYN-202510-D7294E08EA2AD,SYN-202510-P7294E08EA2AD,2025-10-04T00:14:35,2025-10-03T23:36:35,level_completed,1,0.0
2025-10,EVT-202510-E2FD8AF70D4A-0013,SYN-202510-DE2FD8AF70D4A,SYN-202510-PE2FD8AF70D4A,2025-10-04T00:15:22,2025-10-03T23:59:22,level_completed,1,0.0
2025-10,EVT-202510-7294E08EA2AD-0065,SYN-202510-D7294E08EA2AD,SYN-202510-P7294E08EA2AD,2025-10-04T00:15:35,2025-10-03T23:36:35,level_completed,1,0.0
2025-10,EVT-202510-3EA30B035B3E-0015,SYN-202510-D3EA30B035B3E,SYN-202510-P3EA30B035B3E,2025-10-04T00:16:17,2025-10-03T23:00:17,ad_impression,0,0.0335
2025-10,EVT-202510-7294E08EA2AD-0041,SYN-202510-D7294E08EA2AD,SYN-202510-P7294E08EA2AD,2025-10-04T00:16:35,2025-10-03T23:36:35,level_completed,1,0.0
2025-10,EVT-202510-7294E08EA2AD-0093,SYN-202510-D7294E08EA2AD,SYN-202510-P7294E08EA2AD,2025-10-04T00:16:35,2025-10-03T23:36:35,level_completed,1,0.0
2025-10,EVT-202510-CD73CC5CC1C8-0006,SYN-202510-DCD73CC5CC1C8,SYN-202510-PCD73CC5CC1C8,2025-10-04T00:17:00,2025-10-03T15:43:48,level_completed,1,0.0
2025-10,EVT-202510-CC441A95F86D-0005,SYN-202510-DCC441A95F86D,SYN-202510-PCC441A95F86D,2025-10-04T00:17:11,2025-10-03T23:05:11,level_completed,1,0.0
2025-10,EVT-202510-E2FD8AF70D4A-0007,SYN-202510-DE2FD8AF70D4A,SYN-202510-PE2FD8AF70D4A,2025-10-04T00:17:22,2025-10-03T23:59:22,level_completed,1,0.0
2025-10,EVT-202510-7294E08EA2AD-0019,SYN-202510-D7294E08EA2AD,SYN-202510-P7294E08EA2AD,2025-10-04T00:17:35,2025-10-03T23:36:35,level_completed,1,0.0
2025-10,EVT-202510-7294E08EA2AD-0026,SYN-202510-D7294E08EA2AD,SYN-202510-P7294E08EA2AD,2025-10-04T00:17:35,2025-10-03T23:36:35,level_completed,1,0.0
2025-10,EVT-202510-7294E08EA2AD-0102,SYN-202510-D7294E08EA2AD,SYN-202510-P7294E08EA2AD,2025-10-04T00:17:35,2025-10-03T23:36:35,ad_impression,0,0.0043
2025-10,EVT-202510-BD970CB83BEC-0013,SYN-202510-DBD970CB83BEC,SYN-202510-PBD970CB83BEC,2025-10-04T00:18:00,2025-10-02T23:27:02,level_completed,1,0.0
2025-10,EVT-202510-7294E08EA2AD-0024,SYN-202510-D7294E08EA2AD,SYN-202510-P7294E08EA2AD,2025-10-04T00:18:35,2025-10-03T23:36:35,level_completed,1,0.0
2025-10,EVT-202510-7294E08EA2AD-0078,SYN-202510-D7294E08EA2AD,SYN-202510-P7294E08EA2AD,2025-10-04T00:19:35,2025-10-03T23:36:35,level_completed,1,0.0
2025-10,EVT-202510-3EA30B035B3E-0007,SYN-202510-D3EA30B035B3E,SYN-202510-P3EA30B035B3E,2025-10-04T00:20:17,2025-10-03T23:00:17,level_completed,1,0.0
2025-10,EVT-202510-E2FD8AF70D4A-0022,SYN-202510-DE2FD8AF70D4A,SYN-202510-PE2FD8AF70D4A,2025-10-04T00:20:22,2025-10-03T23:59:22,level_completed,1,0.0
2025-10,EVT-202510-7294E08EA2AD-0010,SYN-202510-D7294E08EA2AD,SYN-202510-P7294E08EA2AD,2025-10-04T00:21:35,2025-10-03T23:36:35,level_completed,1,0.0
2025-10,EVT-202510-7294E08EA2AD-0088,SYN-202510-D7294E08EA2AD,SYN-202510-P7294E08EA2AD,2025-10-04T00:21:35,2025-10-03T23:36:35,level_completed,1,0.0
2025-10,EVT-202510-E2FD8AF70D4A-0033,SYN-202510-DE2FD8AF70D4A,SYN-202510-PE2FD8AF70D4A,2025-10-04T00:22:22,2025-10-03T23:59:22,ad_impression,0,0.0591
2025-10,EVT-202510-7294E08EA2AD-0029,SYN-202510-D7294E08EA2AD,SYN-202510-P7294E08EA2AD,2025-10-04T00:22:35,2025-10-03T23:36:35,level_completed,1,0.0
2025-10,EVT-202510-7294E08EA2AD-0036,SYN-202510-D7294E08EA2AD,SYN-202510-P7294E08EA2AD,2025-10-04T00:22:35,2025-10-03T23:36:35,level_completed,1,0.0
2025-10,EVT-202510-7294E08EA2AD-0034,SYN-202510-D7294E08EA2AD,SYN-202510-P7294E08EA2AD,2025-10-04T00:23:35,2025-10-03T23:36:35,level_completed,1,0.0
2025-10,EVT-202510-7294E08EA2AD-0047,SYN-202510-D7294E08EA2AD,SYN-202510-P7294E08EA2AD,2025-10-04T00:23:35,2025-10-03T23:36:35,level_completed,1,0.0
2025-10,EVT-202510-7294E08EA2AD-0068,SYN-202510-D7294E08EA2AD,SYN-202510-P7294E08EA2AD,2025-10-04T00:23:35,2025-10-03T23:36:35,level_completed,1,0.0
2025-10,EVT-202510-7294E08EA2AD-0112,SYN-202510-D7294E08EA2AD,SYN-202510-P7294E08EA2AD,2025-10-04T00:23:35,2025-10-03T23:36:35,ad_impression,0,0.0043
2025-10,EVT-202510-E2FD8AF70D4A-0011,SYN-202510-DE2FD8AF70D4A,SYN-202510-PE2FD8AF70D4A,2025-10-04T00:25:22,2025-10-03T23:59:22,level_completed,1,0.0
2025-10,EVT-202510-7294E08EA2AD-0059,SYN-202510-D7294E08EA2AD,SYN-202510-P7294E08EA2AD,2025-10-04T00:25:35,2025-10-03T23:36:35,level_completed,1,0.0
2025-10,EVT-202510-7294E08EA2AD-0073,SYN-202510-D7294E08EA2AD,SYN-202510-P7294E08EA2AD,2025-10-04T00:25:35,2025-10-03T23:36:35,level_completed,1,0.0
2025-10,EVT-202510-7294E08EA2AD-0021,SYN-202510-D7294E08EA2AD,SYN-202510-P7294E08EA2AD,2025-10-04T00:26:35,2025-10-03T23:36:35,level_completed,1,0.0
2025-10,EVT-202510-7294E08EA2AD-0075,SYN-202510-D7294E08EA2AD,SYN-202510-P7294E08EA2AD,2025-10-04T00:26:35,2025-10-03T23:36:35,level_completed,1,0.0
2025-10,EVT-202510-7294E08EA2AD-0016,SYN-202510-D7294E08EA2AD,SYN-202510-P7294E08EA2AD,2025-10-04T00:28:35,2025-10-03T23:36:35,level_completed,1,0.0
2025-10,EVT-202510-7294E08EA2AD-0030,SYN-202510-D7294E08EA2AD,SYN-202510-P7294E08EA2AD,2025-10-04T00:28:35,2025-10-03T23:36:35,level_completed,1,0.0
2025-10,EVT-202510-7294E08EA2AD-0111,SYN-202510-D7294E08EA2AD,SYN-202510-P7294E08EA2AD,2025-10-04T00:28:35,2025-10-03T23:36:35,ad_impression,0,0.0043
2025-10,EVT-202510-7BBD532C3694-0019,SYN-202510-D7BBD532C3694,SYN-202510-P7BBD532C3694,2025-10-04T00:29:00,2025-10-02T00:50:09,level_completed,1,0.0
2025-10,EVT-202510-7294E08EA2AD-0066,SYN-202510-D7294E08EA2AD,SYN-202510-P7294E08EA2AD,2025-10-04T00:29:35,2025-10-03T23:36:35,level_completed,1,0.0
2025-10,EVT-202510-E2FD8AF70D4A-0023,SYN-202510-DE2FD8AF70D4A,SYN-202510-PE2FD8AF70D4A,2025-10-04T00:30:22,2025-10-03T23:59:22,level_completed,1,0.0
2025-10,EVT-202510-7294E08EA2AD-0013,SYN-202510-D7294E08EA2AD,SYN-202510-P7294E08EA2AD,2025-10-04T00:30:35,2025-10-03T23:36:35,level_completed,1,0.0
2025-10,EVT-202510-8D70719D5D7C-0010,SYN-202510-D8D70719D5D7C,SYN-202510-P8D70719D5D7C,2025-10-04T00:31:00,2025-10-03T16:03:06,level_completed,1,0.0
2025-10,EVT-202510-CD73CC5CC1C8-0002,SYN-202510-DCD73CC5CC1C8,SYN-202510-PCD73CC5CC1C8,2025-10-04T00:31:00,2025-10-03T15:43:48,level_completed,1,0.0
2025-10,EVT-202510-7294E08EA2AD-0067,SYN-202510-D7294E08EA2AD,SYN-202510-P7294E08EA2AD,2025-10-04T00:31:35,2025-10-03T23:36:35,level_completed,1,0.0
2025-10,EVT-202510-CD73CC5CC1C8-0007,SYN-202510-DCD73CC5CC1C8,SYN-202510-PCD73CC5CC1C8,2025-10-04T00:33:00,2025-10-03T15:43:48,ad_impression,0,0.2177
2025-10,EVT-202510-9FD8A1E200C6-0005,SYN-202510-D9FD8A1E200C6,SYN-202510-P9FD8A1E200C6,2025-10-04T00:33:57,2025-10-03T23:43:57,level_completed,1,0.0
2025-10,EVT-202510-7BBD532C3694-0043,SYN-202510-D7BBD532C3694,SYN-202510-P7BBD532C3694,2025-10-04T00:34:00,2025-10-02T00:50:09,ad_impression,0,0.0154
2025-10,EVT-202510-7294E08EA2AD-0043,SYN-202510-D7294E08EA2AD,SYN-202510-P7294E08EA2AD,2025-10-04T00:34:35,2025-10-03T23:36:35,level_completed,1,0.0
2025-10,EVT-202510-7294E08EA2AD-0050,SYN-202510-D7294E08EA2AD,SYN-202510-P7294E08EA2AD,2025-10-04T00:34:35,2025-10-03T23:36:35,level_completed,1,0.0
2025-10,EVT-202510-7294E08EA2AD-0064,SYN-202510-D7294E08EA2AD,SYN-202510-P7294E08EA2AD,2025-10-04T00:34:35,2025-10-03T23:36:35,level_completed,1,0.0
2025-10,EVT-202510-7294E08EA2AD-0017,SYN-202510-D7294E08EA2AD,SYN-202510-P7294E08EA2AD,2025-10-04T00:35:35,2025-10-03T23:36:35,level_completed,1,0.0
2025-10,EVT-202510-1904353128A3-0003,SYN-202510-D1904353128A3,SYN-202510-P1904353128A3,2025-10-04T00:36:00,2025-10-01T01:41:59,session_start,0,0.0
2025-10,EVT-202510-7294E08EA2AD-0044,SYN-202510-D7294E08EA2AD,SYN-202510-P7294E08EA2AD,2025-10-04T00:36:35,2025-10-03T23:36:35,level_completed,1,0.0
2025-10,EVT-202510-7294E08EA2AD-0091,SYN-202510-D7294E08EA2AD,SYN-202510-P7294E08EA2AD,2025-10-04T00:37:35,2025-10-03T23:36:35,level_completed,1,0.0
2025-10,EVT-202510-E2FD8AF70D4A-0035,SYN-202510-DE2FD8AF70D4A,SYN-202510-PE2FD8AF70D4A,2025-10-04T00:38:22,2025-10-03T23:59:22,ad_impression,0,0.0591
2025-10,EVT-202510-E2FD8AF70D4A-0032,SYN-202510-DE2FD8AF70D4A,SYN-202510-PE2FD8AF70D4A,2025-10-04T00:39:22,2025-10-03T23:59:22,ad_impression,0,0.0591
2025-10,EVT-202510-7294E08EA2AD-0081,SYN-202510-D7294E08EA2AD,SYN-202510-P7294E08EA2AD,2025-10-04T00:39:35,2025-10-03T23:36:35,level_completed,1,0.0
2025-10,EVT-202510-E2FD8AF70D4A-0008,SYN-202510-DE2FD8AF70D4A,SYN-202510-PE2FD8AF70D4A,2025-10-04T00:40:22,2025-10-03T23:59:22,level_completed,1,0.0
2025-10,EVT-202510-7294E08EA2AD-0051,SYN-202510-D7294E08EA2AD,SYN-202510-P7294E08EA2AD,2025-10-04T00:41:35,2025-10-03T23:36:35,level_completed,1,0.0
2025-10,EVT-202510-7294E08EA2AD-0071,SYN-202510-D7294E08EA2AD,SYN-202510-P7294E08EA2AD,2025-10-04T00:42:35,2025-10-03T23:36:35,level_completed,1,0.0
2025-10,EVT-202510-7294E08EA2AD-0080,SYN-202510-D7294E08EA2AD,SYN-202510-P7294E08EA2AD,2025-10-04T00:42:35,2025-10-03T23:36:35,level_completed,1,0.0
2025-10,EVT-202510-7294E08EA2AD-0090,SYN-202510-D7294E08EA2AD,SYN-202510-P7294E08EA2AD,2025-10-04T00:42:35,2025-10-03T23:36:35,level_completed,1,0.0
2025-10,EVT-202510-E2FD8AF70D4A-0026,SYN-202510-DE2FD8AF70D4A,SYN-202510-PE2FD8AF70D4A,2025-10-04T00:43:22,2025-10-03T23:59:22,level_completed,1,0.0
2025-10,EVT-202510-7294E08EA2AD-0069,SYN-202510-D7294E08EA2AD,SYN-202510-P7294E08EA2AD,2025-10-04T00:44:35,2025-10-03T23:36:35,level_completed,1,0.0
2025-10,EVT-202510-7294E08EA2AD-0074,SYN-202510-D7294E08EA2AD,SYN-202510-P7294E08EA2AD,2025-10-04T00:44:35,2025-10-03T23:36:35,level_completed,1,0.0
2025-10,EVT-202510-7294E08EA2AD-0086,SYN-202510-D7294E08EA2AD,SYN-202510-P7294E08EA2AD,2025-10-04T00:44:35,2025-10-03T23:36:35,level_completed,1,0.0
2025-10,EVT-202510-E2FD8AF70D4A-0014,SYN-202510-DE2FD8AF70D4A,SYN-202510-PE2FD8AF70D4A,2025-10-04T00:45:22,2025-10-03T23:59:22,level_completed,1,0.0
2025-10,EVT-202510-9FD8A1E200C6-0004,SYN-202510-D9FD8A1E200C6,SYN-202510-P9FD8A1E200C6,2025-10-04T00:45:57,2025-10-03T23:43:57,level_completed,1,0.0
2025-10,EVT-202510-7BBD532C3694-0045,SYN-202510-D7BBD532C3694,SYN-202510-P7BBD532C3694,2025-10-04T00:46:00,2025-10-02T00:50:09,ad_impression,0,0.0154
2025-10,EVT-202510-E2FD8AF70D4A-0015,SYN-202510-DE2FD8AF70D4A,SYN-202510-PE2FD8AF70D4A,2025-10-04T00:46:22,2025-10-03T23:59:22,level_completed,1,0.0
2025-10,EVT-202510-7294E08EA2AD-0060,SYN-202510-D7294E08EA2AD,SYN-202510-P7294E08EA2AD,2025-10-04T00:46:35,2025-10-03T23:36:35,level_completed,1,0.0
2025-10,EVT-202510-7294E08EA2AD-0063,SYN-202510-D7294E08EA2AD,SYN-202510-P7294E08EA2AD,2025-10-04T00:46:35,2025-10-03T23:36:35,level_completed,1,0.0
2025-10,EVT-202510-8D70719D5D7C-0009,SYN-202510-D8D70719D5D7C,SYN-202510-P8D70719D5D7C,2025-10-04T00:47:00,2025-10-03T16:03:06,level_completed,1,0.0
2025-10,EVT-202510-7BBD532C3694-0030,SYN-202510-D7BBD532C3694,SYN-202510-P7BBD532C3694,2025-10-04T00:48:00,2025-10-02T00:50:09,level_completed,1,0.0
2025-10,EVT-202510-E2FD8AF70D4A-0030,SYN-202510-DE2FD8AF70D4A,SYN-202510-PE2FD8AF70D4A,2025-10-04T00:48:22,2025-10-03T23:59:22,level_completed,1,0.0
2025-10,EVT-202510-7294E08EA2AD-0110,SYN-202510-D7294E08EA2AD,SYN-202510-P7294E08EA2AD,2025-10-04T00:48:35,2025-10-03T23:36:35,ad_impression,0,0.0043
2025-10,EVT-202510-7BBD532C3694-0026,SYN-202510-D7BBD532C3694,SYN-202510-P7BBD532C3694,2025-10-04T00:51:00,2025-10-02T00:50:09,level_completed,1,0.0
2025-10,EVT-202510-7294E08EA2AD-0012,SYN-202510-D7294E08EA2AD,SYN-202510-P7294E08EA2AD,2025-10-04T00:52:35,2025-10-03T23:36:35,level_completed,1,0.0
2025-10,EVT-202510-7294E08EA2AD-0054,SYN-202510-D7294E08EA2AD,SYN-202510-P7294E08EA2AD,2025-10-04T00:52:35,2025-10-03T23:36:35,level_completed,1,0.0
2025-10,EVT-202510-E2FD8AF70D4A-0017,SYN-202510-DE2FD8AF70D4A,SYN-202510-PE2FD8AF70D4A,2025-10-04T00:53:22,2025-10-03T23:59:22,level_completed,1,0.0
2025-10,EVT-202510-E2FD8AF70D4A-0019,SYN-202510-DE2FD8AF70D4A,SYN-202510-PE2FD8AF70D4A,2025-10-04T00:53:22,2025-10-03T23:59:22,level_completed,1,0.0
2025-10,EVT-202510-E2FD8AF70D4A-0028,SYN-202510-DE2FD8AF70D4A,SYN-202510-PE2FD8AF70D4A,2025-10-04T00:53:22,2025-10-03T23:59:22,level_completed,1,0.0
2025-10,EVT-202510-9FD8A1E200C6-0006,SYN-202510-D9FD8A1E200C6,SYN-202510-P9FD8A1E200C6,2025-10-04T00:53:57,2025-10-03T23:43:57,ad_impression,0,0.0158
2025-10,EVT-202510-7294E08EA2AD-0037,SYN-202510-D7294E08EA2AD,SYN-202510-P7294E08EA2AD,2025-10-04T00:54:35,2025-10-03T23:36:35,level_completed,1,0.0
2025-10,EVT-202510-7294E08EA2AD-0101,SYN-202510-D7294E08EA2AD,SYN-202510-P7294E08EA2AD,2025-10-04T00:54:35,2025-10-03T23:36:35,ad_impression,0,0.0043
2025-10,EVT-202510-7BBD532C3694-0027,SYN-202510-D7BBD532C3694,SYN-202510-P7BBD532C3694,2025-10-04T00:55:00,2025-10-02T00:50:09,level_completed,1,0.0
2025-10,EVT-202510-E2FD8AF70D4A-0020,SYN-202510-DE2FD8AF70D4A,SYN-202510-PE2FD8AF70D4A,2025-10-04T00:55:22,2025-10-03T23:59:22,level_completed,1,0.0
2025-10,EVT-202510-7294E08EA2AD-0031,SYN-202510-D7294E08EA2AD,SYN-202510-P7294E08EA2AD,2025-10-04T00:55:35,2025-10-03T23:36:35,level_completed,1,0.0
2025-10,EVT-202510-7294E08EA2AD-0104,SYN-202510-D7294E08EA2AD,SYN-202510-P7294E08EA2AD,2025-10-04T00:55:35,2025-10-03T23:36:35,ad_impression,0,0.0043
2025-10,EVT-202510-7294E08EA2AD-0113,SYN-202510-D7294E08EA2AD,SYN-202510-P7294E08EA2AD,2025-10-04T00:55:35,2025-10-03T23:36:35,ad_impression,0,0.0043
2025-10,EVT-202510-7294E08EA2AD-0033,SYN-202510-D7294E08EA2AD,SYN-202510-P7294E08EA2AD,2025-10-04T00:56:35,2025-10-03T23:36:35,level_completed,1,0.0
2025-10,EVT-202510-E2FD8AF70D4A-0029,SYN-202510-DE2FD8AF70D4A,SYN-202510-PE2FD8AF70D4A,2025-10-04T00:58:22,2025-10-03T23:59:22,level_completed,1,0.0
2025-10,EVT-202510-E2FD8AF70D4A-0031,SYN-202510-DE2FD8AF70D4A,SYN-202510-PE2FD8AF70D4A,2025-10-04T00:58:22,2025-10-03T23:59:22,level_completed,1,0.0
2025-10,EVT-202510-E2FD8AF70D4A-0027,SYN-202510-DE2FD8AF70D4A,SYN-202510-PE2FD8AF70D4A,2025-10-04T00:59:22,2025-10-03T23:59:22,level_completed,1,0.0
2025-10,EVT-202510-E2FD8AF70D4A-0010,SYN-202510-DE2FD8AF70D4A,SYN-202510-PE2FD8AF70D4A,2025-10-04T01:00:22,2025-10-03T23:59:22,level_completed,1,0.0
2025-10,EVT-202510-7294E08EA2AD-0114,SYN-202510-D7294E08EA2AD,SYN-202510-P7294E08EA2AD,2025-10-04T01:00:35,2025-10-03T23:36:35,ad_impression,0,0.0043
2025-10,EVT-202510-E2FD8AF70D4A-0024,SYN-202510-DE2FD8AF70D4A,SYN-202510-PE2FD8AF70D4A,2025-10-04T01:01:22,2025-10-03T23:59:22,level_completed,1,0.0
2025-10,EVT-202510-9CB9BF1EA7B0-0004,SYN-202510-D9CB9BF1EA7B0,SYN-202510-P9CB9BF1EA7B0,2025-10-04T01:04:00,2025-10-03T03:59:53,session_start,0,0.0
2025-10,EVT-202510-7294E08EA2AD-0115,SYN-202510-D7294E08EA2AD,SYN-202510-P7294E08EA2AD,2025-10-04T01:04:35,2025-10-03T23:36:35,ad_impression,0,0.0043
2025-10,EVT-202510-E2FD8AF70D4A-0036,SYN-202510-DE2FD8AF70D4A,SYN-202510-PE2FD8AF70D4A,2025-10-04T01:09:22,2025-10-03T23:59:22,ad_impression,0,0.0591
2025-10,EVT-202510-E2FD8AF70D4A-0021,SYN-202510-DE2FD8AF70D4A,SYN-202510-PE2FD8AF70D4A,2025-10-04T01:13:22,2025-10-03T23:59:22,level_completed,1,0.0
2025-10,EVT-202510-E2FD8AF70D4A-0006,SYN-202510-DE2FD8AF70D4A,SYN-202510-PE2FD8AF70D4A,2025-10-04T01:15:22,2025-10-03T23:59:22,level_completed,1,0.0
2025-10,EVT-202510-1904353128A3-0008,SYN-202510-D1904353128A3,SYN-202510-P1904353128A3,2025-10-04T01:16:00,2025-10-01T01:41:59,level_completed,1,0.0
2025-10,EVT-202510-E2FD8AF70D4A-0009,SYN-202510-DE2FD8AF70D4A,SYN-202510-PE2FD8AF70D4A,2025-10-04T01:19:22,2025-10-03T23:59:22,level_completed,1,0.0
2025-10,EVT-202510-9CB9BF1EA7B0-0030,SYN-202510-D9CB9BF1EA7B0,SYN-202510-P9CB9BF1EA7B0,2025-10-04T01:20:00,2025-10-03T03:59:53,level_completed,1,0.0
2025-10,EVT-202510-E2FD8AF70D4A-0012,SYN-202510-DE2FD8AF70D4A,SYN-202510-PE2FD8AF70D4A,2025-10-04T01:20:22,2025-10-03T23:59:22,level_completed,1,0.0
2025-10,EVT-202510-5C93CB52AEB8-0001,SYN-202510-D5C93CB52AEB8,SYN-202510-P5C93CB52AEB8,2025-10-04T01:27:19,2025-10-04T01:26:19,session_start,0,0.0
2025-10,EVT-202510-1904353128A3-0006,SYN-202510-D1904353128A3,SYN-202510-P1904353128A3,2025-10-04T01:31:00,2025-10-01T01:41:59,level_completed,1,0.0
2025-10,EVT-202510-293567C932A5-0013,SYN-202510-D293567C932A5,SYN-202510-P293567C932A5,2025-10-04T01:32:00,2025-10-02T19:23:23,session_start,0,0.0
2025-10,EVT-202510-9CB9BF1EA7B0-0054,SYN-202510-D9CB9BF1EA7B0,SYN-202510-P9CB9BF1EA7B0,2025-10-04T01:32:00,2025-10-03T03:59:53,level_completed,1,0.0
2025-10,EVT-202510-9CB9BF1EA7B0-0045,SYN-202510-D9CB9BF1EA7B0,SYN-202510-P9CB9BF1EA7B0,2025-10-04T01:35:00,2025-10-03T03:59:53,level_completed,1,0.0
2025-10,EVT-202510-9CB9BF1EA7B0-0056,SYN-202510-D9CB9BF1EA7B0,SYN-202510-P9CB9BF1EA7B0,2025-10-04T01:38:00,2025-10-03T03:59:53,level_completed,1,0.0
2025-10,EVT-202510-9CB9BF1EA7B0-0041,SYN-202510-D9CB9BF1EA7B0,SYN-202510-P9CB9BF1EA7B0,2025-10-04T01:44:00,2025-10-03T03:59:53,level_completed,1,0.0
2025-10,EVT-202510-5C93CB52AEB8-0010,SYN-202510-D5C93CB52AEB8,SYN-202510-P5C93CB52AEB8,2025-10-04T01:51:19,2025-10-04T01:26:19,level_completed,1,0.0
2025-10,EVT-202510-9CB9BF1EA7B0-0075,SYN-202510-D9CB9BF1EA7B0,SYN-202510-P9CB9BF1EA7B0,2025-10-04T01:54:00,2025-10-03T03:59:53,ad_impression,0,0.0
2025-10,EVT-202510-1904353128A3-0005,SYN-202510-D1904353128A3,SYN-202510-P1904353128A3,2025-10-04T01:55:00,2025-10-01T01:41:59,level_completed,1,0.0
2025-10,EVT-202510-9CB9BF1EA7B0-0043,SYN-202510-D9CB9BF1EA7B0,SYN-202510-P9CB9BF1EA7B0,2025-10-04T02:03:00,2025-10-03T03:59:53,level_completed,1,0.0
2025-10,EVT-202510-CD116610839D-0005,SYN-202510-DCD116610839D,SYN-202510-PCD116610839D,2025-10-04T02:04:00,2025-10-03T01:36:47,session_start,0,0.0
2025-10,EVT-202510-9CB9BF1EA7B0-0011,SYN-202510-D9CB9BF1EA7B0,SYN-202510-P9CB9BF1EA7B0,2025-10-04T02:08:00,2025-10-03T03:59:53,level_completed,1,0.0
2025-10,EVT-202510-5C93CB52AEB8-0006,SYN-202510-D5C93CB52AEB8,SYN-202510-P5C93CB52AEB8,2025-10-04T02:14:19,2025-10-04T01:26:19,level_completed,1,0.0
2025-10,EVT-202510-9CB9BF1EA7B0-0059,SYN-202510-D9CB9BF1EA7B0,SYN-202510-P9CB9BF1EA7B0,2025-10-04T02:23:00,2025-10-03T03:59:53,level_completed,1,0.0
2025-10,EVT-202510-9CB9BF1EA7B0-0068,SYN-202510-D9CB9BF1EA7B0,SYN-202510-P9CB9BF1EA7B0,2025-10-04T02:25:00,2025-10-03T03:59:53,ad_impression,0,0.0
2025-10,EVT-202510-CD116610839D-0013,SYN-202510-DCD116610839D,SYN-202510-PCD116610839D,2025-10-04T02:33:00,2025-10-03T01:36:47,level_completed,1,0.0
2025-10,EVT-202510-CD116610839D-0009,SYN-202510-DCD116610839D,SYN-202510-PCD116610839D,2025-10-04T02:35:00,2025-10-03T01:36:47,level_completed,1,0.0
2025-10,EVT-202510-DEE1747D7D6B-0008,SYN-202510-DDEE1747D7D6B,SYN-202510-PDEE1747D7D6B,2025-10-04T02:36:00,2025-10-01T06:23:43,session_start,0,0.0
2025-10,EVT-202510-DEE1747D7D6B-0068,SYN-202510-DDEE1747D7D6B,SYN-202510-PDEE1747D7D6B,2025-10-04T02:38:00,2025-10-01T06:23:43,level_completed,1,0.0
2025-10,EVT-202510-5C93CB52AEB8-0007,SYN-202510-D5C93CB52AEB8,SYN-202510-P5C93CB52AEB8,2025-10-04T02:44:19,2025-10-04T01:26:19,level_completed,1,0.0
2025-10,EVT-202510-DEE1747D7D6B-0057,SYN-202510-DDEE1747D7D6B,SYN-202510-PDEE1747D7D6B,2025-10-04T02:45:00,2025-10-01T06:23:43,level_completed,1,0.0
2025-10,EVT-202510-DEE1747D7D6B-0109,SYN-202510-DDEE1747D7D6B,SYN-202510-PDEE1747D7D6B,2025-10-04T02:45:00,2025-10-01T06:23:43,level_completed,1,0.0
2025-10,EVT-202510-5C93CB52AEB8-0009,SYN-202510-D5C93CB52AEB8,SYN-202510-P5C93CB52AEB8,2025-10-04T02:46:19,2025-10-04T01:26:19,level_completed,1,0.0
2025-10,EVT-202510-DEE1747D7D6B-0131,SYN-202510-DDEE1747D7D6B,SYN-202510-PDEE1747D7D6B,2025-10-04T02:48:00,2025-10-01T06:23:43,level_completed,1,0.0
2025-10,EVT-202510-816EA7918124-0003,SYN-202510-D816EA7918124,SYN-202510-P816EA7918124,2025-10-04T02:50:00,2025-10-03T03:08:48,session_start,0,0.0
2025-10,EVT-202510-DEE1747D7D6B-0105,SYN-202510-DDEE1747D7D6B,SYN-202510-PDEE1747D7D6B,2025-10-04T02:54:00,2025-10-01T06:23:43,level_completed,1,0.0
2025-10,EVT-202510-816EA7918124-0006,SYN-202510-D816EA7918124,SYN-202510-P816EA7918124,2025-10-04T02:55:00,2025-10-03T03:08:48,level_completed,1,0.0
2025-10,EVT-202510-816EA7918124-0028,SYN-202510-D816EA7918124,SYN-202510-P816EA7918124,2025-10-04T02:56:00,2025-10-03T03:08:48,ad_impression,0,0.0486
2025-10,EVT-202510-DEE1747D7D6B-0177,SYN-202510-DDEE1747D7D6B,SYN-202510-PDEE1747D7D6B,2025-10-04T03:18:00,2025-10-01T06:23:43,ad_impression,0,0.0039
2025-10,EVT-202510-DEE1747D7D6B-0167,SYN-202510-DDEE1747D7D6B,SYN-202510-PDEE1747D7D6B,2025-10-04T03:21:00,2025-10-01T06:23:43,ad_impression,0,0.0039
2025-10,EVT-202510-CD116610839D-0018,SYN-202510-DCD116610839D,SYN-202510-PCD116610839D,2025-10-04T03:23:00,2025-10-03T01:36:47,level_completed,1,0.0
2025-10,EVT-202510-DEE1747D7D6B-0178,SYN-202510-DDEE1747D7D6B,SYN-202510-PDEE1747D7D6B,2025-10-04T03:33:00,2025-10-01T06:23:43,ad_impression,0,0.0039
2025-10,EVT-202510-DEE1747D7D6B-0097,SYN-202510-DDEE1747D7D6B,SYN-202510-PDEE1747D7D6B,2025-10-04T03:35:00,2025-10-01T06:23:43,level_completed,1,0.0
2025-10,EVT-202510-816EA7918124-0024,SYN-202510-D816EA7918124,SYN-202510-P816EA7918124,2025-10-04T03:36:00,2025-10-03T03:08:48,level_completed,1,0.0
2025-10,EVT-202510-DEE1747D7D6B-0137,SYN-202510-DDEE1747D7D6B,SYN-202510-PDEE1747D7D6B,2025-10-04T03:37:00,2025-10-01T06:23:43,level_completed,1,0.0
2025-10,EVT-202510-816EA7918124-0013,SYN-202510-D816EA7918124,SYN-202510-P816EA7918124,2025-10-04T03:38:00,2025-10-03T03:08:48,level_completed,1,0.0
2025-10,EVT-202510-816EA7918124-0016,SYN-202510-D816EA7918124,SYN-202510-P816EA7918124,2025-10-04T03:38:00,2025-10-03T03:08:48,level_completed,1,0.0
2025-10,EVT-202510-816EA7918124-0019,SYN-202510-D816EA7918124,SYN-202510-P816EA7918124,2025-10-04T03:38:00,2025-10-03T03:08:48,level_completed,1,0.0
2025-10,EVT-202510-DEE1747D7D6B-0039,SYN-202510-DDEE1747D7D6B,SYN-202510-PDEE1747D7D6B,2025-10-04T03:39:00,2025-10-01T06:23:43,level_completed,1,0.0
2025-10,EVT-202510-DEE1747D7D6B-0029,SYN-202510-DDEE1747D7D6B,SYN-202510-PDEE1747D7D6B,2025-10-04T03:42:00,2025-10-01T06:23:43,level_completed,1,0.0
2025-10,EVT-202510-816EA7918124-0021,SYN-202510-D816EA7918124,SYN-202510-P816EA7918124,2025-10-04T03:51:00,2025-10-03T03:08:48,level_completed,1,0.0
2025-10,EVT-202510-DEE1747D7D6B-0122,SYN-202510-DDEE1747D7D6B,SYN-202510-PDEE1747D7D6B,2025-10-04T03:53:00,2025-10-01T06:23:43,level_completed,1,0.0
2025-10,EVT-202510-DEE1747D7D6B-0145,SYN-202510-DDEE1747D7D6B,SYN-202510-PDEE1747D7D6B,2025-10-04T03:54:00,2025-10-01T06:23:43,ad_impression,0,0.0039
2025-10,EVT-202510-7D952A0B5570-0001,SYN-202510-D7D952A0B5570,SYN-202510-P7D952A0B5570,2025-10-04T03:59:05,2025-10-04T03:58:05,session_start,0,0.0
2025-10,EVT-202510-816EA7918124-0007,SYN-202510-D816EA7918124,SYN-202510-P816EA7918124,2025-10-04T04:03:00,2025-10-03T03:08:48,level_completed,1,0.0
2025-10,EVT-202510-2B9CF36F00F6-0001,SYN-202510-D2B9CF36F00F6,SYN-202510-P2B9CF36F00F6,2025-10-04T04:08:57,2025-10-04T04:07:57,session_start,0,0.0
2025-10,EVT-202510-2B9CF36F00F6-0012,SYN-202510-D2B9CF36F00F6,SYN-202510-P2B9CF36F00F6,2025-10-04T04:11:57,2025-10-04T04:07:57,level_completed,1,0.0
2025-10,EVT-202510-2B9CF36F00F6-0009,SYN-202510-D2B9CF36F00F6,SYN-202510-P2B9CF36F00F6,2025-10-04T04:12:57,2025-10-04T04:07:57,level_completed,1,0.0
2025-10,EVT-202510-2B9CF36F00F6-0005,SYN-202510-D2B9CF36F00F6,SYN-202510-P2B9CF36F00F6,2025-10-04T04:18:57,2025-10-04T04:07:57,level_completed,1,0.0
2025-10,EVT-202510-7D952A0B5570-0014,SYN-202510-D7D952A0B5570,SYN-202510-P7D952A0B5570,2025-10-04T04:20:05,2025-10-04T03:58:05,level_completed,1,0.0
2025-10,EVT-202510-7D952A0B5570-0003,SYN-202510-D7D952A0B5570,SYN-202510-P7D952A0B5570,2025-10-04T04:24:05,2025-10-04T03:58:05,level_completed,1,0.0
2025-10,EVT-202510-7D952A0B5570-0012,SYN-202510-D7D952A0B5570,SYN-202510-P7D952A0B5570,2025-10-04T04:35:05,2025-10-04T03:58:05,level_completed,1,0.0
2025-10,EVT-202510-7D952A0B5570-0006,SYN-202510-D7D952A0B5570,SYN-202510-P7D952A0B5570,2025-10-04T04:36:05,2025-10-04T03:58:05,level_completed,1,0.0
2025-10,EVT-202510-0E9AE87248A3-0001,SYN-202510-D0E9AE87248A3,SYN-202510-P0E9AE87248A3,2025-10-04T04:49:22,2025-10-04T04:48:22,session_start,0,0.0
2025-10,EVT-202510-0E9AE87248A3-0002,SYN-202510-D0E9AE87248A3,SYN-202510-P0E9AE87248A3,2025-10-04T04:49:22,2025-10-04T04:48:22,session_start,0,0.0
2025-10,EVT-202510-0E9AE87248A3-0003,SYN-202510-D0E9AE87248A3,SYN-202510-P0E9AE87248A3,2025-10-04T04:49:22,2025-10-04T04:48:22,session_start,0,0.0
2025-10,EVT-202510-0E9AE87248A3-0004,SYN-202510-D0E9AE87248A3,SYN-202510-P0E9AE87248A3,2025-10-04T04:49:22,2025-10-04T04:48:22,session_start,0,0.0
2025-10,EVT-202510-0E9AE87248A3-0005,SYN-202510-D0E9AE87248A3,SYN-202510-P0E9AE87248A3,2025-10-04T04:49:22,2025-10-04T04:48:22,session_start,0,0.0
2025-10,EVT-202510-0E9AE87248A3-0006,SYN-202510-D0E9AE87248A3,SYN-202510-P0E9AE87248A3,2025-10-04T04:49:22,2025-10-04T04:48:22,session_start,0,0.0
2025-10,EVT-202510-0E9AE87248A3-0007,SYN-202510-D0E9AE87248A3,SYN-202510-P0E9AE87248A3,2025-10-04T04:49:22,2025-10-04T04:48:22,session_start,0,0.0
2025-10,EVT-202510-0E9AE87248A3-0008,SYN-202510-D0E9AE87248A3,SYN-202510-P0E9AE87248A3,2025-10-04T04:49:22,2025-10-04T04:48:22,session_start,0,0.0
2025-10,EVT-202510-0E9AE87248A3-0009,SYN-202510-D0E9AE87248A3,SYN-202510-P0E9AE87248A3,2025-10-04T04:49:22,2025-10-04T04:48:22,session_start,0,0.0
2025-10,EVT-202510-0E9AE87248A3-0010,SYN-202510-D0E9AE87248A3,SYN-202510-P0E9AE87248A3,2025-10-04T04:49:22,2025-10-04T04:48:22,session_start,0,0.0
2025-10,EVT-202510-7D952A0B5570-0015,SYN-202510-D7D952A0B5570,SYN-202510-P7D952A0B5570,2025-10-04T04:50:05,2025-10-04T03:58:05,ad_impression,0,0.0133
2025-10,EVT-202510-0E9AE87248A3-0059,SYN-202510-D0E9AE87248A3,SYN-202510-P0E9AE87248A3,2025-10-04T04:52:22,2025-10-04T04:48:22,level_completed,1,0.0
2025-10,EVT-202510-0E9AE87248A3-0090,SYN-202510-D0E9AE87248A3,SYN-202510-P0E9AE87248A3,2025-10-04T04:55:22,2025-10-04T04:48:22,ad_impression,0,0.0011
2025-10,EVT-202510-7D952A0B5570-0009,SYN-202510-D7D952A0B5570,SYN-202510-P7D952A0B5570,2025-10-04T04:57:05,2025-10-04T03:58:05,level_completed,1,0.0
2025-10,EVT-202510-0E9AE87248A3-0041,SYN-202510-D0E9AE87248A3,SYN-202510-P0E9AE87248A3,2025-10-04T04:57:22,2025-10-04T04:48:22,level_completed,1,0.0
2025-10,EVT-202510-0E9AE87248A3-0100,SYN-202510-D0E9AE87248A3,SYN-202510-P0E9AE87248A3,2025-10-04T04:57:22,2025-10-04T04:48:22,ad_impression,0,0.0011
2025-10,EVT-202510-2B9CF36F00F6-0007,SYN-202510-D2B9CF36F00F6,SYN-202510-P2B9CF36F00F6,2025-10-04T04:57:57,2025-10-04T04:07:57,level_completed,1,0.0
2025-10,EVT-202510-0E9AE87248A3-0052,SYN-202510-D0E9AE87248A3,SYN-202510-P0E9AE87248A3,2025-10-04T05:02:22,2025-10-04T04:48:22,level_completed,1,0.0
2025-10,EVT-202510-0E9AE87248A3-0072,SYN-202510-D0E9AE87248A3,SYN-202510-P0E9AE87248A3,2025-10-04T05:04:22,2025-10-04T04:48:22,level_completed,1,0.0
2025-10,EVT-202510-0E9AE87248A3-0055,SYN-202510-D0E9AE87248A3,SYN-202510-P0E9AE87248A3,2025-10-04T05:05:22,2025-10-04T04:48:22,level_completed,1,0.0
2025-10,EVT-202510-0E9AE87248A3-0047,SYN-202510-D0E9AE87248A3,SYN-202510-P0E9AE87248A3,2025-10-04T05:06:22,2025-10-04T04:48:22,level_completed,1,0.0
2025-10,EVT-202510-0E9AE87248A3-0113,SYN-202510-D0E9AE87248A3,SYN-202510-P0E9AE87248A3,2025-10-04T05:11:22,2025-10-04T04:48:22,ad_impression,0,0.0011
2025-10,EVT-202510-2B9CF36F00F6-0010,SYN-202510-D2B9CF36F00F6,SYN-202510-P2B9CF36F00F6,2025-10-04T05:12:57,2025-10-04T04:07:57,level_completed,1,0.0
2025-10,EVT-202510-0E9AE87248A3-0086,SYN-202510-D0E9AE87248A3,SYN-202510-P0E9AE87248A3,2025-10-04T05:14:22,2025-10-04T04:48:22,ad_impression,0,0.0011
2025-10,EVT-202510-0E9AE87248A3-0096,SYN-202510-D0E9AE87248A3,SYN-202510-P0E9AE87248A3,2025-10-04T05:19:22,2025-10-04T04:48:22,ad_impression,0,0.0011
2025-10,EVT-202510-2B9CF36F00F6-0011,SYN-202510-D2B9CF36F00F6,SYN-202510-P2B9CF36F00F6,2025-10-04T05:26:57,2025-10-04T04:07:57,level_completed,1,0.0
2025-10,EVT-202510-0E9AE87248A3-0067,SYN-202510-D0E9AE87248A3,SYN-202510-P0E9AE87248A3,2025-10-04T05:28:22,2025-10-04T04:48:22,level_completed,1,0.0
2025-10,EVT-202510-0E9AE87248A3-0046,SYN-202510-D0E9AE87248A3,SYN-202510-P0E9AE87248A3,2025-10-04T05:30:22,2025-10-04T04:48:22,level_completed,1,0.0
2025-10,EVT-202510-0E9AE87248A3-0080,SYN-202510-D0E9AE87248A3,SYN-202510-P0E9AE87248A3,2025-10-04T05:31:22,2025-10-04T04:48:22,level_completed,1,0.0
2025-10,EVT-202510-0E9AE87248A3-0082,SYN-202510-D0E9AE87248A3,SYN-202510-P0E9AE87248A3,2025-10-04T05:31:22,2025-10-04T04:48:22,level_completed,1,0.0
2025-10,EVT-202510-0E9AE87248A3-0104,SYN-202510-D0E9AE87248A3,SYN-202510-P0E9AE87248A3,2025-10-04T05:31:22,2025-10-04T04:48:22,ad_impression,0,0.0011
2025-10,EVT-202510-0E9AE87248A3-0054,SYN-202510-D0E9AE87248A3,SYN-202510-P0E9AE87248A3,2025-10-04T05:33:22,2025-10-04T04:48:22,level_completed,1,0.0
2025-10,EVT-202510-0E9AE87248A3-0040,SYN-202510-D0E9AE87248A3,SYN-202510-P0E9AE87248A3,2025-10-04T05:35:22,2025-10-04T04:48:22,level_completed,1,0.0
2025-10,EVT-202510-A0FE78A7A58E-0001,SYN-202510-DA0FE78A7A58E,SYN-202510-PA0FE78A7A58E,2025-10-04T05:35:31,2025-10-04T05:34:31,session_start,0,0.0
2025-10,EVT-202510-96F6A1B4BE7B-0009,SYN-202510-D96F6A1B4BE7B,SYN-202510-P96F6A1B4BE7B,2025-10-04T05:38:00,2025-10-02T07:27:04,session_start,0,0.0
2025-10,EVT-202510-0E9AE87248A3-0057,SYN-202510-D0E9AE87248A3,SYN-202510-P0E9AE87248A3,2025-10-04T05:41:22,2025-10-04T04:48:22,level_completed,1,0.0
2025-10,EVT-202510-0E9AE87248A3-0115,SYN-202510-D0E9AE87248A3,SYN-202510-P0E9AE87248A3,2025-10-04T05:44:22,2025-10-04T04:48:22,ad_impression,0,0.0011
2025-10,EVT-202510-0E9AE87248A3-0069,SYN-202510-D0E9AE87248A3,SYN-202510-P0E9AE87248A3,2025-10-04T05:47:22,2025-10-04T04:48:22,level_completed,1,0.0
2025-10,EVT-202510-0E9AE87248A3-0051,SYN-202510-D0E9AE87248A3,SYN-202510-P0E9AE87248A3,2025-10-04T05:48:22,2025-10-04T04:48:22,level_completed,1,0.0
2025-10,EVT-202510-0E9AE87248A3-0076,SYN-202510-D0E9AE87248A3,SYN-202510-P0E9AE87248A3,2025-10-04T05:52:22,2025-10-04T04:48:22,level_completed,1,0.0
2025-10,EVT-202510-A0FE78A7A58E-0027,SYN-202510-DA0FE78A7A58E,SYN-202510-PA0FE78A7A58E,2025-10-04T05:52:31,2025-10-04T05:34:31,level_completed,1,0.0
2025-10,EVT-202510-A0FE78A7A58E-0030,SYN-202510-DA0FE78A7A58E,SYN-202510-PA0FE78A7A58E,2025-10-04T05:52:31,2025-10-04T05:34:31,ad_impression,0,0.0429
2025-10,EVT-202510-0E9AE87248A3-0108,SYN-202510-D0E9AE87248A3,SYN-202510-P0E9AE87248A3,2025-10-04T05:53:22,2025-10-04T04:48:22,ad_impression,0,0.0011
2025-10,EVT-202510-9C04A5C73D3D-0001,SYN-202510-D9C04A5C73D3D,SYN-202510-P9C04A5C73D3D,2025-10-04T05:58:00,2025-10-04T01:18:19,session_start,0,0.0
2025-10,EVT-202510-0E9AE87248A3-0094,SYN-202510-D0E9AE87248A3,SYN-202510-P0E9AE87248A3,2025-10-04T05:59:22,2025-10-04T04:48:22,ad_impression,0,0.0011
2025-10,EVT-202510-96F6A1B4BE7B-0043,SYN-202510-D96F6A1B4BE7B,SYN-202510-P96F6A1B4BE7B,2025-10-04T06:00:00,2025-10-02T07:27:04,level_completed,1,0.0
2025-10,EVT-202510-A0FE78A7A58E-0008,SYN-202510-DA0FE78A7A58E,SYN-202510-PA0FE78A7A58E,2025-10-04T06:02:31,2025-10-04T05:34:31,level_completed,1,0.0
2025-10,EVT-202510-9C04A5C73D3D-0004,SYN-202510-D9C04A5C73D3D,SYN-202510-P9C04A5C73D3D,2025-10-04T06:04:00,2025-10-04T01:18:19,level_completed,1,0.0
2025-10,EVT-202510-FD3847CC2CB6-0001,SYN-202510-DFD3847CC2CB6,SYN-202510-PFD3847CC2CB6,2025-10-04T06:06:00,2025-10-04T00:15:20,session_start,0,0.0
2025-10,EVT-202510-A0FE78A7A58E-0016,SYN-202510-DA0FE78A7A58E,SYN-202510-PA0FE78A7A58E,2025-10-04T06:09:31,2025-10-04T05:34:31,level_completed,1,0.0
2025-10,EVT-202510-9C04A5C73D3D-0008,SYN-202510-D9C04A5C73D3D,SYN-202510-P9C04A5C73D3D,2025-10-04T06:10:00,2025-10-04T01:18:19,level_completed,1,0.0
2025-10,EVT-202510-9C04A5C73D3D-0011,SYN-202510-D9C04A5C73D3D,SYN-202510-P9C04A5C73D3D,2025-10-04T06:13:00,2025-10-04T01:18:19,level_completed,1,0.0
2025-10,EVT-202510-96F6A1B4BE7B-0059,SYN-202510-D96F6A1B4BE7B,SYN-202510-P96F6A1B4BE7B,2025-10-04T06:15:00,2025-10-02T07:27:04,ad_impression,0,0.0043
2025-10,EVT-202510-FD3847CC2CB6-0024,SYN-202510-DFD3847CC2CB6,SYN-202510-PFD3847CC2CB6,2025-10-04T06:23:00,2025-10-04T00:15:20,level_completed,1,0.0
2025-10,EVT-202510-FD3847CC2CB6-0027,SYN-202510-DFD3847CC2CB6,SYN-202510-PFD3847CC2CB6,2025-10-04T06:23:00,2025-10-04T00:15:20,ad_impression,0,0.0161
2025-10,EVT-202510-0E9AE87248A3-0011,SYN-202510-D0E9AE87248A3,SYN-202510-P0E9AE87248A3,2025-10-04T06:24:00,2025-10-04T04:48:22,session_start,0,0.0
2025-10,EVT-202510-96F6A1B4BE7B-0063,SYN-202510-D96F6A1B4BE7B,SYN-202510-P96F6A1B4BE7B,2025-10-04T06:25:00,2025-10-02T07:27:04,ad_impression,0,0.0043
2025-10,EVT-202510-9C04A5C73D3D-0002,SYN-202510-D9C04A5C73D3D,SYN-202510-P9C04A5C73D3D,2025-10-04T06:28:00,2025-10-04T01:18:19,session_start,0,0.0
2025-10,EVT-202510-9C04A5C73D3D-0014,SYN-202510-D9C04A5C73D3D,SYN-202510-P9C04A5C73D3D,2025-10-04T06:29:00,2025-10-04T01:18:19,level_completed,1,0.0
2025-10,EVT-202510-A0FE78A7A58E-0034,SYN-202510-DA0FE78A7A58E,SYN-202510-PA0FE78A7A58E,2025-10-04T06:30:31,2025-10-04T05:34:31,ad_impression,0,0.0429
2025-10,EVT-202510-9C04A5C73D3D-0003,SYN-202510-D9C04A5C73D3D,SYN-202510-P9C04A5C73D3D,2025-10-04T06:31:00,2025-10-04T01:18:19,level_completed,1,0.0
2025-10,EVT-202510-9C04A5C73D3D-0006,SYN-202510-D9C04A5C73D3D,SYN-202510-P9C04A5C73D3D,2025-10-04T06:33:00,2025-10-04T01:18:19,level_completed,1,0.0
2025-10,EVT-202510-0E9AE87248A3-0012,SYN-202510-D0E9AE87248A3,SYN-202510-P0E9AE87248A3,2025-10-04T06:35:00,2025-10-04T04:48:22,session_start,0,0.0
2025-10,EVT-202510-A0FE78A7A58E-0007,SYN-202510-DA0FE78A7A58E,SYN-202510-PA0FE78A7A58E,2025-10-04T06:35:31,2025-10-04T05:34:31,level_completed,1,0.0
2025-10,EVT-202510-9C04A5C73D3D-0009,SYN-202510-D9C04A5C73D3D,SYN-202510-P9C04A5C73D3D,2025-10-04T06:36:00,2025-10-04T01:18:19,level_completed,1,0.0
2025-10,EVT-202510-0E9AE87248A3-0097,SYN-202510-D0E9AE87248A3,SYN-202510-P0E9AE87248A3,2025-10-04T06:40:00,2025-10-04T04:48:22,ad_impression,0,0.0011
2025-10,EVT-202510-96F6A1B4BE7B-0055,SYN-202510-D96F6A1B4BE7B,SYN-202510-P96F6A1B4BE7B,2025-10-04T06:45:00,2025-10-02T07:27:04,ad_impression,0,0.0043
2025-10,EVT-202510-0E9AE87248A3-0013,SYN-202510-D0E9AE87248A3,SYN-202510-P0E9AE87248A3,2025-10-04T06:46:00,2025-10-04T04:48:22,session_start,0,0.0
2025-10,EVT-202510-9C04A5C73D3D-0013,SYN-202510-D9C04A5C73D3D,SYN-202510-P9C04A5C73D3D,2025-10-04T06:48:00,2025-10-04T01:18:19,level_completed,1,0.0
2025-10,EVT-202510-20C1AB5181D1-0004,SYN-202510-D20C1AB5181D1,SYN-202510-P20C1AB5181D1,2025-10-04T06:50:00,2025-10-03T10:59:55,session_start,0,0.0
2025-10,EVT-202510-A0FE78A7A58E-0017,SYN-202510-DA0FE78A7A58E,SYN-202510-PA0FE78A7A58E,2025-10-04T06:51:31,2025-10-04T05:34:31,level_completed,1,0.0
2025-10,EVT-202510-9C04A5C73D3D-0018,SYN-202510-D9C04A5C73D3D,SYN-202510-P9C04A5C73D3D,2025-10-04T06:54:00,2025-10-04T01:18:19,ad_impression,0,0.0736
2025-10,EVT-202510-20C1AB5181D1-0007,SYN-202510-D20C1AB5181D1,SYN-202510-P20C1AB5181D1,2025-10-04T06:56:00,2025-10-03T10:59:55,level_completed,1,0.0
2025-10,EVT-202510-0E9AE87248A3-0111,SYN-202510-D0E9AE87248A3,SYN-202510-P0E9AE87248A3,2025-10-04T06:57:00,2025-10-04T04:48:22,ad_impression,0,0.0011
2025-10,EVT-202510-9C04A5C73D3D-0005,SYN-202510-D9C04A5C73D3D,SYN-202510-P9C04A5C73D3D,2025-10-04T07:00:00,2025-10-04T01:18:19,level_completed,1,0.0
2025-10,EVT-202510-4E6CCA722A65-0001,SYN-202510-D4E6CCA722A65,SYN-202510-P4E6CCA722A65,2025-10-04T07:02:00,2025-10-04T00:00:18,session_start,0,0.0
2025-10,EVT-202510-9C04A5C73D3D-0012,SYN-202510-D9C04A5C73D3D,SYN-202510-P9C04A5C73D3D,2025-10-04T07:04:00,2025-10-04T01:18:19,level_completed,1,0.0
2025-10,EVT-202510-96F6A1B4BE7B-0053,SYN-202510-D96F6A1B4BE7B,SYN-202510-P96F6A1B4BE7B,2025-10-04T07:06:00,2025-10-02T07:27:04,ad_impression,0,0.0043
2025-10,EVT-202510-293567C932A5-0014,SYN-202510-D293567C932A5,SYN-202510-P293567C932A5,2025-10-04T07:09:00,2025-10-02T19:23:23,session_start,0,0.0
2025-10,EVT-202510-9C04A5C73D3D-0007,SYN-202510-D9C04A5C73D3D,SYN-202510-P9C04A5C73D3D,2025-10-04T07:10:00,2025-10-04T01:18:19,level_completed,1,0.0
2025-10,EVT-202510-9C04A5C73D3D-0010,SYN-202510-D9C04A5C73D3D,SYN-202510-P9C04A5C73D3D,2025-10-04T07:10:00,2025-10-04T01:18:19,level_completed,1,0.0
2025-10,EVT-202510-C98654952AF1-0001,SYN-202510-DC98654952AF1,SYN-202510-PC98654952AF1,2025-10-04T07:10:00,2025-10-04T01:15:39,session_start,0,0.0
2025-10,EVT-202510-C98654952AF1-0005,SYN-202510-DC98654952AF1,SYN-202510-PC98654952AF1,2025-10-04T07:12:00,2025-10-04T01:15:39,level_completed,1,0.0
2025-10,EVT-202510-9C04A5C73D3D-0017,SYN-202510-D9C04A5C73D3D,SYN-202510-P9C04A5C73D3D,2025-10-04T07:13:00,2025-10-04T01:18:19,ad_impression,0,0.0736
2025-10,EVT-202510-8428F0283FDF-0001,SYN-202510-D8428F0283FDF,SYN-202510-P8428F0283FDF,2025-10-04T07:15:57,2025-10-04T07:14:57,session_start,0,0.0
2025-10,EVT-202510-4E6CCA722A65-0006,SYN-202510-D4E6CCA722A65,SYN-202510-P4E6CCA722A65,2025-10-04T07:16:00,2025-10-04T00:00:18,level_completed,1,0.0
2025-10,EVT-202510-FD3847CC2CB6-0009,SYN-202510-DFD3847CC2CB6,SYN-202510-PFD3847CC2CB6,2025-10-04T07:17:00,2025-10-04T00:15:20,level_completed,1,0.0
2025-10,EVT-202510-C98654952AF1-0010,SYN-202510-DC98654952AF1,SYN-202510-PC98654952AF1,2025-10-04T07:19:00,2025-10-04T01:15:39,level_completed,1,0.0
2025-10,EVT-202510-C98654952AF1-0016,SYN-202510-DC98654952AF1,SYN-202510-PC98654952AF1,2025-10-04T07:19:00,2025-10-04T01:15:39,level_completed,1,0.0
2025-10,EVT-202510-FD3847CC2CB6-0016,SYN-202510-DFD3847CC2CB6,SYN-202510-PFD3847CC2CB6,2025-10-04T07:23:00,2025-10-04T00:15:20,level_completed,1,0.0
2025-10,EVT-202510-1CE06C92D15B-0001,SYN-202510-D1CE06C92D15B,SYN-202510-P1CE06C92D15B,2025-10-04T07:26:32,2025-10-04T07:25:32,session_start,0,0.0
2025-10,EVT-202510-1CE06C92D15B-0002,SYN-202510-D1CE06C92D15B,SYN-202510-P1CE06C92D15B,2025-10-04T07:26:32,2025-10-04T07:25:32,session_start,0,0.0
2025-10,EVT-202510-1CE06C92D15B-0003,SYN-202510-D1CE06C92D15B,SYN-202510-P1CE06C92D15B,2025-10-04T07:26:32,2025-10-04T07:25:32,session_start,0,0.0
2025-10,EVT-202510-1CE06C92D15B-0004,SYN-202510-D1CE06C92D15B,SYN-202510-P1CE06C92D15B,2025-10-04T07:26:32,2025-10-04T07:25:32,session_start,0,0.0
2025-10,EVT-202510-1CE06C92D15B-0005,SYN-202510-D1CE06C92D15B,SYN-202510-P1CE06C92D15B,2025-10-04T07:26:32,2025-10-04T07:25:32,session_start,0,0.0
2025-10,EVT-202510-1CE06C92D15B-0006,SYN-202510-D1CE06C92D15B,SYN-202510-P1CE06C92D15B,2025-10-04T07:26:32,2025-10-04T07:25:32,session_start,0,0.0
2025-10,EVT-202510-C98654952AF1-0007,SYN-202510-DC98654952AF1,SYN-202510-PC98654952AF1,2025-10-04T07:27:00,2025-10-04T01:15:39,level_completed,1,0.0
2025-10,EVT-202510-CD116610839D-0006,SYN-202510-DCD116610839D,SYN-202510-PCD116610839D,2025-10-04T07:28:00,2025-10-03T01:36:47,session_start,0,0.0
2025-10,EVT-202510-1CE06C92D15B-0024,SYN-202510-D1CE06C92D15B,SYN-202510-P1CE06C92D15B,2025-10-04T07:31:32,2025-10-04T07:25:32,level_completed,1,0.0
2025-10,EVT-202510-CD116610839D-0027,SYN-202510-DCD116610839D,SYN-202510-PCD116610839D,2025-10-04T07:33:00,2025-10-03T01:36:47,ad_impression,0,0.041
2025-10,EVT-202510-20C1AB5181D1-0030,SYN-202510-D20C1AB5181D1,SYN-202510-P20C1AB5181D1,2025-10-04T07:38:00,2025-10-03T10:59:55,level_completed,1,0.0
2025-10,EVT-202510-1CE06C92D15B-0027,SYN-202510-D1CE06C92D15B,SYN-202510-P1CE06C92D15B,2025-10-04T07:38:32,2025-10-04T07:25:32,level_completed,1,0.0
2025-10,EVT-202510-1CE06C92D15B-0029,SYN-202510-D1CE06C92D15B,SYN-202510-P1CE06C92D15B,2025-10-04T07:39:32,2025-10-04T07:25:32,level_completed,1,0.0
2025-10,EVT-202510-0E9AE87248A3-0103,SYN-202510-D0E9AE87248A3,SYN-202510-P0E9AE87248A3,2025-10-04T07:40:00,2025-10-04T04:48:22,ad_impression,0,0.0011
2025-10,EVT-202510-9C04A5C73D3D-0016,SYN-202510-D9C04A5C73D3D,SYN-202510-P9C04A5C73D3D,2025-10-04T07:41:00,2025-10-04T01:18:19,level_completed,1,0.0
2025-10,EVT-202510-9C04A5C73D3D-0015,SYN-202510-D9C04A5C73D3D,SYN-202510-P9C04A5C73D3D,2025-10-04T07:42:00,2025-10-04T01:18:19,level_completed,1,0.0
2025-10,EVT-202510-C98654952AF1-0022,SYN-202510-DC98654952AF1,SYN-202510-PC98654952AF1,2025-10-04T07:43:00,2025-10-04T01:15:39,ad_impression,0,0.0501
2025-10,EVT-202510-1CE06C92D15B-0009,SYN-202510-D1CE06C92D15B,SYN-202510-P1CE06C92D15B,2025-10-04T07:43:32,2025-10-04T07:25:32,level_completed,1,0.0
2025-10,EVT-202510-1CE06C92D15B-0021,SYN-202510-D1CE06C92D15B,SYN-202510-P1CE06C92D15B,2025-10-04T07:43:32,2025-10-04T07:25:32,level_completed,1,0.0
2025-10,EVT-202510-1CE06C92D15B-0023,SYN-202510-D1CE06C92D15B,SYN-202510-P1CE06C92D15B,2025-10-04T07:43:32,2025-10-04T07:25:32,level_completed,1,0.0
2025-10,EVT-202510-F1B014620B7E-0001,SYN-202510-DF1B014620B7E,SYN-202510-PF1B014620B7E,2025-10-04T07:44:43,2025-10-04T07:43:43,session_start,0,0.0
2025-10,EVT-202510-1CE06C92D15B-0033,SYN-202510-D1CE06C92D15B,SYN-202510-P1CE06C92D15B,2025-10-04T07:45:32,2025-10-04T07:25:32,ad_impression,0,0.0678
2025-10,EVT-202510-1CE06C92D15B-0016,SYN-202510-D1CE06C92D15B,SYN-202510-P1CE06C92D15B,2025-10-04T07:46:32,2025-10-04T07:25:32,level_completed,1,0.0
2025-10,EVT-202510-8428F0283FDF-0013,SYN-202510-D8428F0283FDF,SYN-202510-P8428F0283FDF,2025-10-04T07:48:57,2025-10-04T07:14:57,level_completed,1,0.0
2025-10,EVT-202510-A9A12FC4967D-0004,SYN-202510-DA9A12FC4967D,SYN-202510-PA9A12FC4967D,2025-10-04T07:50:00,2025-10-02T16:38:06,session_start,0,0.0
2025-10,EVT-202510-1CE06C92D15B-0012,SYN-202510-D1CE06C92D15B,SYN-202510-P1CE06C92D15B,2025-10-04T07:51:32,2025-10-04T07:25:32,level_completed,1,0.0
2025-10,EVT-202510-0E9AE87248A3-0014,SYN-202510-D0E9AE87248A3,SYN-202510-P0E9AE87248A3,2025-10-04T07:56:00,2025-10-04T04:48:22,session_start,0,0.0
2025-10,EVT-202510-C98654952AF1-0004,SYN-202510-DC98654952AF1,SYN-202510-PC98654952AF1,2025-10-04T08:01:00,2025-10-04T01:15:39,level_completed,1,0.0
2025-10,EVT-202510-1CE06C92D15B-0032,SYN-202510-D1CE06C92D15B,SYN-202510-P1CE06C92D15B,2025-10-04T08:01:32,2025-10-04T07:25:32,ad_impression,0,0.0678
2025-10,EVT-202510-293567C932A5-0015,SYN-202510-D293567C932A5,SYN-202510-P293567C932A5,2025-10-04T08:02:00,2025-10-02T19:23:23,session_start,0,0.0
2025-10,EVT-202510-96F6A1B4BE7B-0010,SYN-202510-D96F6A1B4BE7B,SYN-202510-P96F6A1B4BE7B,2025-10-04T08:02:00,2025-10-02T07:27:04,session_start,0,0.0
2025-10,EVT-202510-5DADFE9F340E-0001,SYN-202510-D5DADFE9F340E,SYN-202510-P5DADFE9F340E,2025-10-04T08:03:00,2025-10-04T04:18:02,session_start,0,0.0
2025-10,EVT-202510-1CE06C92D15B-0026,SYN-202510-D1CE06C92D15B,SYN-202510-P1CE06C92D15B,2025-10-04T08:04:32,2025-10-04T07:25:32,level_completed,1,0.0
2025-10,EVT-202510-0E9AE87248A3-0015,SYN-202510-D0E9AE87248A3,SYN-202510-P0E9AE87248A3,2025-10-04T08:07:00,2025-10-04T04:48:22,session_start,0,0.0
2025-10,EVT-202510-5DADFE9F340E-0009,SYN-202510-D5DADFE9F340E,SYN-202510-P5DADFE9F340E,2025-10-04T08:07:00,2025-10-04T04:18:02,level_completed,1,0.0
2025-10,EVT-202510-8428F0283FDF-0011,SYN-202510-D8428F0283FDF,SYN-202510-P8428F0283FDF,2025-10-04T08:07:57,2025-10-04T07:14:57,level_completed,1,0.0
2025-10,EVT-202510-DFB51072F4D6-0003,SYN-202510-DDFB51072F4D6,SYN-202510-PDFB51072F4D6,2025-10-04T08:09:00,2025-10-02T23:15:51,session_start,0,0.0
2025-10,EVT-202510-C98654952AF1-0012,SYN-202510-DC98654952AF1,SYN-202510-PC98654952AF1,2025-10-04T08:12:00,2025-10-04T01:15:39,level_completed,1,0.0
2025-10,EVT-202510-1CE06C92D15B-0015,SYN-202510-D1CE06C92D15B,SYN-202510-P1CE06C92D15B,2025-10-04T08:13:32,2025-10-04T07:25:32,level_completed,1,0.0
2025-10,EVT-202510-FD3847CC2CB6-0002,SYN-202510-DFD3847CC2CB6,SYN-202510-PFD3847CC2CB6,2025-10-04T08:15:00,2025-10-04T00:15:20,session_start,0,0.0
2025-10,EVT-202510-1CE06C92D15B-0025,SYN-202510-D1CE06C92D15B,SYN-202510-P1CE06C92D15B,2025-10-04T08:15:32,2025-10-04T07:25:32,level_completed,1,0.0
2025-10,EVT-202510-0E9AE87248A3-0016,SYN-202510-D0E9AE87248A3,SYN-202510-P0E9AE87248A3,2025-10-04T08:16:00,2025-10-04T04:48:22,session_start,0,0.0
2025-10,EVT-202510-DFB51072F4D6-0007,SYN-202510-DDFB51072F4D6,SYN-202510-PDFB51072F4D6,2025-10-04T08:17:00,2025-10-02T23:15:51,level_completed,1,0.0
2025-10,EVT-202510-9CB9BF1EA7B0-0005,SYN-202510-D9CB9BF1EA7B0,SYN-202510-P9CB9BF1EA7B0,2025-10-04T08:18:00,2025-10-03T03:59:53,session_start,0,0.0
2025-10,EVT-202510-FD3847CC2CB6-0029,SYN-202510-DFD3847CC2CB6,SYN-202510-PFD3847CC2CB6,2025-10-04T08:21:00,2025-10-04T00:15:20,ad_impression,0,0.0161
2025-10,EVT-202510-0E9AE87248A3-0074,SYN-202510-D0E9AE87248A3,SYN-202510-P0E9AE87248A3,2025-10-04T08:22:00,2025-10-04T04:48:22,level_completed,1,0.0
2025-10,EVT-202510-1CE06C92D15B-0014,SYN-202510-D1CE06C92D15B,SYN-202510-P1CE06C92D15B,2025-10-04T08:22:32,2025-10-04T07:25:32,level_completed,1,0.0
2025-10,EVT-202510-9CB9BF1EA7B0-0037,SYN-202510-D9CB9BF1EA7B0,SYN-202510-P9CB9BF1EA7B0,2025-10-04T08:23:00,2025-10-03T03:59:53,level_completed,1,0.0
2025-10,EVT-202510-9CB9BF1EA7B0-0060,SYN-202510-D9CB9BF1EA7B0,SYN-202510-P9CB9BF1EA7B0,2025-10-04T08:24:00,2025-10-03T03:59:53,ad_impression,0,0.0
2025-10,EVT-202510-1CE06C92D15B-0019,SYN-202510-D1CE06C92D15B,SYN-202510-P1CE06C92D15B,2025-10-04T08:24:32,2025-10-04T07:25:32,level_completed,1,0.0
2025-10,EVT-202510-293567C932A5-0028,SYN-202510-D293567C932A5,SYN-202510-P293567C932A5,2025-10-04T08:25:00,2025-10-02T19:23:23,level_completed,1,0.0
2025-10,EVT-202510-C98654952AF1-0011,SYN-202510-DC98654952AF1,SYN-202510-PC98654952AF1,2025-10-04T08:25:00,2025-10-04T01:15:39,level_completed,1,0.0
2025-10,EVT-202510-0E9AE87248A3-0017,SYN-202510-D0E9AE87248A3,SYN-202510-P0E9AE87248A3,2025-10-04T08:28:00,2025-10-04T04:48:22,session_start,0,0.0
2025-10,EVT-202510-1CE06C92D15B-0007,SYN-202510-D1CE06C92D15B,SYN-202510-P1CE06C92D15B,2025-10-04T08:29:00,2025-10-04T07:25:32,session_start,0,0.0
2025-10,EVT-202510-1CE06C92D15B-0013,SYN-202510-D1CE06C92D15B,SYN-202510-P1CE06C92D15B,2025-10-04T08:31:32,2025-10-04T07:25:32,level_completed,1,0.0
2025-10,EVT-202510-8428F0283FDF-0008,SYN-202510-D8428F0283FDF,SYN-202510-P8428F0283FDF,2025-10-04T08:31:57,2025-10-04T07:14:57,level_completed,1,0.0
2025-10,EVT-202510-0E9AE87248A3-0107,SYN-202510-D0E9AE87248A3,SYN-202510-P0E9AE87248A3,2025-10-04T08:32:00,2025-10-04T04:48:22,ad_impression,0,0.0011
2025-10,EVT-202510-293567C932A5-0040,SYN-202510-D293567C932A5,SYN-202510-P293567C932A5,2025-10-04T08:33:00,2025-10-02T19:23:23,level_completed,1,0.0
2025-10,EVT-202510-1CE06C92D15B-0031,SYN-202510-D1CE06C92D15B,SYN-202510-P1CE06C92D15B,2025-10-04T08:35:32,2025-10-04T07:25:32,ad_impression,0,0.0678
2025-10,EVT-202510-CD116610839D-0023,SYN-202510-DCD116610839D,SYN-202510-PCD116610839D,2025-10-04T08:36:00,2025-10-03T01:36:47,level_completed,1,0.0
2025-10,EVT-202510-1CE06C92D15B-0018,SYN-202510-D1CE06C92D15B,SYN-202510-P1CE06C92D15B,2025-10-04T08:37:32,2025-10-04T07:25:32,level_completed,1,0.0
2025-10,EVT-202510-96F6A1B4BE7B-0015,SYN-202510-D96F6A1B4BE7B,SYN-202510-P96F6A1B4BE7B,2025-10-04T08:39:00,2025-10-02T07:27:04,level_completed,1,0.0
2025-10,EVT-202510-E4757970F6D3-0004,SYN-202510-DE4757970F6D3,SYN-202510-PE4757970F6D3,2025-10-04T08:39:00,2025-10-03T06:41:24,session_start,0,0.0
2025-10,EVT-202510-CD116610839D-0015,SYN-202510-DCD116610839D,SYN-202510-PCD116610839D,2025-10-04T08:41:00,2025-10-03T01:36:47,level_completed,1,0.0
2025-10,EVT-202510-1CE06C92D15B-0030,SYN-202510-D1CE06C92D15B,SYN-202510-P1CE06C92D15B,2025-10-04T08:41:32,2025-10-04T07:25:32,ad_impression,0,0.0678
2025-10,EVT-202510-9CB9BF1EA7B0-0048,SYN-202510-D9CB9BF1EA7B0,SYN-202510-P9CB9BF1EA7B0,2025-10-04T08:42:00,2025-10-03T03:59:53,level_completed,1,0.0
2025-10,EVT-202510-0E9AE87248A3-0043,SYN-202510-D0E9AE87248A3,SYN-202510-P0E9AE87248A3,2025-10-04T08:43:00,2025-10-04T04:48:22,level_completed,1,0.0
2025-10,EVT-202510-9CB9BF1EA7B0-0034,SYN-202510-D9CB9BF1EA7B0,SYN-202510-P9CB9BF1EA7B0,2025-10-04T08:43:00,2025-10-03T03:59:53,level_completed,1,0.0
2025-10,EVT-202510-CD116610839D-0028,SYN-202510-DCD116610839D,SYN-202510-PCD116610839D,2025-10-04T08:44:00,2025-10-03T01:36:47,ad_impression,0,0.041
2025-10,EVT-202510-0E9AE87248A3-0116,SYN-202510-D0E9AE87248A3,SYN-202510-P0E9AE87248A3,2025-10-04T08:46:00,2025-10-04T04:48:22,ad_impression,0,0.0011
2025-10,EVT-202510-9CB9BF1EA7B0-0033,SYN-202510-D9CB9BF1EA7B0,SYN-202510-P9CB9BF1EA7B0,2025-10-04T08:46:00,2025-10-03T03:59:53,level_completed,1,0.0
2025-10,EVT-202510-0E9AE87248A3-0081,SYN-202510-D0E9AE87248A3,SYN-202510-P0E9AE87248A3,2025-10-04T08:47:00,2025-10-04T04:48:22,level_completed,1,0.0
2025-10,EVT-202510-1CE06C92D15B-0028,SYN-202510-D1CE06C92D15B,SYN-202510-P1CE06C92D15B,2025-10-04T08:47:00,2025-10-04T07:25:32,level_completed,1,0.0
2025-10,EVT-202510-96F6A1B4BE7B-0054,SYN-202510-D96F6A1B4BE7B,SYN-202510-P96F6A1B4BE7B,2025-10-04T08:47:00,2025-10-02T07:27:04,ad_impression,0,0.0043
2025-10,EVT-202510-FD3847CC2CB6-0010,SYN-202510-DFD3847CC2CB6,SYN-202510-PFD3847CC2CB6,2025-10-04T08:48:00,2025-10-04T00:15:20,level_completed,1,0.0
2025-10,EVT-202510-E4757970F6D3-0014,SYN-202510-DE4757970F6D3,SYN-202510-PE4757970F6D3,2025-10-04T08:50:00,2025-10-03T06:41:24,level_completed,1,0.0
2025-10,EVT-202510-DFB51072F4D6-0004,SYN-202510-DDFB51072F4D6,SYN-202510-PDFB51072F4D6,2025-10-04T08:51:00,2025-10-02T23:15:51,level_completed,1,0.0
2025-10,EVT-202510-0E9AE87248A3-0085,SYN-202510-D0E9AE87248A3,SYN-202510-P0E9AE87248A3,2025-10-04T08:52:00,2025-10-04T04:48:22,ad_impression,0,0.0011
2025-10,EVT-202510-0E9AE87248A3-0117,SYN-202510-D0E9AE87248A3,SYN-202510-P0E9AE87248A3,2025-10-04T08:53:00,2025-10-04T04:48:22,ad_impression,0,0.0011
2025-10,EVT-202510-96F6A1B4BE7B-0051,SYN-202510-D96F6A1B4BE7B,SYN-202510-P96F6A1B4BE7B,2025-10-04T08:54:00,2025-10-02T07:27:04,ad_impression,0,0.0043
2025-10,EVT-202510-9CB9BF1EA7B0-0022,SYN-202510-D9CB9BF1EA7B0,SYN-202510-P9CB9BF1EA7B0,2025-10-04T08:54:00,2025-10-03T03:59:53,level_completed,1,0.0
2025-10,EVT-202510-0E9AE87248A3-0018,SYN-202510-D0E9AE87248A3,SYN-202510-P0E9AE87248A3,2025-10-04T08:55:00,2025-10-04T04:48:22,session_start,0,0.0
2025-10,EVT-202510-9CB9BF1EA7B0-0070,SYN-202510-D9CB9BF1EA7B0,SYN-202510-P9CB9BF1EA7B0,2025-10-04T08:56:00,2025-10-03T03:59:53,ad_impression,0,0.0
2025-10,EVT-202510-9CB9BF1EA7B0-0012,SYN-202510-D9CB9BF1EA7B0,SYN-202510-P9CB9BF1EA7B0,2025-10-04T08:57:00,2025-10-03T03:59:53,level_completed,1,0.0
2025-10,EVT-202510-E4757970F6D3-0013,SYN-202510-DE4757970F6D3,SYN-202510-PE4757970F6D3,2025-10-04T08:58:00,2025-10-03T06:41:24,level_completed,1,0.0
2025-10,EVT-202510-FD3847CC2CB6-0014,SYN-202510-DFD3847CC2CB6,SYN-202510-PFD3847CC2CB6,2025-10-04T08:58:00,2025-10-04T00:15:20,level_completed,1,0.0
2025-10,EVT-202510-1CE06C92D15B-0017,SYN-202510-D1CE06C92D15B,SYN-202510-P1CE06C92D15B,2025-10-04T08:59:00,2025-10-04T07:25:32,level_completed,1,0.0
2025-10,EVT-202510-0E9AE87248A3-0060,SYN-202510-D0E9AE87248A3,SYN-202510-P0E9AE87248A3,2025-10-04T09:01:00,2025-10-04T04:48:22,level_completed,1,0.0
2025-10,EVT-202510-1CE06C92D15B-0008,SYN-202510-D1CE06C92D15B,SYN-202510-P1CE06C92D15B,2025-10-04T09:02:00,2025-10-04T07:25:32,session_start,0,0.0
2025-10,EVT-202510-9CB9BF1EA7B0-0063,SYN-202510-D9CB9BF1EA7B0,SYN-202510-P9CB9BF1EA7B0,2025-10-04T09:04:00,2025-10-03T03:59:53,ad_impression,0,0.0
2025-10,EVT-202510-A9A12FC4967D-0013,SYN-202510-DA9A12FC4967D,SYN-202510-PA9A12FC4967D,2025-10-04T09:04:00,2025-10-02T16:38:06,level_completed,1,0.0
2025-10,EVT-202510-0E9AE87248A3-0042,SYN-202510-D0E9AE87248A3,SYN-202510-P0E9AE87248A3,2025-10-04T09:05:00,2025-10-04T04:48:22,level_completed,1,0.0
2025-10,EVT-202510-0E9AE87248A3-0084,SYN-202510-D0E9AE87248A3,SYN-202510-P0E9AE87248A3,2025-10-04T09:05:00,2025-10-04T04:48:22,ad_impression,0,0.0011
2025-10,EVT-202510-0E9AE87248A3-0019,SYN-202510-D0E9AE87248A3,SYN-202510-P0E9AE87248A3,2025-10-04T09:06:00,2025-10-04T04:48:22,session_start,0,0.0
2025-10,EVT-202510-1CE06C92D15B-0010,SYN-202510-D1CE06C92D15B,SYN-202510-P1CE06C92D15B,2025-10-04T09:07:00,2025-10-04T07:25:32,level_completed,1,0.0
2025-10,EVT-202510-536AD1235B97-0001,SYN-202510-D536AD1235B97,SYN-202510-P536AD1235B97,2025-10-04T09:07:00,2025-10-04T04:20:32,session_start,0,0.0
2025-10,EVT-202510-293567C932A5-0016,SYN-202510-D293567C932A5,SYN-202510-P293567C932A5,2025-10-04T09:11:00,2025-10-02T19:23:23,session_start,0,0.0
2025-10,EVT-202510-96F6A1B4BE7B-0056,SYN-202510-D96F6A1B4BE7B,SYN-202510-P96F6A1B4BE7B,2025-10-04T09:11:00,2025-10-02T07:27:04,ad_impression,0,0.0043
2025-10,EVT-202510-E4757970F6D3-0008,SYN-202510-DE4757970F6D3,SYN-202510-PE4757970F6D3,2025-10-04T09:11:00,2025-10-03T06:41:24,level_completed,1,0.0
2025-10,EVT-202510-E4757970F6D3-0005,SYN-202510-DE4757970F6D3,SYN-202510-PE4757970F6D3,2025-10-04T09:12:00,2025-10-03T06:41:24,session_start,0,0.0
2025-10,EVT-202510-293567C932A5-0053,SYN-202510-D293567C932A5,SYN-202510-P293567C932A5,2025-10-04T09:13:00,2025-10-02T19:23:23,level_completed,1,0.0
2025-10,EVT-202510-96F6A1B4BE7B-0018,SYN-202510-D96F6A1B4BE7B,SYN-202510-P96F6A1B4BE7B,2025-10-04T09:14:00,2025-10-02T07:27:04,level_completed,1,0.0
2025-10,EVT-202510-5DADFE9F340E-0010,SYN-202510-D5DADFE9F340E,SYN-202510-P5DADFE9F340E,2025-10-04T09:16:00,2025-10-04T04:18:02,level_completed,1,0.0
2025-10,EVT-202510-1CE06C92D15B-0022,SYN-202510-D1CE06C92D15B,SYN-202510-P1CE06C92D15B,2025-10-04T09:17:00,2025-10-04T07:25:32,level_completed,1,0.0
2025-10,EVT-202510-0E9AE87248A3-0063,SYN-202510-D0E9AE87248A3,SYN-202510-P0E9AE87248A3,2025-10-04T09:18:00,2025-10-04T04:48:22,level_completed,1,0.0
2025-10,EVT-202510-1CE06C92D15B-0034,SYN-202510-D1CE06C92D15B,SYN-202510-P1CE06C92D15B,2025-10-04T09:18:00,2025-10-04T07:25:32,ad_impression,0,0.0678
2025-10,EVT-202510-0E9AE87248A3-0087,SYN-202510-D0E9AE87248A3,SYN-202510-P0E9AE87248A3,2025-10-04T09:20:00,2025-10-04T04:48:22,ad_impression,0,0.0011
2025-10,EVT-202510-293567C932A5-0051,SYN-202510-D293567C932A5,SYN-202510-P293567C932A5,2025-10-04T09:20:00,2025-10-02T19:23:23,level_completed,1,0.0
2025-10,EVT-202510-5DADFE9F340E-0013,SYN-202510-D5DADFE9F340E,SYN-202510-P5DADFE9F340E,2025-10-04T09:20:00,2025-10-04T04:18:02,ad_impression,0,0.0254
2025-10,EVT-202510-FD3847CC2CB6-0003,SYN-202510-DFD3847CC2CB6,SYN-202510-PFD3847CC2CB6,2025-10-04T09:21:00,2025-10-04T00:15:20,session_start,0,0.0
2025-10,EVT-202510-5DADFE9F340E-0002,SYN-202510-D5DADFE9F340E,SYN-202510-P5DADFE9F340E,2025-10-04T09:24:00,2025-10-04T04:18:02,session_start,0,0.0
2025-10,EVT-202510-5DADFE9F340E-0014,SYN-202510-D5DADFE9F340E,SYN-202510-P5DADFE9F340E,2025-10-04T09:25:00,2025-10-04T04:18:02,ad_impression,0,0.0254
2025-10,EVT-202510-9CB9BF1EA7B0-0028,SYN-202510-D9CB9BF1EA7B0,SYN-202510-P9CB9BF1EA7B0,2025-10-04T09:25:00,2025-10-03T03:59:53,level_completed,1,0.0
2025-10,EVT-202510-FD3847CC2CB6-0018,SYN-202510-DFD3847CC2CB6,SYN-202510-PFD3847CC2CB6,2025-10-04T09:25:00,2025-10-04T00:15:20,level_completed,1,0.0
2025-10,EVT-202510-1CE06C92D15B-0020,SYN-202510-D1CE06C92D15B,SYN-202510-P1CE06C92D15B,2025-10-04T09:27:00,2025-10-04T07:25:32,level_completed,1,0.0
2025-10,EVT-202510-0E9AE87248A3-0101,SYN-202510-D0E9AE87248A3,SYN-202510-P0E9AE87248A3,2025-10-04T09:28:00,2025-10-04T04:48:22,ad_impression,0,0.0011
2025-10,EVT-202510-FD3847CC2CB6-0017,SYN-202510-DFD3847CC2CB6,SYN-202510-PFD3847CC2CB6,2025-10-04T09:28:00,2025-10-04T00:15:20,level_completed,1,0.0
2025-10,EVT-202510-9246D3F84952-0001,SYN-202510-D9246D3F84952,SYN-202510-P9246D3F84952,2025-10-04T09:29:00,2025-10-04T02:18:34,session_start,0,0.0
2025-10,EVT-202510-0E9AE87248A3-0053,SYN-202510-D0E9AE87248A3,SYN-202510-P0E9AE87248A3,2025-10-04T09:31:00,2025-10-04T04:48:22,level_completed,1,0.0
2025-10,EVT-202510-293567C932A5-0017,SYN-202510-D293567C932A5,SYN-202510-P293567C932A5,2025-10-04T09:31:00,2025-10-02T19:23:23,session_start,0,0.0
2025-10,EVT-202510-5DADFE9F340E-0011,SYN-202510-D5DADFE9F340E,SYN-202510-P5DADFE9F340E,2025-10-04T09:31:00,2025-10-04T04:18:02,level_completed,1,0.0
2025-10,EVT-202510-9246D3F84952-0046,SYN-202510-D9246D3F84952,SYN-202510-P9246D3F84952,2025-10-04T09:31:00,2025-10-04T02:18:34,level_completed,1,0.0
2025-10,EVT-202510-293567C932A5-0041,SYN-202510-D293567C932A5,SYN-202510-P293567C932A5,2025-10-04T09:32:00,2025-10-02T19:23:23,level_completed,1,0.0
2025-10,EVT-202510-9246D3F84952-0048,SYN-202510-D9246D3F84952,SYN-202510-P9246D3F84952,2025-10-04T09:33:00,2025-10-04T02:18:34,ad_impression,0,0.0764
2025-10,EVT-202510-1CE06C92D15B-0011,SYN-202510-D1CE06C92D15B,SYN-202510-P1CE06C92D15B,2025-10-04T09:34:00,2025-10-04T07:25:32,level_completed,1,0.0
2025-10,EVT-202510-536AD1235B97-0005,SYN-202510-D536AD1235B97,SYN-202510-P536AD1235B97,2025-10-04T09:34:00,2025-10-04T04:20:32,level_completed,1,0.0
2025-10,EVT-202510-9246D3F84952-0051,SYN-202510-D9246D3F84952,SYN-202510-P9246D3F84952,2025-10-04T09:35:00,2025-10-04T02:18:34,ad_impression,0,0.0764
2025-10,EVT-202510-536AD1235B97-0004,SYN-202510-D536AD1235B97,SYN-202510-P536AD1235B97,2025-10-04T09:36:00,2025-10-04T04:20:32,level_completed,1,0.0
2025-10,EVT-202510-9246D3F84952-0029,SYN-202510-D9246D3F84952,SYN-202510-P9246D3F84952,2025-10-04T09:37:00,2025-10-04T02:18:34,level_completed,1,0.0
2025-10,EVT-202510-9246D3F84952-0033,SYN-202510-D9246D3F84952,SYN-202510-P9246D3F84952,2025-10-04T09:37:00,2025-10-04T02:18:34,level_completed,1,0.0
2025-10,EVT-202510-9246D3F84952-0008,SYN-202510-D9246D3F84952,SYN-202510-P9246D3F84952,2025-10-04T09:38:00,2025-10-04T02:18:34,level_completed,1,0.0
2025-10,EVT-202510-9246D3F84952-0016,SYN-202510-D9246D3F84952,SYN-202510-P9246D3F84952,2025-10-04T09:38:00,2025-10-04T02:18:34,level_completed,1,0.0
2025-10,EVT-202510-9CB9BF1EA7B0-0024,SYN-202510-D9CB9BF1EA7B0,SYN-202510-P9CB9BF1EA7B0,2025-10-04T09:38:00,2025-10-03T03:59:53,level_completed,1,0.0
2025-10,EVT-202510-9246D3F84952-0034,SYN-202510-D9246D3F84952,SYN-202510-P9246D3F84952,2025-10-04T09:39:00,2025-10-04T02:18:34,level_completed,1,0.0
2025-10,EVT-202510-5DADFE9F340E-0006,SYN-202510-D5DADFE9F340E,SYN-202510-P5DADFE9F340E,2025-10-04T09:41:00,2025-10-04T04:18:02,level_completed,1,0.0
2025-10,EVT-202510-293567C932A5-0064,SYN-202510-D293567C932A5,SYN-202510-P293567C932A5,2025-10-04T09:42:00,2025-10-02T19:23:23,ad_impression,0,0.003
2025-10,EVT-202510-9246D3F84952-0026,SYN-202510-D9246D3F84952,SYN-202510-P9246D3F84952,2025-10-04T09:42:00,2025-10-04T02:18:34,level_completed,1,0.0
2025-10,EVT-202510-0E9AE87248A3-0088,SYN-202510-D0E9AE87248A3,SYN-202510-P0E9AE87248A3,2025-10-04T09:43:00,2025-10-04T04:48:22,ad_impression,0,0.0011
2025-10,EVT-202510-293567C932A5-0069,SYN-202510-D293567C932A5,SYN-202510-P293567C932A5,2025-10-04T09:43:00,2025-10-02T19:23:23,ad_impression,0,0.003
2025-10,EVT-202510-F1B014620B7E-0002,SYN-202510-DF1B014620B7E,SYN-202510-PF1B014620B7E,2025-10-04T09:43:00,2025-10-04T07:43:43,session_start,0,0.0
2025-10,EVT-202510-9246D3F84952-0035,SYN-202510-D9246D3F84952,SYN-202510-P9246D3F84952,2025-10-04T09:44:00,2025-10-04T02:18:34,level_completed,1,0.0
2025-10,EVT-202510-E4757970F6D3-0011,SYN-202510-DE4757970F6D3,SYN-202510-PE4757970F6D3,2025-10-04T09:44:00,2025-10-03T06:41:24,level_completed,1,0.0
2025-10,EVT-202510-FD3847CC2CB6-0004,SYN-202510-DFD3847CC2CB6,SYN-202510-PFD3847CC2CB6,2025-10-04T09:44:00,2025-10-04T00:15:20,session_start,0,0.0
2025-10,EVT-202510-9246D3F84952-0030,SYN-202510-D9246D3F84952,SYN-202510-P9246D3F84952,2025-10-04T09:46:00,2025-10-04T02:18:34,level_completed,1,0.0
2025-10,EVT-202510-9246D3F84952-0011,SYN-202510-D9246D3F84952,SYN-202510-P9246D3F84952,2025-10-04T09:49:00,2025-10-04T02:18:34,level_completed,1,0.0
2025-10,EVT-202510-9246D3F84952-0049,SYN-202510-D9246D3F84952,SYN-202510-P9246D3F84952,2025-10-04T09:49:00,2025-10-04T02:18:34,ad_impression,0,0.0764
2025-10,EVT-202510-9CB9BF1EA7B0-0006,SYN-202510-D9CB9BF1EA7B0,SYN-202510-P9CB9BF1EA7B0,2025-10-04T09:50:00,2025-10-03T03:59:53,session_start,0,0.0
2025-10,EVT-202510-0E9AE87248A3-0020,SYN-202510-D0E9AE87248A3,SYN-202510-P0E9AE87248A3,2025-10-04T09:52:00,2025-10-04T04:48:22,session_start,0,0.0
2025-10,EVT-202510-4E6CCA722A65-0002,SYN-202510-D4E6CCA722A65,SYN-202510-P4E6CCA722A65,2025-10-04T09:52:00,2025-10-04T00:00:18,session_start,0,0.0
2025-10,EVT-202510-9246D3F84952-0007,SYN-202510-D9246D3F84952,SYN-202510-P9246D3F84952,2025-10-04T09:52:00,2025-10-04T02:18:34,level_completed,1,0.0
2025-10,EVT-202510-9246D3F84952-0004,SYN-202510-D9246D3F84952,SYN-202510-P9246D3F84952,2025-10-04T09:53:00,2025-10-04T02:18:34,level_completed,1,0.0
2025-10,EVT-202510-9CB9BF1EA7B0-0058,SYN-202510-D9CB9BF1EA7B0,SYN-202510-P9CB9BF1EA7B0,2025-10-04T09:53:00,2025-10-03T03:59:53,level_completed,1,0.0
2025-10,EVT-202510-FD3847CC2CB6-0021,SYN-202510-DFD3847CC2CB6,SYN-202510-PFD3847CC2CB6,2025-10-04T09:53:00,2025-10-04T00:15:20,level_completed,1,0.0
2025-10,EVT-202510-0E9AE87248A3-0044,SYN-202510-D0E9AE87248A3,SYN-202510-P0E9AE87248A3,2025-10-04T09:55:00,2025-10-04T04:48:22,level_completed,1,0.0
2025-10,EVT-202510-E4757970F6D3-0015,SYN-202510-DE4757970F6D3,SYN-202510-PE4757970F6D3,2025-10-04T09:55:00,2025-10-03T06:41:24,level_completed,1,0.0
2025-10,EVT-202510-E4757970F6D3-0012,SYN-202510-DE4757970F6D3,SYN-202510-PE4757970F6D3,2025-10-04T09:56:00,2025-10-03T06:41:24,level_completed,1,0.0
2025-10,EVT-202510-0E9AE87248A3-0062,SYN-202510-D0E9AE87248A3,SYN-202510-P0E9AE87248A3,2025-10-04T09:57:00,2025-10-04T04:48:22,level_completed,1,0.0
2025-10,EVT-202510-0E9AE87248A3-0102,SYN-202510-D0E9AE87248A3,SYN-202510-P0E9AE87248A3,2025-10-04T09:58:00,2025-10-04T04:48:22,ad_impression,0,0.0011
2025-10,EVT-202510-9246D3F84952-0037,SYN-202510-D9246D3F84952,SYN-202510-P9246D3F84952,2025-10-04T09:59:00,2025-10-04T02:18:34,level_completed,1,0.0
2025-10,EVT-202510-9246D3F84952-0041,SYN-202510-D9246D3F84952,SYN-202510-P9246D3F84952,2025-10-04T09:59:00,2025-10-04T02:18:34,level_completed,1,0.0
2025-10,EVT-202510-9246D3F84952-0024,SYN-202510-D9246D3F84952,SYN-202510-P9246D3F84952,2025-10-04T10:01:00,2025-10-04T02:18:34,level_completed,1,0.0
2025-10,EVT-202510-067D9004AE72-0004,SYN-202510-D067D9004AE72,SYN-202510-P067D9004AE72,2025-10-04T10:03:00,2025-10-02T06:35:38,session_start,0,0.0
2025-10,EVT-202510-9246D3F84952-0018,SYN-202510-D9246D3F84952,SYN-202510-P9246D3F84952,2025-10-04T10:03:00,2025-10-04T02:18:34,level_completed,1,0.0
2025-10,EVT-202510-7704ED0111AA-0009,SYN-202510-D7704ED0111AA,SYN-202510-P7704ED0111AA,2025-10-04T10:04:00,2025-10-01T05:57:44,session_start,0,0.0
2025-10,EVT-202510-9CB9BF1EA7B0-0032,SYN-202510-D9CB9BF1EA7B0,SYN-202510-P9CB9BF1EA7B0,2025-10-04T10:04:00,2025-10-03T03:59:53,level_completed,1,0.0
2025-10,EVT-202510-5DADFE9F340E-0004,SYN-202510-D5DADFE9F340E,SYN-202510-P5DADFE9F340E,2025-10-04T10:05:00,2025-10-04T04:18:02,level_completed,1,0.0
2025-10,EVT-202510-E4757970F6D3-0010,SYN-202510-DE4757970F6D3,SYN-202510-PE4757970F6D3,2025-10-04T10:05:00,2025-10-03T06:41:24,level_completed,1,0.0
2025-10,EVT-202510-9246D3F84952-0045,SYN-202510-D9246D3F84952,SYN-202510-P9246D3F84952,2025-10-04T10:06:00,2025-10-04T02:18:34,level_completed,1,0.0
2025-10,EVT-202510-293567C932A5-0018,SYN-202510-D293567C932A5,SYN-202510-P293567C932A5,2025-10-04T10:07:00,2025-10-02T19:23:23,session_start,0,0.0
2025-10,EVT-202510-7704ED0111AA-0038,SYN-202510-D7704ED0111AA,SYN-202510-P7704ED0111AA,2025-10-04T10:07:00,2025-10-01T05:57:44,level_completed,1,0.0
2025-10,EVT-202510-9246D3F84952-0013,SYN-202510-D9246D3F84952,SYN-202510-P9246D3F84952,2025-10-04T10:07:00,2025-10-04T02:18:34,level_completed,1,0.0
2025-10,EVT-202510-067D9004AE72-0031,SYN-202510-D067D9004AE72,SYN-202510-P067D9004AE72,2025-10-04T10:08:00,2025-10-02T06:35:38,level_completed,1,0.0
2025-10,EVT-202510-F1B014620B7E-0003,SYN-202510-DF1B014620B7E,SYN-202510-PF1B014620B7E,2025-10-04T10:08:00,2025-10-04T07:43:43,level_completed,1,0.0
2025-10,EVT-202510-9246D3F84952-0010,SYN-202510-D9246D3F84952,SYN-202510-P9246D3F84952,2025-10-04T10:09:00,2025-10-04T02:18:34,level_completed,1,0.0
2025-10,EVT-202510-9CB9BF1EA7B0-0072,SYN-202510-D9CB9BF1EA7B0,SYN-202510-P9CB9BF1EA7B0,2025-10-04T10:09:00,2025-10-03T03:59:53,ad_impression,0,0.0
2025-10,EVT-202510-293567C932A5-0048,SYN-202510-D293567C932A5,SYN-202510-P293567C932A5,2025-10-04T10:10:00,2025-10-02T19:23:23,level_completed,1,0.0
2025-10,EVT-202510-5DADFE9F340E-0012,SYN-202510-D5DADFE9F340E,SYN-202510-P5DADFE9F340E,2025-10-04T10:10:00,2025-10-04T04:18:02,ad_impression,0,0.0254
2025-10,EVT-202510-9246D3F84952-0032,SYN-202510-D9246D3F84952,SYN-202510-P9246D3F84952,2025-10-04T10:10:00,2025-10-04T02:18:34,level_completed,1,0.0
2025-10,EVT-202510-0E9AE87248A3-0109,SYN-202510-D0E9AE87248A3,SYN-202510-P0E9AE87248A3,2025-10-04T10:11:00,2025-10-04T04:48:22,ad_impression,0,0.0011
2025-10,EVT-202510-FD3847CC2CB6-0020,SYN-202510-DFD3847CC2CB6,SYN-202510-PFD3847CC2CB6,2025-10-04T10:11:00,2025-10-04T00:15:20,level_completed,1,0.0
2025-10,EVT-202510-9246D3F84952-0021,SYN-202510-D9246D3F84952,SYN-202510-P9246D3F84952,2025-10-04T10:12:00,2025-10-04T02:18:34,level_completed,1,0.0
2025-10,EVT-202510-FD3847CC2CB6-0031,SYN-202510-DFD3847CC2CB6,SYN-202510-PFD3847CC2CB6,2025-10-04T10:12:00,2025-10-04T00:15:20,ad_impression,0,0.0161
2025-10,EVT-202510-5DADFE9F340E-0007,SYN-202510-D5DADFE9F340E,SYN-202510-P5DADFE9F340E,2025-10-04T10:14:00,2025-10-04T04:18:02,level_completed,1,0.0
2025-10,EVT-202510-9246D3F84952-0019,SYN-202510-D9246D3F84952,SYN-202510-P9246D3F84952,2025-10-04T10:14:00,2025-10-04T02:18:34,level_completed,1,0.0
2025-10,EVT-202510-9246D3F84952-0028,SYN-202510-D9246D3F84952,SYN-202510-P9246D3F84952,2025-10-04T10:14:00,2025-10-04T02:18:34,level_completed,1,0.0
2025-10,EVT-202510-7704ED0111AA-0036,SYN-202510-D7704ED0111AA,SYN-202510-P7704ED0111AA,2025-10-04T10:15:00,2025-10-01T05:57:44,level_completed,1,0.0
2025-10,EVT-202510-9CB9BF1EA7B0-0057,SYN-202510-D9CB9BF1EA7B0,SYN-202510-P9CB9BF1EA7B0,2025-10-04T10:15:00,2025-10-03T03:59:53,level_completed,1,0.0
2025-10,EVT-202510-0E9AE87248A3-0068,SYN-202510-D0E9AE87248A3,SYN-202510-P0E9AE87248A3,2025-10-04T10:16:00,2025-10-04T04:48:22,level_completed,1,0.0
2025-10,EVT-202510-9246D3F84952-0047,SYN-202510-D9246D3F84952,SYN-202510-P9246D3F84952,2025-10-04T10:17:00,2025-10-04T02:18:34,level_completed,1,0.0
2025-10,EVT-202510-9CB9BF1EA7B0-0016,SYN-202510-D9CB9BF1EA7B0,SYN-202510-P9CB9BF1EA7B0,2025-10-04T10:17:00,2025-10-03T03:59:53,level_completed,1,0.0
2025-10,EVT-202510-067D9004AE72-0043,SYN-202510-D067D9004AE72,SYN-202510-P067D9004AE72,2025-10-04T10:19:00,2025-10-02T06:35:38,level_completed,1,0.0
2025-10,EVT-202510-293567C932A5-0049,SYN-202510-D293567C932A5,SYN-202510-P293567C932A5,2025-10-04T10:19:00,2025-10-02T19:23:23,level_completed,1,0.0
2025-10,EVT-202510-9246D3F84952-0003,SYN-202510-D9246D3F84952,SYN-202510-P9246D3F84952,2025-10-04T10:20:00,2025-10-04T02:18:34,level_completed,1,0.0
2025-10,EVT-202510-9246D3F84952-0036,SYN-202510-D9246D3F84952,SYN-202510-P9246D3F84952,2025-10-04T10:21:00,2025-10-04T02:18:34,level_completed,1,0.0
2025-10,EVT-202510-9246D3F84952-0014,SYN-202510-D9246D3F84952,SYN-202510-P9246D3F84952,2025-10-04T10:22:00,2025-10-04T02:18:34,level_completed,1,0.0
2025-10,EVT-202510-9246D3F84952-0027,SYN-202510-D9246D3F84952,SYN-202510-P9246D3F84952,2025-10-04T10:22:00,2025-10-04T02:18:34,level_completed,1,0.0
2025-10,EVT-202510-7704ED0111AA-0018,SYN-202510-D7704ED0111AA,SYN-202510-P7704ED0111AA,2025-10-04T10:23:00,2025-10-01T05:57:44,level_completed,1,0.0
2025-10,EVT-202510-9246D3F84952-0022,SYN-202510-D9246D3F84952,SYN-202510-P9246D3F84952,2025-10-04T10:23:00,2025-10-04T02:18:34,level_completed,1,0.0
2025-10,EVT-202510-9246D3F84952-0044,SYN-202510-D9246D3F84952,SYN-202510-P9246D3F84952,2025-10-04T10:24:00,2025-10-04T02:18:34,level_completed,1,0.0
2025-10,EVT-202510-067D9004AE72-0053,SYN-202510-D067D9004AE72,SYN-202510-P067D9004AE72,2025-10-04T10:25:00,2025-10-02T06:35:38,level_completed,1,0.0
2025-10,EVT-202510-FD3847CC2CB6-0025,SYN-202510-DFD3847CC2CB6,SYN-202510-PFD3847CC2CB6,2025-10-04T10:25:00,2025-10-04T00:15:20,level_completed,1,0.0
2025-10,EVT-202510-9246D3F84952-0039,SYN-202510-D9246D3F84952,SYN-202510-P9246D3F84952,2025-10-04T10:27:00,2025-10-04T02:18:34,level_completed,1,0.0
2025-10,EVT-202510-9246D3F84952-0043,SYN-202510-D9246D3F84952,SYN-202510-P9246D3F84952,2025-10-04T10:27:00,2025-10-04T02:18:34,level_completed,1,0.0
2025-10,EVT-202510-9CB9BF1EA7B0-0008,SYN-202510-D9CB9BF1EA7B0,SYN-202510-P9CB9BF1EA7B0,2025-10-04T10:27:00,2025-10-03T03:59:53,level_completed,1,0.0
2025-10,EVT-202510-8428F0283FDF-0002,SYN-202510-D8428F0283FDF,SYN-202510-P8428F0283FDF,2025-10-04T10:28:00,2025-10-04T07:14:57,session_start,0,0.0
2025-10,EVT-202510-9246D3F84952-0009,SYN-202510-D9246D3F84952,SYN-202510-P9246D3F84952,2025-10-04T10:29:00,2025-10-04T02:18:34,level_completed,1,0.0
2025-10,EVT-202510-9246D3F84952-0031,SYN-202510-D9246D3F84952,SYN-202510-P9246D3F84952,2025-10-04T10:29:00,2025-10-04T02:18:34,level_completed,1,0.0
2025-10,EVT-202510-FD3847CC2CB6-0011,SYN-202510-DFD3847CC2CB6,SYN-202510-PFD3847CC2CB6,2025-10-04T10:30:00,2025-10-04T00:15:20,level_completed,1,0.0
2025-10,EVT-202510-FD3847CC2CB6-0028,SYN-202510-DFD3847CC2CB6,SYN-202510-PFD3847CC2CB6,2025-10-04T10:30:00,2025-10-04T00:15:20,ad_impression,0,0.0161
2025-10,EVT-202510-293567C932A5-0026,SYN-202510-D293567C932A5,SYN-202510-P293567C932A5,2025-10-04T10:31:00,2025-10-02T19:23:23,level_completed,1,0.0
2025-10,EVT-202510-9246D3F84952-0017,SYN-202510-D9246D3F84952,SYN-202510-P9246D3F84952,2025-10-04T10:31:00,2025-10-04T02:18:34,level_completed,1,0.0
2025-10,EVT-202510-9246D3F84952-0020,SYN-202510-D9246D3F84952,SYN-202510-P9246D3F84952,2025-10-04T10:31:00,2025-10-04T02:18:34,level_completed,1,0.0
2025-10,EVT-202510-9246D3F84952-0042,SYN-202510-D9246D3F84952,SYN-202510-P9246D3F84952,2025-10-04T10:31:00,2025-10-04T02:18:34,level_completed,1,0.0
2025-10,EVT-202510-9246D3F84952-0025,SYN-202510-D9246D3F84952,SYN-202510-P9246D3F84952,2025-10-04T10:32:00,2025-10-04T02:18:34,level_completed,1,0.0
2025-10,EVT-202510-7704ED0111AA-0045,SYN-202510-D7704ED0111AA,SYN-202510-P7704ED0111AA,2025-10-04T10:34:00,2025-10-01T05:57:44,ad_impression,0,0.046
2025-10,EVT-202510-9CB9BF1EA7B0-0061,SYN-202510-D9CB9BF1EA7B0,SYN-202510-P9CB9BF1EA7B0,2025-10-04T10:34:00,2025-10-03T03:59:53,ad_impression,0,0.0
2025-10,EVT-202510-067D9004AE72-0009,SYN-202510-D067D9004AE72,SYN-202510-P067D9004AE72,2025-10-04T10:36:00,2025-10-02T06:35:38,level_completed,1,0.0
2025-10,EVT-202510-9246D3F84952-0040,SYN-202510-D9246D3F84952,SYN-202510-P9246D3F84952,2025-10-04T10:36:00,2025-10-04T02:18:34,level_completed,1,0.0
2025-10,EVT-202510-9246D3F84952-0038,SYN-202510-D9246D3F84952,SYN-202510-P9246D3F84952,2025-10-04T10:37:00,2025-10-04T02:18:34,level_completed,1,0.0
2025-10,EVT-202510-E4757970F6D3-0022,SYN-202510-DE4757970F6D3,SYN-202510-PE4757970F6D3,2025-10-04T10:38:00,2025-10-03T06:41:24,ad_impression,0,0.0213
2025-10,EVT-202510-FD3847CC2CB6-0022,SYN-202510-DFD3847CC2CB6,SYN-202510-PFD3847CC2CB6,2025-10-04T10:40:00,2025-10-04T00:15:20,level_completed,1,0.0
2025-10,EVT-202510-9246D3F84952-0006,SYN-202510-D9246D3F84952,SYN-202510-P9246D3F84952,2025-10-04T10:41:00,2025-10-04T02:18:34,level_completed,1,0.0
2025-10,EVT-202510-067D9004AE72-0059,SYN-202510-D067D9004AE72,SYN-202510-P067D9004AE72,2025-10-04T10:42:00,2025-10-02T06:35:38,ad_impression,0,0.0192
2025-10,EVT-202510-9246D3F84952-0002,SYN-202510-D9246D3F84952,SYN-202510-P9246D3F84952,2025-10-04T10:42:00,2025-10-04T02:18:34,level_completed,1,0.0
2025-10,EVT-202510-9246D3F84952-0012,SYN-202510-D9246D3F84952,SYN-202510-P9246D3F84952,2025-10-04T10:43:00,2025-10-04T02:18:34,level_completed,1,0.0
2025-10,EVT-202510-9CB9BF1EA7B0-0026,SYN-202510-D9CB9BF1EA7B0,SYN-202510-P9CB9BF1EA7B0,2025-10-04T10:43:00,2025-10-03T03:59:53,level_completed,1,0.0
2025-10,EVT-202510-9CB9BF1EA7B0-0049,SYN-202510-D9CB9BF1EA7B0,SYN-202510-P9CB9BF1EA7B0,2025-10-04T10:43:00,2025-10-03T03:59:53,level_completed,1,0.0
2025-10,EVT-202510-9246D3F84952-0023,SYN-202510-D9246D3F84952,SYN-202510-P9246D3F84952,2025-10-04T10:44:00,2025-10-04T02:18:34,level_completed,1,0.0
2025-10,EVT-202510-9CB9BF1EA7B0-0009,SYN-202510-D9CB9BF1EA7B0,SYN-202510-P9CB9BF1EA7B0,2025-10-04T10:44:00,2025-10-03T03:59:53,level_completed,1,0.0
2025-10,EVT-202510-9246D3F84952-0015,SYN-202510-D9246D3F84952,SYN-202510-P9246D3F84952,2025-10-04T10:45:00,2025-10-04T02:18:34,level_completed,1,0.0
2025-10,EVT-202510-9CB9BF1EA7B0-0015,SYN-202510-D9CB9BF1EA7B0,SYN-202510-P9CB9BF1EA7B0,2025-10-04T10:45:00,2025-10-03T03:59:53,level_completed,1,0.0
2025-10,EVT-202510-9246D3F84952-0005,SYN-202510-D9246D3F84952,SYN-202510-P9246D3F84952,2025-10-04T10:46:00,2025-10-04T02:18:34,level_completed,1,0.0
2025-10,EVT-202510-4E6CCA722A65-0005,SYN-202510-D4E6CCA722A65,SYN-202510-P4E6CCA722A65,2025-10-04T10:47:00,2025-10-04T00:00:18,level_completed,1,0.0
2025-10,EVT-202510-4E6CCA722A65-0004,SYN-202510-D4E6CCA722A65,SYN-202510-P4E6CCA722A65,2025-10-04T10:49:00,2025-10-04T00:00:18,level_completed,1,0.0
2025-10,EVT-202510-293567C932A5-0030,SYN-202510-D293567C932A5,SYN-202510-P293567C932A5,2025-10-04T10:50:00,2025-10-02T19:23:23,level_completed,1,0.0
2025-10,EVT-202510-7D952A0B5570-0002,SYN-202510-D7D952A0B5570,SYN-202510-P7D952A0B5570,2025-10-04T10:51:00,2025-10-04T03:58:05,session_start,0,0.0
2025-10,EVT-202510-9246D3F84952-0050,SYN-202510-D9246D3F84952,SYN-202510-P9246D3F84952,2025-10-04T10:52:00,2025-10-04T02:18:34,ad_impression,0,0.0764
2025-10,EVT-202510-7D952A0B5570-0008,SYN-202510-D7D952A0B5570,SYN-202510-P7D952A0B5570,2025-10-04T10:53:00,2025-10-04T03:58:05,level_completed,1,0.0
2025-10,EVT-202510-7D952A0B5570-0010,SYN-202510-D7D952A0B5570,SYN-202510-P7D952A0B5570,2025-10-04T10:56:00,2025-10-04T03:58:05,level_completed,1,0.0
2025-10,EVT-202510-067D9004AE72-0025,SYN-202510-D067D9004AE72,SYN-202510-P067D9004AE72,2025-10-04T10:57:00,2025-10-02T06:35:38,level_completed,1,0.0
2025-10,EVT-202510-9CB9BF1EA7B0-0039,SYN-202510-D9CB9BF1EA7B0,SYN-202510-P9CB9BF1EA7B0,2025-10-04T10:58:00,2025-10-03T03:59:53,level_completed,1,0.0
2025-10,EVT-202510-4E6CCA722A65-0003,SYN-202510-D4E6CCA722A65,SYN-202510-P4E6CCA722A65,2025-10-04T11:02:00,2025-10-04T00:00:18,level_completed,1,0.0
2025-10,EVT-202510-7704ED0111AA-0010,SYN-202510-D7704ED0111AA,SYN-202510-P7704ED0111AA,2025-10-04T11:05:00,2025-10-01T05:57:44,session_start,0,0.0
2025-10,EVT-202510-7D952A0B5570-0011,SYN-202510-D7D952A0B5570,SYN-202510-P7D952A0B5570,2025-10-04T11:06:00,2025-10-04T03:58:05,level_completed,1,0.0
2025-10,EVT-202510-7D952A0B5570-0013,SYN-202510-D7D952A0B5570,SYN-202510-P7D952A0B5570,2025-10-04T11:06:00,2025-10-04T03:58:05,level_completed,1,0.0
2025-10,EVT-202510-7D952A0B5570-0007,SYN-202510-D7D952A0B5570,SYN-202510-P7D952A0B5570,2025-10-04T11:07:00,2025-10-04T03:58:05,level_completed,1,0.0
2025-10,EVT-202510-9CB9BF1EA7B0-0007,SYN-202510-D9CB9BF1EA7B0,SYN-202510-P9CB9BF1EA7B0,2025-10-04T11:10:00,2025-10-03T03:59:53,level_completed,1,0.0
2025-10,EVT-202510-DEE1747D7D6B-0009,SYN-202510-DDEE1747D7D6B,SYN-202510-PDEE1747D7D6B,2025-10-04T11:15:00,2025-10-01T06:23:43,session_start,0,0.0
2025-10,EVT-202510-9CB9BF1EA7B0-0074,SYN-202510-D9CB9BF1EA7B0,SYN-202510-P9CB9BF1EA7B0,2025-10-04T11:16:00,2025-10-03T03:59:53,ad_impression,0,0.0
2025-10,EVT-202510-0E9AE87248A3-0021,SYN-202510-D0E9AE87248A3,SYN-202510-P0E9AE87248A3,2025-10-04T11:19:00,2025-10-04T04:48:22,session_start,0,0.0
2025-10,EVT-202510-067D9004AE72-0017,SYN-202510-D067D9004AE72,SYN-202510-P067D9004AE72,2025-10-04T11:20:00,2025-10-02T06:35:38,level_completed,1,0.0
2025-10,EVT-202510-8428F0283FDF-0010,SYN-202510-D8428F0283FDF,SYN-202510-P8428F0283FDF,2025-10-04T11:20:00,2025-10-04T07:14:57,level_completed,1,0.0
2025-10,EVT-202510-067D9004AE72-0010,SYN-202510-D067D9004AE72,SYN-202510-P067D9004AE72,2025-10-04T11:21:00,2025-10-02T06:35:38,level_completed,1,0.0
2025-10,EVT-202510-067D9004AE72-0049,SYN-202510-D067D9004AE72,SYN-202510-P067D9004AE72,2025-10-04T11:23:00,2025-10-02T06:35:38,level_completed,1,0.0
2025-10,EVT-202510-4593F20898F2-0001,SYN-202510-D4593F20898F2,SYN-202510-P4593F20898F2,2025-10-04T11:25:00,2025-10-04T01:43:21,session_start,0,0.0
2025-10,EVT-202510-DEE1747D7D6B-0089,SYN-202510-DDEE1747D7D6B,SYN-202510-PDEE1747D7D6B,2025-10-04T11:26:00,2025-10-01T06:23:43,level_completed,1,0.0
2025-10,EVT-202510-132595DB4699-0001,SYN-202510-D132595DB4699,SYN-202510-P132595DB4699,2025-10-04T11:27:23,2025-10-04T11:26:23,session_start,0,0.0
2025-10,EVT-202510-8428F0283FDF-0007,SYN-202510-D8428F0283FDF,SYN-202510-P8428F0283FDF,2025-10-04T11:29:00,2025-10-04T07:14:57,level_completed,1,0.0
2025-10,EVT-202510-DEE1747D7D6B-0179,SYN-202510-DDEE1747D7D6B,SYN-202510-PDEE1747D7D6B,2025-10-04T11:29:00,2025-10-01T06:23:43,ad_impression,0,0.0039
2025-10,EVT-202510-067D9004AE72-0058,SYN-202510-D067D9004AE72,SYN-202510-P067D9004AE72,2025-10-04T11:30:00,2025-10-02T06:35:38,ad_impression,0,0.0192
2025-10,EVT-202510-293567C932A5-0019,SYN-202510-D293567C932A5,SYN-202510-P293567C932A5,2025-10-04T11:30:00,2025-10-02T19:23:23,session_start,0,0.0
2025-10,EVT-202510-DEE1747D7D6B-0114,SYN-202510-DDEE1747D7D6B,SYN-202510-PDEE1747D7D6B,2025-10-04T11:34:00,2025-10-01T06:23:43,level_completed,1,0.0
2025-10,EVT-202510-132595DB4699-0025,SYN-202510-D132595DB4699,SYN-202510-P132595DB4699,2025-10-04T11:34:23,2025-10-04T11:26:23,ad_impression,0,0.0337
2025-10,EVT-202510-7D952A0B5570-0004,SYN-202510-D7D952A0B5570,SYN-202510-P7D952A0B5570,2025-10-04T11:39:00,2025-10-04T03:58:05,level_completed,1,0.0
2025-10,EVT-202510-DEE1747D7D6B-0077,SYN-202510-DDEE1747D7D6B,SYN-202510-PDEE1747D7D6B,2025-10-04T11:42:00,2025-10-01T06:23:43,level_completed,1,0.0
2025-10,EVT-202510-8428F0283FDF-0004,SYN-202510-D8428F0283FDF,SYN-202510-P8428F0283FDF,2025-10-04T11:43:00,2025-10-04T07:14:57,level_completed,1,0.0
2025-10,EVT-202510-0E9AE87248A3-0022,SYN-202510-D0E9AE87248A3,SYN-202510-P0E9AE87248A3,2025-10-04T11:45:00,2025-10-04T04:48:22,session_start,0,0.0
2025-10,EVT-202510-0E9AE87248A3-0023,SYN-202510-D0E9AE87248A3,SYN-202510-P0E9AE87248A3,2025-10-04T11:50:00,2025-10-04T04:48:22,session_start,0,0.0
2025-10,EVT-202510-0E9AE87248A3-0024,SYN-202510-D0E9AE87248A3,SYN-202510-P0E9AE87248A3,2025-10-04T11:51:00,2025-10-04T04:48:22,session_start,0,0.0
2025-10,EVT-202510-132595DB4699-0027,SYN-202510-D132595DB4699,SYN-202510-P132595DB4699,2025-10-04T11:51:23,2025-10-04T11:26:23,ad_impression,0,0.0337
2025-10,EVT-202510-7D952A0B5570-0005,SYN-202510-D7D952A0B5570,SYN-202510-P7D952A0B5570,2025-10-04T11:52:00,2025-10-04T03:58:05,level_completed,1,0.0
2025-10,EVT-202510-0E9AE87248A3-0045,SYN-202510-D0E9AE87248A3,SYN-202510-P0E9AE87248A3,2025-10-04T11:53:00,2025-10-04T04:48:22,level_completed,1,0.0
2025-10,EVT-202510-0E9AE87248A3-0066,SYN-202510-D0E9AE87248A3,SYN-202510-P0E9AE87248A3,2025-10-04T11:53:00,2025-10-04T04:48:22,level_completed,1,0.0
2025-10,EVT-202510-0CD0955BCE5A-0005,SYN-202510-D0CD0955BCE5A,SYN-202510-P0CD0955BCE5A,2025-10-04T11:58:00,2025-10-01T07:12:16,session_start,0,0.0
2025-10,EVT-202510-0E9AE87248A3-0106,SYN-202510-D0E9AE87248A3,SYN-202510-P0E9AE87248A3,2025-10-04T12:02:00,2025-10-04T04:48:22,ad_impression,0,0.0011
2025-10,EVT-202510-0E9AE87248A3-0099,SYN-202510-D0E9AE87248A3,SYN-202510-P0E9AE87248A3,2025-10-04T12:04:00,2025-10-04T04:48:22,ad_impression,0,0.0011
2025-10,EVT-202510-0E9AE87248A3-0083,SYN-202510-D0E9AE87248A3,SYN-202510-P0E9AE87248A3,2025-10-04T12:06:00,2025-10-04T04:48:22,level_completed,1,0.0
2025-10,EVT-202510-DEE1747D7D6B-0081,SYN-202510-DDEE1747D7D6B,SYN-202510-PDEE1747D7D6B,2025-10-04T12:06:00,2025-10-01T06:23:43,level_completed,1,0.0
2025-10,EVT-202510-0E9AE87248A3-0071,SYN-202510-D0E9AE87248A3,SYN-202510-P0E9AE87248A3,2025-10-04T12:08:00,2025-10-04T04:48:22,level_completed,1,0.0
2025-10,EVT-202510-0CD0955BCE5A-0049,SYN-202510-D0CD0955BCE5A,SYN-202510-P0CD0955BCE5A,2025-10-04T12:12:00,2025-10-01T07:12:16,level_completed,1,0.0
2025-10,EVT-202510-132595DB4699-0011,SYN-202510-D132595DB4699,SYN-202510-P132595DB4699,2025-10-04T12:12:23,2025-10-04T11:26:23,level_completed,1,0.0
2025-10,EVT-202510-7704ED0111AA-0044,SYN-202510-D7704ED0111AA,SYN-202510-P7704ED0111AA,2025-10-04T12:13:00,2025-10-01T05:57:44,ad_impression,0,0.046
2025-10,EVT-202510-DEE1747D7D6B-0033,SYN-202510-DDEE1747D7D6B,SYN-202510-PDEE1747D7D6B,2025-10-04T12:14:00,2025-10-01T06:23:43,level_completed,1,0.0
2025-10,EVT-202510-0CD0955BCE5A-0062,SYN-202510-D0CD0955BCE5A,SYN-202510-P0CD0955BCE5A,2025-10-04T12:18:00,2025-10-01T07:12:16,level_completed,1,0.0
2025-10,EVT-202510-7704ED0111AA-0023,SYN-202510-D7704ED0111AA,SYN-202510-P7704ED0111AA,2025-10-04T12:18:00,2025-10-01T05:57:44,level_completed,1,0.0
2025-10,EVT-202510-0E9AE87248A3-0064,SYN-202510-D0E9AE87248A3,SYN-202510-P0E9AE87248A3,2025-10-04T12:19:00,2025-10-04T04:48:22,level_completed,1,0.0
2025-10,EVT-202510-0E9AE87248A3-0092,SYN-202510-D0E9AE87248A3,SYN-202510-P0E9AE87248A3,2025-10-04T12:19:00,2025-10-04T04:48:22,ad_impression,0,0.0011
2025-10,EVT-202510-0CD0955BCE5A-0090,SYN-202510-D0CD0955BCE5A,SYN-202510-P0CD0955BCE5A,2025-10-04T12:20:00,2025-10-01T07:12:16,ad_impression,0,0.013
2025-10,EVT-202510-0E9AE87248A3-0025,SYN-202510-D0E9AE87248A3,SYN-202510-P0E9AE87248A3,2025-10-04T12:20:00,2025-10-04T04:48:22,session_start,0,0.0
2025-10,EVT-202510-DEE1747D7D6B-0046,SYN-202510-DDEE1747D7D6B,SYN-202510-PDEE1747D7D6B,2025-10-04T12:20:00,2025-10-01T06:23:43,level_completed,1,0.0
2025-10,EVT-202510-0CD0955BCE5A-0056,SYN-202510-D0CD0955BCE5A,SYN-202510-P0CD0955BCE5A,2025-10-04T12:21:00,2025-10-01T07:12:16,level_completed,1,0.0
2025-10,EVT-202510-0E9AE87248A3-0075,SYN-202510-D0E9AE87248A3,SYN-202510-P0E9AE87248A3,2025-10-04T12:24:00,2025-10-04T04:48:22,level_completed,1,0.0
2025-10,EVT-202510-293567C932A5-0020,SYN-202510-D293567C932A5,SYN-202510-P293567C932A5,2025-10-04T12:24:00,2025-10-02T19:23:23,session_start,0,0.0
2025-10,EVT-202510-DEE1747D7D6B-0059,SYN-202510-DDEE1747D7D6B,SYN-202510-PDEE1747D7D6B,2025-10-04T12:26:00,2025-10-01T06:23:43,level_completed,1,0.0
2025-10,EVT-202510-293567C932A5-0060,SYN-202510-D293567C932A5,SYN-202510-P293567C932A5,2025-10-04T12:28:00,2025-10-02T19:23:23,ad_impression,0,0.003
2025-10,EVT-202510-132595DB4699-0018,SYN-202510-D132595DB4699,SYN-202510-P132595DB4699,2025-10-04T12:29:23,2025-10-04T11:26:23,level_completed,1,0.0
2025-10,EVT-202510-0E9AE87248A3-0049,SYN-202510-D0E9AE87248A3,SYN-202510-P0E9AE87248A3,2025-10-04T12:33:00,2025-10-04T04:48:22,level_completed,1,0.0
2025-10,EVT-202510-0CD0955BCE5A-0015,SYN-202510-D0CD0955BCE5A,SYN-202510-P0CD0955BCE5A,2025-10-04T12:34:00,2025-10-01T07:12:16,level_completed,1,0.0
2025-10,EVT-202510-0CD0955BCE5A-0046,SYN-202510-D0CD0955BCE5A,SYN-202510-P0CD0955BCE5A,2025-10-04T12:34:00,2025-10-01T07:12:16,level_completed,1,0.0
2025-10,EVT-202510-0E9AE87248A3-0026,SYN-202510-D0E9AE87248A3,SYN-202510-P0E9AE87248A3,2025-10-04T12:34:00,2025-10-04T04:48:22,session_start,0,0.0
2025-10,EVT-202510-293567C932A5-0027,SYN-202510-D293567C932A5,SYN-202510-P293567C932A5,2025-10-04T12:35:00,2025-10-02T19:23:23,level_completed,1,0.0
2025-10,EVT-202510-4593F20898F2-0003,SYN-202510-D4593F20898F2,SYN-202510-P4593F20898F2,2025-10-04T12:35:00,2025-10-04T01:43:21,level_completed,1,0.0
2025-10,EVT-202510-0CD0955BCE5A-0029,SYN-202510-D0CD0955BCE5A,SYN-202510-P0CD0955BCE5A,2025-10-04T12:36:00,2025-10-01T07:12:16,level_completed,1,0.0
2025-10,EVT-202510-0E9AE87248A3-0070,SYN-202510-D0E9AE87248A3,SYN-202510-P0E9AE87248A3,2025-10-04T12:37:00,2025-10-04T04:48:22,level_completed,1,0.0
2025-10,EVT-202510-4593F20898F2-0002,SYN-202510-D4593F20898F2,SYN-202510-P4593F20898F2,2025-10-04T12:37:00,2025-10-04T01:43:21,level_completed,1,0.0
2025-10,EVT-202510-0CD0955BCE5A-0034,SYN-202510-D0CD0955BCE5A,SYN-202510-P0CD0955BCE5A,2025-10-04T12:41:00,2025-10-01T07:12:16,level_completed,1,0.0
2025-10,EVT-202510-132595DB4699-0008,SYN-202510-D132595DB4699,SYN-202510-P132595DB4699,2025-10-04T12:43:23,2025-10-04T11:26:23,level_completed,1,0.0
2025-10,EVT-202510-4593F20898F2-0004,SYN-202510-D4593F20898F2,SYN-202510-P4593F20898F2,2025-10-04T12:44:00,2025-10-04T01:43:21,level_completed,1,0.0
2025-10,EVT-202510-0CD0955BCE5A-0030,SYN-202510-D0CD0955BCE5A,SYN-202510-P0CD0955BCE5A,2025-10-04T12:45:00,2025-10-01T07:12:16,level_completed,1,0.0
2025-10,EVT-202510-132595DB4699-0007,SYN-202510-D132595DB4699,SYN-202510-P132595DB4699,2025-10-04T12:46:23,2025-10-04T11:26:23,level_completed,1,0.0
2025-10,EVT-202510-132595DB4699-0028,SYN-202510-D132595DB4699,SYN-202510-P132595DB4699,2025-10-04T12:46:23,2025-10-04T11:26:23,ad_impression,0,0.0337
2025-10,EVT-202510-B28498937467-0003,SYN-202510-DB28498937467,SYN-202510-PB28498937467,2025-10-04T12:48:00,2025-10-03T02:20:01,session_start,0,0.0
2025-10,EVT-202510-0CD0955BCE5A-0071,SYN-202510-D0CD0955BCE5A,SYN-202510-P0CD0955BCE5A,2025-10-04T12:51:00,2025-10-01T07:12:16,ad_impression,0,0.013
2025-10,EVT-202510-0CD0955BCE5A-0017,SYN-202510-D0CD0955BCE5A,SYN-202510-P0CD0955BCE5A,2025-10-04T12:56:00,2025-10-01T07:12:16,level_completed,1,0.0
2025-10,EVT-202510-0CD0955BCE5A-0033,SYN-202510-D0CD0955BCE5A,SYN-202510-P0CD0955BCE5A,2025-10-04T12:58:00,2025-10-01T07:12:16,level_completed,1,0.0
2025-10,EVT-202510-B28498937467-0010,SYN-202510-DB28498937467,SYN-202510-PB28498937467,2025-10-04T12:58:00,2025-10-03T02:20:01,ad_impression,0,0.0039
2025-10,EVT-202510-0CD0955BCE5A-0069,SYN-202510-D0CD0955BCE5A,SYN-202510-P0CD0955BCE5A,2025-10-04T13:04:00,2025-10-01T07:12:16,ad_impression,0,0.013
2025-10,EVT-202510-0E9AE87248A3-0093,SYN-202510-D0E9AE87248A3,SYN-202510-P0E9AE87248A3,2025-10-04T13:04:00,2025-10-04T04:48:22,ad_impression,0,0.0011
2025-10,EVT-202510-148AEED0F829-0003,SYN-202510-D148AEED0F829,SYN-202510-P148AEED0F829,2025-10-04T13:04:00,2025-10-03T01:11:46,session_start,0,0.0
2025-10,EVT-202510-536AD1235B97-0002,SYN-202510-D536AD1235B97,SYN-202510-P536AD1235B97,2025-10-04T13:07:00,2025-10-04T04:20:32,session_start,0,0.0
2025-10,EVT-202510-0CD0955BCE5A-0007,SYN-202510-D0CD0955BCE5A,SYN-202510-P0CD0955BCE5A,2025-10-04T13:09:00,2025-10-01T07:12:16,level_completed,1,0.0
2025-10,EVT-202510-148AEED0F829-0021,SYN-202510-D148AEED0F829,SYN-202510-P148AEED0F829,2025-10-04T13:10:00,2025-10-03T01:11:46,level_completed,1,0.0
2025-10,EVT-202510-148AEED0F829-0013,SYN-202510-D148AEED0F829,SYN-202510-P148AEED0F829,2025-10-04T13:13:00,2025-10-03T01:11:46,level_completed,1,0.0
2025-10,EVT-202510-0CD0955BCE5A-0026,SYN-202510-D0CD0955BCE5A,SYN-202510-P0CD0955BCE5A,2025-10-04T13:14:00,2025-10-01T07:12:16,level_completed,1,0.0
2025-10,EVT-202510-0CD0955BCE5A-0084,SYN-202510-D0CD0955BCE5A,SYN-202510-P0CD0955BCE5A,2025-10-04T13:14:00,2025-10-01T07:12:16,ad_impression,0,0.013
2025-10,EVT-202510-067D9004AE72-0005,SYN-202510-D067D9004AE72,SYN-202510-P067D9004AE72,2025-10-04T13:15:00,2025-10-02T06:35:38,session_start,0,0.0
2025-10,EVT-202510-0CD0955BCE5A-0047,SYN-202510-D0CD0955BCE5A,SYN-202510-P0CD0955BCE5A,2025-10-04T13:15:00,2025-10-01T07:12:16,level_completed,1,0.0
2025-10,EVT-202510-0E9AE87248A3-0056,SYN-202510-D0E9AE87248A3,SYN-202510-P0E9AE87248A3,2025-10-04T13:17:00,2025-10-04T04:48:22,level_completed,1,0.0
2025-10,EVT-202510-067D9004AE72-0063,SYN-202510-D067D9004AE72,SYN-202510-P067D9004AE72,2025-10-04T13:18:00,2025-10-02T06:35:38,ad_impression,0,0.0192
2025-10,EVT-202510-0CD0955BCE5A-0086,SYN-202510-D0CD0955BCE5A,SYN-202510-P0CD0955BCE5A,2025-10-04T13:18:00,2025-10-01T07:12:16,ad_impression,0,0.013
2025-10,EVT-202510-0E9AE87248A3-0061,SYN-202510-D0E9AE87248A3,SYN-202510-P0E9AE87248A3,2025-10-04T13:20:00,2025-10-04T04:48:22,level_completed,1,0.0
2025-10,EVT-202510-067D9004AE72-0012,SYN-202510-D067D9004AE72,SYN-202510-P067D9004AE72,2025-10-04T13:22:00,2025-10-02T06:35:38,level_completed,1,0.0
2025-10,EVT-202510-067D9004AE72-0048,SYN-202510-D067D9004AE72,SYN-202510-P067D9004AE72,2025-10-04T13:22:00,2025-10-02T06:35:38,level_completed,1,0.0
2025-10,EVT-202510-067D9004AE72-0024,SYN-202510-D067D9004AE72,SYN-202510-P067D9004AE72,2025-10-04T13:25:00,2025-10-02T06:35:38,level_completed,1,0.0
2025-10,EVT-202510-80AA4A161BFE-0001,SYN-202510-D80AA4A161BFE,SYN-202510-P80AA4A161BFE,2025-10-04T13:26:00,2025-10-04T04:18:17,session_start,0,0.0
2025-10,EVT-202510-148AEED0F829-0022,SYN-202510-D148AEED0F829,SYN-202510-P148AEED0F829,2025-10-04T13:27:00,2025-10-03T01:11:46,level_completed,1,0.0
2025-10,EVT-202510-293567C932A5-0057,SYN-202510-D293567C932A5,SYN-202510-P293567C932A5,2025-10-04T13:31:00,2025-10-02T19:23:23,level_completed,1,0.0
2025-10,EVT-202510-148AEED0F829-0027,SYN-202510-D148AEED0F829,SYN-202510-P148AEED0F829,2025-10-04T13:38:00,2025-10-03T01:11:46,ad_impression,0,0.0041
2025-10,EVT-202510-3BD2A5B0E3CC-0001,SYN-202510-D3BD2A5B0E3CC,SYN-202510-P3BD2A5B0E3CC,2025-10-04T13:39:00,2025-10-04T11:54:23,session_start,0,0.0
2025-10,EVT-202510-3BD2A5B0E3CC-0009,SYN-202510-D3BD2A5B0E3CC,SYN-202510-P3BD2A5B0E3CC,2025-10-04T13:46:00,2025-10-04T11:54:23,level_completed,1,0.0
2025-10,EVT-202510-3BD2A5B0E3CC-0005,SYN-202510-D3BD2A5B0E3CC,SYN-202510-P3BD2A5B0E3CC,2025-10-04T13:48:00,2025-10-04T11:54:23,level_completed,1,0.0
2025-10,EVT-202510-C6EAD56651CE-0001,SYN-202510-DC6EAD56651CE,SYN-202510-PC6EAD56651CE,2025-10-04T13:48:13,2025-10-04T13:47:13,session_start,0,0.0
2025-10,EVT-202510-C6EAD56651CE-0002,SYN-202510-DC6EAD56651CE,SYN-202510-PC6EAD56651CE,2025-10-04T13:48:13,2025-10-04T13:47:13,session_start,0,0.0
2025-10,EVT-202510-7704ED0111AA-0011,SYN-202510-D7704ED0111AA,SYN-202510-P7704ED0111AA,2025-10-04T13:50:00,2025-10-01T05:57:44,session_start,0,0.0
2025-10,EVT-202510-067D9004AE72-0047,SYN-202510-D067D9004AE72,SYN-202510-P067D9004AE72,2025-10-04T13:51:00,2025-10-02T06:35:38,level_completed,1,0.0
2025-10,EVT-202510-C6EAD56651CE-0016,SYN-202510-DC6EAD56651CE,SYN-202510-PC6EAD56651CE,2025-10-04T13:51:13,2025-10-04T13:47:13,ad_impression,0,0.024
2025-10,EVT-202510-7704ED0111AA-0031,SYN-202510-D7704ED0111AA,SYN-202510-P7704ED0111AA,2025-10-04T13:52:00,2025-10-01T05:57:44,level_completed,1,0.0
2025-10,EVT-202510-3BD2A5B0E3CC-0007,SYN-202510-D3BD2A5B0E3CC,SYN-202510-P3BD2A5B0E3CC,2025-10-04T13:56:00,2025-10-04T11:54:23,level_completed,1,0.0
2025-10,EVT-202510-C6EAD56651CE-0009,SYN-202510-DC6EAD56651CE,SYN-202510-PC6EAD56651CE,2025-10-04T13:57:13,2025-10-04T13:47:13,level_completed,1,0.0
2025-10,EVT-202510-0E9AE87248A3-0118,SYN-202510-D0E9AE87248A3,SYN-202510-P0E9AE87248A3,2025-10-04T13:58:00,2025-10-04T04:48:22,ad_impression,0,0.0011
2025-10,EVT-202510-80AA4A161BFE-0002,SYN-202510-D80AA4A161BFE,SYN-202510-P80AA4A161BFE,2025-10-04T14:02:00,2025-10-04T04:18:17,level_completed,1,0.0
2025-10,EVT-202510-067D9004AE72-0055,SYN-202510-D067D9004AE72,SYN-202510-P067D9004AE72,2025-10-04T14:06:00,2025-10-02T06:35:38,ad_impression,0,0.0192
2025-10,EVT-202510-148AEED0F829-0004,SYN-202510-D148AEED0F829,SYN-202510-P148AEED0F829,2025-10-04T14:08:00,2025-10-03T01:11:46,session_start,0,0.0
2025-10,EVT-202510-0E9AE87248A3-0027,SYN-202510-D0E9AE87248A3,SYN-202510-P0E9AE87248A3,2025-10-04T14:09:00,2025-10-04T04:48:22,session_start,0,0.0
2025-10,EVT-202510-148AEED0F829-0017,SYN-202510-D148AEED0F829,SYN-202510-P148AEED0F829,2025-10-04T14:12:00,2025-10-03T01:11:46,level_completed,1,0.0
2025-10,EVT-202510-536AD1235B97-0003,SYN-202510-D536AD1235B97,SYN-202510-P536AD1235B97,2025-10-04T14:13:00,2025-10-04T04:20:32,level_completed,1,0.0
2025-10,EVT-202510-067D9004AE72-0034,SYN-202510-D067D9004AE72,SYN-202510-P067D9004AE72,2025-10-04T14:14:00,2025-10-02T06:35:38,level_completed,1,0.0
2025-10,EVT-202510-3BD2A5B0E3CC-0010,SYN-202510-D3BD2A5B0E3CC,SYN-202510-P3BD2A5B0E3CC,2025-10-04T14:14:00,2025-10-04T11:54:23,level_completed,1,0.0
2025-10,EVT-202510-3BD2A5B0E3CC-0003,SYN-202510-D3BD2A5B0E3CC,SYN-202510-P3BD2A5B0E3CC,2025-10-04T14:15:00,2025-10-04T11:54:23,level_completed,1,0.0
2025-10,EVT-202510-3BD2A5B0E3CC-0011,SYN-202510-D3BD2A5B0E3CC,SYN-202510-P3BD2A5B0E3CC,2025-10-04T14:20:00,2025-10-04T11:54:23,ad_impression,0,0.084
2025-10,EVT-202510-293567C932A5-0021,SYN-202510-D293567C932A5,SYN-202510-P293567C932A5,2025-10-04T14:22:00,2025-10-02T19:23:23,session_start,0,0.0
2025-10,EVT-202510-7704ED0111AA-0027,SYN-202510-D7704ED0111AA,SYN-202510-P7704ED0111AA,2025-10-04T14:28:00,2025-10-01T05:57:44,level_completed,1,0.0
2025-10,EVT-202510-7CBDD86DE092-0001,SYN-202510-D7CBDD86DE092,SYN-202510-P7CBDD86DE092,2025-10-04T14:31:00,2025-10-04T03:35:39,session_start,0,0.0
2025-10,EVT-202510-347A0C30DC39-0001,SYN-202510-D347A0C30DC39,SYN-202510-P347A0C30DC39,2025-10-04T14:31:07,2025-10-04T14:30:07,session_start,0,0.0
2025-10,EVT-202510-347A0C30DC39-0002,SYN-202510-D347A0C30DC39,SYN-202510-P347A0C30DC39,2025-10-04T14:31:07,2025-10-04T14:30:07,session_start,0,0.0
2025-10,EVT-202510-347A0C30DC39-0003,SYN-202510-D347A0C30DC39,SYN-202510-P347A0C30DC39,2025-10-04T14:31:07,2025-10-04T14:30:07,session_start,0,0.0
2025-10,EVT-202510-347A0C30DC39-0004,SYN-202510-D347A0C30DC39,SYN-202510-P347A0C30DC39,2025-10-04T14:31:07,2025-10-04T14:30:07,session_start,0,0.0
2025-10,EVT-202510-347A0C30DC39-0005,SYN-202510-D347A0C30DC39,SYN-202510-P347A0C30DC39,2025-10-04T14:31:07,2025-10-04T14:30:07,session_start,0,0.0
2025-10,EVT-202510-148AEED0F829-0007,SYN-202510-D148AEED0F829,SYN-202510-P148AEED0F829,2025-10-04T14:32:00,2025-10-03T01:11:46,level_completed,1,0.0
2025-10,EVT-202510-347A0C30DC39-0023,SYN-202510-D347A0C30DC39,SYN-202510-P347A0C30DC39,2025-10-04T14:33:07,2025-10-04T14:30:07,level_completed,1,0.0
2025-10,EVT-202510-067D9004AE72-0013,SYN-202510-D067D9004AE72,SYN-202510-P067D9004AE72,2025-10-04T14:34:00,2025-10-02T06:35:38,level_completed,1,0.0
2025-10,EVT-202510-3BD2A5B0E3CC-0004,SYN-202510-D3BD2A5B0E3CC,SYN-202510-P3BD2A5B0E3CC,2025-10-04T14:35:00,2025-10-04T11:54:23,level_completed,1,0.0
2025-10,EVT-202510-148AEED0F829-0012,SYN-202510-D148AEED0F829,SYN-202510-P148AEED0F829,2025-10-04T14:41:00,2025-10-03T01:11:46,level_completed,1,0.0
2025-10,EVT-202510-0E9AE87248A3-0028,SYN-202510-D0E9AE87248A3,SYN-202510-P0E9AE87248A3,2025-10-04T14:45:00,2025-10-04T04:48:22,session_start,0,0.0
2025-10,EVT-202510-148AEED0F829-0018,SYN-202510-D148AEED0F829,SYN-202510-P148AEED0F829,2025-10-04T14:48:00,2025-10-03T01:11:46,level_completed,1,0.0
2025-10,EVT-202510-347A0C30DC39-0017,SYN-202510-D347A0C30DC39,SYN-202510-P347A0C30DC39,2025-10-04T14:49:07,2025-10-04T14:30:07,level_completed,1,0.0
2025-10,EVT-202510-5C93CB52AEB8-0002,SYN-202510-D5C93CB52AEB8,SYN-202510-P5C93CB52AEB8,2025-10-04T14:52:00,2025-10-04T01:26:19,session_start,0,0.0
2025-10,EVT-202510-C98654952AF1-0002,SYN-202510-DC98654952AF1,SYN-202510-PC98654952AF1,2025-10-04T14:52:00,2025-10-04T01:15:39,session_start,0,0.0
2025-10,EVT-202510-293567C932A5-0046,SYN-202510-D293567C932A5,SYN-202510-P293567C932A5,2025-10-04T14:54:00,2025-10-02T19:23:23,level_completed,1,0.0
2025-10,EVT-202510-148AEED0F829-0024,SYN-202510-D148AEED0F829,SYN-202510-P148AEED0F829,2025-10-04T14:55:00,2025-10-03T01:11:46,ad_impression,0,0.0041
2025-10,EVT-202510-293567C932A5-0034,SYN-202510-D293567C932A5,SYN-202510-P293567C932A5,2025-10-04T14:55:00,2025-10-02T19:23:23,level_completed,1,0.0
2025-10,EVT-202510-148AEED0F829-0020,SYN-202510-D148AEED0F829,SYN-202510-P148AEED0F829,2025-10-04T14:56:00,2025-10-03T01:11:46,level_completed,1,0.0
2025-10,EVT-202510-293567C932A5-0022,SYN-202510-D293567C932A5,SYN-202510-P293567C932A5,2025-10-04T14:56:00,2025-10-02T19:23:23,session_start,0,0.0
2025-10,EVT-202510-C6EAD56651CE-0013,SYN-202510-DC6EAD56651CE,SYN-202510-PC6EAD56651CE,2025-10-04T14:57:13,2025-10-04T13:47:13,level_completed,1,0.0
2025-10,EVT-202510-347A0C30DC39-0016,SYN-202510-D347A0C30DC39,SYN-202510-P347A0C30DC39,2025-10-04T14:58:07,2025-10-04T14:30:07,level_completed,1,0.0
2025-10,EVT-202510-7CBDD86DE092-0002,SYN-202510-D7CBDD86DE092,SYN-202510-P7CBDD86DE092,2025-10-04T15:01:00,2025-10-04T03:35:39,level_completed,1,0.0
2025-10,EVT-202510-148AEED0F829-0006,SYN-202510-D148AEED0F829,SYN-202510-P148AEED0F829,2025-10-04T15:02:00,2025-10-03T01:11:46,level_completed,1,0.0
2025-10,EVT-202510-347A0C30DC39-0019,SYN-202510-D347A0C30DC39,SYN-202510-P347A0C30DC39,2025-10-04T15:02:07,2025-10-04T14:30:07,level_completed,1,0.0
2025-10,EVT-202510-347A0C30DC39-0020,SYN-202510-D347A0C30DC39,SYN-202510-P347A0C30DC39,2025-10-04T15:03:07,2025-10-04T14:30:07,level_completed,1,0.0
2025-10,EVT-202510-148AEED0F829-0015,SYN-202510-D148AEED0F829,SYN-202510-P148AEED0F829,2025-10-04T15:05:00,2025-10-03T01:11:46,level_completed,1,0.0
2025-10,EVT-202510-7CBDD86DE092-0012,SYN-202510-D7CBDD86DE092,SYN-202510-P7CBDD86DE092,2025-10-04T15:05:00,2025-10-04T03:35:39,ad_impression,0,0.0274
2025-10,EVT-202510-7CBDD86DE092-0004,SYN-202510-D7CBDD86DE092,SYN-202510-P7CBDD86DE092,2025-10-04T15:06:00,2025-10-04T03:35:39,level_completed,1,0.0
2025-10,EVT-202510-E4757970F6D3-0006,SYN-202510-DE4757970F6D3,SYN-202510-PE4757970F6D3,2025-10-04T15:07:00,2025-10-03T06:41:24,session_start,0,0.0
2025-10,EVT-202510-A7D5FA0DB5A4-0001,SYN-202510-DA7D5FA0DB5A4,SYN-202510-PA7D5FA0DB5A4,2025-10-04T15:08:37,2025-10-04T15:07:37,session_start,0,0.0
2025-10,EVT-202510-A7D5FA0DB5A4-0002,SYN-202510-DA7D5FA0DB5A4,SYN-202510-PA7D5FA0DB5A4,2025-10-04T15:08:37,2025-10-04T15:07:37,session_start,0,0.0
2025-10,EVT-202510-C98654952AF1-0014,SYN-202510-DC98654952AF1,SYN-202510-PC98654952AF1,2025-10-04T15:10:00,2025-10-04T01:15:39,level_completed,1,0.0
2025-10,EVT-202510-0E9AE87248A3-0110,SYN-202510-D0E9AE87248A3,SYN-202510-P0E9AE87248A3,2025-10-04T15:12:00,2025-10-04T04:48:22,ad_impression,0,0.0011
2025-10,EVT-202510-148AEED0F829-0014,SYN-202510-D148AEED0F829,SYN-202510-P148AEED0F829,2025-10-04T15:13:00,2025-10-03T01:11:46,level_completed,1,0.0
2025-10,EVT-202510-7CBDD86DE092-0011,SYN-202510-D7CBDD86DE092,SYN-202510-P7CBDD86DE092,2025-10-04T15:13:00,2025-10-04T03:35:39,ad_impression,0,0.0274
2025-10,EVT-202510-E4757970F6D3-0007,SYN-202510-DE4757970F6D3,SYN-202510-PE4757970F6D3,2025-10-04T15:14:00,2025-10-03T06:41:24,level_completed,1,0.0
2025-10,EVT-202510-293567C932A5-0050,SYN-202510-D293567C932A5,SYN-202510-P293567C932A5,2025-10-04T15:15:00,2025-10-02T19:23:23,level_completed,1,0.0
2025-10,EVT-202510-5C93CB52AEB8-0003,SYN-202510-D5C93CB52AEB8,SYN-202510-P5C93CB52AEB8,2025-10-04T15:15:00,2025-10-04T01:26:19,level_completed,1,0.0
2025-10,EVT-202510-7CBDD86DE092-0010,SYN-202510-D7CBDD86DE092,SYN-202510-P7CBDD86DE092,2025-10-04T15:15:00,2025-10-04T03:35:39,level_completed,1,0.0
2025-10,EVT-202510-A7D5FA0DB5A4-0025,SYN-202510-DA7D5FA0DB5A4,SYN-202510-PA7D5FA0DB5A4,2025-10-04T15:16:37,2025-10-04T15:07:37,ad_impression,0,0.144
2025-10,EVT-202510-4BAFDACE030D-0003,SYN-202510-D4BAFDACE030D,SYN-202510-P4BAFDACE030D,2025-10-04T15:18:00,2025-10-03T11:23:04,session_start,0,0.0
2025-10,EVT-202510-7CBDD86DE092-0007,SYN-202510-D7CBDD86DE092,SYN-202510-P7CBDD86DE092,2025-10-04T15:19:00,2025-10-04T03:35:39,level_completed,1,0.0
2025-10,EVT-202510-4BAFDACE030D-0036,SYN-202510-D4BAFDACE030D,SYN-202510-P4BAFDACE030D,2025-10-04T15:21:00,2025-10-03T11:23:04,level_completed,1,0.0
2025-10,EVT-202510-7CBDD86DE092-0008,SYN-202510-D7CBDD86DE092,SYN-202510-P7CBDD86DE092,2025-10-04T15:21:00,2025-10-04T03:35:39,level_completed,1,0.0
2025-10,EVT-202510-A7D5FA0DB5A4-0018,SYN-202510-DA7D5FA0DB5A4,SYN-202510-PA7D5FA0DB5A4,2025-10-04T15:26:37,2025-10-04T15:07:37,level_completed,1,0.0
2025-10,EVT-202510-5C93CB52AEB8-0004,SYN-202510-D5C93CB52AEB8,SYN-202510-P5C93CB52AEB8,2025-10-04T15:27:00,2025-10-04T01:26:19,level_completed,1,0.0
2025-10,EVT-202510-5C93CB52AEB8-0005,SYN-202510-D5C93CB52AEB8,SYN-202510-P5C93CB52AEB8,2025-10-04T15:29:00,2025-10-04T01:26:19,level_completed,1,0.0
2025-10,EVT-202510-4BAFDACE030D-0017,SYN-202510-D4BAFDACE030D,SYN-202510-P4BAFDACE030D,2025-10-04T15:30:00,2025-10-03T11:23:04,level_completed,1,0.0
2025-10,EVT-202510-DA24B3122211-0001,SYN-202510-DDA24B3122211,SYN-202510-PDA24B3122211,2025-10-04T15:30:17,2025-10-04T15:29:17,session_start,0,0.0
2025-10,EVT-202510-7CBDD86DE092-0009,SYN-202510-D7CBDD86DE092,SYN-202510-P7CBDD86DE092,2025-10-04T15:34:00,2025-10-04T03:35:39,level_completed,1,0.0
2025-10,EVT-202510-5C93CB52AEB8-0008,SYN-202510-D5C93CB52AEB8,SYN-202510-P5C93CB52AEB8,2025-10-04T15:35:00,2025-10-04T01:26:19,level_completed,1,0.0
2025-10,EVT-202510-4BAFDACE030D-0032,SYN-202510-D4BAFDACE030D,SYN-202510-P4BAFDACE030D,2025-10-04T15:38:00,2025-10-03T11:23:04,level_completed,1,0.0
2025-10,EVT-202510-C98654952AF1-0023,SYN-202510-DC98654952AF1,SYN-202510-PC98654952AF1,2025-10-04T15:40:00,2025-10-04T01:15:39,ad_impression,0,0.0501
2025-10,EVT-202510-A7D5FA0DB5A4-0005,SYN-202510-DA7D5FA0DB5A4,SYN-202510-PA7D5FA0DB5A4,2025-10-04T15:42:37,2025-10-04T15:07:37,level_completed,1,0.0
2025-10,EVT-202510-A7D5FA0DB5A4-0012,SYN-202510-DA7D5FA0DB5A4,SYN-202510-PA7D5FA0DB5A4,2025-10-04T15:43:37,2025-10-04T15:07:37,level_completed,1,0.0
2025-10,EVT-202510-7CBDD86DE092-0005,SYN-202510-D7CBDD86DE092,SYN-202510-P7CBDD86DE092,2025-10-04T15:44:00,2025-10-04T03:35:39,level_completed,1,0.0
2025-10,EVT-202510-0E9AE87248A3-0098,SYN-202510-D0E9AE87248A3,SYN-202510-P0E9AE87248A3,2025-10-04T15:45:00,2025-10-04T04:48:22,ad_impression,0,0.0011
2025-10,EVT-202510-C98654952AF1-0013,SYN-202510-DC98654952AF1,SYN-202510-PC98654952AF1,2025-10-04T15:45:00,2025-10-04T01:15:39,level_completed,1,0.0
2025-10,EVT-202510-D86488BBD699-0001,SYN-202510-DD86488BBD699,SYN-202510-PD86488BBD699,2025-10-04T15:45:16,2025-10-04T15:44:16,session_start,0,0.0
2025-10,EVT-202510-7CBDD86DE092-0006,SYN-202510-D7CBDD86DE092,SYN-202510-P7CBDD86DE092,2025-10-04T15:47:00,2025-10-04T03:35:39,level_completed,1,0.0
2025-10,EVT-202510-347A0C30DC39-0015,SYN-202510-D347A0C30DC39,SYN-202510-P347A0C30DC39,2025-10-04T15:47:07,2025-10-04T14:30:07,level_completed,1,0.0
2025-10,EVT-202510-347A0C30DC39-0013,SYN-202510-D347A0C30DC39,SYN-202510-P347A0C30DC39,2025-10-04T15:49:07,2025-10-04T14:30:07,level_completed,1,0.0
2025-10,EVT-202510-7CBDD86DE092-0003,SYN-202510-D7CBDD86DE092,SYN-202510-P7CBDD86DE092,2025-10-04T15:51:00,2025-10-04T03:35:39,level_completed,1,0.0
2025-10,EVT-202510-4BAFDACE030D-0008,SYN-202510-D4BAFDACE030D,SYN-202510-P4BAFDACE030D,2025-10-04T15:56:00,2025-10-03T11:23:04,level_completed,1,0.0
2025-10,EVT-202510-E4757970F6D3-0009,SYN-202510-DE4757970F6D3,SYN-202510-PE4757970F6D3,2025-10-04T15:56:00,2025-10-03T06:41:24,level_completed,1,0.0
2025-10,EVT-202510-4BAFDACE030D-0035,SYN-202510-D4BAFDACE030D,SYN-202510-P4BAFDACE030D,2025-10-04T15:57:00,2025-10-03T11:23:04,level_completed,1,0.0
2025-10,EVT-202510-C98654952AF1-0025,SYN-202510-DC98654952AF1,SYN-202510-PC98654952AF1,2025-10-04T15:57:00,2025-10-04T01:15:39,ad_impression,0,0.0501
2025-10,EVT-202510-4BAFDACE030D-0039,SYN-202510-D4BAFDACE030D,SYN-202510-P4BAFDACE030D,2025-10-04T15:58:00,2025-10-03T11:23:04,level_completed,1,0.0
2025-10,EVT-202510-7704ED0111AA-0012,SYN-202510-D7704ED0111AA,SYN-202510-P7704ED0111AA,2025-10-04T15:58:00,2025-10-01T05:57:44,session_start,0,0.0
2025-10,EVT-202510-A7D5FA0DB5A4-0020,SYN-202510-DA7D5FA0DB5A4,SYN-202510-PA7D5FA0DB5A4,2025-10-04T16:02:37,2025-10-04T15:07:37,level_completed,1,0.0
2025-10,EVT-202510-31864D3F4605-0003,SYN-202510-D31864D3F4605,SYN-202510-P31864D3F4605,2025-10-04T16:03:00,2025-10-02T04:03:43,session_start,0,0.0
2025-10,EVT-202510-31864D3F4605-0089,SYN-202510-D31864D3F4605,SYN-202510-P31864D3F4605,2025-10-04T16:07:00,2025-10-02T04:03:43,level_completed,1,0.0
2025-10,EVT-202510-4BAFDACE030D-0015,SYN-202510-D4BAFDACE030D,SYN-202510-P4BAFDACE030D,2025-10-04T16:09:00,2025-10-03T11:23:04,level_completed,1,0.0
2025-10,EVT-202510-4BAFDACE030D-0025,SYN-202510-D4BAFDACE030D,SYN-202510-P4BAFDACE030D,2025-10-04T16:10:00,2025-10-03T11:23:04,level_completed,1,0.0
2025-10,EVT-202510-7704ED0111AA-0026,SYN-202510-D7704ED0111AA,SYN-202510-P7704ED0111AA,2025-10-04T16:10:00,2025-10-01T05:57:44,level_completed,1,0.0
2025-10,EVT-202510-31864D3F4605-0102,SYN-202510-D31864D3F4605,SYN-202510-P31864D3F4605,2025-10-04T16:12:00,2025-10-02T04:03:43,ad_impression,0,0.0262
2025-10,EVT-202510-D86488BBD699-0005,SYN-202510-DD86488BBD699,SYN-202510-PD86488BBD699,2025-10-04T16:12:16,2025-10-04T15:44:16,level_completed,1,0.0
2025-10,EVT-202510-4BAFDACE030D-0060,SYN-202510-D4BAFDACE030D,SYN-202510-P4BAFDACE030D,2025-10-04T16:14:00,2025-10-03T11:23:04,ad_impression,0,0.0159
2025-10,EVT-202510-4BAFDACE030D-0024,SYN-202510-D4BAFDACE030D,SYN-202510-P4BAFDACE030D,2025-10-04T16:17:00,2025-10-03T11:23:04,level_completed,1,0.0
2025-10,EVT-202510-0E9AE87248A3-0029,SYN-202510-D0E9AE87248A3,SYN-202510-P0E9AE87248A3,2025-10-04T16:18:00,2025-10-04T04:48:22,session_start,0,0.0
2025-10,EVT-202510-31864D3F4605-0018,SYN-202510-D31864D3F4605,SYN-202510-P31864D3F4605,2025-10-04T16:18:00,2025-10-02T04:03:43,level_completed,1,0.0
2025-10,EVT-202510-BD4F0154B8D0-0001,SYN-202510-DBD4F0154B8D0,SYN-202510-PBD4F0154B8D0,2025-10-04T16:18:39,2025-10-04T16:17:39,session_start,0,0.0
2025-10,EVT-202510-31864D3F4605-0066,SYN-202510-D31864D3F4605,SYN-202510-P31864D3F4605,2025-10-04T16:19:00,2025-10-02T04:03:43,level_completed,1,0.0
2025-10,EVT-202510-31864D3F4605-0079,SYN-202510-D31864D3F4605,SYN-202510-P31864D3F4605,2025-10-04T16:19:00,2025-10-02T04:03:43,level_completed,1,0.0
2025-10,EVT-202510-D86488BBD699-0015,SYN-202510-DD86488BBD699,SYN-202510-PD86488BBD699,2025-10-04T16:23:16,2025-10-04T15:44:16,ad_impression,0,0.7447
2025-10,EVT-202510-BD4F0154B8D0-0006,SYN-202510-DBD4F0154B8D0,SYN-202510-PBD4F0154B8D0,2025-10-04T16:26:39,2025-10-04T16:17:39,level_completed,1,0.0
2025-10,EVT-202510-31864D3F4605-0061,SYN-202510-D31864D3F4605,SYN-202510-P31864D3F4605,2025-10-04T16:27:00,2025-10-02T04:03:43,level_completed,1,0.0
2025-10,EVT-202510-A3E289B66A85-0001,SYN-202510-DA3E289B66A85,SYN-202510-PA3E289B66A85,2025-10-04T16:27:00,2025-10-04T09:13:07,session_start,0,0.0
2025-10,EVT-202510-BD4F0154B8D0-0005,SYN-202510-DBD4F0154B8D0,SYN-202510-PBD4F0154B8D0,2025-10-04T16:27:39,2025-10-04T16:17:39,level_completed,1,0.0
2025-10,EVT-202510-A7D5FA0DB5A4-0014,SYN-202510-DA7D5FA0DB5A4,SYN-202510-PA7D5FA0DB5A4,2025-10-04T16:28:37,2025-10-04T15:07:37,level_completed,1,0.0
2025-10,EVT-202510-BD4F0154B8D0-0016,SYN-202510-DBD4F0154B8D0,SYN-202510-PBD4F0154B8D0,2025-10-04T16:28:39,2025-10-04T16:17:39,level_completed,1,0.0
2025-10,EVT-202510-31864D3F4605-0080,SYN-202510-D31864D3F4605,SYN-202510-P31864D3F4605,2025-10-04T16:29:00,2025-10-02T04:03:43,level_completed,1,0.0
2025-10,EVT-202510-31864D3F4605-0036,SYN-202510-D31864D3F4605,SYN-202510-P31864D3F4605,2025-10-04T16:31:00,2025-10-02T04:03:43,level_completed,1,0.0
2025-10,EVT-202510-A0FE78A7A58E-0002,SYN-202510-DA0FE78A7A58E,SYN-202510-PA0FE78A7A58E,2025-10-04T16:32:00,2025-10-04T05:34:31,session_start,0,0.0
2025-10,EVT-202510-D86488BBD699-0012,SYN-202510-DD86488BBD699,SYN-202510-PD86488BBD699,2025-10-04T16:32:16,2025-10-04T15:44:16,level_completed,1,0.0
2025-10,EVT-202510-31864D3F4605-0004,SYN-202510-D31864D3F4605,SYN-202510-P31864D3F4605,2025-10-04T16:34:00,2025-10-02T04:03:43,session_start,0,0.0
2025-10,EVT-202510-31864D3F4605-0074,SYN-202510-D31864D3F4605,SYN-202510-P31864D3F4605,2025-10-04T16:35:00,2025-10-02T04:03:43,level_completed,1,0.0
2025-10,EVT-202510-3BD2A5B0E3CC-0002,SYN-202510-D3BD2A5B0E3CC,SYN-202510-P3BD2A5B0E3CC,2025-10-04T16:35:00,2025-10-04T11:54:23,session_start,0,0.0
2025-10,EVT-202510-BD4F0154B8D0-0026,SYN-202510-DBD4F0154B8D0,SYN-202510-PBD4F0154B8D0,2025-10-04T16:35:39,2025-10-04T16:17:39,level_completed,1,0.0
2025-10,EVT-202510-31864D3F4605-0025,SYN-202510-D31864D3F4605,SYN-202510-P31864D3F4605,2025-10-04T16:36:00,2025-10-02T04:03:43,level_completed,1,0.0
2025-10,EVT-202510-4BAFDACE030D-0051,SYN-202510-D4BAFDACE030D,SYN-202510-P4BAFDACE030D,2025-10-04T16:36:00,2025-10-03T11:23:04,level_completed,1,0.0
2025-10,EVT-202510-A0FE78A7A58E-0012,SYN-202510-DA0FE78A7A58E,SYN-202510-PA0FE78A7A58E,2025-10-04T16:36:00,2025-10-04T05:34:31,level_completed,1,0.0
2025-10,EVT-202510-A0FE78A7A58E-0020,SYN-202510-DA0FE78A7A58E,SYN-202510-PA0FE78A7A58E,2025-10-04T16:36:00,2025-10-04T05:34:31,level_completed,1,0.0
2025-10,EVT-202510-A0FE78A7A58E-0023,SYN-202510-DA0FE78A7A58E,SYN-202510-PA0FE78A7A58E,2025-10-04T16:37:00,2025-10-04T05:34:31,level_completed,1,0.0
2025-10,EVT-202510-BD4F0154B8D0-0021,SYN-202510-DBD4F0154B8D0,SYN-202510-PBD4F0154B8D0,2025-10-04T16:37:39,2025-10-04T16:17:39,level_completed,1,0.0
2025-10,EVT-202510-0E9AE87248A3-0073,SYN-202510-D0E9AE87248A3,SYN-202510-P0E9AE87248A3,2025-10-04T16:38:00,2025-10-04T04:48:22,level_completed,1,0.0
2025-10,EVT-202510-31864D3F4605-0045,SYN-202510-D31864D3F4605,SYN-202510-P31864D3F4605,2025-10-04T16:38:00,2025-10-02T04:03:43,level_completed,1,0.0
2025-10,EVT-202510-A0FE78A7A58E-0004,SYN-202510-DA0FE78A7A58E,SYN-202510-PA0FE78A7A58E,2025-10-04T16:38:00,2025-10-04T05:34:31,level_completed,1,0.0
2025-10,EVT-202510-D86488BBD699-0003,SYN-202510-DD86488BBD699,SYN-202510-PD86488BBD699,2025-10-04T16:38:16,2025-10-04T15:44:16,level_completed,1,0.0
2025-10,EVT-202510-31864D3F4605-0062,SYN-202510-D31864D3F4605,SYN-202510-P31864D3F4605,2025-10-04T16:39:00,2025-10-02T04:03:43,level_completed,1,0.0
2025-10,EVT-202510-31864D3F4605-0054,SYN-202510-D31864D3F4605,SYN-202510-P31864D3F4605,2025-10-04T16:40:00,2025-10-02T04:03:43,level_completed,1,0.0
2025-10,EVT-202510-31864D3F4605-0057,SYN-202510-D31864D3F4605,SYN-202510-P31864D3F4605,2025-10-04T16:40:00,2025-10-02T04:03:43,level_completed,1,0.0
2025-10,EVT-202510-31864D3F4605-0083,SYN-202510-D31864D3F4605,SYN-202510-P31864D3F4605,2025-10-04T16:40:00,2025-10-02T04:03:43,level_completed,1,0.0
2025-10,EVT-202510-A0FE78A7A58E-0010,SYN-202510-DA0FE78A7A58E,SYN-202510-PA0FE78A7A58E,2025-10-04T16:40:00,2025-10-04T05:34:31,level_completed,1,0.0
2025-10,EVT-202510-31864D3F4605-0050,SYN-202510-D31864D3F4605,SYN-202510-P31864D3F4605,2025-10-04T16:41:00,2025-10-02T04:03:43,level_completed,1,0.0
2025-10,EVT-202510-D86488BBD699-0011,SYN-202510-DD86488BBD699,SYN-202510-PD86488BBD699,2025-10-04T16:41:16,2025-10-04T15:44:16,level_completed,1,0.0
2025-10,EVT-202510-D86488BBD699-0014,SYN-202510-DD86488BBD699,SYN-202510-PD86488BBD699,2025-10-04T16:43:16,2025-10-04T15:44:16,level_completed,1,0.0
2025-10,EVT-202510-31864D3F4605-0108,SYN-202510-D31864D3F4605,SYN-202510-P31864D3F4605,2025-10-04T16:45:00,2025-10-02T04:03:43,ad_impression,0,0.0262
2025-10,EVT-202510-7704ED0111AA-0043,SYN-202510-D7704ED0111AA,SYN-202510-P7704ED0111AA,2025-10-04T16:45:00,2025-10-01T05:57:44,ad_impression,0,0.046
2025-10,EVT-202510-31864D3F4605-0030,SYN-202510-D31864D3F4605,SYN-202510-P31864D3F4605,2025-10-04T16:46:00,2025-10-02T04:03:43,level_completed,1,0.0
2025-10,EVT-202510-31864D3F4605-0013,SYN-202510-D31864D3F4605,SYN-202510-P31864D3F4605,2025-10-04T16:47:00,2025-10-02T04:03:43,level_completed,1,0.0
2025-10,EVT-202510-31864D3F4605-0065,SYN-202510-D31864D3F4605,SYN-202510-P31864D3F4605,2025-10-04T16:47:00,2025-10-02T04:03:43,level_completed,1,0.0
2025-10,EVT-202510-A0FE78A7A58E-0028,SYN-202510-DA0FE78A7A58E,SYN-202510-PA0FE78A7A58E,2025-10-04T16:47:00,2025-10-04T05:34:31,level_completed,1,0.0
2025-10,EVT-202510-31864D3F4605-0081,SYN-202510-D31864D3F4605,SYN-202510-P31864D3F4605,2025-10-04T16:48:00,2025-10-02T04:03:43,level_completed,1,0.0
2025-10,EVT-202510-4BAFDACE030D-0061,SYN-202510-D4BAFDACE030D,SYN-202510-P4BAFDACE030D,2025-10-04T16:48:00,2025-10-03T11:23:04,ad_impression,0,0.0159
2025-10,EVT-202510-0CD0955BCE5A-0006,SYN-202510-D0CD0955BCE5A,SYN-202510-P0CD0955BCE5A,2025-10-04T16:51:00,2025-10-01T07:12:16,session_start,0,0.0
2025-10,EVT-202510-31864D3F4605-0073,SYN-202510-D31864D3F4605,SYN-202510-P31864D3F4605,2025-10-04T16:52:00,2025-10-02T04:03:43,level_completed,1,0.0
2025-10,EVT-202510-31864D3F4605-0093,SYN-202510-D31864D3F4605,SYN-202510-P31864D3F4605,2025-10-04T16:54:00,2025-10-02T04:03:43,level_completed,1,0.0
2025-10,EVT-202510-A0FE78A7A58E-0025,SYN-202510-DA0FE78A7A58E,SYN-202510-PA0FE78A7A58E,2025-10-04T16:54:00,2025-10-04T05:34:31,level_completed,1,0.0
2025-10,EVT-202510-BD4F0154B8D0-0023,SYN-202510-DBD4F0154B8D0,SYN-202510-PBD4F0154B8D0,2025-10-04T16:54:39,2025-10-04T16:17:39,level_completed,1,0.0
2025-10,EVT-202510-31864D3F4605-0022,SYN-202510-D31864D3F4605,SYN-202510-P31864D3F4605,2025-10-04T16:55:00,2025-10-02T04:03:43,level_completed,1,0.0
2025-10,EVT-202510-A0FE78A7A58E-0022,SYN-202510-DA0FE78A7A58E,SYN-202510-PA0FE78A7A58E,2025-10-04T16:55:00,2025-10-04T05:34:31,level_completed,1,0.0
2025-10,EVT-202510-A0FE78A7A58E-0026,SYN-202510-DA0FE78A7A58E,SYN-202510-PA0FE78A7A58E,2025-10-04T16:57:00,2025-10-04T05:34:31,level_completed,1,0.0
2025-10,EVT-202510-31864D3F4605-0072,SYN-202510-D31864D3F4605,SYN-202510-P31864D3F4605,2025-10-04T16:59:00,2025-10-02T04:03:43,level_completed,1,0.0
2025-10,EVT-202510-31864D3F4605-0086,SYN-202510-D31864D3F4605,SYN-202510-P31864D3F4605,2025-10-04T16:59:00,2025-10-02T04:03:43,level_completed,1,0.0
2025-10,EVT-202510-0CD0955BCE5A-0074,SYN-202510-D0CD0955BCE5A,SYN-202510-P0CD0955BCE5A,2025-10-04T17:00:00,2025-10-01T07:12:16,ad_impression,0,0.013
2025-10,EVT-202510-31864D3F4605-0035,SYN-202510-D31864D3F4605,SYN-202510-P31864D3F4605,2025-10-04T17:00:00,2025-10-02T04:03:43,level_completed,1,0.0
2025-10,EVT-202510-31864D3F4605-0005,SYN-202510-D31864D3F4605,SYN-202510-P31864D3F4605,2025-10-04T17:01:00,2025-10-02T04:03:43,level_completed,1,0.0
2025-10,EVT-202510-31864D3F4605-0047,SYN-202510-D31864D3F4605,SYN-202510-P31864D3F4605,2025-10-04T17:02:00,2025-10-02T04:03:43,level_completed,1,0.0
2025-10,EVT-202510-913D681D9F30-0002,SYN-202510-D913D681D9F30,SYN-202510-P913D681D9F30,2025-10-04T17:03:00,2025-10-01T08:10:14,session_start,0,0.0
2025-10,EVT-202510-A0FE78A7A58E-0029,SYN-202510-DA0FE78A7A58E,SYN-202510-PA0FE78A7A58E,2025-10-04T17:03:00,2025-10-04T05:34:31,level_completed,1,0.0
2025-10,EVT-202510-31864D3F4605-0033,SYN-202510-D31864D3F4605,SYN-202510-P31864D3F4605,2025-10-04T17:04:00,2025-10-02T04:03:43,level_completed,1,0.0
2025-10,EVT-202510-31864D3F4605-0090,SYN-202510-D31864D3F4605,SYN-202510-P31864D3F4605,2025-10-04T17:05:00,2025-10-02T04:03:43,level_completed,1,0.0
2025-10,EVT-202510-A0FE78A7A58E-0006,SYN-202510-DA0FE78A7A58E,SYN-202510-PA0FE78A7A58E,2025-10-04T17:05:00,2025-10-04T05:34:31,level_completed,1,0.0
2025-10,EVT-202510-3BD2A5B0E3CC-0008,SYN-202510-D3BD2A5B0E3CC,SYN-202510-P3BD2A5B0E3CC,2025-10-04T17:06:00,2025-10-04T11:54:23,level_completed,1,0.0
2025-10,EVT-202510-0CD0955BCE5A-0009,SYN-202510-D0CD0955BCE5A,SYN-202510-P0CD0955BCE5A,2025-10-04T17:07:00,2025-10-01T07:12:16,level_completed,1,0.0
2025-10,EVT-202510-31864D3F4605-0064,SYN-202510-D31864D3F4605,SYN-202510-P31864D3F4605,2025-10-04T17:07:00,2025-10-02T04:03:43,level_completed,1,0.0
2025-10,EVT-202510-31864D3F4605-0104,SYN-202510-D31864D3F4605,SYN-202510-P31864D3F4605,2025-10-04T17:07:00,2025-10-02T04:03:43,ad_impression,0,0.0262
2025-10,EVT-202510-0CD0955BCE5A-0010,SYN-202510-D0CD0955BCE5A,SYN-202510-P0CD0955BCE5A,2025-10-04T17:08:00,2025-10-01T07:12:16,level_completed,1,0.0
2025-10,EVT-202510-913D681D9F30-0004,SYN-202510-D913D681D9F30,SYN-202510-P913D681D9F30,2025-10-04T17:08:00,2025-10-01T08:10:14,level_completed,1,0.0
2025-10,EVT-202510-31864D3F4605-0014,SYN-202510-D31864D3F4605,SYN-202510-P31864D3F4605,2025-10-04T17:09:00,2025-10-02T04:03:43,level_completed,1,0.0
2025-10,EVT-202510-31864D3F4605-0024,SYN-202510-D31864D3F4605,SYN-202510-P31864D3F4605,2025-10-04T17:09:00,2025-10-02T04:03:43,level_completed,1,0.0
2025-10,EVT-202510-A0FE78A7A58E-0009,SYN-202510-DA0FE78A7A58E,SYN-202510-PA0FE78A7A58E,2025-10-04T17:09:00,2025-10-04T05:34:31,level_completed,1,0.0
2025-10,EVT-202510-31864D3F4605-0076,SYN-202510-D31864D3F4605,SYN-202510-P31864D3F4605,2025-10-04T17:11:00,2025-10-02T04:03:43,level_completed,1,0.0
2025-10,EVT-202510-A3E289B66A85-0002,SYN-202510-DA3E289B66A85,SYN-202510-PA3E289B66A85,2025-10-04T17:11:00,2025-10-04T09:13:07,level_completed,1,0.0
2025-10,EVT-202510-31864D3F4605-0040,SYN-202510-D31864D3F4605,SYN-202510-P31864D3F4605,2025-10-04T17:12:00,2025-10-02T04:03:43,level_completed,1,0.0
2025-10,EVT-202510-7704ED0111AA-0040,SYN-202510-D7704ED0111AA,SYN-202510-P7704ED0111AA,2025-10-04T17:12:00,2025-10-01T05:57:44,ad_impression,0,0.046
2025-10,EVT-202510-BD4F0154B8D0-0036,SYN-202510-DBD4F0154B8D0,SYN-202510-PBD4F0154B8D0,2025-10-04T17:12:39,2025-10-04T16:17:39,ad_impression,0,0.1233
2025-10,EVT-202510-31864D3F4605-0029,SYN-202510-D31864D3F4605,SYN-202510-P31864D3F4605,2025-10-04T17:13:00,2025-10-02T04:03:43,level_completed,1,0.0
2025-10,EVT-202510-31864D3F4605-0058,SYN-202510-D31864D3F4605,SYN-202510-P31864D3F4605,2025-10-04T17:13:00,2025-10-02T04:03:43,level_completed,1,0.0
2025-10,EVT-202510-A0FE78A7A58E-0031,SYN-202510-DA0FE78A7A58E,SYN-202510-PA0FE78A7A58E,2025-10-04T17:13:00,2025-10-04T05:34:31,ad_impression,0,0.0429
2025-10,EVT-202510-0CD0955BCE5A-0016,SYN-202510-D0CD0955BCE5A,SYN-202510-P0CD0955BCE5A,2025-10-04T17:14:00,2025-10-01T07:12:16,level_completed,1,0.0
2025-10,EVT-202510-31864D3F4605-0020,SYN-202510-D31864D3F4605,SYN-202510-P31864D3F4605,2025-10-04T17:14:00,2025-10-02T04:03:43,level_completed,1,0.0
2025-10,EVT-202510-31864D3F4605-0096,SYN-202510-D31864D3F4605,SYN-202510-P31864D3F4605,2025-10-04T17:14:00,2025-10-02T04:03:43,level_completed,1,0.0
2025-10,EVT-202510-31864D3F4605-0087,SYN-202510-D31864D3F4605,SYN-202510-P31864D3F4605,2025-10-04T17:15:00,2025-10-02T04:03:43,level_completed,1,0.0
2025-10,EVT-202510-A0FE78A7A58E-0014,SYN-202510-DA0FE78A7A58E,SYN-202510-PA0FE78A7A58E,2025-10-04T17:15:00,2025-10-04T05:34:31,level_completed,1,0.0
2025-10,EVT-202510-31864D3F4605-0023,SYN-202510-D31864D3F4605,SYN-202510-P31864D3F4605,2025-10-04T17:16:00,2025-10-02T04:03:43,level_completed,1,0.0
2025-10,EVT-202510-0CD0955BCE5A-0036,SYN-202510-D0CD0955BCE5A,SYN-202510-P0CD0955BCE5A,2025-10-04T17:17:00,2025-10-01T07:12:16,level_completed,1,0.0
2025-10,EVT-202510-31864D3F4605-0007,SYN-202510-D31864D3F4605,SYN-202510-P31864D3F4605,2025-10-04T17:17:00,2025-10-02T04:03:43,level_completed,1,0.0
2025-10,EVT-202510-31864D3F4605-0105,SYN-202510-D31864D3F4605,SYN-202510-P31864D3F4605,2025-10-04T17:17:00,2025-10-02T04:03:43,ad_impression,0,0.0262
2025-10,EVT-202510-7679E7CC7CF2-0003,SYN-202510-D7679E7CC7CF2,SYN-202510-P7679E7CC7CF2,2025-10-04T17:18:00,2025-10-02T08:45:25,session_start,0,0.0
2025-10,EVT-202510-BD4F0154B8D0-0013,SYN-202510-DBD4F0154B8D0,SYN-202510-PBD4F0154B8D0,2025-10-04T17:18:39,2025-10-04T16:17:39,level_completed,1,0.0
2025-10,EVT-202510-BD4F0154B8D0-0018,SYN-202510-DBD4F0154B8D0,SYN-202510-PBD4F0154B8D0,2025-10-04T17:19:39,2025-10-04T16:17:39,level_completed,1,0.0
2025-10,EVT-202510-31864D3F4605-0067,SYN-202510-D31864D3F4605,SYN-202510-P31864D3F4605,2025-10-04T17:20:00,2025-10-02T04:03:43,level_completed,1,0.0
2025-10,EVT-202510-7679E7CC7CF2-0007,SYN-202510-D7679E7CC7CF2,SYN-202510-P7679E7CC7CF2,2025-10-04T17:20:00,2025-10-02T08:45:25,level_completed,1,0.0
2025-10,EVT-202510-A0FE78A7A58E-0011,SYN-202510-DA0FE78A7A58E,SYN-202510-PA0FE78A7A58E,2025-10-04T17:20:00,2025-10-04T05:34:31,level_completed,1,0.0
2025-10,EVT-202510-BD4F0154B8D0-0029,SYN-202510-DBD4F0154B8D0,SYN-202510-PBD4F0154B8D0,2025-10-04T17:20:39,2025-10-04T16:17:39,ad_impression,0,0.1233
2025-10,EVT-202510-31864D3F4605-0034,SYN-202510-D31864D3F4605,SYN-202510-P31864D3F4605,2025-10-04T17:21:00,2025-10-02T04:03:43,level_completed,1,0.0
2025-10,EVT-202510-0CD0955BCE5A-0025,SYN-202510-D0CD0955BCE5A,SYN-202510-P0CD0955BCE5A,2025-10-04T17:22:00,2025-10-01T07:12:16,level_completed,1,0.0
2025-10,EVT-202510-31864D3F4605-0021,SYN-202510-D31864D3F4605,SYN-202510-P31864D3F4605,2025-10-04T17:22:00,2025-10-02T04:03:43,level_completed,1,0.0
2025-10,EVT-202510-31864D3F4605-0049,SYN-202510-D31864D3F4605,SYN-202510-P31864D3F4605,2025-10-04T17:24:00,2025-10-02T04:03:43,level_completed,1,0.0
2025-10,EVT-202510-0CD0955BCE5A-0024,SYN-202510-D0CD0955BCE5A,SYN-202510-P0CD0955BCE5A,2025-10-04T17:25:00,2025-10-01T07:12:16,level_completed,1,0.0
2025-10,EVT-202510-BD4F0154B8D0-0014,SYN-202510-DBD4F0154B8D0,SYN-202510-PBD4F0154B8D0,2025-10-04T17:25:39,2025-10-04T16:17:39,level_completed,1,0.0
2025-10,EVT-202510-A0FE78A7A58E-0013,SYN-202510-DA0FE78A7A58E,SYN-202510-PA0FE78A7A58E,2025-10-04T17:26:00,2025-10-04T05:34:31,level_completed,1,0.0
2025-10,EVT-202510-067D9004AE72-0006,SYN-202510-D067D9004AE72,SYN-202510-P067D9004AE72,2025-10-04T17:27:00,2025-10-02T06:35:38,session_start,0,0.0
2025-10,EVT-202510-31864D3F4605-0019,SYN-202510-D31864D3F4605,SYN-202510-P31864D3F4605,2025-10-04T17:27:00,2025-10-02T04:03:43,level_completed,1,0.0
2025-10,EVT-202510-31864D3F4605-0109,SYN-202510-D31864D3F4605,SYN-202510-P31864D3F4605,2025-10-04T17:29:00,2025-10-02T04:03:43,ad_impression,0,0.0262
2025-10,EVT-202510-A0FE78A7A58E-0021,SYN-202510-DA0FE78A7A58E,SYN-202510-PA0FE78A7A58E,2025-10-04T17:29:00,2025-10-04T05:34:31,level_completed,1,0.0
2025-10,EVT-202510-BD4F0154B8D0-0007,SYN-202510-DBD4F0154B8D0,SYN-202510-PBD4F0154B8D0,2025-10-04T17:29:39,2025-10-04T16:17:39,level_completed,1,0.0
2025-10,EVT-202510-BD4F0154B8D0-0028,SYN-202510-DBD4F0154B8D0,SYN-202510-PBD4F0154B8D0,2025-10-04T17:29:39,2025-10-04T16:17:39,ad_impression,0,0.1233
2025-10,EVT-202510-0CD0955BCE5A-0008,SYN-202510-D0CD0955BCE5A,SYN-202510-P0CD0955BCE5A,2025-10-04T17:30:00,2025-10-01T07:12:16,level_completed,1,0.0
2025-10,EVT-202510-56B0B3FF0573-0001,SYN-202510-D56B0B3FF0573,SYN-202510-P56B0B3FF0573,2025-10-04T17:30:47,2025-10-04T17:29:47,session_start,0,0.0
2025-10,EVT-202510-0E9AE87248A3-0105,SYN-202510-D0E9AE87248A3,SYN-202510-P0E9AE87248A3,2025-10-04T17:31:00,2025-10-04T04:48:22,ad_impression,0,0.0011
2025-10,EVT-202510-31864D3F4605-0091,SYN-202510-D31864D3F4605,SYN-202510-P31864D3F4605,2025-10-04T17:31:00,2025-10-02T04:03:43,level_completed,1,0.0
2025-10,EVT-202510-A3E289B66A85-0003,SYN-202510-DA3E289B66A85,SYN-202510-PA3E289B66A85,2025-10-04T17:31:00,2025-10-04T09:13:07,level_completed,1,0.0
2025-10,EVT-202510-132595DB4699-0002,SYN-202510-D132595DB4699,SYN-202510-P132595DB4699,2025-10-04T17:32:00,2025-10-04T11:26:23,session_start,0,0.0
2025-10,EVT-202510-BD4F0154B8D0-0004,SYN-202510-DBD4F0154B8D0,SYN-202510-PBD4F0154B8D0,2025-10-04T17:34:39,2025-10-04T16:17:39,level_completed,1,0.0
2025-10,EVT-202510-BD4F0154B8D0-0025,SYN-202510-DBD4F0154B8D0,SYN-202510-PBD4F0154B8D0,2025-10-04T17:34:39,2025-10-04T16:17:39,level_completed,1,0.0
2025-10,EVT-202510-240DFB626358-0001,SYN-202510-D240DFB626358,SYN-202510-P240DFB626358,2025-10-04T17:35:00,2025-10-04T05:22:31,session_start,0,0.0
2025-10,EVT-202510-56B0B3FF0573-0002,SYN-202510-D56B0B3FF0573,SYN-202510-P56B0B3FF0573,2025-10-04T17:35:47,2025-10-04T17:29:47,level_completed,1,0.0
2025-10,EVT-202510-132595DB4699-0015,SYN-202510-D132595DB4699,SYN-202510-P132595DB4699,2025-10-04T17:36:00,2025-10-04T11:26:23,level_completed,1,0.0
2025-10,EVT-202510-31864D3F4605-0056,SYN-202510-D31864D3F4605,SYN-202510-P31864D3F4605,2025-10-04T17:36:00,2025-10-02T04:03:43,level_completed,1,0.0
2025-10,EVT-202510-56B0B3FF0573-0004,SYN-202510-D56B0B3FF0573,SYN-202510-P56B0B3FF0573,2025-10-04T17:36:47,2025-10-04T17:29:47,level_completed,1,0.0
2025-10,EVT-202510-31864D3F4605-0009,SYN-202510-D31864D3F4605,SYN-202510-P31864D3F4605,2025-10-04T17:37:00,2025-10-02T04:03:43,level_completed,1,0.0
2025-10,EVT-202510-240DFB626358-0007,SYN-202510-D240DFB626358,SYN-202510-P240DFB626358,2025-10-04T17:38:00,2025-10-04T05:22:31,level_completed,1,0.0
2025-10,EVT-202510-31864D3F4605-0060,SYN-202510-D31864D3F4605,SYN-202510-P31864D3F4605,2025-10-04T17:38:00,2025-10-02T04:03:43,level_completed,1,0.0
2025-10,EVT-202510-BD4F0154B8D0-0009,SYN-202510-DBD4F0154B8D0,SYN-202510-PBD4F0154B8D0,2025-10-04T17:38:39,2025-10-04T16:17:39,level_completed,1,0.0
2025-10,EVT-202510-31864D3F4605-0107,SYN-202510-D31864D3F4605,SYN-202510-P31864D3F4605,2025-10-04T17:40:00,2025-10-02T04:03:43,ad_impression,0,0.0262
2025-10,EVT-202510-2B9CF36F00F6-0002,SYN-202510-D2B9CF36F00F6,SYN-202510-P2B9CF36F00F6,2025-10-04T17:42:00,2025-10-04T04:07:57,session_start,0,0.0
2025-10,EVT-202510-31864D3F4605-0100,SYN-202510-D31864D3F4605,SYN-202510-P31864D3F4605,2025-10-04T17:42:00,2025-10-02T04:03:43,ad_impression,0,0.0262
2025-10,EVT-202510-7679E7CC7CF2-0011,SYN-202510-D7679E7CC7CF2,SYN-202510-P7679E7CC7CF2,2025-10-04T17:42:00,2025-10-02T08:45:25,level_completed,1,0.0
2025-10,EVT-202510-0E9AE87248A3-0030,SYN-202510-D0E9AE87248A3,SYN-202510-P0E9AE87248A3,2025-10-04T17:43:00,2025-10-04T04:48:22,session_start,0,0.0
2025-10,EVT-202510-56B0B3FF0573-0006,SYN-202510-D56B0B3FF0573,SYN-202510-P56B0B3FF0573,2025-10-04T17:43:47,2025-10-04T17:29:47,level_completed,1,0.0
2025-10,EVT-202510-31864D3F4605-0069,SYN-202510-D31864D3F4605,SYN-202510-P31864D3F4605,2025-10-04T17:44:00,2025-10-02T04:03:43,level_completed,1,0.0
2025-10,EVT-202510-3BD2A5B0E3CC-0006,SYN-202510-D3BD2A5B0E3CC,SYN-202510-P3BD2A5B0E3CC,2025-10-04T17:44:00,2025-10-04T11:54:23,level_completed,1,0.0
2025-10,EVT-202510-240DFB626358-0004,SYN-202510-D240DFB626358,SYN-202510-P240DFB626358,2025-10-04T17:45:00,2025-10-04T05:22:31,level_completed,1,0.0
2025-10,EVT-202510-0E9AE87248A3-0031,SYN-202510-D0E9AE87248A3,SYN-202510-P0E9AE87248A3,2025-10-04T17:47:00,2025-10-04T04:48:22,session_start,0,0.0
2025-10,EVT-202510-31864D3F4605-0016,SYN-202510-D31864D3F4605,SYN-202510-P31864D3F4605,2025-10-04T17:47:00,2025-10-02T04:03:43,level_completed,1,0.0
2025-10,EVT-202510-2B9CF36F00F6-0013,SYN-202510-D2B9CF36F00F6,SYN-202510-P2B9CF36F00F6,2025-10-04T17:48:00,2025-10-04T04:07:57,level_completed,1,0.0
2025-10,EVT-202510-132595DB4699-0023,SYN-202510-D132595DB4699,SYN-202510-P132595DB4699,2025-10-04T17:49:00,2025-10-04T11:26:23,level_completed,1,0.0
2025-10,EVT-202510-067D9004AE72-0062,SYN-202510-D067D9004AE72,SYN-202510-P067D9004AE72,2025-10-04T17:55:00,2025-10-02T06:35:38,ad_impression,0,0.0192
2025-10,EVT-202510-240DFB626358-0003,SYN-202510-D240DFB626358,SYN-202510-P240DFB626358,2025-10-04T17:56:00,2025-10-04T05:22:31,level_completed,1,0.0
2025-10,EVT-202510-132595DB4699-0016,SYN-202510-D132595DB4699,SYN-202510-P132595DB4699,2025-10-04T17:57:00,2025-10-04T11:26:23,level_completed,1,0.0
2025-10,EVT-202510-164A647570AC-0001,SYN-202510-D164A647570AC,SYN-202510-P164A647570AC,2025-10-04T17:58:02,2025-10-04T17:57:02,session_start,0,0.0
2025-10,EVT-202510-164A647570AC-0002,SYN-202510-D164A647570AC,SYN-202510-P164A647570AC,2025-10-04T17:58:02,2025-10-04T17:57:02,session_start,0,0.0
2025-10,EVT-202510-132595DB4699-0020,SYN-202510-D132595DB4699,SYN-202510-P132595DB4699,2025-10-04T18:00:00,2025-10-04T11:26:23,level_completed,1,0.0
2025-10,EVT-202510-067D9004AE72-0044,SYN-202510-D067D9004AE72,SYN-202510-P067D9004AE72,2025-10-04T18:01:00,2025-10-02T06:35:38,level_completed,1,0.0
2025-10,EVT-202510-A0FE78A7A58E-0033,SYN-202510-DA0FE78A7A58E,SYN-202510-PA0FE78A7A58E,2025-10-04T18:01:00,2025-10-04T05:34:31,ad_impression,0,0.0429
2025-10,EVT-202510-BD4F0154B8D0-0002,SYN-202510-DBD4F0154B8D0,SYN-202510-PBD4F0154B8D0,2025-10-04T18:01:00,2025-10-04T16:17:39,session_start,0,0.0
2025-10,EVT-202510-132595DB4699-0012,SYN-202510-D132595DB4699,SYN-202510-P132595DB4699,2025-10-04T18:03:00,2025-10-04T11:26:23,level_completed,1,0.0
2025-10,EVT-202510-7679E7CC7CF2-0015,SYN-202510-D7679E7CC7CF2,SYN-202510-P7679E7CC7CF2,2025-10-04T18:03:00,2025-10-02T08:45:25,level_completed,1,0.0
2025-10,EVT-202510-56B0B3FF0573-0005,SYN-202510-D56B0B3FF0573,SYN-202510-P56B0B3FF0573,2025-10-04T18:03:47,2025-10-04T17:29:47,level_completed,1,0.0
2025-10,EVT-202510-8428F0283FDF-0003,SYN-202510-D8428F0283FDF,SYN-202510-P8428F0283FDF,2025-10-04T18:04:00,2025-10-04T07:14:57,session_start,0,0.0
2025-10,EVT-202510-0CD0955BCE5A-0022,SYN-202510-D0CD0955BCE5A,SYN-202510-P0CD0955BCE5A,2025-10-04T18:06:00,2025-10-01T07:12:16,level_completed,1,0.0
2025-10,EVT-202510-56B0B3FF0573-0003,SYN-202510-D56B0B3FF0573,SYN-202510-P56B0B3FF0573,2025-10-04T18:08:47,2025-10-04T17:29:47,level_completed,1,0.0
2025-10,EVT-202510-56B0B3FF0573-0007,SYN-202510-D56B0B3FF0573,SYN-202510-P56B0B3FF0573,2025-10-04T18:09:47,2025-10-04T17:29:47,level_completed,1,0.0
2025-10,EVT-202510-0E9AE87248A3-0032,SYN-202510-D0E9AE87248A3,SYN-202510-P0E9AE87248A3,2025-10-04T18:10:00,2025-10-04T04:48:22,session_start,0,0.0
2025-10,EVT-202510-8428F0283FDF-0012,SYN-202510-D8428F0283FDF,SYN-202510-P8428F0283FDF,2025-10-04T18:13:00,2025-10-04T07:14:57,level_completed,1,0.0
2025-10,EVT-202510-164A647570AC-0008,SYN-202510-D164A647570AC,SYN-202510-P164A647570AC,2025-10-04T18:14:02,2025-10-04T17:57:02,level_completed,1,0.0
2025-10,EVT-202510-347A0C30DC39-0006,SYN-202510-D347A0C30DC39,SYN-202510-P347A0C30DC39,2025-10-04T18:15:00,2025-10-04T14:30:07,session_start,0,0.0
2025-10,EVT-202510-BD4F0154B8D0-0033,SYN-202510-DBD4F0154B8D0,SYN-202510-PBD4F0154B8D0,2025-10-04T18:16:00,2025-10-04T16:17:39,ad_impression,0,0.1233
2025-10,EVT-202510-5DADFE9F340E-0003,SYN-202510-D5DADFE9F340E,SYN-202510-P5DADFE9F340E,2025-10-04T18:17:00,2025-10-04T04:18:02,session_start,0,0.0
2025-10,EVT-202510-2B9CF36F00F6-0006,SYN-202510-D2B9CF36F00F6,SYN-202510-P2B9CF36F00F6,2025-10-04T18:18:00,2025-10-04T04:07:57,level_completed,1,0.0
2025-10,EVT-202510-164A647570AC-0003,SYN-202510-D164A647570AC,SYN-202510-P164A647570AC,2025-10-04T18:18:02,2025-10-04T17:57:02,level_completed,1,0.0
2025-10,EVT-202510-164A647570AC-0010,SYN-202510-D164A647570AC,SYN-202510-P164A647570AC,2025-10-04T18:18:02,2025-10-04T17:57:02,level_completed,1,0.0
2025-10,EVT-202510-240DFB626358-0005,SYN-202510-D240DFB626358,SYN-202510-P240DFB626358,2025-10-04T18:19:00,2025-10-04T05:22:31,level_completed,1,0.0
2025-10,EVT-202510-7679E7CC7CF2-0026,SYN-202510-D7679E7CC7CF2,SYN-202510-P7679E7CC7CF2,2025-10-04T18:20:00,2025-10-02T08:45:25,ad_impression,0,0.0614
2025-10,EVT-202510-2B9CF36F00F6-0003,SYN-202510-D2B9CF36F00F6,SYN-202510-P2B9CF36F00F6,2025-10-04T18:23:00,2025-10-04T04:07:57,level_completed,1,0.0
2025-10,EVT-202510-132595DB4699-0021,SYN-202510-D132595DB4699,SYN-202510-P132595DB4699,2025-10-04T18:24:00,2025-10-04T11:26:23,level_completed,1,0.0
2025-10,EVT-202510-164A647570AC-0009,SYN-202510-D164A647570AC,SYN-202510-P164A647570AC,2025-10-04T18:24:02,2025-10-04T17:57:02,level_completed,1,0.0
2025-10,EVT-202510-56B0B3FF0573-0008,SYN-202510-D56B0B3FF0573,SYN-202510-P56B0B3FF0573,2025-10-04T18:24:47,2025-10-04T17:29:47,level_completed,1,0.0
2025-10,EVT-202510-0E9AE87248A3-0033,SYN-202510-D0E9AE87248A3,SYN-202510-P0E9AE87248A3,2025-10-04T18:27:00,2025-10-04T04:48:22,session_start,0,0.0
2025-10,EVT-202510-132595DB4699-0024,SYN-202510-D132595DB4699,SYN-202510-P132595DB4699,2025-10-04T18:27:00,2025-10-04T11:26:23,ad_impression,0,0.0337
2025-10,EVT-202510-5DADFE9F340E-0008,SYN-202510-D5DADFE9F340E,SYN-202510-P5DADFE9F340E,2025-10-04T18:29:00,2025-10-04T04:18:02,level_completed,1,0.0
2025-10,EVT-202510-BD4F0154B8D0-0030,SYN-202510-DBD4F0154B8D0,SYN-202510-PBD4F0154B8D0,2025-10-04T18:29:00,2025-10-04T16:17:39,ad_impression,0,0.1233
2025-10,EVT-202510-132595DB4699-0014,SYN-202510-D132595DB4699,SYN-202510-P132595DB4699,2025-10-04T18:30:00,2025-10-04T11:26:23,level_completed,1,0.0
2025-10,EVT-202510-132595DB4699-0005,SYN-202510-D132595DB4699,SYN-202510-P132595DB4699,2025-10-04T18:31:00,2025-10-04T11:26:23,level_completed,1,0.0
2025-10,EVT-202510-132595DB4699-0026,SYN-202510-D132595DB4699,SYN-202510-P132595DB4699,2025-10-04T18:33:00,2025-10-04T11:26:23,ad_impression,0,0.0337
2025-10,EVT-202510-BD4F0154B8D0-0034,SYN-202510-DBD4F0154B8D0,SYN-202510-PBD4F0154B8D0,2025-10-04T18:33:00,2025-10-04T16:17:39,ad_impression,0,0.1233
2025-10,EVT-202510-067D9004AE72-0011,SYN-202510-D067D9004AE72,SYN-202510-P067D9004AE72,2025-10-04T18:34:00,2025-10-02T06:35:38,level_completed,1,0.0
2025-10,EVT-202510-2B9CF36F00F6-0008,SYN-202510-D2B9CF36F00F6,SYN-202510-P2B9CF36F00F6,2025-10-04T18:34:00,2025-10-04T04:07:57,level_completed,1,0.0
2025-10,EVT-202510-7679E7CC7CF2-0024,SYN-202510-D7679E7CC7CF2,SYN-202510-P7679E7CC7CF2,2025-10-04T18:35:00,2025-10-02T08:45:25,ad_impression,0,0.0614
2025-10,EVT-202510-067D9004AE72-0056,SYN-202510-D067D9004AE72,SYN-202510-P067D9004AE72,2025-10-04T18:36:00,2025-10-02T06:35:38,ad_impression,0,0.0192
2025-10,EVT-202510-240DFB626358-0006,SYN-202510-D240DFB626358,SYN-202510-P240DFB626358,2025-10-04T18:36:00,2025-10-04T05:22:31,level_completed,1,0.0
2025-10,EVT-202510-164A647570AC-0004,SYN-202510-D164A647570AC,SYN-202510-P164A647570AC,2025-10-04T18:39:02,2025-10-04T17:57:02,level_completed,1,0.0
2025-10,EVT-202510-240DFB626358-0002,SYN-202510-D240DFB626358,SYN-202510-P240DFB626358,2025-10-04T18:41:00,2025-10-04T05:22:31,level_completed,1,0.0
2025-10,EVT-202510-347A0C30DC39-0007,SYN-202510-D347A0C30DC39,SYN-202510-P347A0C30DC39,2025-10-04T18:41:00,2025-10-04T14:30:07,session_start,0,0.0
2025-10,EVT-202510-BD4F0154B8D0-0032,SYN-202510-DBD4F0154B8D0,SYN-202510-PBD4F0154B8D0,2025-10-04T18:41:00,2025-10-04T16:17:39,ad_impression,0,0.1233
2025-10,EVT-202510-132595DB4699-0029,SYN-202510-D132595DB4699,SYN-202510-P132595DB4699,2025-10-04T18:42:00,2025-10-04T11:26:23,ad_impression,0,0.0337
2025-10,EVT-202510-067D9004AE72-0057,SYN-202510-D067D9004AE72,SYN-202510-P067D9004AE72,2025-10-04T18:43:00,2025-10-02T06:35:38,ad_impression,0,0.0192
2025-10,EVT-202510-0E9AE87248A3-0077,SYN-202510-D0E9AE87248A3,SYN-202510-P0E9AE87248A3,2025-10-04T18:45:00,2025-10-04T04:48:22,level_completed,1,0.0
2025-10,EVT-202510-BD4F0154B8D0-0027,SYN-202510-DBD4F0154B8D0,SYN-202510-PBD4F0154B8D0,2025-10-04T18:45:00,2025-10-04T16:17:39,level_completed,1,0.0
2025-10,EVT-202510-56B0B3FF0573-0009,SYN-202510-D56B0B3FF0573,SYN-202510-P56B0B3FF0573,2025-10-04T18:45:47,2025-10-04T17:29:47,level_completed,1,0.0
2025-10,EVT-202510-132595DB4699-0019,SYN-202510-D132595DB4699,SYN-202510-P132595DB4699,2025-10-04T18:46:00,2025-10-04T11:26:23,level_completed,1,0.0
2025-10,EVT-202510-240DFB626358-0011,SYN-202510-D240DFB626358,SYN-202510-P240DFB626358,2025-10-04T18:47:00,2025-10-04T05:22:31,level_completed,1,0.0
2025-10,EVT-202510-164A647570AC-0005,SYN-202510-D164A647570AC,SYN-202510-P164A647570AC,2025-10-04T18:47:02,2025-10-04T17:57:02,level_completed,1,0.0
2025-10,EVT-202510-240DFB626358-0008,SYN-202510-D240DFB626358,SYN-202510-P240DFB626358,2025-10-04T18:48:00,2025-10-04T05:22:31,level_completed,1,0.0
2025-10,EVT-202510-2B9CF36F00F6-0004,SYN-202510-D2B9CF36F00F6,SYN-202510-P2B9CF36F00F6,2025-10-04T18:48:00,2025-10-04T04:07:57,level_completed,1,0.0
2025-10,EVT-202510-240DFB626358-0009,SYN-202510-D240DFB626358,SYN-202510-P240DFB626358,2025-10-04T18:50:00,2025-10-04T05:22:31,level_completed,1,0.0
2025-10,EVT-202510-293567C932A5-0023,SYN-202510-D293567C932A5,SYN-202510-P293567C932A5,2025-10-04T18:50:00,2025-10-02T19:23:23,session_start,0,0.0
2025-10,EVT-202510-240DFB626358-0010,SYN-202510-D240DFB626358,SYN-202510-P240DFB626358,2025-10-04T18:51:00,2025-10-04T05:22:31,level_completed,1,0.0
2025-10,EVT-202510-347A0C30DC39-0022,SYN-202510-D347A0C30DC39,SYN-202510-P347A0C30DC39,2025-10-04T18:55:00,2025-10-04T14:30:07,level_completed,1,0.0
2025-10,EVT-202510-8428F0283FDF-0005,SYN-202510-D8428F0283FDF,SYN-202510-P8428F0283FDF,2025-10-04T18:55:00,2025-10-04T07:14:57,level_completed,1,0.0
2025-10,EVT-202510-BD4F0154B8D0-0010,SYN-202510-DBD4F0154B8D0,SYN-202510-PBD4F0154B8D0,2025-10-04T18:58:00,2025-10-04T16:17:39,level_completed,1,0.0
2025-10,EVT-202510-164A647570AC-0006,SYN-202510-D164A647570AC,SYN-202510-P164A647570AC,2025-10-04T18:59:02,2025-10-04T17:57:02,level_completed,1,0.0
2025-10,EVT-202510-347A0C30DC39-0021,SYN-202510-D347A0C30DC39,SYN-202510-P347A0C30DC39,2025-10-04T19:01:00,2025-10-04T14:30:07,level_completed,1,0.0
2025-10,EVT-202510-BD4F0154B8D0-0035,SYN-202510-DBD4F0154B8D0,SYN-202510-PBD4F0154B8D0,2025-10-04T19:02:00,2025-10-04T16:17:39,ad_impression,0,0.1233
2025-10,EVT-202510-164A647570AC-0007,SYN-202510-D164A647570AC,SYN-202510-P164A647570AC,2025-10-04T19:03:02,2025-10-04T17:57:02,level_completed,1,0.0
2025-10,EVT-202510-5DADFE9F340E-0005,SYN-202510-D5DADFE9F340E,SYN-202510-P5DADFE9F340E,2025-10-04T19:07:00,2025-10-04T04:18:02,level_completed,1,0.0
2025-10,EVT-202510-8428F0283FDF-0014,SYN-202510-D8428F0283FDF,SYN-202510-P8428F0283FDF,2025-10-04T19:08:00,2025-10-04T07:14:57,ad_impression,0,0.2596
2025-10,EVT-202510-293567C932A5-0044,SYN-202510-D293567C932A5,SYN-202510-P293567C932A5,2025-10-04T19:11:00,2025-10-02T19:23:23,level_completed,1,0.0
2025-10,EVT-202510-8428F0283FDF-0009,SYN-202510-D8428F0283FDF,SYN-202510-P8428F0283FDF,2025-10-04T19:12:00,2025-10-04T07:14:57,level_completed,1,0.0
2025-10,EVT-202510-0E9AE87248A3-0112,SYN-202510-D0E9AE87248A3,SYN-202510-P0E9AE87248A3,2025-10-04T19:13:00,2025-10-04T04:48:22,ad_impression,0,0.0011
2025-10,EVT-202510-132595DB4699-0003,SYN-202510-D132595DB4699,SYN-202510-P132595DB4699,2025-10-04T19:13:00,2025-10-04T11:26:23,session_start,0,0.0
2025-10,EVT-202510-BD4F0154B8D0-0031,SYN-202510-DBD4F0154B8D0,SYN-202510-PBD4F0154B8D0,2025-10-04T19:13:00,2025-10-04T16:17:39,ad_impression,0,0.1233
2025-10,EVT-202510-8428F0283FDF-0006,SYN-202510-D8428F0283FDF,SYN-202510-P8428F0283FDF,2025-10-04T19:14:00,2025-10-04T07:14:57,level_completed,1,0.0
2025-10,EVT-202510-BD4F0154B8D0-0022,SYN-202510-DBD4F0154B8D0,SYN-202510-PBD4F0154B8D0,2025-10-04T19:15:00,2025-10-04T16:17:39,level_completed,1,0.0
2025-10,EVT-202510-347A0C30DC39-0011,SYN-202510-D347A0C30DC39,SYN-202510-P347A0C30DC39,2025-10-04T19:16:00,2025-10-04T14:30:07,level_completed,1,0.0
2025-10,EVT-202510-347A0C30DC39-0018,SYN-202510-D347A0C30DC39,SYN-202510-P347A0C30DC39,2025-10-04T19:18:00,2025-10-04T14:30:07,level_completed,1,0.0
2025-10,EVT-202510-BD4F0154B8D0-0008,SYN-202510-DBD4F0154B8D0,SYN-202510-PBD4F0154B8D0,2025-10-04T19:20:00,2025-10-04T16:17:39,level_completed,1,0.0
2025-10,EVT-202510-132595DB4699-0006,SYN-202510-D132595DB4699,SYN-202510-P132595DB4699,2025-10-04T19:21:00,2025-10-04T11:26:23,level_completed,1,0.0
2025-10,EVT-202510-347A0C30DC39-0012,SYN-202510-D347A0C30DC39,SYN-202510-P347A0C30DC39,2025-10-04T19:23:00,2025-10-04T14:30:07,level_completed,1,0.0
2025-10,EVT-202510-293567C932A5-0033,SYN-202510-D293567C932A5,SYN-202510-P293567C932A5,2025-10-04T19:32:00,2025-10-02T19:23:23,level_completed,1,0.0
2025-10,EVT-202510-D86488BBD699-0002,SYN-202510-DD86488BBD699,SYN-202510-PD86488BBD699,2025-10-04T19:33:00,2025-10-04T15:44:16,session_start,0,0.0
2025-10,EVT-202510-C98654952AF1-0003,SYN-202510-DC98654952AF1,SYN-202510-PC98654952AF1,2025-10-04T19:35:00,2025-10-04T01:15:39,session_start,0,0.0
2025-10,EVT-202510-D86488BBD699-0016,SYN-202510-DD86488BBD699,SYN-202510-PD86488BBD699,2025-10-04T19:40:00,2025-10-04T15:44:16,ad_impression,0,0.7447
2025-10,EVT-202510-293567C932A5-0035,SYN-202510-D293567C932A5,SYN-202510-P293567C932A5,2025-10-04T19:41:00,2025-10-02T19:23:23,level_completed,1,0.0
2025-10,EVT-202510-132595DB4699-0017,SYN-202510-D132595DB4699,SYN-202510-P132595DB4699,2025-10-04T19:48:00,2025-10-04T11:26:23,level_completed,1,0.0
2025-10,EVT-202510-132595DB4699-0013,SYN-202510-D132595DB4699,SYN-202510-P132595DB4699,2025-10-04T19:50:00,2025-10-04T11:26:23,level_completed,1,0.0
2025-10,EVT-202510-C98654952AF1-0024,SYN-202510-DC98654952AF1,SYN-202510-PC98654952AF1,2025-10-04T19:50:00,2025-10-04T01:15:39,ad_impression,0,0.0501
2025-10,EVT-202510-132595DB4699-0022,SYN-202510-D132595DB4699,SYN-202510-P132595DB4699,2025-10-04T19:51:00,2025-10-04T11:26:23,level_completed,1,0.0
2025-10,EVT-202510-347A0C30DC39-0008,SYN-202510-D347A0C30DC39,SYN-202510-P347A0C30DC39,2025-10-04T19:51:00,2025-10-04T14:30:07,session_start,0,0.0
2025-10,EVT-202510-0E9AE87248A3-0034,SYN-202510-D0E9AE87248A3,SYN-202510-P0E9AE87248A3,2025-10-04T19:55:00,2025-10-04T04:48:22,session_start,0,0.0
2025-10,EVT-202510-293567C932A5-0036,SYN-202510-D293567C932A5,SYN-202510-P293567C932A5,2025-10-04T19:55:00,2025-10-02T19:23:23,level_completed,1,0.0
2025-10,EVT-202510-132595DB4699-0009,SYN-202510-D132595DB4699,SYN-202510-P132595DB4699,2025-10-04T19:56:00,2025-10-04T11:26:23,level_completed,1,0.0
2025-10,EVT-202510-C6EAD56651CE-0003,SYN-202510-DC6EAD56651CE,SYN-202510-PC6EAD56651CE,2025-10-04T19:56:00,2025-10-04T13:47:13,session_start,0,0.0
2025-10,EVT-202510-C98654952AF1-0006,SYN-202510-DC98654952AF1,SYN-202510-PC98654952AF1,2025-10-04T19:56:00,2025-10-04T01:15:39,level_completed,1,0.0
2025-10,EVT-202510-C98654952AF1-0009,SYN-202510-DC98654952AF1,SYN-202510-PC98654952AF1,2025-10-04T19:56:00,2025-10-04T01:15:39,level_completed,1,0.0
2025-10,EVT-202510-C98654952AF1-0021,SYN-202510-DC98654952AF1,SYN-202510-PC98654952AF1,2025-10-04T19:59:00,2025-10-04T01:15:39,level_completed,1,0.0
2025-10,EVT-202510-C98654952AF1-0017,SYN-202510-DC98654952AF1,SYN-202510-PC98654952AF1,2025-10-04T20:00:00,2025-10-04T01:15:39,level_completed,1,0.0
2025-10,EVT-202510-BD4F0154B8D0-0003,SYN-202510-DBD4F0154B8D0,SYN-202510-PBD4F0154B8D0,2025-10-04T20:03:00,2025-10-04T16:17:39,session_start,0,0.0
2025-10,EVT-202510-BD4F0154B8D0-0039,SYN-202510-DBD4F0154B8D0,SYN-202510-PBD4F0154B8D0,2025-10-04T20:06:00,2025-10-04T16:17:39,ad_impression,0,0.1233
2025-10,EVT-202510-293567C932A5-0063,SYN-202510-D293567C932A5,SYN-202510-P293567C932A5,2025-10-04T20:09:00,2025-10-02T19:23:23,ad_impression,0,0.003
2025-10,EVT-202510-132595DB4699-0010,SYN-202510-D132595DB4699,SYN-202510-P132595DB4699,2025-10-04T20:10:00,2025-10-04T11:26:23,level_completed,1,0.0
2025-10,EVT-202510-C6EAD56651CE-0011,SYN-202510-DC6EAD56651CE,SYN-202510-PC6EAD56651CE,2025-10-04T20:11:00,2025-10-04T13:47:13,level_completed,1,0.0
2025-10,EVT-202510-A7D5FA0DB5A4-0003,SYN-202510-DA7D5FA0DB5A4,SYN-202510-PA7D5FA0DB5A4,2025-10-04T20:15:00,2025-10-04T15:07:37,session_start,0,0.0
2025-10,EVT-202510-BD4F0154B8D0-0012,SYN-202510-DBD4F0154B8D0,SYN-202510-PBD4F0154B8D0,2025-10-04T20:15:00,2025-10-04T16:17:39,level_completed,1,0.0
2025-10,EVT-202510-C98654952AF1-0020,SYN-202510-DC98654952AF1,SYN-202510-PC98654952AF1,2025-10-04T20:15:00,2025-10-04T01:15:39,level_completed,1,0.0
2025-10,EVT-202510-0E9AE87248A3-0119,SYN-202510-D0E9AE87248A3,SYN-202510-P0E9AE87248A3,2025-10-04T20:18:00,2025-10-04T04:48:22,ad_impression,0,0.0011
2025-10,EVT-202510-C6EAD56651CE-0004,SYN-202510-DC6EAD56651CE,SYN-202510-PC6EAD56651CE,2025-10-04T20:18:00,2025-10-04T13:47:13,session_start,0,0.0
2025-10,EVT-202510-D86488BBD699-0006,SYN-202510-DD86488BBD699,SYN-202510-PD86488BBD699,2025-10-04T20:19:00,2025-10-04T15:44:16,level_completed,1,0.0
2025-10,EVT-202510-0E9AE87248A3-0089,SYN-202510-D0E9AE87248A3,SYN-202510-P0E9AE87248A3,2025-10-04T20:22:00,2025-10-04T04:48:22,ad_impression,0,0.0011
2025-10,EVT-202510-D86488BBD699-0009,SYN-202510-DD86488BBD699,SYN-202510-PD86488BBD699,2025-10-04T20:23:00,2025-10-04T15:44:16,level_completed,1,0.0
2025-10,EVT-202510-A7D5FA0DB5A4-0006,SYN-202510-DA7D5FA0DB5A4,SYN-202510-PA7D5FA0DB5A4,2025-10-04T20:24:00,2025-10-04T15:07:37,level_completed,1,0.0
2025-10,EVT-202510-CD116610839D-0007,SYN-202510-DCD116610839D,SYN-202510-PCD116610839D,2025-10-04T20:24:00,2025-10-03T01:36:47,session_start,0,0.0
2025-10,EVT-202510-C98654952AF1-0018,SYN-202510-DC98654952AF1,SYN-202510-PC98654952AF1,2025-10-04T20:26:00,2025-10-04T01:15:39,level_completed,1,0.0
2025-10,EVT-202510-293567C932A5-0024,SYN-202510-D293567C932A5,SYN-202510-P293567C932A5,2025-10-04T20:27:00,2025-10-02T19:23:23,session_start,0,0.0
2025-10,EVT-202510-BD4F0154B8D0-0017,SYN-202510-DBD4F0154B8D0,SYN-202510-PBD4F0154B8D0,2025-10-04T20:31:00,2025-10-04T16:17:39,level_completed,1,0.0
2025-10,EVT-202510-D86488BBD699-0008,SYN-202510-DD86488BBD699,SYN-202510-PD86488BBD699,2025-10-04T20:31:00,2025-10-04T15:44:16,level_completed,1,0.0
2025-10,EVT-202510-DEE1747D7D6B-0010,SYN-202510-DDEE1747D7D6B,SYN-202510-PDEE1747D7D6B,2025-10-04T20:32:00,2025-10-01T06:23:43,session_start,0,0.0
2025-10,EVT-202510-BD4F0154B8D0-0019,SYN-202510-DBD4F0154B8D0,SYN-202510-PBD4F0154B8D0,2025-10-04T20:34:00,2025-10-04T16:17:39,level_completed,1,0.0
2025-10,EVT-202510-C98654952AF1-0015,SYN-202510-DC98654952AF1,SYN-202510-PC98654952AF1,2025-10-04T20:34:00,2025-10-04T01:15:39,level_completed,1,0.0
2025-10,EVT-202510-BD4F0154B8D0-0011,SYN-202510-DBD4F0154B8D0,SYN-202510-PBD4F0154B8D0,2025-10-04T20:35:00,2025-10-04T16:17:39,level_completed,1,0.0
2025-10,EVT-202510-BD4F0154B8D0-0020,SYN-202510-DBD4F0154B8D0,SYN-202510-PBD4F0154B8D0,2025-10-04T20:36:00,2025-10-04T16:17:39,level_completed,1,0.0
2025-10,EVT-202510-D86488BBD699-0004,SYN-202510-DD86488BBD699,SYN-202510-PD86488BBD699,2025-10-04T20:39:00,2025-10-04T15:44:16,level_completed,1,0.0
2025-10,EVT-202510-A7D5FA0DB5A4-0010,SYN-202510-DA7D5FA0DB5A4,SYN-202510-PA7D5FA0DB5A4,2025-10-04T20:40:00,2025-10-04T15:07:37,level_completed,1,0.0
2025-10,EVT-202510-D86488BBD699-0013,SYN-202510-DD86488BBD699,SYN-202510-PD86488BBD699,2025-10-04T20:40:00,2025-10-04T15:44:16,level_completed,1,0.0
2025-10,EVT-202510-C6EAD56651CE-0006,SYN-202510-DC6EAD56651CE,SYN-202510-PC6EAD56651CE,2025-10-04T20:41:00,2025-10-04T13:47:13,level_completed,1,0.0
2025-10,EVT-202510-C6EAD56651CE-0008,SYN-202510-DC6EAD56651CE,SYN-202510-PC6EAD56651CE,2025-10-04T20:41:00,2025-10-04T13:47:13,level_completed,1,0.0
2025-10,EVT-202510-0E9AE87248A3-0078,SYN-202510-D0E9AE87248A3,SYN-202510-P0E9AE87248A3,2025-10-04T20:43:00,2025-10-04T04:48:22,level_completed,1,0.0
2025-10,EVT-202510-A7D5FA0DB5A4-0016,SYN-202510-DA7D5FA0DB5A4,SYN-202510-PA7D5FA0DB5A4,2025-10-04T20:45:00,2025-10-04T15:07:37,level_completed,1,0.0
2025-10,EVT-202510-D86488BBD699-0007,SYN-202510-DD86488BBD699,SYN-202510-PD86488BBD699,2025-10-04T20:45:00,2025-10-04T15:44:16,level_completed,1,0.0
2025-10,EVT-202510-C6EAD56651CE-0007,SYN-202510-DC6EAD56651CE,SYN-202510-PC6EAD56651CE,2025-10-04T20:46:00,2025-10-04T13:47:13,level_completed,1,0.0
2025-10,EVT-202510-C98654952AF1-0008,SYN-202510-DC98654952AF1,SYN-202510-PC98654952AF1,2025-10-04T20:46:00,2025-10-04T01:15:39,level_completed,1,0.0
2025-10,EVT-202510-DEE1747D7D6B-0051,SYN-202510-DDEE1747D7D6B,SYN-202510-PDEE1747D7D6B,2025-10-04T20:46:00,2025-10-01T06:23:43,level_completed,1,0.0
2025-10,EVT-202510-0E9AE87248A3-0114,SYN-202510-D0E9AE87248A3,SYN-202510-P0E9AE87248A3,2025-10-04T20:47:00,2025-10-04T04:48:22,ad_impression,0,0.0011
2025-10,EVT-202510-C98654952AF1-0019,SYN-202510-DC98654952AF1,SYN-202510-PC98654952AF1,2025-10-04T20:47:00,2025-10-04T01:15:39,level_completed,1,0.0
2025-10,EVT-202510-EA40B541A75F-0003,SYN-202510-DEA40B541A75F,SYN-202510-PEA40B541A75F,2025-10-04T20:48:00,2025-10-02T13:37:02,session_start,0,0.0
2025-10,EVT-202510-293567C932A5-0042,SYN-202510-D293567C932A5,SYN-202510-P293567C932A5,2025-10-04T20:49:00,2025-10-02T19:23:23,level_completed,1,0.0
2025-10,EVT-202510-293567C932A5-0029,SYN-202510-D293567C932A5,SYN-202510-P293567C932A5,2025-10-04T20:50:00,2025-10-02T19:23:23,level_completed,1,0.0
2025-10,EVT-202510-347A0C30DC39-0010,SYN-202510-D347A0C30DC39,SYN-202510-P347A0C30DC39,2025-10-04T20:51:00,2025-10-04T14:30:07,level_completed,1,0.0
2025-10,EVT-202510-D86488BBD699-0010,SYN-202510-DD86488BBD699,SYN-202510-PD86488BBD699,2025-10-04T20:51:00,2025-10-04T15:44:16,level_completed,1,0.0
2025-10,EVT-202510-BD4F0154B8D0-0038,SYN-202510-DBD4F0154B8D0,SYN-202510-PBD4F0154B8D0,2025-10-04T20:53:00,2025-10-04T16:17:39,ad_impression,0,0.1233
2025-10,EVT-202510-DEE1747D7D6B-0104,SYN-202510-DDEE1747D7D6B,SYN-202510-PDEE1747D7D6B,2025-10-04T20:53:00,2025-10-01T06:23:43,level_completed,1,0.0
2025-10,EVT-202510-CD116610839D-0014,SYN-202510-DCD116610839D,SYN-202510-PCD116610839D,2025-10-04T20:54:00,2025-10-03T01:36:47,level_completed,1,0.0
2025-10,EVT-202510-BD4F0154B8D0-0015,SYN-202510-DBD4F0154B8D0,SYN-202510-PBD4F0154B8D0,2025-10-04T20:55:00,2025-10-04T16:17:39,level_completed,1,0.0
2025-10,EVT-202510-C6EAD56651CE-0010,SYN-202510-DC6EAD56651CE,SYN-202510-PC6EAD56651CE,2025-10-04T20:55:00,2025-10-04T13:47:13,level_completed,1,0.0
2025-10,EVT-202510-C6EAD56651CE-0015,SYN-202510-DC6EAD56651CE,SYN-202510-PC6EAD56651CE,2025-10-04T20:56:00,2025-10-04T13:47:13,level_completed,1,0.0
2025-10,EVT-202510-DEE1747D7D6B-0164,SYN-202510-DDEE1747D7D6B,SYN-202510-PDEE1747D7D6B,2025-10-04T20:56:00,2025-10-01T06:23:43,ad_impression,0,0.0039
2025-10,EVT-202510-CD116610839D-0012,SYN-202510-DCD116610839D,SYN-202510-PCD116610839D,2025-10-04T20:57:00,2025-10-03T01:36:47,level_completed,1,0.0
2025-10,EVT-202510-293567C932A5-0031,SYN-202510-D293567C932A5,SYN-202510-P293567C932A5,2025-10-04T20:59:00,2025-10-02T19:23:23,level_completed,1,0.0
2025-10,EVT-202510-DEE1747D7D6B-0098,SYN-202510-DDEE1747D7D6B,SYN-202510-PDEE1747D7D6B,2025-10-04T20:59:00,2025-10-01T06:23:43,level_completed,1,0.0
2025-10,EVT-202510-DEE1747D7D6B-0185,SYN-202510-DDEE1747D7D6B,SYN-202510-PDEE1747D7D6B,2025-10-04T20:59:00,2025-10-01T06:23:43,ad_impression,0,0.0039
2025-10,EVT-202510-A7D5FA0DB5A4-0015,SYN-202510-DA7D5FA0DB5A4,SYN-202510-PA7D5FA0DB5A4,2025-10-04T21:02:00,2025-10-04T15:07:37,level_completed,1,0.0
2025-10,EVT-202510-A7D5FA0DB5A4-0013,SYN-202510-DA7D5FA0DB5A4,SYN-202510-PA7D5FA0DB5A4,2025-10-04T21:05:00,2025-10-04T15:07:37,level_completed,1,0.0
2025-10,EVT-202510-BD4F0154B8D0-0024,SYN-202510-DBD4F0154B8D0,SYN-202510-PBD4F0154B8D0,2025-10-04T21:05:00,2025-10-04T16:17:39,level_completed,1,0.0
2025-10,EVT-202510-DEE1747D7D6B-0082,SYN-202510-DDEE1747D7D6B,SYN-202510-PDEE1747D7D6B,2025-10-04T21:06:00,2025-10-01T06:23:43,level_completed,1,0.0
2025-10,EVT-202510-BD4F0154B8D0-0040,SYN-202510-DBD4F0154B8D0,SYN-202510-PBD4F0154B8D0,2025-10-04T21:07:00,2025-10-04T16:17:39,ad_impression,0,0.1233
2025-10,EVT-202510-A7D5FA0DB5A4-0019,SYN-202510-DA7D5FA0DB5A4,SYN-202510-PA7D5FA0DB5A4,2025-10-04T21:08:00,2025-10-04T15:07:37,level_completed,1,0.0
2025-10,EVT-202510-DEE1747D7D6B-0073,SYN-202510-DDEE1747D7D6B,SYN-202510-PDEE1747D7D6B,2025-10-04T21:11:00,2025-10-01T06:23:43,level_completed,1,0.0
2025-10,EVT-202510-BD4F0154B8D0-0037,SYN-202510-DBD4F0154B8D0,SYN-202510-PBD4F0154B8D0,2025-10-04T21:14:00,2025-10-04T16:17:39,ad_impression,0,0.1233
2025-10,EVT-202510-DEE1747D7D6B-0069,SYN-202510-DDEE1747D7D6B,SYN-202510-PDEE1747D7D6B,2025-10-04T21:19:00,2025-10-01T06:23:43,level_completed,1,0.0
2025-10,EVT-202510-EA40B541A75F-0005,SYN-202510-DEA40B541A75F,SYN-202510-PEA40B541A75F,2025-10-04T21:23:00,2025-10-02T13:37:02,level_completed,1,0.0
2025-10,EVT-202510-DEE1747D7D6B-0130,SYN-202510-DDEE1747D7D6B,SYN-202510-PDEE1747D7D6B,2025-10-04T21:26:00,2025-10-01T06:23:43,level_completed,1,0.0
2025-10,EVT-202510-CD116610839D-0016,SYN-202510-DCD116610839D,SYN-202510-PCD116610839D,2025-10-04T21:29:00,2025-10-03T01:36:47,level_completed,1,0.0
2025-10,EVT-202510-DEE1747D7D6B-0075,SYN-202510-DDEE1747D7D6B,SYN-202510-PDEE1747D7D6B,2025-10-04T21:32:00,2025-10-01T06:23:43,level_completed,1,0.0
2025-10,EVT-202510-A7D5FA0DB5A4-0024,SYN-202510-DA7D5FA0DB5A4,SYN-202510-PA7D5FA0DB5A4,2025-10-04T21:36:00,2025-10-04T15:07:37,ad_impression,0,0.144
2025-10,EVT-202510-DEE1747D7D6B-0147,SYN-202510-DDEE1747D7D6B,SYN-202510-PDEE1747D7D6B,2025-10-04T21:37:00,2025-10-01T06:23:43,ad_impression,0,0.0039
2025-10,EVT-202510-DEE1747D7D6B-0045,SYN-202510-DDEE1747D7D6B,SYN-202510-PDEE1747D7D6B,2025-10-04T21:40:00,2025-10-01T06:23:43,level_completed,1,0.0
2025-10,EVT-202510-EA40B541A75F-0021,SYN-202510-DEA40B541A75F,SYN-202510-PEA40B541A75F,2025-10-04T21:40:00,2025-10-02T13:37:02,ad_impression,0,0.3629
2025-10,EVT-202510-0E9AE87248A3-0035,SYN-202510-D0E9AE87248A3,SYN-202510-P0E9AE87248A3,2025-10-04T21:41:00,2025-10-04T04:48:22,session_start,0,0.0
2025-10,EVT-202510-0E9AE87248A3-0039,SYN-202510-D0E9AE87248A3,SYN-202510-P0E9AE87248A3,2025-10-04T21:44:00,2025-10-04T04:48:22,level_completed,1,0.0
2025-10,EVT-202510-CD116610839D-0026,SYN-202510-DCD116610839D,SYN-202510-PCD116610839D,2025-10-04T21:45:00,2025-10-03T01:36:47,ad_impression,0,0.041
2025-10,EVT-202510-4BAFDACE030D-0004,SYN-202510-D4BAFDACE030D,SYN-202510-P4BAFDACE030D,2025-10-04T21:52:00,2025-10-03T11:23:04,session_start,0,0.0
2025-10,EVT-202510-DEE1747D7D6B-0119,SYN-202510-DDEE1747D7D6B,SYN-202510-PDEE1747D7D6B,2025-10-04T21:52:00,2025-10-01T06:23:43,level_completed,1,0.0
2025-10,EVT-202510-EA40B541A75F-0009,SYN-202510-DEA40B541A75F,SYN-202510-PEA40B541A75F,2025-10-04T21:55:00,2025-10-02T13:37:02,level_completed,1,0.0
2025-10,EVT-202510-4BAFDACE030D-0005,SYN-202510-D4BAFDACE030D,SYN-202510-P4BAFDACE030D,2025-10-04T21:59:00,2025-10-03T11:23:04,level_completed,1,0.0
2025-10,EVT-202510-4BAFDACE030D-0057,SYN-202510-D4BAFDACE030D,SYN-202510-P4BAFDACE030D,2025-10-04T21:59:00,2025-10-03T11:23:04,level_completed,1,0.0
2025-10,EVT-202510-DEE1747D7D6B-0158,SYN-202510-DDEE1747D7D6B,SYN-202510-PDEE1747D7D6B,2025-10-04T22:02:00,2025-10-01T06:23:43,ad_impression,0,0.0039
2025-10,EVT-202510-EA40B541A75F-0017,SYN-202510-DEA40B541A75F,SYN-202510-PEA40B541A75F,2025-10-04T22:04:00,2025-10-02T13:37:02,level_completed,1,0.0
2025-10,EVT-202510-347A0C30DC39-0009,SYN-202510-D347A0C30DC39,SYN-202510-P347A0C30DC39,2025-10-04T22:06:00,2025-10-04T14:30:07,session_start,0,0.0
2025-10,EVT-202510-C6EAD56651CE-0005,SYN-202510-DC6EAD56651CE,SYN-202510-PC6EAD56651CE,2025-10-04T22:06:00,2025-10-04T13:47:13,session_start,0,0.0
2025-10,EVT-202510-20C1AB5181D1-0005,SYN-202510-D20C1AB5181D1,SYN-202510-P20C1AB5181D1,2025-10-04T22:07:00,2025-10-03T10:59:55,session_start,0,0.0
2025-10,EVT-202510-EA40B541A75F-0006,SYN-202510-DEA40B541A75F,SYN-202510-PEA40B541A75F,2025-10-04T22:07:00,2025-10-02T13:37:02,level_completed,1,0.0
2025-10,EVT-202510-EA40B541A75F-0019,SYN-202510-DEA40B541A75F,SYN-202510-PEA40B541A75F,2025-10-04T22:15:00,2025-10-02T13:37:02,ad_impression,0,0.3629
2025-10,EVT-202510-4BAFDACE030D-0045,SYN-202510-D4BAFDACE030D,SYN-202510-P4BAFDACE030D,2025-10-04T22:16:00,2025-10-03T11:23:04,level_completed,1,0.0
2025-10,EVT-202510-20C1AB5181D1-0029,SYN-202510-D20C1AB5181D1,SYN-202510-P20C1AB5181D1,2025-10-04T22:18:00,2025-10-03T10:59:55,level_completed,1,0.0
2025-10,EVT-202510-20C1AB5181D1-0024,SYN-202510-D20C1AB5181D1,SYN-202510-P20C1AB5181D1,2025-10-04T22:19:00,2025-10-03T10:59:55,level_completed,1,0.0
2025-10,EVT-202510-20C1AB5181D1-0006,SYN-202510-D20C1AB5181D1,SYN-202510-P20C1AB5181D1,2025-10-04T22:20:00,2025-10-03T10:59:55,session_start,0,0.0
2025-10,EVT-202510-20C1AB5181D1-0018,SYN-202510-D20C1AB5181D1,SYN-202510-P20C1AB5181D1,2025-10-04T22:20:00,2025-10-03T10:59:55,level_completed,1,0.0
2025-10,EVT-202510-20C1AB5181D1-0022,SYN-202510-D20C1AB5181D1,SYN-202510-P20C1AB5181D1,2025-10-04T22:20:00,2025-10-03T10:59:55,level_completed,1,0.0
2025-10,EVT-202510-0E9AE87248A3-0065,SYN-202510-D0E9AE87248A3,SYN-202510-P0E9AE87248A3,2025-10-04T22:24:00,2025-10-04T04:48:22,level_completed,1,0.0
2025-10,EVT-202510-0E9AE87248A3-0079,SYN-202510-D0E9AE87248A3,SYN-202510-P0E9AE87248A3,2025-10-04T22:28:00,2025-10-04T04:48:22,level_completed,1,0.0
2025-10,EVT-202510-4BAFDACE030D-0009,SYN-202510-D4BAFDACE030D,SYN-202510-P4BAFDACE030D,2025-10-04T22:31:00,2025-10-03T11:23:04,level_completed,1,0.0
2025-10,EVT-202510-4BAFDACE030D-0013,SYN-202510-D4BAFDACE030D,SYN-202510-P4BAFDACE030D,2025-10-04T22:39:00,2025-10-03T11:23:04,level_completed,1,0.0
2025-10,EVT-202510-38AE4423E29D-0001,SYN-202510-D38AE4423E29D,SYN-202510-P38AE4423E29D,2025-10-04T22:40:00,2025-10-04T06:48:54,session_start,0,0.0
2025-10,EVT-202510-38AE4423E29D-0011,SYN-202510-D38AE4423E29D,SYN-202510-P38AE4423E29D,2025-10-04T22:42:00,2025-10-04T06:48:54,level_completed,1,0.0
2025-10,EVT-202510-38AE4423E29D-0027,SYN-202510-D38AE4423E29D,SYN-202510-P38AE4423E29D,2025-10-04T22:45:00,2025-10-04T06:48:54,level_completed,1,0.0
2025-10,EVT-202510-4BAFDACE030D-0063,SYN-202510-D4BAFDACE030D,SYN-202510-P4BAFDACE030D,2025-10-04T22:45:00,2025-10-03T11:23:04,ad_impression,0,0.0159
2025-10,EVT-202510-96F6A1B4BE7B-0011,SYN-202510-D96F6A1B4BE7B,SYN-202510-P96F6A1B4BE7B,2025-10-04T22:45:00,2025-10-02T07:27:04,session_start,0,0.0
2025-10,EVT-202510-38AE4423E29D-0010,SYN-202510-D38AE4423E29D,SYN-202510-P38AE4423E29D,2025-10-04T22:46:00,2025-10-04T06:48:54,level_completed,1,0.0
2025-10,EVT-202510-38AE4423E29D-0026,SYN-202510-D38AE4423E29D,SYN-202510-P38AE4423E29D,2025-10-04T22:46:00,2025-10-04T06:48:54,level_completed,1,0.0
2025-10,EVT-202510-38AE4423E29D-0005,SYN-202510-D38AE4423E29D,SYN-202510-P38AE4423E29D,2025-10-04T22:47:00,2025-10-04T06:48:54,level_completed,1,0.0
2025-10,EVT-202510-38AE4423E29D-0018,SYN-202510-D38AE4423E29D,SYN-202510-P38AE4423E29D,2025-10-04T22:47:00,2025-10-04T06:48:54,level_completed,1,0.0
2025-10,EVT-202510-4BAFDACE030D-0028,SYN-202510-D4BAFDACE030D,SYN-202510-P4BAFDACE030D,2025-10-04T22:47:00,2025-10-03T11:23:04,level_completed,1,0.0
2025-10,EVT-202510-4BAFDACE030D-0062,SYN-202510-D4BAFDACE030D,SYN-202510-P4BAFDACE030D,2025-10-04T22:50:00,2025-10-03T11:23:04,ad_impression,0,0.0159
2025-10,EVT-202510-4BAFDACE030D-0049,SYN-202510-D4BAFDACE030D,SYN-202510-P4BAFDACE030D,2025-10-04T22:53:00,2025-10-03T11:23:04,level_completed,1,0.0
2025-10,EVT-202510-347A0C30DC39-0014,SYN-202510-D347A0C30DC39,SYN-202510-P347A0C30DC39,2025-10-04T22:54:00,2025-10-04T14:30:07,level_completed,1,0.0
2025-10,EVT-202510-20C1AB5181D1-0008,SYN-202510-D20C1AB5181D1,SYN-202510-P20C1AB5181D1,2025-10-04T22:55:00,2025-10-03T10:59:55,level_completed,1,0.0
2025-10,EVT-202510-4BAFDACE030D-0038,SYN-202510-D4BAFDACE030D,SYN-202510-P4BAFDACE030D,2025-10-04T22:55:00,2025-10-03T11:23:04,level_completed,1,0.0
2025-10,EVT-202510-20C1AB5181D1-0013,SYN-202510-D20C1AB5181D1,SYN-202510-P20C1AB5181D1,2025-10-04T22:56:00,2025-10-03T10:59:55,level_completed,1,0.0
2025-10,EVT-202510-20C1AB5181D1-0017,SYN-202510-D20C1AB5181D1,SYN-202510-P20C1AB5181D1,2025-10-04T22:56:00,2025-10-03T10:59:55,level_completed,1,0.0
2025-10,EVT-202510-4BAFDACE030D-0010,SYN-202510-D4BAFDACE030D,SYN-202510-P4BAFDACE030D,2025-10-04T22:57:00,2025-10-03T11:23:04,level_completed,1,0.0
2025-10,EVT-202510-C6EAD56651CE-0012,SYN-202510-DC6EAD56651CE,SYN-202510-PC6EAD56651CE,2025-10-04T22:57:00,2025-10-04T13:47:13,level_completed,1,0.0
2025-10,EVT-202510-38AE4423E29D-0034,SYN-202510-D38AE4423E29D,SYN-202510-P38AE4423E29D,2025-10-04T22:58:00,2025-10-04T06:48:54,ad_impression,0,0.0278
2025-10,EVT-202510-38AE4423E29D-0035,SYN-202510-D38AE4423E29D,SYN-202510-P38AE4423E29D,2025-10-04T22:58:00,2025-10-04T06:48:54,ad_impression,0,0.0278
2025-10,EVT-202510-0E9AE87248A3-0036,SYN-202510-D0E9AE87248A3,SYN-202510-P0E9AE87248A3,2025-10-04T23:00:00,2025-10-04T04:48:22,session_start,0,0.0
2025-10,EVT-202510-0E9AE87248A3-0037,SYN-202510-D0E9AE87248A3,SYN-202510-P0E9AE87248A3,2025-10-04T23:00:00,2025-10-04T04:48:22,session_start,0,0.0
2025-10,EVT-202510-38AE4423E29D-0019,SYN-202510-D38AE4423E29D,SYN-202510-P38AE4423E29D,2025-10-04T23:00:00,2025-10-04T06:48:54,level_completed,1,0.0
2025-10,EVT-202510-38AE4423E29D-0013,SYN-202510-D38AE4423E29D,SYN-202510-P38AE4423E29D,2025-10-04T23:01:00,2025-10-04T06:48:54,level_completed,1,0.0
2025-10,EVT-202510-20C1AB5181D1-0031,SYN-202510-D20C1AB5181D1,SYN-202510-P20C1AB5181D1,2025-10-04T23:03:00,2025-10-03T10:59:55,level_completed,1,0.0
2025-10,EVT-202510-38AE4423E29D-0024,SYN-202510-D38AE4423E29D,SYN-202510-P38AE4423E29D,2025-10-04T23:05:00,2025-10-04T06:48:54,level_completed,1,0.0
2025-10,EVT-202510-38AE4423E29D-0015,SYN-202510-D38AE4423E29D,SYN-202510-P38AE4423E29D,2025-10-04T23:06:00,2025-10-04T06:48:54,level_completed,1,0.0
2025-10,EVT-202510-20C1AB5181D1-0019,SYN-202510-D20C1AB5181D1,SYN-202510-P20C1AB5181D1,2025-10-04T23:07:00,2025-10-03T10:59:55,level_completed,1,0.0
2025-10,EVT-202510-C6EAD56651CE-0014,SYN-202510-DC6EAD56651CE,SYN-202510-PC6EAD56651CE,2025-10-04T23:07:00,2025-10-04T13:47:13,level_completed,1,0.0
2025-10,EVT-202510-38AE4423E29D-0028,SYN-202510-D38AE4423E29D,SYN-202510-P38AE4423E29D,2025-10-04T23:10:00,2025-10-04T06:48:54,level_completed,1,0.0
2025-10,EVT-202510-38AE4423E29D-0003,SYN-202510-D38AE4423E29D,SYN-202510-P38AE4423E29D,2025-10-04T23:11:00,2025-10-04T06:48:54,level_completed,1,0.0
2025-10,EVT-202510-FD3847CC2CB6-0005,SYN-202510-DFD3847CC2CB6,SYN-202510-PFD3847CC2CB6,2025-10-04T23:11:00,2025-10-04T00:15:20,session_start,0,0.0
2025-10,EVT-202510-38AE4423E29D-0004,SYN-202510-D38AE4423E29D,SYN-202510-P38AE4423E29D,2025-10-04T23:13:00,2025-10-04T06:48:54,level_completed,1,0.0
2025-10,EVT-202510-4BAFDACE030D-0064,SYN-202510-D4BAFDACE030D,SYN-202510-P4BAFDACE030D,2025-10-04T23:14:00,2025-10-03T11:23:04,ad_impression,0,0.0159
2025-10,EVT-202510-FD3847CC2CB6-0006,SYN-202510-DFD3847CC2CB6,SYN-202510-PFD3847CC2CB6,2025-10-04T23:14:00,2025-10-04T00:15:20,session_start,0,0.0
2025-10,EVT-202510-96F6A1B4BE7B-0014,SYN-202510-D96F6A1B4BE7B,SYN-202510-P96F6A1B4BE7B,2025-10-04T23:15:00,2025-10-02T07:27:04,level_completed,1,0.0
2025-10,EVT-202510-38AE4423E29D-0012,SYN-202510-D38AE4423E29D,SYN-202510-P38AE4423E29D,2025-10-04T23:16:00,2025-10-04T06:48:54,level_completed,1,0.0
2025-10,EVT-202510-38AE4423E29D-0016,SYN-202510-D38AE4423E29D,SYN-202510-P38AE4423E29D,2025-10-04T23:19:00,2025-10-04T06:48:54,level_completed,1,0.0
2025-10,EVT-202510-A7D5FA0DB5A4-0004,SYN-202510-DA7D5FA0DB5A4,SYN-202510-PA7D5FA0DB5A4,2025-10-04T23:21:00,2025-10-04T15:07:37,session_start,0,0.0
2025-10,EVT-202510-96F6A1B4BE7B-0021,SYN-202510-D96F6A1B4BE7B,SYN-202510-P96F6A1B4BE7B,2025-10-04T23:22:00,2025-10-02T07:27:04,level_completed,1,0.0
2025-10,EVT-202510-FD3847CC2CB6-0026,SYN-202510-DFD3847CC2CB6,SYN-202510-PFD3847CC2CB6,2025-10-04T23:24:00,2025-10-04T00:15:20,level_completed,1,0.0
2025-10,EVT-202510-20C1AB5181D1-0026,SYN-202510-D20C1AB5181D1,SYN-202510-P20C1AB5181D1,2025-10-04T23:26:00,2025-10-03T10:59:55,level_completed,1,0.0
2025-10,EVT-202510-38AE4423E29D-0008,SYN-202510-D38AE4423E29D,SYN-202510-P38AE4423E29D,2025-10-04T23:26:00,2025-10-04T06:48:54,level_completed,1,0.0
2025-10,EVT-202510-38AE4423E29D-0022,SYN-202510-D38AE4423E29D,SYN-202510-P38AE4423E29D,2025-10-04T23:26:00,2025-10-04T06:48:54,level_completed,1,0.0
2025-10,EVT-202510-38AE4423E29D-0014,SYN-202510-D38AE4423E29D,SYN-202510-P38AE4423E29D,2025-10-04T23:27:00,2025-10-04T06:48:54,level_completed,1,0.0
2025-10,EVT-202510-132595DB4699-0004,SYN-202510-D132595DB4699,SYN-202510-P132595DB4699,2025-10-04T23:28:00,2025-10-04T11:26:23,session_start,0,0.0
2025-10,EVT-202510-38AE4423E29D-0009,SYN-202510-D38AE4423E29D,SYN-202510-P38AE4423E29D,2025-10-04T23:31:00,2025-10-04T06:48:54,level_completed,1,0.0
2025-10,EVT-202510-0E9AE87248A3-0038,SYN-202510-D0E9AE87248A3,SYN-202510-P0E9AE87248A3,2025-10-04T23:32:00,2025-10-04T04:48:22,session_start,0,0.0
2025-10,EVT-202510-A7D5FA0DB5A4-0022,SYN-202510-DA7D5FA0DB5A4,SYN-202510-PA7D5FA0DB5A4,2025-10-04T23:32:00,2025-10-04T15:07:37,ad_impression,0,0.144
2025-10,EVT-202510-A0FE78A7A58E-0003,SYN-202510-DA0FE78A7A58E,SYN-202510-PA0FE78A7A58E,2025-10-04T23:33:00,2025-10-04T05:34:31,session_start,0,0.0
2025-10,EVT-202510-0E9AE87248A3-0095,SYN-202510-D0E9AE87248A3,SYN-202510-P0E9AE87248A3,2025-10-04T23:34:00,2025-10-04T04:48:22,ad_impression,0,0.0011
2025-10,EVT-202510-38AE4423E29D-0007,SYN-202510-D38AE4423E29D,SYN-202510-P38AE4423E29D,2025-10-04T23:34:00,2025-10-04T06:48:54,level_completed,1,0.0
2025-10,EVT-202510-20C1AB5181D1-0035,SYN-202510-D20C1AB5181D1,SYN-202510-P20C1AB5181D1,2025-10-04T23:35:00,2025-10-03T10:59:55,ad_impression,0,0.0169
2025-10,EVT-202510-38AE4423E29D-0029,SYN-202510-D38AE4423E29D,SYN-202510-P38AE4423E29D,2025-10-04T23:35:00,2025-10-04T06:48:54,level_completed,1,0.0
2025-10,EVT-202510-38AE4423E29D-0031,SYN-202510-D38AE4423E29D,SYN-202510-P38AE4423E29D,2025-10-04T23:37:00,2025-10-04T06:48:54,level_completed,1,0.0
2025-10,EVT-202510-38AE4423E29D-0032,SYN-202510-D38AE4423E29D,SYN-202510-P38AE4423E29D,2025-10-04T23:39:00,2025-10-04T06:48:54,level_completed,1,0.0
2025-10,EVT-202510-38AE4423E29D-0021,SYN-202510-D38AE4423E29D,SYN-202510-P38AE4423E29D,2025-10-04T23:40:00,2025-10-04T06:48:54,level_completed,1,0.0
2025-10,EVT-202510-A0FE78A7A58E-0015,SYN-202510-DA0FE78A7A58E,SYN-202510-PA0FE78A7A58E,2025-10-04T23:40:00,2025-10-04T05:34:31,level_completed,1,0.0
2025-10,EVT-202510-A0FE78A7A58E-0019,SYN-202510-DA0FE78A7A58E,SYN-202510-PA0FE78A7A58E,2025-10-04T23:40:00,2025-10-04T05:34:31,level_completed,1,0.0
2025-10,EVT-202510-A7D5FA0DB5A4-0021,SYN-202510-DA7D5FA0DB5A4,SYN-202510-PA7D5FA0DB5A4,2025-10-04T23:41:00,2025-10-04T15:07:37,level_completed,1,0.0
2025-10,EVT-202510-FD3847CC2CB6-0030,SYN-202510-DFD3847CC2CB6,SYN-202510-PFD3847CC2CB6,2025-10-04T23:42:00,2025-10-04T00:15:20,ad_impression,0,0.0161
2025-10,EVT-202510-38AE4423E29D-0006,SYN-202510-D38AE4423E29D,SYN-202510-P38AE4423E29D,2025-10-04T23:44:00,2025-10-04T06:48:54,level_completed,1,0.0
2025-10,EVT-202510-38AE4423E29D-0023,SYN-202510-D38AE4423E29D,SYN-202510-P38AE4423E29D,2025-10-04T23:46:00,2025-10-04T06:48:54,level_completed,1,0.0
2025-10,EVT-202510-38AE4423E29D-0030,SYN-202510-D38AE4423E29D,SYN-202510-P38AE4423E29D,2025-10-04T23:47:00,2025-10-04T06:48:54,level_completed,1,0.0
2025-10,EVT-202510-38AE4423E29D-0017,SYN-202510-D38AE4423E29D,SYN-202510-P38AE4423E29D,2025-10-04T23:48:00,2025-10-04T06:48:54,level_completed,1,0.0
2025-10,EVT-202510-20C1AB5181D1-0032,SYN-202510-D20C1AB5181D1,SYN-202510-P20C1AB5181D1,2025-10-04T23:49:00,2025-10-03T10:59:55,ad_impression,0,0.0169
2025-10,EVT-202510-38AE4423E29D-0020,SYN-202510-D38AE4423E29D,SYN-202510-P38AE4423E29D,2025-10-04T23:51:00,2025-10-04T06:48:54,level_completed,1,0.0
2025-10,EVT-202510-96F6A1B4BE7B-0030,SYN-202510-D96F6A1B4BE7B,SYN-202510-P96F6A1B4BE7B,2025-10-04T23:52:00,2025-10-02T07:27:04,level_completed,1,0.0
2025-10,EVT-202510-A7D5FA0DB5A4-0011,SYN-202510-DA7D5FA0DB5A4,SYN-202510-PA7D5FA0DB5A4,2025-10-04T23:52:00,2025-10-04T15:07:37,level_completed,1,0.0
2025-10,EVT-202510-38AE4423E29D-0033,SYN-202510-D38AE4423E29D,SYN-202510-P38AE4423E29D,2025-10-04T23:53:00,2025-10-04T06:48:54,ad_impression,0,0.0278
2025-10,EVT-202510-38AE4423E29D-0002,SYN-202510-D38AE4423E29D,SYN-202510-P38AE4423E29D,2025-10-04T23:54:00,2025-10-04T06:48:54,level_completed,1,0.0
2025-10,EVT-202510-96F6A1B4BE7B-0016,SYN-202510-D96F6A1B4BE7B,SYN-202510-P96F6A1B4BE7B,2025-10-04T23:54:00,2025-10-02T07:27:04,level_completed,1,0.0
2025-10,EVT-202510-FD3847CC2CB6-0007,SYN-202510-DFD3847CC2CB6,SYN-202510-PFD3847CC2CB6,2025-10-04T23:54:00,2025-10-04T00:15:20,level_completed,1,0.0
2025-10,EVT-202510-FD3847CC2CB6-0023,SYN-202510-DFD3847CC2CB6,SYN-202510-PFD3847CC2CB6,2025-10-04T23:54:00,2025-10-04T00:15:20,level_completed,1,0.0
2025-10,EVT-202510-A7D5FA0DB5A4-0017,SYN-202510-DA7D5FA0DB5A4,SYN-202510-PA7D5FA0DB5A4,2025-10-04T23:56:00,2025-10-04T15:07:37,level_completed,1,0.0
2025-10,EVT-202510-38AE4423E29D-0025,SYN-202510-D38AE4423E29D,SYN-202510-P38AE4423E29D,2025-10-04T23:57:00,2025-10-04T06:48:54,level_completed,1,0.0
2025-10,EVT-202510-A0FE78A7A58E-0005,SYN-202510-DA0FE78A7A58E,SYN-202510-PA0FE78A7A58E,2025-10-04T23:58:00,2025-10-04T05:34:31,level_completed,1,0.0
2025-10,EVT-202510-96F6A1B4BE7B-0042,SYN-202510-D96F6A1B4BE7B,SYN-202510-P96F6A1B4BE7B,2025-10-05T00:00:00,2025-10-02T07:27:04,level_completed,1,0.0
2025-10,EVT-202510-FD3847CC2CB6-0012,SYN-202510-DFD3847CC2CB6,SYN-202510-PFD3847CC2CB6,2025-10-05T00:00:00,2025-10-04T00:15:20,level_completed,1,0.0
2025-10,EVT-202510-A7D5FA0DB5A4-0008,SYN-202510-DA7D5FA0DB5A4,SYN-202510-PA7D5FA0DB5A4,2025-10-05T00:03:00,2025-10-04T15:07:37,level_completed,1,0.0
2025-10,EVT-202510-A7D5FA0DB5A4-0009,SYN-202510-DA7D5FA0DB5A4,SYN-202510-PA7D5FA0DB5A4,2025-10-05T00:04:00,2025-10-04T15:07:37,level_completed,1,0.0
2025-10,EVT-202510-A7D5FA0DB5A4-0007,SYN-202510-DA7D5FA0DB5A4,SYN-202510-PA7D5FA0DB5A4,2025-10-05T00:06:00,2025-10-04T15:07:37,level_completed,1,0.0
2025-10,EVT-202510-A0FE78A7A58E-0018,SYN-202510-DA0FE78A7A58E,SYN-202510-PA0FE78A7A58E,2025-10-05T00:07:00,2025-10-04T05:34:31,level_completed,1,0.0
2025-10,EVT-202510-38AE4423E29D-0036,SYN-202510-D38AE4423E29D,SYN-202510-P38AE4423E29D,2025-10-05T00:09:00,2025-10-04T06:48:54,ad_impression,0,0.0278
2025-10,EVT-202510-FD3847CC2CB6-0013,SYN-202510-DFD3847CC2CB6,SYN-202510-PFD3847CC2CB6,2025-10-05T00:09:00,2025-10-04T00:15:20,level_completed,1,0.0
2025-10,EVT-202510-0E9AE87248A3-0048,SYN-202510-D0E9AE87248A3,SYN-202510-P0E9AE87248A3,2025-10-05T00:12:00,2025-10-04T04:48:22,level_completed,1,0.0
2025-10,EVT-202510-A7D5FA0DB5A4-0023,SYN-202510-DA7D5FA0DB5A4,SYN-202510-PA7D5FA0DB5A4,2025-10-05T00:12:00,2025-10-04T15:07:37,ad_impression,0,0.144
2025-10,EVT-202510-FD3847CC2CB6-0015,SYN-202510-DFD3847CC2CB6,SYN-202510-PFD3847CC2CB6,2025-10-05T00:16:00,2025-10-04T00:15:20,level_completed,1,0.0
2025-10,EVT-202510-0E9AE87248A3-0050,SYN-202510-D0E9AE87248A3,SYN-202510-P0E9AE87248A3,2025-10-05T00:17:00,2025-10-04T04:48:22,level_completed,1,0.0
2025-10,EVT-202510-FD3847CC2CB6-0019,SYN-202510-DFD3847CC2CB6,SYN-202510-PFD3847CC2CB6,2025-10-05T00:18:00,2025-10-04T00:15:20,level_completed,1,0.0
2025-10,EVT-202510-A0FE78A7A58E-0024,SYN-202510-DA0FE78A7A58E,SYN-202510-PA0FE78A7A58E,2025-10-05T00:19:00,2025-10-04T05:34:31,level_completed,1,0.0
2025-10,EVT-202510-A0FE78A7A58E-0032,SYN-202510-DA0FE78A7A58E,SYN-202510-PA0FE78A7A58E,2025-10-05T00:19:00,2025-10-04T05:34:31,ad_impression,0,0.0429
2025-10,EVT-202510-0E9AE87248A3-0091,SYN-202510-D0E9AE87248A3,SYN-202510-P0E9AE87248A3,2025-10-05T00:23:00,2025-10-04T04:48:22,ad_impression,0,0.0011
2025-10,EVT-202510-FD3847CC2CB6-0008,SYN-202510-DFD3847CC2CB6,SYN-202510-PFD3847CC2CB6,2025-10-05T00:33:00,2025-10-04T00:15:20,level_completed,1,0.0
2025-10,EVT-202510-0E9AE87248A3-0058,SYN-202510-D0E9AE87248A3,SYN-202510-P0E9AE87248A3,2025-10-05T00:45:00,2025-10-04T04:48:22,level_completed,1,0.0
2025-10,EVT-202510-DEE1747D7D6B-0011,SYN-202510-DDEE1747D7D6B,SYN-202510-PDEE1747D7D6B,2025-10-05T01:15:00,2025-10-01T06:23:43,session_start,0,0.0
2025-10,EVT-202510-DEE1747D7D6B-0064,SYN-202510-DDEE1747D7D6B,SYN-202510-PDEE1747D7D6B,2025-10-05T01:28:00,2025-10-01T06:23:43,level_completed,1,0.0
2025-10,EVT-202510-DEE1747D7D6B-0055,SYN-202510-DDEE1747D7D6B,SYN-202510-PDEE1747D7D6B,2025-10-05T01:40:00,2025-10-01T06:23:43,level_completed,1,0.0
2025-10,EVT-202510-DEE1747D7D6B-0093,SYN-202510-DDEE1747D7D6B,SYN-202510-PDEE1747D7D6B,2025-10-05T01:56:00,2025-10-01T06:23:43,level_completed,1,0.0
2025-10,EVT-202510-DEE1747D7D6B-0135,SYN-202510-DDEE1747D7D6B,SYN-202510-PDEE1747D7D6B,2025-10-05T01:57:00,2025-10-01T06:23:43,level_completed,1,0.0
2025-10,EVT-202510-DEE1747D7D6B-0160,SYN-202510-DDEE1747D7D6B,SYN-202510-PDEE1747D7D6B,2025-10-05T01:58:00,2025-10-01T06:23:43,ad_impression,0,0.0039
2025-10,EVT-202510-DEE1747D7D6B-0141,SYN-202510-DDEE1747D7D6B,SYN-202510-PDEE1747D7D6B,2025-10-05T01:59:00,2025-10-01T06:23:43,ad_impression,0,0.0039
2025-10,EVT-202510-DEE1747D7D6B-0128,SYN-202510-DDEE1747D7D6B,SYN-202510-PDEE1747D7D6B,2025-10-05T02:05:00,2025-10-01T06:23:43,level_completed,1,0.0
2025-10,EVT-202510-DEE1747D7D6B-0121,SYN-202510-DDEE1747D7D6B,SYN-202510-PDEE1747D7D6B,2025-10-05T02:09:00,2025-10-01T06:23:43,level_completed,1,0.0
2025-10,EVT-202510-DEE1747D7D6B-0054,SYN-202510-DDEE1747D7D6B,SYN-202510-PDEE1747D7D6B,2025-10-05T02:12:00,2025-10-01T06:23:43,level_completed,1,0.0
2025-10,EVT-202510-DEE1747D7D6B-0148,SYN-202510-DDEE1747D7D6B,SYN-202510-PDEE1747D7D6B,2025-10-05T02:13:00,2025-10-01T06:23:43,ad_impression,0,0.0039
2025-10,EVT-202510-DEE1747D7D6B-0086,SYN-202510-DDEE1747D7D6B,SYN-202510-PDEE1747D7D6B,2025-10-05T02:15:00,2025-10-01T06:23:43,level_completed,1,0.0
2025-10,EVT-202510-DEE1747D7D6B-0074,SYN-202510-DDEE1747D7D6B,SYN-202510-PDEE1747D7D6B,2025-10-05T02:17:00,2025-10-01T06:23:43,level_completed,1,0.0
2025-10,EVT-202510-DEE1747D7D6B-0012,SYN-202510-DDEE1747D7D6B,SYN-202510-PDEE1747D7D6B,2025-10-05T04:07:00,2025-10-01T06:23:43,session_start,0,0.0
2025-10,EVT-202510-DEE1747D7D6B-0092,SYN-202510-DDEE1747D7D6B,SYN-202510-PDEE1747D7D6B,2025-10-05T04:11:00,2025-10-01T06:23:43,level_completed,1,0.0
2025-10,EVT-202510-DEE1747D7D6B-0151,SYN-202510-DDEE1747D7D6B,SYN-202510-PDEE1747D7D6B,2025-10-05T04:16:00,2025-10-01T06:23:43,ad_impression,0,0.0039
2025-10,EVT-202510-DEE1747D7D6B-0171,SYN-202510-DDEE1747D7D6B,SYN-202510-PDEE1747D7D6B,2025-10-05T04:25:00,2025-10-01T06:23:43,ad_impression,0,0.0039
2025-10,EVT-202510-DEE1747D7D6B-0056,SYN-202510-DDEE1747D7D6B,SYN-202510-PDEE1747D7D6B,2025-10-05T04:28:00,2025-10-01T06:23:43,level_completed,1,0.0
2025-10,EVT-202510-DEE1747D7D6B-0146,SYN-202510-DDEE1747D7D6B,SYN-202510-PDEE1747D7D6B,2025-10-05T04:37:00,2025-10-01T06:23:43,ad_impression,0,0.0039
2025-10,EVT-202510-DEE1747D7D6B-0142,SYN-202510-DDEE1747D7D6B,SYN-202510-PDEE1747D7D6B,2025-10-05T04:51:00,2025-10-01T06:23:43,ad_impression,0,0.0039
2025-10,EVT-202510-DEE1747D7D6B-0169,SYN-202510-DDEE1747D7D6B,SYN-202510-PDEE1747D7D6B,2025-10-05T04:51:00,2025-10-01T06:23:43,ad_impression,0,0.0039
2025-10,EVT-202510-DEE1747D7D6B-0084,SYN-202510-DDEE1747D7D6B,SYN-202510-PDEE1747D7D6B,2025-10-05T04:54:00,2025-10-01T06:23:43,level_completed,1,0.0
2025-10,EVT-202510-DEE1747D7D6B-0138,SYN-202510-DDEE1747D7D6B,SYN-202510-PDEE1747D7D6B,2025-10-05T04:55:00,2025-10-01T06:23:43,level_completed,1,0.0
2025-10,EVT-202510-DEE1747D7D6B-0087,SYN-202510-DDEE1747D7D6B,SYN-202510-PDEE1747D7D6B,2025-10-05T04:59:00,2025-10-01T06:23:43,level_completed,1,0.0
2025-10,EVT-202510-DEE1747D7D6B-0023,SYN-202510-DDEE1747D7D6B,SYN-202510-PDEE1747D7D6B,2025-10-05T05:05:00,2025-10-01T06:23:43,level_completed,1,0.0
2025-10,EVT-202510-DEE1747D7D6B-0133,SYN-202510-DDEE1747D7D6B,SYN-202510-PDEE1747D7D6B,2025-10-05T05:06:00,2025-10-01T06:23:43,level_completed,1,0.0
2025-10,EVT-202510-DEE1747D7D6B-0101,SYN-202510-DDEE1747D7D6B,SYN-202510-PDEE1747D7D6B,2025-10-05T05:25:00,2025-10-01T06:23:43,level_completed,1,0.0
2025-10,EVT-202510-7704ED0111AA-0013,SYN-202510-D7704ED0111AA,SYN-202510-P7704ED0111AA,2025-10-05T07:49:00,2025-10-01T05:57:44,session_start,0,0.0
2025-10,EVT-202510-7704ED0111AA-0024,SYN-202510-D7704ED0111AA,SYN-202510-P7704ED0111AA,2025-10-05T08:07:00,2025-10-01T05:57:44,level_completed,1,0.0
2025-10,EVT-202510-7704ED0111AA-0035,SYN-202510-D7704ED0111AA,SYN-202510-P7704ED0111AA,2025-10-05T08:40:00,2025-10-01T05:57:44,level_completed,1,0.0
2025-10,EVT-202510-7704ED0111AA-0014,SYN-202510-D7704ED0111AA,SYN-202510-P7704ED0111AA,2025-10-05T12:53:31,2025-10-01T05:57:44,session_start,0,0.0
2025-10,EVT-202510-7704ED0111AA-0015,SYN-202510-D7704ED0111AA,SYN-202510-P7704ED0111AA,2025-10-05T12:53:31,2025-10-01T05:57:44,session_start,0,0.0
2025-10,EVT-202510-7704ED0111AA-0021,SYN-202510-D7704ED0111AA,SYN-202510-P7704ED0111AA,2025-10-05T12:53:31,2025-10-01T05:57:44,level_completed,1,0.0
2025-10,EVT-202510-7704ED0111AA-0028,SYN-202510-D7704ED0111AA,SYN-202510-P7704ED0111AA,2025-10-05T12:53:31,2025-10-01T05:57:44,level_completed,1,0.0
2025-10,EVT-202510-7704ED0111AA-0042,SYN-202510-D7704ED0111AA,SYN-202510-P7704ED0111AA,2025-10-05T12:53:31,2025-10-01T05:57:44,ad_impression,0,0.046
2025-10,EVT-202510-7704ED0111AA-0048,SYN-202510-D7704ED0111AA,SYN-202510-P7704ED0111AA,2025-10-05T12:53:31,2025-10-01T05:57:44,ad_impression,0,0.046
2025-10,EVT-202510-DEE1747D7D6B-0013,SYN-202510-DDEE1747D7D6B,SYN-202510-PDEE1747D7D6B,2025-10-05T12:53:31,2025-10-01T06:23:43,session_start,0,0.0
2025-10,EVT-202510-DEE1747D7D6B-0034,SYN-202510-DDEE1747D7D6B,SYN-202510-PDEE1747D7D6B,2025-10-05T12:53:31,2025-10-01T06:23:43,level_completed,1,0.0
2025-10,EVT-202510-DEE1747D7D6B-0040,SYN-202510-DDEE1747D7D6B,SYN-202510-PDEE1747D7D6B,2025-10-05T12:53:31,2025-10-01T06:23:43,level_completed,1,0.0
2025-10,EVT-202510-DEE1747D7D6B-0042,SYN-202510-DDEE1747D7D6B,SYN-202510-PDEE1747D7D6B,2025-10-05T12:53:31,2025-10-01T06:23:43,level_completed,1,0.0
2025-10,EVT-202510-DEE1747D7D6B-0047,SYN-202510-DDEE1747D7D6B,SYN-202510-PDEE1747D7D6B,2025-10-05T12:53:31,2025-10-01T06:23:43,level_completed,1,0.0
2025-10,EVT-202510-DEE1747D7D6B-0060,SYN-202510-DDEE1747D7D6B,SYN-202510-PDEE1747D7D6B,2025-10-05T12:53:31,2025-10-01T06:23:43,level_completed,1,0.0
2025-10,EVT-202510-DEE1747D7D6B-0061,SYN-202510-DDEE1747D7D6B,SYN-202510-PDEE1747D7D6B,2025-10-05T12:53:31,2025-10-01T06:23:43,level_completed,1,0.0
2025-10,EVT-202510-DEE1747D7D6B-0078,SYN-202510-DDEE1747D7D6B,SYN-202510-PDEE1747D7D6B,2025-10-05T12:53:31,2025-10-01T06:23:43,level_completed,1,0.0
2025-10,EVT-202510-DEE1747D7D6B-0096,SYN-202510-DDEE1747D7D6B,SYN-202510-PDEE1747D7D6B,2025-10-05T12:53:31,2025-10-01T06:23:43,level_completed,1,0.0
2025-10,EVT-202510-DEE1747D7D6B-0106,SYN-202510-DDEE1747D7D6B,SYN-202510-PDEE1747D7D6B,2025-10-05T12:53:31,2025-10-01T06:23:43,level_completed,1,0.0
2025-10,EVT-202510-DEE1747D7D6B-0115,SYN-202510-DDEE1747D7D6B,SYN-202510-PDEE1747D7D6B,2025-10-05T12:53:31,2025-10-01T06:23:43,level_completed,1,0.0
2025-10,EVT-202510-DEE1747D7D6B-0144,SYN-202510-DDEE1747D7D6B,SYN-202510-PDEE1747D7D6B,2025-10-05T12:53:31,2025-10-01T06:23:43,ad_impression,0,0.0039
2025-10,EVT-202510-DEE1747D7D6B-0156,SYN-202510-DDEE1747D7D6B,SYN-202510-PDEE1747D7D6B,2025-10-05T12:53:31,2025-10-01T06:23:43,ad_impression,0,0.0039
2025-10,EVT-202510-DEE1747D7D6B-0165,SYN-202510-DDEE1747D7D6B,SYN-202510-PDEE1747D7D6B,2025-10-05T12:53:31,2025-10-01T06:23:43,ad_impression,0,0.0039
2025-10,EVT-202510-DEE1747D7D6B-0172,SYN-202510-DDEE1747D7D6B,SYN-202510-PDEE1747D7D6B,2025-10-05T12:53:31,2025-10-01T06:23:43,ad_impression,0,0.0039
2025-10,EVT-202510-DEE1747D7D6B-0173,SYN-202510-DDEE1747D7D6B,SYN-202510-PDEE1747D7D6B,2025-10-05T12:53:31,2025-10-01T06:23:43,ad_impression,0,0.0039
2025-10,EVT-202510-DEE1747D7D6B-0182,SYN-202510-DDEE1747D7D6B,SYN-202510-PDEE1747D7D6B,2025-10-05T12:53:31,2025-10-01T06:23:43,ad_impression,0,0.0039
