month,device_id,person_id,install_timestamp,source,campaign,creative,platform,region_group,is_test_market,lifecycle,tracking_available
2025-08,SYN-202508-D00001,SYN-202508-P00001,2025-08-17T09:13:00,Store Search,Store Intent,Playable Puzzle H,iOS,LATAM,False,active,True
2025-08,SYN-202508-D00002,SYN-202508-P00002,2025-08-17T15:32:00,Store Search,Store Intent,Playable Puzzle H,iOS,North America,False,active,True
2025-08,SYN-202508-D00003,SYN-202508-P00003,2025-08-02T07:08:00,Discovery Network,Discovery Rewarded,Progress Video G,Android,Western Europe,False,stopped,True
2025-08,SYN-202508-D00004,SYN-202508-P00004,2025-08-08T03:53:00,Game Network,Playable Broad,Playable Puzzle C,iOS,North America,False,active,True
2025-08,SYN-202508-D00005,SYN-202508-P00005,2025-08-05T16:46:00,Game Network,Playable Broad,Reward Story C,iOS,North America,False,active,True
2025-08,SYN-202508-D00006,SYN-202508-P00006,2025-08-08T03:00:00,Game Network,Playable Broad,Playable Puzzle C,iOS,APAC,False,active,True
2025-08,SYN-202508-D00007,SYN-202508-P00007,2025-08-12T11:50:00,Social Network,Social Gameplay,Progress Video E,iOS,Western Europe,False,active,True
2025-08,SYN-202508-D00008,SYN-202508-P00008,2025-08-26T12:18:00,Search Network,Search Value Global,Reward Story A,Android,North America,False,active,True
2025-08,SYN-202508-D00009,SYN-202508-P00009,2025-08-22T23:02:00,Game Network,Playable Premium,Reward Story D,iOS,Test Market,True,active,True
2025-08,SYN-202508-D00010,SYN-202508-P00010,2025-08-14T15:11:00,Search Network,Search Value Global,Playable Puzzle A,Android,North America,False,active,True
2025-08,SYN-202508-D00011,SYN-202508-P00011,2025-08-20T21:18:00,Search Network,Search Value Global,Progress Video A,Android,Western Europe,False,active,True
2025-08,SYN-202508-D00012,SYN-202508-P00012,2025-08-14T21:41:00,Search Network,Search Value Global,Playable Puzzle A,Android,North America,False,active,True
2025-08,SYN-202508-D00013,SYN-202508-P00013,2025-08-13T18:41:00,Discovery Network,Discovery Rewarded,Playable Puzzle G,Android,APAC,False,stopped,True
2025-08,SYN-202508-D00014,SYN-202508-P00014,2025-08-28T00:48:00,Social Network,Social Gameplay,Reward Story E,iOS,APAC,False,active,True
2025-08,SYN-202508-D00015,SYN-202508-P00015,2025-08-06T18:20:00,Discovery Network,Discovery Rewarded,Progress Video G,Android,APAC,False,stopped,True
2025-08,SYN-202508-D00016,SYN-202508-P00016,2025-08-22T20:07:00,Search Network,Search Value Global,Playable Puzzle A,Android,Western Europe,False,active,True
2025-08,SYN-202508-D00017,SYN-202508-P00017,2025-08-15T12:01:00,Store Search,Store Intent,Playable Puzzle H,iOS,APAC,False,active,True
2025-08,SYN-202508-D00018,SYN-202508-P00018,2025-08-26T13:43:00,Game Network,Playable Premium,Progress Video D,iOS,LATAM,False,active,True
2025-08,SYN-202508-D00019,SYN-202508-P00019,2025-08-14T17:15:00,Game Network,Playable Broad,Playable Puzzle C,iOS,APAC,False,active,True
2025-08,SYN-202508-D00020,SYN-202508-P00020,2025-08-18T13:45:00,Game Network,Playable Premium,Reward Story D,iOS,LATAM,False,active,True
2025-08,SYN-202508-D00021,SYN-202508-P00021,2025-08-05T07:33:00,Store Search,Store Intent,Reward Story H,iOS,Western Europe,False,active,True
2025-08,SYN-202508-D00022,SYN-202508-P00022,2025-08-24T17:59:00,Game Network,Playable Broad,Progress Video C,iOS,Western Europe,False,active,True
2025-08,SYN-202508-D00023,SYN-202508-P00023,2025-08-22T23:00:00,Game Network,Playable Premium,Progress Video D,iOS,Western Europe,False,active,True
2025-08,SYN-202508-D00024,SYN-202508-P00024,2025-08-10T00:19:00,Search Network,Search Value North,Reward Story B,Android,Test Market,True,active,True
2025-08,SYN-202508-D00025,SYN-202508-P00025,2025-08-11T08:49:00,Search Network,Search Value North,Progress Video B,Android,North America,False,active,True
2025-08,SYN-202508-D00026,SYN-202508-P00026,2025-08-08T05:56:00,Store Search,Store Intent,Reward Story H,iOS,APAC,False,active,True
2025-08,SYN-202508-D00027,SYN-202508-P00027,2025-08-21T16:24:00,Game Network,Playable Broad,Playable Puzzle C,iOS,APAC,False,active,True
2025-08,SYN-202508-D00028,SYN-202508-P00028,2025-08-11T03:47:00,Store Search,Store Intent,Progress Video H,iOS,LATAM,False,active,True
2025-08,SYN-202508-D00029,SYN-202508-P00029,2025-08-31T03:50:00,Store Search,Store Intent,Reward Story H,iOS,Western Europe,False,active,True
2025-08,SYN-202508-D00030,SYN-202508-P00030,2025-08-03T07:06:00,Game Network,Playable Premium,Progress Video D,iOS,North America,False,active,True
2025-08,SYN-202508-D00031,SYN-202508-P00031,2025-08-20T03:24:00,Game Network,Playable Broad,Playable Puzzle C,iOS,Western Europe,False,active,True
2025-08,SYN-202508-D00032,SYN-202508-P00032,2025-08-21T03:31:00,Game Network,Playable Premium,Playable Puzzle D,iOS,Western Europe,False,active,True
2025-08,SYN-202508-D00033,SYN-202508-P00033,2025-08-12T00:51:00,Social Network,Social Gameplay,Playable Puzzle E,iOS,North America,False,active,True
2025-08,SYN-202508-D00034,SYN-202508-P00034,2025-08-18T16:55:00,Store Search,Store Intent,Reward Story H,iOS,Western Europe,False,active,True
2025-08,SYN-202508-D00035,SYN-202508-P00035,2025-08-14T20:48:00,Search Network,Search Value Global,Playable Puzzle A,Android,APAC,False,active,True
2025-08,SYN-202508-D00036,SYN-202508-P00036,2025-08-10T15:00:00,Store Search,Store Intent,Playable Puzzle H,iOS,Test Market,True,active,True
2025-08,SYN-202508-D00037,SYN-202508-P00037,2025-08-25T00:55:00,Store Search,Store Intent,Progress Video H,iOS,North America,False,active,True
2025-08,SYN-202508-D00038,SYN-202508-P00038,2025-08-14T19:09:00,Search Network,Search Value North,Playable Puzzle B,Android,APAC,False,active,True
2025-08,SYN-202508-D00039,SYN-202508-P00039,2025-08-07T19:43:00,Store Search,Store Intent,Playable Puzzle H,iOS,Western Europe,False,active,True
2025-08,SYN-202508-D00040,SYN-202508-P00040,2025-08-24T14:24:00,Search Network,Search Value Global,Playable Puzzle A,Android,LATAM,False,active,True
2025-08,SYN-202508-D00041,SYN-202508-P00041,2025-08-08T04:57:00,Game Network,Playable Premium,Progress Video D,iOS,North America,False,active,True
2025-08,SYN-202508-D00042,SYN-202508-P00042,2025-08-25T15:00:00,Social Network,Social Gameplay,Progress Video E,iOS,North America,False,active,True
2025-08,SYN-202508-D00043,SYN-202508-P00043,2025-08-13T13:20:00,Social Network,Social Lifestyle,Playable Puzzle F,iOS,North America,False,stopped,True
2025-08,SYN-202508-D00044,SYN-202508-P00044,2025-08-04T23:11:00,Game Network,Playable Broad,Playable Puzzle C,iOS,North America,False,active,True
2025-08,SYN-202508-D00045,SYN-202508-P00045,2025-08-13T18:03:00,Search Network,Search Value North,Reward Story B,Android,LATAM,False,active,True
2025-08,SYN-202508-D00046,SYN-202508-P00046,2025-08-21T18:06:00,Social Network,Social Gameplay,Progress Video E,iOS,APAC,False,active,True
2025-08,SYN-202508-D00047,SYN-202508-P00047,2025-08-09T13:13:00,Social Network,Social Lifestyle,Progress Video F,iOS,North America,False,stopped,True
2025-08,SYN-202508-D00048,SYN-202508-P00048,2025-08-27T21:26:00,Search Network,Search Value Global,Progress Video A,Android,North America,False,active,True
2025-08,SYN-202508-D00049,SYN-202508-P00049,2025-08-14T05:11:00,Social Network,Social Lifestyle,Progress Video F,iOS,LATAM,False,stopped,True
2025-08,SYN-202508-D00050,SYN-202508-P00050,2025-08-11T07:08:00,Social Network,Social Lifestyle,Playable Puzzle F,iOS,Western Europe,False,stopped,True
2025-08,SYN-202508-D00051,SYN-202508-P00051,2025-08-13T14:22:00,Store Search,Store Intent,Progress Video H,iOS,APAC,False,active,True
2025-08,SYN-202508-D00052,SYN-202508-P00052,2025-08-08T13:04:00,Social Network,Social Gameplay,Progress Video E,iOS,Western Europe,False,active,True
2025-08,SYN-202508-D00053,SYN-202508-P00053,2025-08-05T14:04:00,Social Network,Social Lifestyle,Playable Puzzle F,iOS,North America,False,stopped,False
2025-08,SYN-202508-D00054,SYN-202508-P00054,2025-08-16T13:22:00,Social Network,Social Gameplay,Playable Puzzle E,iOS,North America,False,active,False
2025-08,SYN-202508-D00055,SYN-202508-P00055,2025-08-05T03:31:00,Search Network,Search Value North,Progress Video B,Android,North America,False,active,False
2025-08,SYN-202508-D00056,SYN-202508-P00056,2025-08-03T08:39:00,Discovery Network,Discovery Rewarded,Progress Video G,Android,Western Europe,False,stopped,True
2025-08,SYN-202508-D00057,SYN-202508-P00057,2025-08-04T08:02:00,Game Network,Playable Premium,Playable Puzzle D,iOS,North America,False,active,True
2025-08,SYN-202508-D00058,SYN-202508-P00058,2025-08-23T18:19:00,Game Network,Playable Premium,Reward Story D,iOS,North America,False,active,True
2025-08,SYN-202508-D00059,SYN-202508-P00059,2025-08-28T16:51:00,Social Network,Social Gameplay,Playable Puzzle E,iOS,North America,False,active,True
2025-08,SYN-202508-D00060,SYN-202508-P00060,2025-08-07T11:35:00,Discovery Network,Discovery Rewarded,Progress Video G,Android,Western Europe,False,stopped,False
2025-08,SYN-202508-D00061,SYN-202508-P00061,2025-08-10T10:10:00,Game Network,Playable Broad,Reward Story C,iOS,North America,False,active,True
2025-08,SYN-202508-D00062,SYN-202508-P00062,2025-08-23T13:53:00,Game Network,Playable Broad,Progress Video C,iOS,North America,False,active,True
2025-08,SYN-202508-D00063,SYN-202508-P00063,2025-08-20T20:44:00,Store Search,Store Intent,Playable Puzzle H,iOS,APAC,False,active,False
2025-08,SYN-202508-D00064,SYN-202508-P00064,2025-08-10T00:29:00,Social Network,Social Gameplay,Progress Video E,iOS,APAC,False,active,True
2025-08,SYN-202508-D00065,SYN-202508-P00065,2025-08-08T02:30:00,Search Network,Search Value North,Playable Puzzle B,Android,LATAM,False,active,True
2025-08,SYN-202508-D00066,SYN-202508-P00066,2025-08-11T04:47:00,Social Network,Social Gameplay,Progress Video E,iOS,North America,False,active,True
2025-08,SYN-202508-D00067,SYN-202508-P00067,2025-08-05T09:41:00,Discovery Network,Discovery Rewarded,Playable Puzzle G,Android,APAC,False,stopped,True
2025-08,SYN-202508-D00068,SYN-202508-P00068,2025-08-20T14:59:00,Game Network,Playable Broad,Reward Story C,iOS,Western Europe,False,active,True
2025-08,SYN-202508-D00069,SYN-202508-P00069,2025-08-05T08:13:00,Game Network,Playable Broad,Reward Story C,iOS,APAC,False,active,True
2025-08,SYN-202508-D00070,SYN-202508-P00070,2025-08-31T23:30:00,Store Search,Store Intent,Progress Video H,iOS,North America,False,active,True
2025-08,SYN-202508-D00071,SYN-202508-P00071,2025-08-21T20:55:00,Game Network,Playable Premium,Reward Story D,iOS,APAC,False,active,False
2025-08,SYN-202508-D00072,SYN-202508-P00072,2025-08-14T04:33:00,Search Network,Search Value North,Reward Story B,Android,North America,False,active,True
2025-08,SYN-202508-D00073,SYN-202508-P00073,2025-08-09T11:13:00,Social Network,Social Gameplay,Playable Puzzle E,iOS,North America,False,active,True
2025-08,SYN-202508-D00074,SYN-202508-P00074,2025-08-09T11:04:00,Search Network,Search Value Global,Playable Puzzle A,Android,North America,False,active,False
2025-08,SYN-202508-D00075,SYN-202508-P00075,2025-08-16T17:32:00,Discovery Network,Discovery Rewarded,Progress Video G,Android,APAC,False,stopped,True
2025-08,SYN-202508-D00076,SYN-202508-P00076,2025-08-24T15:26:00,Social Network,Social Gameplay,Playable Puzzle E,iOS,North America,False,active,True
2025-08,SYN-202508-D00077,SYN-202508-P00077,2025-08-16T14:34:00,Game Network,Playable Broad,Playable Puzzle C,iOS,Western Europe,False,active,True
2025-08,SYN-202508-D00078,SYN-202508-P00078,2025-08-18T07:56:00,Social Network,Social Gameplay,Playable Puzzle E,iOS,North America,False,active,True
2025-08,SYN-202508-D00079,SYN-202508-P00079,2025-08-11T20:13:00,Social Network,Social Gameplay,Playable Puzzle E,iOS,Western Europe,False,active,True
2025-08,SYN-202508-D00080,SYN-202508-P00080,2025-08-26T06:31:00,Game Network,Playable Broad,Reward Story C,iOS,Western Europe,False,active,True
2025-08,SYN-202508-D00081,SYN-202508-P00081,2025-08-13T22:07:00,Store Search,Store Intent,Playable Puzzle H,iOS,APAC,False,active,True
2025-08,SYN-202508-D00082,SYN-202508-P00082,2025-08-07T02:40:00,Search Network,Search Value Global,Progress Video A,Android,Western Europe,False,active,True
2025-08,SYN-202508-D00083,SYN-202508-P00083,2025-08-07T20:03:00,Social Network,Social Gameplay,Reward Story E,iOS,Western Europe,False,active,True
2025-08,SYN-202508-D00084,SYN-202508-P00084,2025-08-25T20:38:00,Social Network,Social Gameplay,Reward Story E,iOS,North America,False,active,True
2025-08,SYN-202508-D00085,SYN-202508-P00085,2025-08-09T16:17:00,Search Network,Search Value North,Playable Puzzle B,Android,APAC,False,active,True
2025-08,SYN-202508-D00086,SYN-202508-P00086,2025-08-14T20:05:00,Game Network,Playable Premium,Reward Story D,iOS,LATAM,False,active,True
2025-08,SYN-202508-D00087,SYN-202508-P00087,2025-08-03T21:04:00,Search Network,Search Value Global,Progress Video A,Android,APAC,False,active,True
2025-08,SYN-202508-D00088,SYN-202508-P00088,2025-08-15T10:03:00,Social Network,Social Gameplay,Playable Puzzle E,iOS,North America,False,active,True
2025-08,SYN-202508-D00089,SYN-202508-P00089,2025-08-01T21:41:00,Social Network,Social Lifestyle,Progress Video F,iOS,APAC,False,stopped,True
2025-08,SYN-202508-D00090,SYN-202508-P00090,2025-08-30T12:03:00,Game Network,Playable Broad,Playable Puzzle C,iOS,Western Europe,False,active,True
2025-08,SYN-202508-D00091,SYN-202508-P00091,2025-08-05T09:20:00,Game Network,Playable Broad,Reward Story C,iOS,Western Europe,False,active,True
2025-08,SYN-202508-D00092,SYN-202508-P00092,2025-08-03T09:38:00,Game Network,Playable Premium,Progress Video D,iOS,Western Europe,False,active,True
2025-08,SYN-202508-D00093,SYN-202508-P00093,2025-08-05T07:46:00,Game Network,Playable Premium,Progress Video D,iOS,Test Market,True,active,False
2025-08,SYN-202508-D00094,SYN-202508-P00094,2025-08-20T09:22:00,Search Network,Search Value North,Progress Video B,Android,North America,False,active,True
2025-08,SYN-202508-D00095,SYN-202508-P00095,2025-08-05T10:13:00,Game Network,Playable Broad,Progress Video C,iOS,LATAM,False,active,True
2025-08,SYN-202508-D00096,SYN-202508-P00096,2025-08-24T22:49:00,Social Network,Social Gameplay,Reward Story E,iOS,North America,False,active,True
2025-08,SYN-202508-D00097,SYN-202508-P00097,2025-08-06T22:42:00,Game Network,Playable Broad,Reward Story C,iOS,Test Market,True,active,True
2025-08,SYN-202508-D00098,SYN-202508-P00098,2025-08-05T23:10:00,Store Search,Store Intent,Playable Puzzle H,iOS,APAC,False,active,True
2025-08,SYN-202508-D00099,SYN-202508-P00099,2025-08-18T13:58:00,Search Network,Search Value North,Playable Puzzle B,Android,Test Market,True,active,True
2025-08,SYN-202508-D00100,SYN-202508-P00100,2025-08-08T10:49:00,Discovery Network,Discovery Rewarded,Reward Story G,Android,North America,False,stopped,True
2025-08,SYN-202508-D00101,SYN-202508-P00101,2025-08-15T19:20:00,Search Network,Search Value North,Reward Story B,Android,North America,False,active,True
2025-08,SYN-202508-D00102,SYN-202508-P00102,2025-08-29T08:37:00,Social Network,Social Gameplay,Playable Puzzle E,iOS,APAC,False,active,True
2025-08,SYN-202508-D00103,SYN-202508-P00103,2025-08-01T13:58:00,Social Network,Social Lifestyle,Progress Video F,iOS,Western Europe,False,stopped,True
2025-08,SYN-202508-D00104,SYN-202508-P00104,2025-08-06T13:19:00,Game Network,Playable Premium,Reward Story D,iOS,Western Europe,False,active,True
2025-08,SYN-202508-D00105,SYN-202508-P00105,2025-08-25T19:18:00,Game Network,Playable Premium,Reward Story D,iOS,North America,False,active,True
2025-08,SYN-202508-D00106,SYN-202508-P00106,2025-08-05T02:27:00,Discovery Network,Discovery Rewarded,Reward Story G,Android,Western Europe,False,stopped,True
2025-08,SYN-202508-D00107,SYN-202508-P00107,2025-08-07T03:00:00,Game Network,Playable Premium,Playable Puzzle D,iOS,LATAM,False,active,True
2025-08,SYN-202508-D00108,SYN-202508-P00108,2025-08-16T11:50:00,Search Network,Search Value Global,Playable Puzzle A,Android,APAC,False,active,True
2025-08,SYN-202508-D00109,SYN-202508-P00109,2025-08-06T18:47:00,Social Network,Social Lifestyle,Playable Puzzle F,iOS,Western Europe,False,stopped,True
2025-08,SYN-202508-D00110,SYN-202508-P00110,2025-08-15T00:53:00,Game Network,Playable Broad,Playable Puzzle C,iOS,North America,False,active,True
2025-08,SYN-202508-D00111,SYN-202508-P00111,2025-08-10T22:52:00,Discovery Network,Discovery Rewarded,Playable Puzzle G,Android,Test Market,True,stopped,True
2025-08,SYN-202508-D00112,SYN-202508-P00112,2025-08-08T06:42:00,Game Network,Playable Broad,Progress Video C,iOS,APAC,False,active,True
2025-08,SYN-202508-D00113,SYN-202508-P00113,2025-08-06T02:39:00,Search Network,Search Value Global,Progress Video A,Android,Western Europe,False,active,True
2025-08,SYN-202508-D00114,SYN-202508-P00114,2025-08-12T13:03:00,Game Network,Playable Broad,Playable Puzzle C,iOS,Western Europe,False,active,True
2025-08,SYN-202508-D00115,SYN-202508-P00115,2025-08-21T20:48:00,Social Network,Social Gameplay,Playable Puzzle E,iOS,North America,False,active,True
2025-08,SYN-202508-D00116,SYN-202508-P00116,2025-08-10T07:36:00,Store Search,Store Intent,Progress Video H,iOS,North America,False,active,True
2025-08,SYN-202508-D00117,SYN-202508-P00117,2025-08-02T02:05:00,Search Network,Search Value Global,Reward Story A,Android,North America,False,active,True
2025-08,SYN-202508-D00118,SYN-202508-P00118,2025-08-03T20:10:00,Social Network,Social Gameplay,Playable Puzzle E,iOS,APAC,False,active,True
2025-08,SYN-202508-D00119,SYN-202508-P00119,2025-08-22T21:08:00,Social Network,Social Gameplay,Progress Video E,iOS,North America,False,active,True
2025-08,SYN-202508-D00120,SYN-202508-P00120,2025-08-18T04:42:00,Social Network,Social Lifestyle,Playable Puzzle F,iOS,APAC,False,stopped,True
2025-08,SYN-202508-D00121,SYN-202508-P00121,2025-08-18T23:47:00,Search Network,Search Value North,Playable Puzzle B,Android,APAC,False,active,True
2025-08,SYN-202508-D00122,SYN-202508-P00122,2025-08-17T19:31:00,Game Network,Playable Broad,Progress Video C,iOS,APAC,False,active,True
2025-08,SYN-202508-D00123,SYN-202508-P00123,2025-08-04T05:55:00,Game Network,Playable Broad,Progress Video C,iOS,APAC,False,active,True
2025-08,SYN-202508-D00124,SYN-202508-P00124,2025-08-08T18:28:00,Game Network,Playable Broad,Reward Story C,iOS,Western Europe,False,active,True
2025-08,SYN-202508-D00125,SYN-202508-P00125,2025-08-02T01:52:00,Store Search,Store Intent,Playable Puzzle H,iOS,Western Europe,False,active,True
2025-08,SYN-202508-D00126,SYN-202508-P00126,2025-08-27T11:00:00,Game Network,Playable Broad,Progress Video C,iOS,Western Europe,False,active,True
2025-08,SYN-202508-D00127,SYN-202508-P00127,2025-08-05T14:28:00,Discovery Network,Discovery Rewarded,Playable Puzzle G,Android,North America,False,stopped,True
2025-08,SYN-202508-D00128,SYN-202508-P00128,2025-08-31T05:37:00,Social Network,Social Gameplay,Playable Puzzle E,iOS,North America,False,active,True
2025-08,SYN-202508-D00129,SYN-202508-P00129,2025-08-09T20:11:00,Search Network,Search Value North,Reward Story B,Android,Test Market,True,active,True
2025-08,SYN-202508-D00130,SYN-202508-P00130,2025-08-31T17:41:00,Game Network,Playable Premium,Progress Video D,iOS,APAC,False,active,True
2025-08,SYN-202508-D00131,SYN-202508-P00131,2025-08-26T16:57:00,Store Search,Store Intent,Progress Video H,iOS,APAC,False,active,True
2025-08,SYN-202508-D00132,SYN-202508-P00132,2025-08-23T16:46:00,Game Network,Playable Premium,Progress Video D,iOS,LATAM,False,active,True
2025-08,SYN-202508-D00133,SYN-202508-P00133,2025-08-10T04:44:00,Store Search,Store Intent,Progress Video H,iOS,APAC,False,active,True
2025-08,SYN-202508-D00134,SYN-202508-P00134,2025-08-10T11:50:00,Social Network,Social Gameplay,Playable Puzzle E,iOS,North America,False,active,True
2025-08,SYN-202508-D00135,SYN-202508-P00135,2025-08-10T08:01:00,Social Network,Social Gameplay,Progress Video E,iOS,APAC,False,active,True
2025-08,SYN-202508-D00136,SYN-202508-P00136,2025-08-17T13:57:00,Game Network,Playable Premium,Progress Video D,iOS,APAC,False,active,True
2025-08,SYN-202508-D00137,SYN-202508-P00137,2025-08-12T14:04:00,Game Network,Playable Broad,Playable Puzzle C,iOS,Western Europe,False,active,True
2025-08,SYN-202508-D00138,SYN-202508-P00138,2025-08-11T15:49:00,Social Network,Social Lifestyle,Reward Story F,iOS,Western Europe,False,stopped,True
2025-08,SYN-202508-D00139,SYN-202508-P00139,2025-08-03T22:53:00,Search Network,Search Value North,Progress Video B,Android,APAC,False,active,True
2025-08,SYN-202508-D00140,SYN-202508-P00140,2025-08-21T18:31:00,Game Network,Playable Premium,Reward Story D,iOS,Western Europe,False,active,True
2025-08,SYN-202508-D00141,SYN-202508-P00141,2025-08-06T14:37:00,Store Search,Store Intent,Reward Story H,iOS,North America,False,active,True
2025-08,SYN-202508-D00142,SYN-202508-P00142,2025-08-28T09:42:00,Game Network,Playable Premium,Progress Video D,iOS,Western Europe,False,active,True
2025-08,SYN-202508-D00143,SYN-202508-P00143,2025-08-13T20:25:00,Social Network,Social Gameplay,Reward Story E,iOS,Western Europe,False,active,True
2025-08,SYN-202508-D00144,SYN-202508-P00144,2025-08-08T10:56:00,Discovery Network,Discovery Rewarded,Progress Video G,Android,North America,False,stopped,True
2025-08,SYN-202508-D00145,SYN-202508-P00145,2025-08-05T23:15:00,Game Network,Playable Broad,Playable Puzzle C,iOS,APAC,False,active,True
2025-08,SYN-202508-D00146,SYN-202508-P00146,2025-08-11T15:28:00,Game Network,Playable Broad,Reward Story C,iOS,Western Europe,False,active,True
2025-08,SYN-202508-D00147,SYN-202508-P00147,2025-08-25T05:39:00,Search Network,Search Value North,Reward Story B,Android,Western Europe,False,active,True
2025-08,SYN-202508-D00148,SYN-202508-P00148,2025-08-27T10:50:00,Game Network,Playable Broad,Reward Story C,iOS,Western Europe,False,active,True
2025-08,SYN-202508-D00149,SYN-202508-P00149,2025-08-09T16:35:00,Search Network,Search Value Global,Progress Video A,Android,North America,False,active,True
2025-08,SYN-202508-D00150,SYN-202508-P00150,2025-08-29T19:35:00,Store Search,Store Intent,Progress Video H,iOS,APAC,False,active,True
2025-08,SYN-202508-D00151,SYN-202508-P00151,2025-08-31T04:28:00,Game Network,Playable Premium,Progress Video D,iOS,APAC,False,active,True
2025-08,SYN-202508-D00152,SYN-202508-P00152,2025-08-05T06:17:00,Social Network,Social Gameplay,Playable Puzzle E,iOS,North America,False,active,True
2025-08,SYN-202508-D00153,SYN-202508-P00153,2025-08-25T04:32:00,Social Network,Social Gameplay,Progress Video E,iOS,APAC,False,active,True
2025-08,SYN-202508-D00154,SYN-202508-P00154,2025-08-20T12:22:00,Game Network,Playable Broad,Reward Story C,iOS,North America,False,active,True
2025-08,SYN-202508-D00155,SYN-202508-P00155,2025-08-06T04:50:00,Social Network,Social Lifestyle,Progress Video F,iOS,North America,False,stopped,True
2025-08,SYN-202508-D00156,SYN-202508-P00156,2025-08-09T13:38:00,Game Network,Playable Broad,Reward Story C,iOS,North America,False,active,True
2025-08,SYN-202508-D00157,SYN-202508-P00157,2025-08-07T17:05:00,Search Network,Search Value North,Reward Story B,Android,Western Europe,False,active,True
2025-08,SYN-202508-D00158,SYN-202508-P00158,2025-08-15T13:04:00,Social Network,Social Lifestyle,Reward Story F,iOS,APAC,False,stopped,True
2025-08,SYN-202508-D00159,SYN-202508-P00159,2025-08-15T20:13:00,Game Network,Playable Broad,Progress Video C,iOS,Western Europe,False,active,True
2025-08,SYN-202508-D00160,SYN-202508-P00160,2025-08-04T04:37:00,Store Search,Store Intent,Reward Story H,iOS,APAC,False,active,True
2025-08,SYN-202508-D00161,SYN-202508-P00161,2025-08-02T19:06:00,Search Network,Search Value North,Playable Puzzle B,Android,North America,False,active,True
2025-08,SYN-202508-D00162,SYN-202508-P00162,2025-08-15T05:04:00,Search Network,Search Value Global,Progress Video A,Android,North America,False,active,True
2025-08,SYN-202508-D00163,SYN-202508-P00163,2025-08-06T19:48:00,Game Network,Playable Broad,Playable Puzzle C,iOS,APAC,False,active,True
2025-08,SYN-202508-D00164,SYN-202508-P00164,2025-08-20T08:56:00,Game Network,Playable Broad,Reward Story C,iOS,APAC,False,active,True
2025-08,SYN-202508-D00165,SYN-202508-P00165,2025-08-23T02:39:00,Game Network,Playable Premium,Progress Video D,iOS,North America,False,active,True
2025-08,SYN-202508-D00166,SYN-202508-P00166,2025-08-01T11:37:00,Game Network,Playable Broad,Reward Story C,iOS,APAC,False,active,True
2025-08,SYN-202508-D00167,SYN-202508-P00167,2025-08-09T01:38:00,Game Network,Playable Premium,Progress Video D,iOS,LATAM,False,active,True
2025-08,SYN-202508-D00168,SYN-202508-P00168,2025-08-24T23:58:00,Search Network,Search Value Global,Playable Puzzle A,Android,North America,False,active,True
2025-08,SYN-202508-D00169,SYN-202508-P00169,2025-08-26T23:16:00,Game Network,Playable Broad,Playable Puzzle C,iOS,APAC,False,active,True
2025-08,SYN-202508-D00170,SYN-202508-P00170,2025-08-03T15:33:00,Game Network,Playable Premium,Playable Puzzle D,iOS,Western Europe,False,active,True
2025-08,SYN-202508-D00171,SYN-202508-P00171,2025-08-10T16:22:00,Store Search,Store Intent,Playable Puzzle H,iOS,North America,False,active,True
2025-08,SYN-202508-D00172,SYN-202508-P00172,2025-08-22T14:33:00,Social Network,Social Gameplay,Progress Video E,iOS,Western Europe,False,active,True
2025-08,SYN-202508-D00173,SYN-202508-P00173,2025-08-16T16:38:00,Store Search,Store Intent,Reward Story H,iOS,APAC,False,active,True
2025-08,SYN-202508-D00174,SYN-202508-P00174,2025-08-06T15:46:00,Game Network,Playable Broad,Reward Story C,iOS,Western Europe,False,active,True
2025-08,SYN-202508-D00175,SYN-202508-P00175,2025-08-12T10:58:00,Game Network,Playable Broad,Playable Puzzle C,iOS,North America,False,active,True
2025-08,SYN-202508-D00176,SYN-202508-P00176,2025-08-17T20:42:00,Social Network,Social Gameplay,Progress Video E,iOS,Western Europe,False,active,True
2025-08,SYN-202508-D00177,SYN-202508-P00177,2025-08-15T02:14:00,Game Network,Playable Broad,Playable Puzzle C,iOS,North America,False,active,True
2025-08,SYN-202508-D00178,SYN-202508-P00178,2025-08-11T11:09:00,Social Network,Social Gameplay,Progress Video E,iOS,APAC,False,active,True
2025-08,SYN-202508-D00179,SYN-202508-P00179,2025-08-06T11:41:00,Game Network,Playable Broad,Playable Puzzle C,iOS,APAC,False,active,True
2025-08,SYN-202508-D00180,SYN-202508-P00180,2025-08-14T19:19:00,Social Network,Social Gameplay,Reward Story E,iOS,Western Europe,False,active,True
2025-08,SYN-202508-D00181,SYN-202508-P00181,2025-08-15T09:05:00,Search Network,Search Value Global,Reward Story A,Android,Western Europe,False,active,True
2025-08,SYN-202508-D00182,SYN-202508-P00182,2025-08-11T08:28:00,Social Network,Social Gameplay,Progress Video E,iOS,Western Europe,False,active,True
2025-08,SYN-202508-D00183,SYN-202508-P00183,2025-08-26T22:06:00,Search Network,Search Value Global,Playable Puzzle A,Android,North America,False,active,True
2025-08,SYN-202508-D00184,SYN-202508-P00184,2025-08-31T17:36:00,Game Network,Playable Premium,Progress Video D,iOS,North America,False,active,True
2025-08,SYN-202508-D00185,SYN-202508-P00185,2025-08-07T23:18:00,Store Search,Store Intent,Reward Story H,iOS,North America,False,active,True
2025-08,SYN-202508-D00186,SYN-202508-P00186,2025-08-31T08:45:00,Game Network,Playable Broad,Playable Puzzle C,iOS,North America,False,active,True
2025-08,SYN-202508-D00187,SYN-202508-P00187,2025-08-17T12:05:00,Discovery Network,Discovery Rewarded,Reward Story G,Android,LATAM,False,stopped,True
2025-08,SYN-202508-D00188,SYN-202508-P00188,2025-08-20T09:18:00,Store Search,Store Intent,Playable Puzzle H,iOS,LATAM,False,active,True
2025-08,SYN-202508-D00189,SYN-202508-P00189,2025-08-08T01:05:00,Search Network,Search Value Global,Playable Puzzle A,Android,Western Europe,False,active,True
2025-08,SYN-202508-D00190,SYN-202508-P00190,2025-08-05T06:00:00,Store Search,Store Intent,Playable Puzzle H,iOS,Western Europe,False,active,True
2025-08,SYN-202508-D00191,SYN-202508-P00191,2025-08-14T02:06:00,Social Network,Social Gameplay,Reward Story E,iOS,North America,False,active,True
2025-08,SYN-202508-D00192,SYN-202508-P00192,2025-08-08T06:09:00,Social Network,Social Gameplay,Progress Video E,iOS,LATAM,False,active,True
2025-08,SYN-202508-D00193,SYN-202508-P00193,2025-08-22T08:36:00,Store Search,Store Intent,Playable Puzzle H,iOS,Western Europe,False,active,True
2025-08,SYN-202508-D00194,SYN-202508-P00194,2025-08-13T14:20:00,Discovery Network,Discovery Rewarded,Reward Story G,Android,Western Europe,False,stopped,False
2025-08,SYN-202508-D00195,SYN-202508-P00195,2025-08-03T19:44:00,Game Network,Playable Broad,Playable Puzzle C,iOS,APAC,False,active,True
2025-08,SYN-202508-D00196,SYN-202508-P00196,2025-08-17T22:08:00,Search Network,Search Value Global,Reward Story A,Android,LATAM,False,active,True
2025-08,SYN-202508-D00197,SYN-202508-P00197,2025-08-06T21:41:00,Game Network,Playable Premium,Reward Story D,iOS,Western Europe,False,active,True
2025-08,SYN-202508-D00198,SYN-202508-P00198,2025-08-28T17:20:00,Game Network,Playable Premium,Reward Story D,iOS,LATAM,False,active,True
2025-08,SYN-202508-D00199,SYN-202508-P00199,2025-08-16T10:58:00,Search Network,Search Value North,Playable Puzzle B,Android,APAC,False,active,True
2025-08,SYN-202508-D00200,SYN-202508-P00200,2025-08-04T15:17:00,Store Search,Store Intent,Progress Video H,iOS,LATAM,False,active,True
2025-08,SYN-202508-D00201,SYN-202508-P00201,2025-08-03T13:56:00,Game Network,Playable Broad,Progress Video C,iOS,APAC,False,active,True
2025-08,SYN-202508-D00202,SYN-202508-P00202,2025-08-27T14:28:00,Game Network,Playable Premium,Reward Story D,iOS,APAC,False,active,True
2025-08,SYN-202508-D00203,SYN-202508-P00203,2025-08-25T12:31:00,Search Network,Search Value North,Progress Video B,Android,APAC,False,active,True
2025-08,SYN-202508-D00204,SYN-202508-P00204,2025-08-30T12:08:00,Game Network,Playable Broad,Progress Video C,iOS,North America,False,active,True
2025-08,SYN-202508-D00205,SYN-202508-P00205,2025-08-21T12:29:00,Store Search,Store Intent,Playable Puzzle H,iOS,APAC,False,active,True
2025-08,SYN-202508-D00206,SYN-202508-P00206,2025-08-01T15:25:00,Game Network,Playable Broad,Reward Story C,iOS,APAC,False,active,True
2025-08,SYN-202508-D00207,SYN-202508-P00207,2025-08-14T21:11:00,Search Network,Search Value Global,Progress Video A,Android,Western Europe,False,active,True
2025-08,SYN-202508-D00208,SYN-202508-P00208,2025-08-22T12:25:00,Game Network,Playable Broad,Reward Story C,iOS,North America,False,active,False
2025-08,SYN-202508-D00209,SYN-202508-P00209,2025-08-18T05:40:00,Store Search,Store Intent,Playable Puzzle H,iOS,Western Europe,False,active,True
2025-08,SYN-202508-D00210,SYN-202508-P00210,2025-08-07T05:06:00,Search Network,Search Value Global,Progress Video A,Android,APAC,False,active,True
2025-08,SYN-202508-D00211,SYN-202508-P00211,2025-08-22T06:35:00,Game Network,Playable Broad,Progress Video C,iOS,Western Europe,False,active,True
2025-08,SYN-202508-D00212,SYN-202508-P00212,2025-08-28T19:41:00,Social Network,Social Gameplay,Progress Video E,iOS,APAC,False,active,True
2025-08,SYN-202508-D00213,SYN-202508-P00213,2025-08-15T11:35:00,Social Network,Social Lifestyle,Reward Story F,iOS,Western Europe,False,stopped,False
2025-08,SYN-202508-D00214,SYN-202508-P00214,2025-08-28T20:55:00,Game Network,Playable Broad,Progress Video C,iOS,Western Europe,False,active,True
2025-08,SYN-202508-D00215,SYN-202508-P00215,2025-08-24T20:07:00,Social Network,Social Gameplay,Playable Puzzle E,iOS,LATAM,False,active,True
2025-08,SYN-202508-D00216,SYN-202508-P00216,2025-08-21T14:01:00,Game Network,Playable Broad,Progress Video C,iOS,North America,False,active,True
2025-08,SYN-202508-D00217,SYN-202508-P00217,2025-08-23T17:41:00,Search Network,Search Value Global,Reward Story A,Android,APAC,False,active,True
2025-08,SYN-202508-D00218,SYN-202508-P00218,2025-08-13T02:20:00,Search Network,Search Value North,Reward Story B,Android,Western Europe,False,active,True
2025-08,SYN-202508-D00219,SYN-202508-P00219,2025-08-08T03:34:00,Social Network,Social Lifestyle,Reward Story F,iOS,Test Market,True,stopped,True
2025-08,SYN-202508-D00220,SYN-202508-P00220,2025-08-04T14:33:00,Social Network,Social Gameplay,Playable Puzzle E,iOS,APAC,False,active,True
2025-08,SYN-202508-D00221,SYN-202508-P00221,2025-08-04T14:57:00,Social Network,Social Gameplay,Playable Puzzle E,iOS,APAC,False,active,True
2025-08,SYN-202508-D00222,SYN-202508-P00222,2025-08-20T00:32:00,Store Search,Store Intent,Playable Puzzle H,iOS,North America,False,active,True
2025-08,SYN-202508-D00223,SYN-202508-P00223,2025-08-02T19:36:00,Game Network,Playable Broad,Playable Puzzle C,iOS,North America,False,active,False
2025-08,SYN-202508-D00224,SYN-202508-P00224,2025-08-23T16:08:00,Game Network,Playable Premium,Progress Video D,iOS,North America,False,active,True
2025-08,SYN-202508-D00225,SYN-202508-P00225,2025-08-26T02:04:00,Game Network,Playable Premium,Playable Puzzle D,iOS,Western Europe,False,active,True
2025-08,SYN-202508-D00226,SYN-202508-P00226,2025-08-04T23:21:00,Social Network,Social Gameplay,Reward Story E,iOS,APAC,False,active,True
2025-08,SYN-202508-D00227,SYN-202508-P00227,2025-08-09T14:16:00,Search Network,Search Value North,Reward Story B,Android,Western Europe,False,active,True
2025-08,SYN-202508-D00228,SYN-202508-P00228,2025-08-21T07:06:00,Game Network,Playable Premium,Progress Video D,iOS,LATAM,False,active,False
2025-08,SYN-202508-D00229,SYN-202508-P00229,2025-08-06T08:33:00,Game Network,Playable Broad,Progress Video C,iOS,North America,False,active,True
2025-08,SYN-202508-D00230,SYN-202508-P00230,2025-08-30T17:52:00,Game Network,Playable Premium,Reward Story D,iOS,APAC,False,active,True
2025-08,SYN-202508-D00231,SYN-202508-P00231,2025-08-06T19:31:00,Game Network,Playable Broad,Playable Puzzle C,iOS,North America,False,active,True
2025-08,SYN-202508-D00232,SYN-202508-P00232,2025-08-10T11:35:00,Social Network,Social Gameplay,Playable Puzzle E,iOS,APAC,False,active,True
2025-08,SYN-202508-D00233,SYN-202508-P00233,2025-08-26T13:20:00,Social Network,Social Gameplay,Playable Puzzle E,iOS,Western Europe,False,active,True
2025-08,SYN-202508-D00234,SYN-202508-P00234,2025-08-03T19:51:00,Game Network,Playable Premium,Progress Video D,iOS,APAC,False,active,True
2025-08,SYN-202508-D00235,SYN-202508-P00235,2025-08-14T05:55:00,Search Network,Search Value North,Reward Story B,Android,LATAM,False,active,True
2025-08,SYN-202508-D00236,SYN-202508-P00236,2025-08-10T23:57:00,Game Network,Playable Broad,Progress Video C,iOS,Western Europe,False,active,True
2025-08,SYN-202508-D00237,SYN-202508-P00237,2025-08-03T07:31:00,Game Network,Playable Broad,Progress Video C,iOS,Western Europe,False,active,True
2025-08,SYN-202508-D00238,SYN-202508-P00238,2025-08-04T05:47:00,Search Network,Search Value North,Progress Video B,Android,APAC,False,active,True
2025-08,SYN-202508-D00239,SYN-202508-P00239,2025-08-22T08:27:00,Search Network,Search Value Global,Progress Video A,Android,North America,False,active,True
2025-08,SYN-202508-D00240,SYN-202508-P00240,2025-08-02T02:45:00,Store Search,Store Intent,Reward Story H,iOS,APAC,False,active,True
2025-08,SYN-202508-D00241,SYN-202508-P00241,2025-08-22T09:35:00,Game Network,Playable Broad,Playable Puzzle C,iOS,APAC,False,active,False
2025-08,SYN-202508-D00242,SYN-202508-P00242,2025-08-29T20:42:00,Game Network,Playable Premium,Reward Story D,iOS,APAC,False,active,False
2025-08,SYN-202508-D00243,SYN-202508-P00243,2025-08-08T15:58:00,Search Network,Search Value North,Reward Story B,Android,North America,False,active,True
2025-08,SYN-202508-D00244,SYN-202508-P00244,2025-08-20T04:59:00,Store Search,Store Intent,Playable Puzzle H,iOS,North America,False,active,False
2025-08,SYN-202508-D00245,SYN-202508-P00245,2025-08-08T22:00:00,Search Network,Search Value Global,Reward Story A,Android,North America,False,active,False
2025-08,SYN-202508-D00246,SYN-202508-P00246,2025-08-01T13:52:00,Store Search,Store Intent,Reward Story H,iOS,Western Europe,False,active,True
2025-08,SYN-202508-D00247,SYN-202508-P00247,2025-08-21T14:47:00,Search Network,Search Value North,Progress Video B,Android,Western Europe,False,active,True
2025-08,SYN-202508-D00248,SYN-202508-P00248,2025-08-19T00:26:00,Search Network,Search Value Global,Reward Story A,Android,North America,False,active,True
2025-08,SYN-202508-D00249,SYN-202508-P00249,2025-08-09T06:18:00,Store Search,Store Intent,Playable Puzzle H,iOS,North America,False,active,True
2025-08,SYN-202508-D00250,SYN-202508-P00250,2025-08-06T08:25:00,Game Network,Playable Broad,Playable Puzzle C,iOS,APAC,False,active,True
2025-08,SYN-202508-D00251,SYN-202508-P00251,2025-08-25T07:42:00,Store Search,Store Intent,Progress Video H,iOS,North America,False,active,True
2025-08,SYN-202508-D00252,SYN-202508-P00252,2025-08-03T13:17:00,Game Network,Playable Broad,Playable Puzzle C,iOS,North America,False,active,True
2025-08,SYN-202508-D00253,SYN-202508-P00253,2025-08-03T00:32:00,Game Network,Playable Broad,Reward Story C,iOS,APAC,False,active,True
2025-08,SYN-202508-D00254,SYN-202508-P00254,2025-08-05T17:14:00,Discovery Network,Discovery Rewarded,Playable Puzzle G,Android,APAC,False,stopped,True
2025-08,SYN-202508-D00255,SYN-202508-P00255,2025-08-13T00:32:00,Social Network,Social Lifestyle,Playable Puzzle F,iOS,Western Europe,False,stopped,True
2025-08,SYN-202508-D00256,SYN-202508-P00256,2025-08-13T17:45:00,Discovery Network,Discovery Rewarded,Progress Video G,Android,Western Europe,False,stopped,True
2025-08,SYN-202508-D00257,SYN-202508-P00257,2025-08-25T13:59:00,Search Network,Search Value North,Playable Puzzle B,Android,North America,False,active,True
2025-08,SYN-202508-D00258,SYN-202508-P00258,2025-08-18T14:20:00,Social Network,Social Gameplay,Progress Video E,iOS,Western Europe,False,active,True
2025-08,SYN-202508-D00259,SYN-202508-P00259,2025-08-03T15:57:00,Search Network,Search Value North,Playable Puzzle B,Android,APAC,False,active,True
2025-08,SYN-202508-D00260,SYN-202508-P00260,2025-08-09T21:27:00,Search Network,Search Value Global,Playable Puzzle A,Android,North America,False,active,True
2025-08,SYN-202508-D00261,SYN-202508-P00261,2025-08-18T20:00:00,Game Network,Playable Premium,Playable Puzzle D,iOS,North America,False,active,True
2025-08,SYN-202508-D00262,SYN-202508-P00262,2025-08-30T18:50:00,Game Network,Playable Broad,Playable Puzzle C,iOS,North America,False,active,True
2025-08,SYN-202508-D00263,SYN-202508-P00263,2025-08-12T16:52:00,Store Search,Store Intent,Reward Story H,iOS,APAC,False,active,True
2025-08,SYN-202508-D00264,SYN-202508-P00264,2025-08-16T09:45:00,Game Network,Playable Broad,Playable Puzzle C,iOS,APAC,False,active,True
2025-08,SYN-202508-D00265,SYN-202508-P00265,2025-08-18T20:55:00,Game Network,Playable Broad,Reward Story C,iOS,North America,False,active,True
2025-08,SYN-202508-D00266,SYN-202508-P00266,2025-08-14T15:15:00,Search Network,Search Value North,Progress Video B,Android,Western Europe,False,active,True
2025-08,SYN-202508-D00267,SYN-202508-P00267,2025-08-13T16:16:00,Discovery Network,Discovery Rewarded,Playable Puzzle G,Android,APAC,False,stopped,True
2025-08,SYN-202508-D00268,SYN-202508-P00268,2025-08-30T13:12:00,Store Search,Store Intent,Progress Video H,iOS,North America,False,active,True
2025-08,SYN-202508-D00269,SYN-202508-P00269,2025-08-21T01:20:00,Social Network,Social Gameplay,Progress Video E,iOS,Western Europe,False,active,True
2025-08,SYN-202508-D00270,SYN-202508-P00270,2025-08-24T07:30:00,Game Network,Playable Broad,Progress Video C,iOS,APAC,False,active,True
2025-08,SYN-202508-D00271,SYN-202508-P00271,2025-08-11T07:28:00,Game Network,Playable Premium,Playable Puzzle D,iOS,APAC,False,active,True
2025-08,SYN-202508-D00272,SYN-202508-P00272,2025-08-23T23:06:00,Game Network,Playable Premium,Playable Puzzle D,iOS,Western Europe,False,active,True
2025-08,SYN-202508-D00273,SYN-202508-P00273,2025-08-24T10:22:00,Game Network,Playable Broad,Reward Story C,iOS,North America,False,active,True
2025-08,SYN-202508-D00274,SYN-202508-P00274,2025-08-25T05:51:00,Game Network,Playable Broad,Playable Puzzle C,iOS,North America,False,active,True
2025-08,SYN-202508-D00275,SYN-202508-P00275,2025-08-20T12:14:00,Game Network,Playable Premium,Progress Video D,iOS,APAC,False,active,True
2025-08,SYN-202508-D00276,SYN-202508-P00276,2025-08-03T03:05:00,Search Network,Search Value Global,Reward Story A,Android,APAC,False,active,True
2025-08,SYN-202508-D00277,SYN-202508-P00277,2025-08-30T05:13:00,Game Network,Playable Broad,Progress Video C,iOS,Western Europe,False,active,True
2025-08,SYN-202508-D00278,SYN-202508-P00278,2025-08-04T13:39:00,Game Network,Playable Broad,Progress Video C,iOS,North America,False,active,True
2025-08,SYN-202508-D00279,SYN-202508-P00279,2025-08-18T07:21:00,Social Network,Social Gameplay,Progress Video E,iOS,APAC,False,active,True
2025-08,SYN-202508-D00280,SYN-202508-P00280,2025-08-11T08:11:00,Search Network,Search Value Global,Reward Story A,Android,APAC,False,active,True
2025-08,SYN-202508-D00281,SYN-202508-P00281,2025-08-09T08:20:00,Social Network,Social Lifestyle,Reward Story F,iOS,Western Europe,False,stopped,True
2025-08,SYN-202508-D00282,SYN-202508-P00282,2025-08-22T03:31:00,Search Network,Search Value Global,Progress Video A,Android,Western Europe,False,active,True
2025-08,SYN-202508-D00283,SYN-202508-P00283,2025-08-13T17:32:00,Game Network,Playable Broad,Reward Story C,iOS,North America,False,active,True
2025-08,SYN-202508-D00284,SYN-202508-P00284,2025-08-05T21:23:00,Game Network,Playable Premium,Playable Puzzle D,iOS,North America,False,active,True
2025-08,SYN-202508-D00285,SYN-202508-P00285,2025-08-25T13:09:00,Social Network,Social Gameplay,Progress Video E,iOS,Western Europe,False,active,True
2025-08,SYN-202508-D00286,SYN-202508-P00286,2025-08-20T12:44:00,Store Search,Store Intent,Progress Video H,iOS,North America,False,active,True
2025-08,SYN-202508-D00287,SYN-202508-P00287,2025-08-25T13:38:00,Search Network,Search Value North,Progress Video B,Android,LATAM,False,active,False
2025-08,SYN-202508-D00288,SYN-202508-P00288,2025-08-29T00:46:00,Game Network,Playable Premium,Playable Puzzle D,iOS,Western Europe,False,active,True
2025-08,SYN-202508-D00289,SYN-202508-P00289,2025-08-30T06:40:00,Search Network,Search Value Global,Progress Video A,Android,APAC,False,active,True
2025-08,SYN-202508-D00290,SYN-202508-P00290,2025-08-01T07:50:00,Search Network,Search Value North,Progress Video B,Android,North America,False,active,True
2025-08,SYN-202508-D00291,SYN-202508-P00291,2025-08-16T23:04:00,Game Network,Playable Premium,Reward Story D,iOS,LATAM,False,active,True
2025-08,SYN-202508-D00292,SYN-202508-P00292,2025-08-09T03:46:00,Search Network,Search Value Global,Reward Story A,Android,APAC,False,active,True
2025-08,SYN-202508-D00293,SYN-202508-P00293,2025-08-16T12:55:00,Discovery Network,Discovery Rewarded,Progress Video G,Android,North America,False,stopped,False
2025-08,SYN-202508-D00294,SYN-202508-P00294,2025-08-11T00:12:00,Game Network,Playable Broad,Progress Video C,iOS,Western Europe,False,active,True
2025-08,SYN-202508-D00295,SYN-202508-P00295,2025-08-18T11:52:00,Game Network,Playable Broad,Playable Puzzle C,iOS,Western Europe,False,active,True
2025-08,SYN-202508-D00296,SYN-202508-P00296,2025-08-03T08:43:00,Search Network,Search Value North,Progress Video B,Android,North America,False,active,True
2025-08,SYN-202508-D00297,SYN-202508-P00297,2025-08-30T03:04:00,Search Network,Search Value Global,Progress Video A,Android,North America,False,active,True
2025-08,SYN-202508-D00298,SYN-202508-P00298,2025-08-16T18:48:00,Store Search,Store Intent,Reward Story H,iOS,APAC,False,active,True
2025-08,SYN-202508-D00299,SYN-202508-P00299,2025-08-14T20:07:00,Game Network,Playable Broad,Progress Video C,iOS,Western Europe,False,active,True
2025-08,SYN-202508-D00300,SYN-202508-P00300,2025-08-30T22:11:00,Store Search,Store Intent,Progress Video H,iOS,Western Europe,False,active,True
2025-08,SYN-202508-D00301,SYN-202508-P00301,2025-08-02T01:45:00,Game Network,Playable Premium,Progress Video D,iOS,Western Europe,False,active,True
2025-08,SYN-202508-D00302,SYN-202508-P00302,2025-08-06T19:42:00,Social Network,Social Gameplay,Reward Story E,iOS,North America,False,active,True
2025-08,SYN-202508-D00303,SYN-202508-P00303,2025-08-16T07:36:00,Discovery Network,Discovery Rewarded,Progress Video G,Android,APAC,False,stopped,True
2025-08,SYN-202508-D00304,SYN-202508-P00304,2025-08-04T11:50:00,Game Network,Playable Premium,Reward Story D,iOS,North America,False,active,True
2025-08,SYN-202508-D00305,SYN-202508-P00305,2025-08-02T05:00:00,Social Network,Social Gameplay,Progress Video E,iOS,APAC,False,active,True
2025-08,SYN-202508-D00306,SYN-202508-P00306,2025-08-05T05:15:00,Social Network,Social Lifestyle,Playable Puzzle F,iOS,North America,False,stopped,True
2025-08,SYN-202508-D00307,SYN-202508-P00307,2025-08-16T12:04:00,Store Search,Store Intent,Progress Video H,iOS,APAC,False,active,True
2025-08,SYN-202508-D00308,SYN-202508-P00308,2025-08-14T01:36:00,Store Search,Store Intent,Reward Story H,iOS,Western Europe,False,active,True
2025-08,SYN-202508-D00309,SYN-202508-P00309,2025-08-16T04:16:00,Store Search,Store Intent,Playable Puzzle H,iOS,APAC,False,active,True
2025-08,SYN-202508-D00310,SYN-202508-P00310,2025-08-08T20:54:00,Store Search,Store Intent,Playable Puzzle H,iOS,North America,False,active,True
2025-08,SYN-202508-D00311,SYN-202508-P00311,2025-08-18T04:32:00,Store Search,Store Intent,Reward Story H,iOS,APAC,False,active,True
2025-08,SYN-202508-D00312,SYN-202508-P00312,2025-08-22T04:11:00,Store Search,Store Intent,Progress Video H,iOS,Western Europe,False,active,True
2025-08,SYN-202508-D00313,SYN-202508-P00313,2025-08-28T05:36:00,Search Network,Search Value North,Progress Video B,Android,APAC,False,active,True
2025-08,SYN-202508-D00314,SYN-202508-P00314,2025-08-21T01:36:00,Search Network,Search Value North,Playable Puzzle B,Android,Western Europe,False,active,True
2025-08,SYN-202508-D00315,SYN-202508-P00315,2025-08-14T16:09:00,Game Network,Playable Premium,Playable Puzzle D,iOS,LATAM,False,active,True
2025-08,SYN-202508-D00316,SYN-202508-P00316,2025-08-23T20:23:00,Store Search,Store Intent,Reward Story H,iOS,Test Market,True,active,True
2025-08,SYN-202508-D00317,SYN-202508-P00317,2025-08-01T04:38:00,Discovery Network,Discovery Rewarded,Reward Story G,Android,LATAM,False,stopped,True
2025-08,SYN-202508-D00318,SYN-202508-P00318,2025-08-09T22:01:00,Game Network,Playable Premium,Playable Puzzle D,iOS,Test Market,True,active,True
2025-08,SYN-202508-D00319,SYN-202508-P00319,2025-08-28T11:18:00,Social Network,Social Gameplay,Progress Video E,iOS,North America,False,active,True
2025-08,SYN-202508-D00320,SYN-202508-P00320,2025-08-10T23:46:00,Game Network,Playable Broad,Progress Video C,iOS,Test Market,True,active,False
2025-08,SYN-202508-D00321,SYN-202508-P00321,2025-08-05T21:36:00,Game Network,Playable Broad,Playable Puzzle C,iOS,Western Europe,False,active,False
2025-08,SYN-202508-D00322,SYN-202508-P00322,2025-08-06T23:02:00,Social Network,Social Gameplay,Playable Puzzle E,iOS,APAC,False,active,True
2025-08,SYN-202508-D00323,SYN-202508-P00323,2025-08-30T03:42:00,Search Network,Search Value North,Progress Video B,Android,LATAM,False,active,True
2025-08,SYN-202508-D00324,SYN-202508-P00324,2025-08-27T15:45:00,Social Network,Social Gameplay,Reward Story E,iOS,Western Europe,False,active,True
2025-08,SYN-202508-D00325,SYN-202508-P00325,2025-08-02T23:06:00,Search Network,Search Value Global,Playable Puzzle A,Android,Western Europe,False,active,True
2025-08,SYN-202508-D00326,SYN-202508-P00326,2025-08-12T23:16:00,Discovery Network,Discovery Rewarded,Reward Story G,Android,LATAM,False,stopped,True
2025-08,SYN-202508-D00327,SYN-202508-P00327,2025-08-02T20:19:00,Discovery Network,Discovery Rewarded,Playable Puzzle G,Android,North America,False,stopped,True
2025-08,SYN-202508-D00328,SYN-202508-P00328,2025-08-05T22:50:00,Discovery Network,Discovery Rewarded,Progress Video G,Android,North America,False,stopped,True
2025-08,SYN-202508-D00329,SYN-202508-P00329,2025-08-18T19:49:00,Game Network,Playable Broad,Reward Story C,iOS,Western Europe,False,active,True
2025-08,SYN-202508-D00330,SYN-202508-P00330,2025-08-07T22:02:00,Game Network,Playable Premium,Reward Story D,iOS,North America,False,active,True
2025-08,SYN-202508-D00331,SYN-202508-P00331,2025-08-19T23:43:00,Social Network,Social Gameplay,Playable Puzzle E,iOS,North America,False,active,True
2025-08,SYN-202508-D00332,SYN-202508-P00332,2025-08-04T10:45:00,Game Network,Playable Premium,Reward Story D,iOS,North America,False,active,True
2025-08,SYN-202508-D00333,SYN-202508-P00333,2025-08-28T00:20:00,Search Network,Search Value North,Reward Story B,Android,Western Europe,False,active,True
2025-08,SYN-202508-D00334,SYN-202508-P00334,2025-08-29T14:09:00,Social Network,Social Gameplay,Playable Puzzle E,iOS,LATAM,False,active,False
2025-08,SYN-202508-D00335,SYN-202508-P00335,2025-08-08T07:49:00,Discovery Network,Discovery Rewarded,Progress Video G,Android,Test Market,True,stopped,True
2025-08,SYN-202508-D00336,SYN-202508-P00336,2025-08-30T13:55:00,Search Network,Search Value North,Playable Puzzle B,Android,Test Market,True,active,True
2025-08,SYN-202508-D00337,SYN-202508-P00337,2025-08-17T13:18:00,Social Network,Social Lifestyle,Reward Story F,iOS,North America,False,stopped,True
2025-08,SYN-202508-D00338,SYN-202508-P00338,2025-08-29T01:55:00,Game Network,Playable Broad,Reward Story C,iOS,LATAM,False,active,False
2025-08,SYN-202508-D00339,SYN-202508-P00339,2025-08-17T17:26:00,Search Network,Search Value Global,Progress Video A,Android,North America,False,active,True
2025-08,SYN-202508-D00340,SYN-202508-P00340,2025-08-19T16:03:00,Store Search,Store Intent,Reward Story H,iOS,APAC,False,active,True
2025-08,SYN-202508-D00341,SYN-202508-P00341,2025-08-17T17:25:00,Game Network,Playable Premium,Reward Story D,iOS,LATAM,False,active,True
2025-08,SYN-202508-D00342,SYN-202508-P00342,2025-08-18T21:40:00,Discovery Network,Discovery Rewarded,Reward Story G,Android,Western Europe,False,stopped,True
2025-08,SYN-202508-D00343,SYN-202508-P00343,2025-08-03T14:06:00,Game Network,Playable Broad,Progress Video C,iOS,North America,False,active,True
2025-08,SYN-202508-D00344,SYN-202508-P00344,2025-08-08T03:31:00,Store Search,Store Intent,Reward Story H,iOS,North America,False,active,True
2025-08,SYN-202508-D00345,SYN-202508-P00345,2025-08-12T21:23:00,Social Network,Social Lifestyle,Playable Puzzle F,iOS,North America,False,stopped,True
2025-08,SYN-202508-D00346,SYN-202508-P00346,2025-08-14T16:04:00,Social Network,Social Lifestyle,Playable Puzzle F,iOS,APAC,False,stopped,True
2025-08,SYN-202508-D00347,SYN-202508-P00347,2025-08-15T06:11:00,Social Network,Social Lifestyle,Playable Puzzle F,iOS,APAC,False,stopped,True
2025-08,SYN-202508-D00348,SYN-202508-P00348,2025-08-11T11:41:00,Store Search,Store Intent,Reward Story H,iOS,APAC,False,active,True
2025-08,SYN-202508-D00349,SYN-202508-P00349,2025-08-08T00:49:00,Discovery Network,Discovery Rewarded,Progress Video G,Android,North America,False,stopped,True
2025-08,SYN-202508-D00350,SYN-202508-P00350,2025-08-19T04:12:00,Game Network,Playable Premium,Reward Story D,iOS,Western Europe,False,active,True
2025-08,SYN-202508-D00351,SYN-202508-P00351,2025-08-05T10:04:00,Social Network,Social Gameplay,Playable Puzzle E,iOS,APAC,False,active,True
2025-08,SYN-202508-D00352,SYN-202508-P00352,2025-08-05T13:38:00,Game Network,Playable Premium,Playable Puzzle D,iOS,North America,False,active,True
2025-08,SYN-202508-D00353,SYN-202508-P00353,2025-08-31T14:10:00,Search Network,Search Value Global,Progress Video A,Android,APAC,False,active,True
2025-08,SYN-202508-D00354,SYN-202508-P00354,2025-08-23T03:34:00,Game Network,Playable Broad,Progress Video C,iOS,Western Europe,False,active,True
2025-08,SYN-202508-D00355,SYN-202508-P00355,2025-08-18T12:04:00,Game Network,Playable Premium,Progress Video D,iOS,North America,False,active,False
2025-08,SYN-202508-D00356,SYN-202508-P00356,2025-08-20T07:53:00,Store Search,Store Intent,Playable Puzzle H,iOS,North America,False,active,True
2025-08,SYN-202508-D00357,SYN-202508-P00357,2025-08-22T19:33:00,Store Search,Store Intent,Playable Puzzle H,iOS,LATAM,False,active,True
2025-08,SYN-202508-D00358,SYN-202508-P00358,2025-08-01T03:47:00,Game Network,Playable Premium,Playable Puzzle D,iOS,North America,False,active,True
2025-08,SYN-202508-D00359,SYN-202508-P00359,2025-08-28T01:12:00,Social Network,Social Gameplay,Progress Video E,iOS,APAC,False,active,True
2025-08,SYN-202508-D00360,SYN-202508-P00360,2025-08-20T15:10:00,Search Network,Search Value Global,Reward Story A,Android,APAC,False,active,True
2025-08,SYN-202508-D00361,SYN-202508-P00361,2025-08-03T17:51:00,Social Network,Social Gameplay,Progress Video E,iOS,LATAM,False,active,True
2025-08,SYN-202508-D00362,SYN-202508-P00362,2025-08-16T11:01:00,Social Network,Social Gameplay,Progress Video E,iOS,Western Europe,False,active,False
2025-08,SYN-202508-D00363,SYN-202508-P00363,2025-08-29T02:18:00,Game Network,Playable Premium,Reward Story D,iOS,Western Europe,False,active,True
2025-08,SYN-202508-D00364,SYN-202508-P00364,2025-08-17T12:20:00,Game Network,Playable Premium,Reward Story D,iOS,North America,False,active,True
2025-08,SYN-202508-D00365,SYN-202508-P00365,2025-08-14T21:05:00,Game Network,Playable Premium,Reward Story D,iOS,Western Europe,False,active,True
2025-08,SYN-202508-D00366,SYN-202508-P00366,2025-08-21T08:43:00,Game Network,Playable Premium,Reward Story D,iOS,Western Europe,False,active,True
2025-08,SYN-202508-D00367,SYN-202508-P00367,2025-08-06T10:38:00,Social Network,Social Gameplay,Progress Video E,iOS,Western Europe,False,active,True
2025-08,SYN-202508-D00368,SYN-202508-P00368,2025-08-14T16:42:00,Search Network,Search Value North,Progress Video B,Android,North America,False,active,True
2025-08,SYN-202508-D00369,SYN-202508-P00369,2025-08-23T02:10:00,Social Network,Social Gameplay,Progress Video E,iOS,Test Market,True,active,True
2025-08,SYN-202508-D00370,SYN-202508-P00370,2025-08-03T04:25:00,Game Network,Playable Broad,Reward Story C,iOS,North America,False,active,True
2025-08,SYN-202508-D00371,SYN-202508-P00371,2025-08-27T03:34:00,Social Network,Social Gameplay,Playable Puzzle E,iOS,APAC,False,active,True
2025-08,SYN-202508-D00372,SYN-202508-P00372,2025-08-15T16:28:00,Store Search,Store Intent,Playable Puzzle H,iOS,North America,False,active,True
2025-08,SYN-202508-D00373,SYN-202508-P00373,2025-08-31T05:44:00,Game Network,Playable Broad,Progress Video C,iOS,North America,False,active,True
2025-08,SYN-202508-D00374,SYN-202508-P00374,2025-08-28T22:40:00,Game Network,Playable Premium,Progress Video D,iOS,North America,False,active,True
2025-08,SYN-202508-D00375,SYN-202508-P00375,2025-08-12T05:43:00,Store Search,Store Intent,Reward Story H,iOS,APAC,False,active,True
2025-08,SYN-202508-D00376,SYN-202508-P00376,2025-08-02T19:17:00,Social Network,Social Gameplay,Progress Video E,iOS,Western Europe,False,active,True
2025-08,SYN-202508-D00377,SYN-202508-P00377,2025-08-29T08:53:00,Store Search,Store Intent,Progress Video H,iOS,North America,False,active,True
2025-08,SYN-202508-D00378,SYN-202508-P00378,2025-08-03T03:48:00,Social Network,Social Lifestyle,Reward Story F,iOS,APAC,False,stopped,True
2025-08,SYN-202508-D00379,SYN-202508-P00379,2025-08-28T08:05:00,Social Network,Social Gameplay,Playable Puzzle E,iOS,LATAM,False,active,True
2025-08,SYN-202508-D00380,SYN-202508-P00380,2025-08-03T23:12:00,Store Search,Store Intent,Progress Video H,iOS,APAC,False,active,False
2025-08,SYN-202508-D00381,SYN-202508-P00381,2025-08-27T16:26:00,Social Network,Social Gameplay,Progress Video E,iOS,North America,False,active,True
2025-08,SYN-202508-D00382,SYN-202508-P00382,2025-08-11T22:02:00,Search Network,Search Value Global,Progress Video A,Android,Western Europe,False,active,True
2025-08,SYN-202508-D00383,SYN-202508-P00383,2025-08-23T10:20:00,Store Search,Store Intent,Playable Puzzle H,iOS,Western Europe,False,active,True
2025-08,SYN-202508-D00384,SYN-202508-P00384,2025-08-02T22:19:00,Game Network,Playable Broad,Playable Puzzle C,iOS,North America,False,active,True
2025-08,SYN-202508-D00385,SYN-202508-P00385,2025-08-18T12:04:00,Discovery Network,Discovery Rewarded,Progress Video G,Android,Test Market,True,stopped,True
2025-08,SYN-202508-D00386,SYN-202508-P00386,2025-08-01T11:58:00,Game Network,Playable Premium,Playable Puzzle D,iOS,Western Europe,False,active,True
2025-08,SYN-202508-D00387,SYN-202508-P00387,2025-08-20T10:47:00,Game Network,Playable Premium,Reward Story D,iOS,Western Europe,False,active,True
2025-08,SYN-202508-D00388,SYN-202508-P00388,2025-08-30T07:38:00,Store Search,Store Intent,Progress Video H,iOS,APAC,False,active,True
2025-08,SYN-202508-D00389,SYN-202508-P00389,2025-08-13T14:53:00,Search Network,Search Value North,Progress Video B,Android,Western Europe,False,active,True
2025-08,SYN-202508-D00390,SYN-202508-P00390,2025-08-13T12:45:00,Store Search,Store Intent,Reward Story H,iOS,Western Europe,False,active,True
2025-08,SYN-202508-D00391,SYN-202508-P00391,2025-08-16T03:12:00,Game Network,Playable Premium,Playable Puzzle D,iOS,LATAM,False,active,True
2025-08,SYN-202508-D00392,SYN-202508-P00392,2025-08-29T07:01:00,Social Network,Social Gameplay,Progress Video E,iOS,Western Europe,False,active,True
2025-08,SYN-202508-D00393,SYN-202508-P00393,2025-08-31T04:12:00,Search Network,Search Value Global,Reward Story A,Android,APAC,False,active,True
2025-08,SYN-202508-D00394,SYN-202508-P00394,2025-08-20T09:22:00,Search Network,Search Value North,Progress Video B,Android,Test Market,True,active,True
2025-08,SYN-202508-D00395,SYN-202508-P00395,2025-08-16T06:24:00,Store Search,Store Intent,Progress Video H,iOS,North America,False,active,True
2025-08,SYN-202508-D00396,SYN-202508-P00396,2025-08-15T12:12:00,Social Network,Social Gameplay,Progress Video E,iOS,Western Europe,False,active,True
2025-08,SYN-202508-D00397,SYN-202508-P00397,2025-08-24T17:06:00,Game Network,Playable Premium,Reward Story D,iOS,North America,False,active,True
2025-08,SYN-202508-D00398,SYN-202508-P00398,2025-08-05T19:16:00,Game Network,Playable Premium,Reward Story D,iOS,Western Europe,False,active,True
2025-08,SYN-202508-D00399,SYN-202508-P00399,2025-08-06T07:56:00,Search Network,Search Value North,Progress Video B,Android,Western Europe,False,active,True
2025-08,SYN-202508-D00400,SYN-202508-P00400,2025-08-27T12:19:00,Search Network,Search Value Global,Progress Video A,Android,APAC,False,active,True
2025-08,SYN-202508-D00401,SYN-202508-P00401,2025-08-28T05:43:00,Game Network,Playable Premium,Playable Puzzle D,iOS,LATAM,False,active,True
2025-08,SYN-202508-D00402,SYN-202508-P00402,2025-08-13T14:49:00,Game Network,Playable Broad,Playable Puzzle C,iOS,APAC,False,active,True
2025-08,SYN-202508-D00403,SYN-202508-P00403,2025-08-17T19:52:00,Discovery Network,Discovery Rewarded,Playable Puzzle G,Android,Western Europe,False,stopped,True
2025-08,SYN-202508-D00404,SYN-202508-P00404,2025-08-22T20:00:00,Game Network,Playable Premium,Playable Puzzle D,iOS,North America,False,active,True
2025-08,SYN-202508-D00405,SYN-202508-P00405,2025-08-29T17:12:00,Game Network,Playable Broad,Reward Story C,iOS,APAC,False,active,True
2025-08,SYN-202508-D00406,SYN-202508-P00406,2025-08-15T17:00:00,Store Search,Store Intent,Reward Story H,iOS,LATAM,False,active,True
2025-08,SYN-202508-D00407,SYN-202508-P00407,2025-08-03T11:41:00,Game Network,Playable Premium,Reward Story D,iOS,Western Europe,False,active,True
2025-08,SYN-202508-D00408,SYN-202508-P00408,2025-08-01T07:32:00,Social Network,Social Gameplay,Reward Story E,iOS,APAC,False,active,True
2025-08,SYN-202508-D00409,SYN-202508-P00409,2025-08-14T16:32:00,Game Network,Playable Broad,Playable Puzzle C,iOS,North America,False,active,True
2025-08,SYN-202508-D00410,SYN-202508-P00410,2025-08-12T14:15:00,Game Network,Playable Broad,Progress Video C,iOS,North America,False,active,True
2025-08,SYN-202508-D00411,SYN-202508-P00411,2025-08-24T18:44:00,Search Network,Search Value North,Progress Video B,Android,APAC,False,active,True
2025-08,SYN-202508-D00412,SYN-202508-P00412,2025-08-01T03:14:00,Store Search,Store Intent,Reward Story H,iOS,Western Europe,False,active,True
2025-08,SYN-202508-D00413,SYN-202508-P00413,2025-08-12T17:32:00,Store Search,Store Intent,Playable Puzzle H,iOS,LATAM,False,active,True
2025-08,SYN-202508-D00414,SYN-202508-P00414,2025-08-09T09:37:00,Store Search,Store Intent,Reward Story H,iOS,North America,False,active,True
2025-08,SYN-202508-D00415,SYN-202508-P00415,2025-08-30T22:28:00,Social Network,Social Gameplay,Playable Puzzle E,iOS,APAC,False,active,True
2025-08,SYN-202508-D00416,SYN-202508-P00416,2025-08-13T22:07:00,Social Network,Social Lifestyle,Reward Story F,iOS,Western Europe,False,stopped,True
2025-08,SYN-202508-D00417,SYN-202508-P00417,2025-08-07T19:06:00,Social Network,Social Gameplay,Progress Video E,iOS,North America,False,active,True
2025-08,SYN-202508-D00418,SYN-202508-P00418,2025-08-27T14:31:00,Search Network,Search Value Global,Reward Story A,Android,Western Europe,False,active,True
2025-08,SYN-202508-D00419,SYN-202508-P00419,2025-08-18T21:11:00,Game Network,Playable Broad,Reward Story C,iOS,North America,False,active,True
2025-08,SYN-202508-D00420,SYN-202508-P00420,2025-08-10T21:10:00,Search Network,Search Value North,Playable Puzzle B,Android,APAC,False,active,True
2025-08,SYN-202508-D00421,SYN-202508-P00421,2025-08-20T14:39:00,Game Network,Playable Broad,Reward Story C,iOS,North America,False,active,True
2025-08,SYN-202508-D00422,SYN-202508-P00422,2025-08-29T22:46:00,Store Search,Store Intent,Playable Puzzle H,iOS,APAC,False,active,True
2025-08,SYN-202508-D00423,SYN-202508-P00423,2025-08-25T23:44:00,Social Network,Social Gameplay,Progress Video E,iOS,LATAM,False,active,False
2025-08,SYN-202508-D00424,SYN-202508-P00424,2025-08-24T01:21:00,Store Search,Store Intent,Progress Video H,iOS,North America,False,active,True
2025-08,SYN-202508-D00425,SYN-202508-P00425,2025-08-29T03:58:00,Search Network,Search Value Global,Reward Story A,Android,LATAM,False,active,True
2025-08,SYN-202508-D00426,SYN-202508-P00426,2025-08-11T06:49:00,Game Network,Playable Broad,Playable Puzzle C,iOS,APAC,False,active,True
2025-08,SYN-202508-D00427,SYN-202508-P00427,2025-08-23T10:33:00,Social Network,Social Gameplay,Progress Video E,iOS,Western Europe,False,active,True
2025-08,SYN-202508-D00428,SYN-202508-P00428,2025-08-23T15:06:00,Social Network,Social Gameplay,Reward Story E,iOS,North America,False,active,True
2025-08,SYN-202508-D00429,SYN-202508-P00429,2025-08-05T21:31:00,Social Network,Social Lifestyle,Playable Puzzle F,iOS,North America,False,stopped,True
2025-08,SYN-202508-D00430,SYN-202508-P00430,2025-08-05T13:29:00,Search Network,Search Value North,Reward Story B,Android,North America,False,active,False
2025-08,SYN-202508-D00431,SYN-202508-P00431,2025-08-05T04:58:00,Search Network,Search Value Global,Playable Puzzle A,Android,LATAM,False,active,False
2025-08,SYN-202508-D00432,SYN-202508-P00432,2025-08-15T10:02:00,Social Network,Social Lifestyle,Playable Puzzle F,iOS,North America,False,stopped,True
2025-08,SYN-202508-D00433,SYN-202508-P00433,2025-08-13T02:50:00,Discovery Network,Discovery Rewarded,Progress Video G,Android,Western Europe,False,stopped,True
2025-08,SYN-202508-D00434,SYN-202508-P00434,2025-08-15T23:06:00,Store Search,Store Intent,Reward Story H,iOS,Test Market,True,active,True
2025-08,SYN-202508-D00435,SYN-202508-P00435,2025-08-04T08:21:00,Social Network,Social Gameplay,Reward Story E,iOS,APAC,False,active,True
2025-08,SYN-202508-D00436,SYN-202508-P00436,2025-08-15T19:35:00,Social Network,Social Gameplay,Progress Video E,iOS,APAC,False,active,True
2025-08,SYN-202508-D00437,SYN-202508-P00437,2025-08-30T21:24:00,Game Network,Playable Premium,Playable Puzzle D,iOS,North America,False,active,True
2025-08,SYN-202508-D00438,SYN-202508-P00438,2025-08-20T08:32:00,Search Network,Search Value Global,Playable Puzzle A,Android,APAC,False,active,True
2025-08,SYN-202508-D00439,SYN-202508-P00439,2025-08-10T16:05:00,Game Network,Playable Premium,Playable Puzzle D,iOS,Test Market,True,active,False
2025-08,SYN-202508-D00440,SYN-202508-P00440,2025-08-02T15:30:00,Social Network,Social Gameplay,Reward Story E,iOS,Western Europe,False,active,True
2025-08,SYN-202508-D00441,SYN-202508-P00441,2025-08-27T05:25:00,Store Search,Store Intent,Playable Puzzle H,iOS,Western Europe,False,active,True
2025-08,SYN-202508-D00442,SYN-202508-P00442,2025-08-17T13:52:00,Game Network,Playable Premium,Playable Puzzle D,iOS,North America,False,active,True
2025-08,SYN-202508-D00443,SYN-202508-P00443,2025-08-18T16:46:00,Store Search,Store Intent,Playable Puzzle H,iOS,LATAM,False,active,True
2025-08,SYN-202508-D00444,SYN-202508-P00444,2025-08-02T10:49:00,Store Search,Store Intent,Playable Puzzle H,iOS,North America,False,active,False
2025-08,SYN-202508-D00445,SYN-202508-P00445,2025-08-07T05:47:00,Game Network,Playable Premium,Reward Story D,iOS,North America,False,active,True
2025-08,SYN-202508-D00446,SYN-202508-P00446,2025-08-17T17:05:00,Discovery Network,Discovery Rewarded,Progress Video G,Android,Western Europe,False,stopped,True
2025-08,SYN-202508-D00447,SYN-202508-P00447,2025-08-16T13:01:00,Search Network,Search Value Global,Playable Puzzle A,Android,North America,False,active,True
2025-08,SYN-202508-D00448,SYN-202508-P00448,2025-08-07T21:26:00,Game Network,Playable Premium,Playable Puzzle D,iOS,Western Europe,False,active,True
2025-08,SYN-202508-D00449,SYN-202508-P00449,2025-08-28T10:07:00,Search Network,Search Value Global,Progress Video A,Android,Western Europe,False,active,False
2025-08,SYN-202508-D00450,SYN-202508-P00450,2025-08-24T19:34:00,Search Network,Search Value North,Progress Video B,Android,North America,False,active,True
2025-08,SYN-202508-D00451,SYN-202508-P00451,2025-08-03T12:22:00,Social Network,Social Gameplay,Progress Video E,iOS,Western Europe,False,active,True
2025-08,SYN-202508-D00452,SYN-202508-P00452,2025-08-10T14:28:00,Social Network,Social Lifestyle,Progress Video F,iOS,APAC,False,stopped,True
2025-08,SYN-202508-D00453,SYN-202508-P00453,2025-08-01T13:48:00,Store Search,Store Intent,Playable Puzzle H,iOS,Western Europe,False,active,True
2025-08,SYN-202508-D00454,SYN-202508-P00454,2025-08-24T14:42:00,Social Network,Social Gameplay,Progress Video E,iOS,APAC,False,active,True
2025-08,SYN-202508-D00455,SYN-202508-P00455,2025-08-02T23:01:00,Social Network,Social Gameplay,Progress Video E,iOS,Test Market,True,active,True
2025-08,SYN-202508-D00456,SYN-202508-P00456,2025-08-20T08:34:00,Search Network,Search Value Global,Reward Story A,Android,North America,False,active,True
2025-08,SYN-202508-D00457,SYN-202508-P00457,2025-08-05T11:36:00,Search Network,Search Value Global,Progress Video A,Android,Test Market,True,active,True
2025-08,SYN-202508-D00458,SYN-202508-P00458,2025-08-11T17:25:00,Search Network,Search Value Global,Playable Puzzle A,Android,Western Europe,False,active,True
2025-08,SYN-202508-D00459,SYN-202508-P00459,2025-08-07T17:20:00,Social Network,Social Gameplay,Playable Puzzle E,iOS,APAC,False,active,True
2025-08,SYN-202508-D00460,SYN-202508-P00460,2025-08-04T10:46:00,Social Network,Social Gameplay,Playable Puzzle E,iOS,APAC,False,active,True
2025-08,SYN-202508-D00461,SYN-202508-P00461,2025-08-13T02:31:00,Game Network,Playable Broad,Progress Video C,iOS,Western Europe,False,active,True
2025-08,SYN-202508-D00462,SYN-202508-P00462,2025-08-09T02:58:00,Discovery Network,Discovery Rewarded,Progress Video G,Android,APAC,False,stopped,False
2025-08,SYN-202508-D00463,SYN-202508-P00463,2025-08-24T13:39:00,Social Network,Social Gameplay,Progress Video E,iOS,North America,False,active,True
2025-08,SYN-202508-D00464,SYN-202508-P00464,2025-08-29T09:42:00,Store Search,Store Intent,Playable Puzzle H,iOS,North America,False,active,False
2025-08,SYN-202508-D00465,SYN-202508-P00465,2025-08-22T19:30:00,Search Network,Search Value Global,Reward Story A,Android,North America,False,active,True
2025-08,SYN-202508-D00466,SYN-202508-P00466,2025-08-10T09:57:00,Social Network,Social Lifestyle,Playable Puzzle F,iOS,Western Europe,False,stopped,False
2025-08,SYN-202508-D00467,SYN-202508-P00467,2025-08-03T22:23:00,Social Network,Social Lifestyle,Playable Puzzle F,iOS,APAC,False,stopped,True
2025-08,SYN-202508-D00468,SYN-202508-P00468,2025-08-12T08:08:00,Game Network,Playable Premium,Progress Video D,iOS,Western Europe,False,active,False
2025-08,SYN-202508-D00469,SYN-202508-P00469,2025-08-03T23:06:00,Search Network,Search Value Global,Reward Story A,Android,LATAM,False,active,True
2025-08,SYN-202508-D00470,SYN-202508-P00470,2025-08-31T10:15:00,Game Network,Playable Premium,Playable Puzzle D,iOS,LATAM,False,active,True
2025-08,SYN-202508-D00471,SYN-202508-P00471,2025-08-08T17:37:00,Search Network,Search Value Global,Playable Puzzle A,Android,North America,False,active,True
2025-08,SYN-202508-D00472,SYN-202508-P00472,2025-08-09T08:53:00,Search Network,Search Value North,Reward Story B,Android,Test Market,True,active,False
2025-08,SYN-202508-D00473,SYN-202508-P00473,2025-08-04T13:28:00,Store Search,Store Intent,Progress Video H,iOS,APAC,False,active,True
2025-08,SYN-202508-D00474,SYN-202508-P00474,2025-08-26T10:44:00,Game Network,Playable Premium,Progress Video D,iOS,North America,False,active,True
2025-08,SYN-202508-D00475,SYN-202508-P00475,2025-08-16T08:26:00,Social Network,Social Gameplay,Progress Video E,iOS,North America,False,active,True
2025-08,SYN-202508-D00476,SYN-202508-P00476,2025-08-07T00:30:00,Game Network,Playable Premium,Reward Story D,iOS,Western Europe,False,active,False
2025-08,SYN-202508-D00477,SYN-202508-P00477,2025-08-04T03:39:00,Social Network,Social Gameplay,Progress Video E,iOS,Western Europe,False,active,True
2025-08,SYN-202508-D00478,SYN-202508-P00478,2025-08-04T00:55:00,Social Network,Social Lifestyle,Reward Story F,iOS,North America,False,stopped,True
2025-08,SYN-202508-D00479,SYN-202508-P00479,2025-08-21T01:08:00,Game Network,Playable Premium,Progress Video D,iOS,APAC,False,active,True
2025-08,SYN-202508-D00480,SYN-202508-P00480,2025-08-02T17:46:00,Social Network,Social Gameplay,Progress Video E,iOS,LATAM,False,active,True
2025-08,SYN-202508-D00481,SYN-202508-P00481,2025-08-04T05:00:00,Game Network,Playable Premium,Reward Story D,iOS,Western Europe,False,active,True
2025-08,SYN-202508-D00482,SYN-202508-P00482,2025-08-12T01:02:00,Game Network,Playable Premium,Playable Puzzle D,iOS,North America,False,active,True
2025-08,SYN-202508-D00483,SYN-202508-P00483,2025-08-07T07:10:00,Game Network,Playable Broad,Progress Video C,iOS,LATAM,False,active,True
2025-08,SYN-202508-D00484,SYN-202508-P00484,2025-08-31T23:04:00,Social Network,Social Gameplay,Progress Video E,iOS,North America,False,active,True
2025-08,SYN-202508-D00485,SYN-202508-P00485,2025-08-06T22:59:00,Store Search,Store Intent,Playable Puzzle H,iOS,Western Europe,False,active,True
2025-08,SYN-202508-D00486,SYN-202508-P00486,2025-08-23T10:17:00,Social Network,Social Gameplay,Reward Story E,iOS,Western Europe,False,active,True
2025-08,SYN-202508-D00487,SYN-202508-P00487,2025-08-09T10:09:00,Store Search,Store Intent,Reward Story H,iOS,North America,False,active,True
2025-08,SYN-202508-D00488,SYN-202508-P00488,2025-08-29T09:27:00,Game Network,Playable Premium,Progress Video D,iOS,Western Europe,False,active,True
2025-08,SYN-202508-D00489,SYN-202508-P00489,2025-08-06T22:51:00,Search Network,Search Value Global,Progress Video A,Android,Western Europe,False,active,True
2025-08,SYN-202508-D00490,SYN-202508-P00490,2025-08-25T15:56:00,Game Network,Playable Broad,Reward Story C,iOS,North America,False,active,False
2025-08,SYN-202508-D00491,SYN-202508-P00491,2025-08-28T01:14:00,Store Search,Store Intent,Playable Puzzle H,iOS,Western Europe,False,active,False
2025-08,SYN-202508-D00492,SYN-202508-P00492,2025-08-24T17:12:00,Game Network,Playable Premium,Reward Story D,iOS,LATAM,False,active,True
2025-08,SYN-202508-D00493,SYN-202508-P00493,2025-08-09T14:00:00,Game Network,Playable Broad,Progress Video C,iOS,Western Europe,False,active,True
2025-08,SYN-202508-D00494,SYN-202508-P00494,2025-08-07T16:57:00,Social Network,Social Lifestyle,Playable Puzzle F,iOS,North America,False,stopped,True
2025-08,SYN-202508-D00495,SYN-202508-P00495,2025-08-31T11:34:00,Game Network,Playable Broad,Playable Puzzle C,iOS,North America,False,active,True
2025-08,SYN-202508-D00496,SYN-202508-P00496,2025-08-12T07:37:00,Social Network,Social Gameplay,Playable Puzzle E,iOS,Western Europe,False,active,True
2025-08,SYN-202508-D00497,SYN-202508-P00497,2025-08-04T09:31:00,Store Search,Store Intent,Reward Story H,iOS,APAC,False,active,True
2025-08,SYN-202508-D00498,SYN-202508-P00498,2025-08-15T22:47:00,Game Network,Playable Premium,Reward Story D,iOS,APAC,False,active,True
2025-08,SYN-202508-D00499,SYN-202508-P00499,2025-08-02T17:32:00,Social Network,Social Lifestyle,Playable Puzzle F,iOS,Western Europe,False,stopped,True
2025-08,SYN-202508-D00500,SYN-202508-P00500,2025-08-14T10:01:00,Game Network,Playable Broad,Progress Video C,iOS,North America,False,active,True
2025-08,SYN-202508-D00501,SYN-202508-P00501,2025-08-13T20:41:00,Discovery Network,Discovery Rewarded,Playable Puzzle G,Android,APAC,False,stopped,True
2025-08,SYN-202508-D00502,SYN-202508-P00502,2025-08-08T12:26:00,Game Network,Playable Broad,Reward Story C,iOS,North America,False,active,True
2025-08,SYN-202508-D00503,SYN-202508-P00503,2025-08-14T19:08:00,Game Network,Playable Broad,Playable Puzzle C,iOS,LATAM,False,active,False
2025-08,SYN-202508-D00504,SYN-202508-P00504,2025-08-05T08:54:00,Search Network,Search Value North,Progress Video B,Android,APAC,False,active,True
2025-08,SYN-202508-D00505,SYN-202508-P00505,2025-08-28T05:48:00,Social Network,Social Gameplay,Playable Puzzle E,iOS,APAC,False,active,True
2025-08,SYN-202508-D00506,SYN-202508-P00506,2025-08-28T04:25:00,Game Network,Playable Premium,Playable Puzzle D,iOS,North America,False,active,True
2025-08,SYN-202508-D00507,SYN-202508-P00507,2025-08-05T10:39:00,Game Network,Playable Broad,Reward Story C,iOS,APAC,False,active,True
2025-08,SYN-202508-D00508,SYN-202508-P00508,2025-08-23T14:14:00,Search Network,Search Value North,Playable Puzzle B,Android,LATAM,False,active,True
2025-08,SYN-202508-D00509,SYN-202508-P00509,2025-08-08T11:56:00,Game Network,Playable Broad,Progress Video C,iOS,APAC,False,active,True
2025-08,SYN-202508-D00510,SYN-202508-P00510,2025-08-06T17:48:00,Game Network,Playable Broad,Progress Video C,iOS,APAC,False,active,True
2025-08,SYN-202508-D00511,SYN-202508-P00511,2025-08-15T15:53:00,Store Search,Store Intent,Progress Video H,iOS,North America,False,active,True
2025-08,SYN-202508-D00512,SYN-202508-P00512,2025-08-01T01:52:00,Discovery Network,Discovery Rewarded,Progress Video G,Android,Western Europe,False,stopped,True
2025-08,SYN-202508-D00513,SYN-202508-P00513,2025-08-21T13:46:00,Search Network,Search Value North,Reward Story B,Android,Western Europe,False,active,True
2025-08,SYN-202508-D00514,SYN-202508-P00514,2025-08-13T05:50:00,Social Network,Social Gameplay,Progress Video E,iOS,LATAM,False,active,True
2025-08,SYN-202508-D00515,SYN-202508-P00515,2025-08-05T03:50:00,Discovery Network,Discovery Rewarded,Progress Video G,Android,APAC,False,stopped,True
2025-08,SYN-202508-D00516,SYN-202508-P00516,2025-08-11T11:23:00,Game Network,Playable Broad,Playable Puzzle C,iOS,North America,False,active,True
2025-08,SYN-202508-D00517,SYN-202508-P00517,2025-08-24T05:13:00,Search Network,Search Value Global,Reward Story A,Android,North America,False,active,True
2025-08,SYN-202508-D00518,SYN-202508-P00518,2025-08-13T08:48:00,Social Network,Social Gameplay,Playable Puzzle E,iOS,Western Europe,False,active,True
2025-08,SYN-202508-D00519,SYN-202508-P00519,2025-08-05T11:38:00,Social Network,Social Gameplay,Reward Story E,iOS,North America,False,active,True
2025-08,SYN-202508-D00520,SYN-202508-P00520,2025-08-18T11:58:00,Game Network,Playable Premium,Progress Video D,iOS,Western Europe,False,active,True
2025-08,SYN-202508-D00521,SYN-202508-P00521,2025-08-31T00:48:00,Game Network,Playable Premium,Reward Story D,iOS,Western Europe,False,active,True
2025-08,SYN-202508-D00522,SYN-202508-P00522,2025-08-08T08:48:00,Search Network,Search Value North,Reward Story B,Android,LATAM,False,active,True
2025-08,SYN-202508-D00523,SYN-202508-P00523,2025-08-27T14:02:00,Game Network,Playable Broad,Progress Video C,iOS,Test Market,True,active,True
2025-08,SYN-202508-D00524,SYN-202508-P00524,2025-08-22T22:10:00,Search Network,Search Value Global,Reward Story A,Android,LATAM,False,active,True
2025-08,SYN-202508-D00525,SYN-202508-P00525,2025-08-30T22:03:00,Store Search,Store Intent,Playable Puzzle H,iOS,North America,False,active,True
2025-08,SYN-202508-D00526,SYN-202508-P00526,2025-08-16T00:31:00,Store Search,Store Intent,Playable Puzzle H,iOS,APAC,False,active,True
2025-08,SYN-202508-D00527,SYN-202508-P00527,2025-08-03T16:01:00,Social Network,Social Gameplay,Reward Story E,iOS,North America,False,active,True
2025-08,SYN-202508-D00528,SYN-202508-P00528,2025-08-06T03:31:00,Game Network,Playable Broad,Progress Video C,iOS,APAC,False,active,True
2025-08,SYN-202508-D00529,SYN-202508-P00529,2025-08-16T03:49:00,Game Network,Playable Premium,Progress Video D,iOS,North America,False,active,True
2025-08,SYN-202508-D00530,SYN-202508-P00530,2025-08-24T10:55:00,Social Network,Social Gameplay,Progress Video E,iOS,North America,False,active,True
2025-08,SYN-202508-D00531,SYN-202508-P00531,2025-08-14T09:28:00,Game Network,Playable Premium,Playable Puzzle D,iOS,Western Europe,False,active,True
2025-08,SYN-202508-D00532,SYN-202508-P00532,2025-08-10T02:42:00,Social Network,Social Gameplay,Playable Puzzle E,iOS,North America,False,active,True
2025-08,SYN-202508-D00533,SYN-202508-P00533,2025-08-27T02:43:00,Game Network,Playable Broad,Progress Video C,iOS,North America,False,active,True
2025-08,SYN-202508-D00534,SYN-202508-P00534,2025-08-06T14:42:00,Search Network,Search Value Global,Progress Video A,Android,APAC,False,active,True
2025-08,SYN-202508-D00535,SYN-202508-P00535,2025-08-29T10:17:00,Search Network,Search Value Global,Reward Story A,Android,LATAM,False,active,True
2025-08,SYN-202508-D00536,SYN-202508-P00536,2025-08-11T07:14:00,Store Search,Store Intent,Playable Puzzle H,iOS,APAC,False,active,True
2025-08,SYN-202508-D00537,SYN-202508-P00537,2025-08-25T00:56:00,Store Search,Store Intent,Progress Video H,iOS,North America,False,active,True
2025-08,SYN-202508-D00538,SYN-202508-P00538,2025-08-02T00:44:00,Discovery Network,Discovery Rewarded,Progress Video G,Android,North America,False,stopped,True
2025-08,SYN-202508-D00539,SYN-202508-P00539,2025-08-30T03:20:00,Game Network,Playable Broad,Reward Story C,iOS,Western Europe,False,active,True
2025-08,SYN-202508-D00540,SYN-202508-P00540,2025-08-12T02:29:00,Game Network,Playable Broad,Progress Video C,iOS,APAC,False,active,True
2025-08,SYN-202508-D00541,SYN-202508-P00541,2025-08-11T14:13:00,Discovery Network,Discovery Rewarded,Reward Story G,Android,APAC,False,stopped,True
2025-08,SYN-202508-D00542,SYN-202508-P00542,2025-08-08T13:38:00,Social Network,Social Lifestyle,Playable Puzzle F,iOS,APAC,False,stopped,True
2025-08,SYN-202508-D00543,SYN-202508-P00543,2025-08-21T10:55:00,Game Network,Playable Broad,Progress Video C,iOS,North America,False,active,True
2025-08,SYN-202508-D00544,SYN-202508-P00544,2025-08-16T21:43:00,Discovery Network,Discovery Rewarded,Reward Story G,Android,Western Europe,False,stopped,True
2025-08,SYN-202508-D00545,SYN-202508-P00545,2025-08-18T13:10:00,Game Network,Playable Broad,Playable Puzzle C,iOS,LATAM,False,active,True
2025-08,SYN-202508-D00546,SYN-202508-P00546,2025-08-25T15:56:00,Game Network,Playable Premium,Progress Video D,iOS,APAC,False,active,True
2025-08,SYN-202508-D00547,SYN-202508-P00547,2025-08-15T08:06:00,Store Search,Store Intent,Reward Story H,iOS,LATAM,False,active,True
2025-08,SYN-202508-D00548,SYN-202508-P00548,2025-08-02T20:24:00,Social Network,Social Gameplay,Progress Video E,iOS,North America,False,active,True
2025-08,SYN-202508-D00549,SYN-202508-P00549,2025-08-08T05:31:00,Store Search,Store Intent,Reward Story H,iOS,North America,False,active,True
2025-08,SYN-202508-D00550,SYN-202508-P00550,2025-08-21T04:53:00,Social Network,Social Gameplay,Playable Puzzle E,iOS,APAC,False,active,True
2025-08,SYN-202508-D00551,SYN-202508-P00551,2025-08-25T21:43:00,Social Network,Social Gameplay,Reward Story E,iOS,Western Europe,False,active,True
2025-08,SYN-202508-D00552,SYN-202508-P00552,2025-08-04T14:27:00,Search Network,Search Value North,Progress Video B,Android,APAC,False,active,False
2025-08,SYN-202508-D00553,SYN-202508-P00553,2025-08-10T14:57:00,Social Network,Social Gameplay,Playable Puzzle E,iOS,APAC,False,active,True
2025-08,SYN-202508-D00554,SYN-202508-P00554,2025-08-29T04:05:00,Game Network,Playable Premium,Progress Video D,iOS,Western Europe,False,active,True
2025-08,SYN-202508-D00555,SYN-202508-P00555,2025-08-04T14:33:00,Search Network,Search Value North,Reward Story B,Android,Western Europe,False,active,True
2025-08,SYN-202508-D00556,SYN-202508-P00556,2025-08-05T04:32:00,Game Network,Playable Broad,Reward Story C,iOS,APAC,False,active,True
2025-08,SYN-202508-D00557,SYN-202508-P00557,2025-08-16T16:02:00,Search Network,Search Value North,Reward Story B,Android,APAC,False,active,True
2025-08,SYN-202508-D00558,SYN-202508-P00558,2025-08-12T00:39:00,Store Search,Store Intent,Reward Story H,iOS,LATAM,False,active,True
2025-08,SYN-202508-D00559,SYN-202508-P00559,2025-08-10T00:58:00,Search Network,Search Value North,Reward Story B,Android,Western Europe,False,active,True
2025-08,SYN-202508-D00560,SYN-202508-P00560,2025-08-08T16:19:00,Search Network,Search Value North,Progress Video B,Android,Western Europe,False,active,True
2025-08,SYN-202508-D00561,SYN-202508-P00561,2025-08-17T07:58:00,Social Network,Social Gameplay,Progress Video E,iOS,APAC,False,active,True
2025-08,SYN-202508-D00562,SYN-202508-P00562,2025-08-06T09:13:00,Game Network,Playable Broad,Progress Video C,iOS,APAC,False,active,True
2025-08,SYN-202508-D00563,SYN-202508-P00563,2025-08-30T06:23:00,Store Search,Store Intent,Progress Video H,iOS,Western Europe,False,active,True
2025-08,SYN-202508-D00564,SYN-202508-P00564,2025-08-23T17:10:00,Game Network,Playable Premium,Playable Puzzle D,iOS,LATAM,False,active,True
2025-08,SYN-202508-D00565,SYN-202508-P00565,2025-08-30T08:30:00,Store Search,Store Intent,Playable Puzzle H,iOS,North America,False,active,True
2025-08,SYN-202508-D00566,SYN-202508-P00566,2025-08-12T08:26:00,Social Network,Social Lifestyle,Reward Story F,iOS,North America,False,stopped,False
2025-08,SYN-202508-D00567,SYN-202508-P00567,2025-08-19T16:27:00,Game Network,Playable Premium,Playable Puzzle D,iOS,APAC,False,active,True
2025-08,SYN-202508-D00568,SYN-202508-P00568,2025-08-31T11:18:00,Game Network,Playable Premium,Reward Story D,iOS,APAC,False,active,True
2025-08,SYN-202508-D00569,SYN-202508-P00569,2025-08-09T18:42:00,Discovery Network,Discovery Rewarded,Progress Video G,Android,LATAM,False,stopped,True
2025-08,SYN-202508-D00570,SYN-202508-P00570,2025-08-08T03:13:00,Social Network,Social Gameplay,Playable Puzzle E,iOS,APAC,False,active,True
2025-08,SYN-202508-D00571,SYN-202508-P00571,2025-08-30T12:00:00,Search Network,Search Value North,Progress Video B,Android,APAC,False,active,True
2025-08,SYN-202508-D00572,SYN-202508-P00572,2025-08-21T03:20:00,Search Network,Search Value North,Reward Story B,Android,Western Europe,False,active,True
2025-08,SYN-202508-D00573,SYN-202508-P00573,2025-08-29T01:50:00,Search Network,Search Value North,Reward Story B,Android,North America,False,active,True
2025-08,SYN-202508-D00574,SYN-202508-P00574,2025-08-13T01:41:00,Discovery Network,Discovery Rewarded,Reward Story G,Android,APAC,False,stopped,True
2025-08,SYN-202508-D00575,SYN-202508-P00575,2025-08-26T17:25:00,Social Network,Social Gameplay,Progress Video E,iOS,Western Europe,False,active,True
2025-08,SYN-202508-D00576,SYN-202508-P00576,2025-08-02T20:23:00,Game Network,Playable Premium,Reward Story D,iOS,North America,False,active,True
2025-08,SYN-202508-D00577,SYN-202508-P00577,2025-08-30T01:01:00,Search Network,Search Value Global,Reward Story A,Android,Western Europe,False,active,True
2025-08,SYN-202508-D00578,SYN-202508-P00578,2025-08-06T11:01:00,Social Network,Social Lifestyle,Reward Story F,iOS,Western Europe,False,stopped,False
2025-08,SYN-202508-D00579,SYN-202508-P00579,2025-08-11T03:34:00,Social Network,Social Gameplay,Playable Puzzle E,iOS,APAC,False,active,True
2025-08,SYN-202508-D00580,SYN-202508-P00580,2025-08-04T01:54:00,Social Network,Social Gameplay,Playable Puzzle E,iOS,APAC,False,active,True
2025-08,SYN-202508-D00581,SYN-202508-P00581,2025-08-03T04:59:00,Search Network,Search Value North,Playable Puzzle B,Android,North America,False,active,True
2025-08,SYN-202508-D00582,SYN-202508-P00582,2025-08-25T10:24:00,Game Network,Playable Premium,Reward Story D,iOS,APAC,False,active,True
2025-08,SYN-202508-D00583,SYN-202508-P00583,2025-08-12T08:56:00,Discovery Network,Discovery Rewarded,Playable Puzzle G,Android,APAC,False,stopped,True
2025-08,SYN-202508-D00584,SYN-202508-P00584,2025-08-13T12:27:00,Search Network,Search Value North,Playable Puzzle B,Android,North America,False,active,False
2025-08,SYN-202508-D00585,SYN-202508-P00585,2025-08-31T04:27:00,Game Network,Playable Premium,Reward Story D,iOS,North America,False,active,True
2025-08,SYN-202508-D00586,SYN-202508-P00586,2025-08-07T12:03:00,Social Network,Social Lifestyle,Playable Puzzle F,iOS,North America,False,stopped,True
2025-08,SYN-202508-D00587,SYN-202508-P00587,2025-08-02T16:20:00,Social Network,Social Gameplay,Playable Puzzle E,iOS,Western Europe,False,active,True
2025-08,SYN-202508-D00588,SYN-202508-P00588,2025-08-22T14:12:00,Game Network,Playable Broad,Reward Story C,iOS,North America,False,active,True
2025-08,SYN-202508-D00589,SYN-202508-P00589,2025-08-24T07:12:00,Game Network,Playable Broad,Playable Puzzle C,iOS,APAC,False,active,True
2025-08,SYN-202508-D00590,SYN-202508-P00590,2025-08-29T06:28:00,Search Network,Search Value North,Reward Story B,Android,North America,False,active,True
2025-08,SYN-202508-D00591,SYN-202508-P00591,2025-08-13T03:31:00,Social Network,Social Lifestyle,Playable Puzzle F,iOS,APAC,False,stopped,True
2025-08,SYN-202508-D00592,SYN-202508-P00592,2025-08-24T23:58:00,Social Network,Social Gameplay,Reward Story E,iOS,Western Europe,False,active,True
2025-08,SYN-202508-D00593,SYN-202508-P00593,2025-08-18T21:14:00,Game Network,Playable Premium,Playable Puzzle D,iOS,LATAM,False,active,True
2025-08,SYN-202508-D00594,SYN-202508-P00594,2025-08-11T02:22:00,Store Search,Store Intent,Progress Video H,iOS,APAC,False,active,True
2025-08,SYN-202508-D00595,SYN-202508-P00595,2025-08-23T14:23:00,Game Network,Playable Premium,Progress Video D,iOS,North America,False,active,True
2025-08,SYN-202508-D00596,SYN-202508-P00596,2025-08-18T07:06:00,Social Network,Social Gameplay,Progress Video E,iOS,Western Europe,False,active,True
2025-08,SYN-202508-D00597,SYN-202508-P00597,2025-08-30T18:55:00,Game Network,Playable Broad,Progress Video C,iOS,LATAM,False,active,False
2025-08,SYN-202508-D00598,SYN-202508-P00598,2025-08-09T20:47:00,Game Network,Playable Premium,Progress Video D,iOS,APAC,False,active,True
2025-08,SYN-202508-D00599,SYN-202508-P00599,2025-08-28T00:56:00,Social Network,Social Gameplay,Reward Story E,iOS,North America,False,active,True
2025-08,SYN-202508-D00600,SYN-202508-P00600,2025-08-04T18:34:00,Social Network,Social Gameplay,Reward Story E,iOS,North America,False,active,True
2025-08,SYN-202508-D00601,SYN-202508-P00601,2025-08-16T22:37:00,Social Network,Social Lifestyle,Progress Video F,iOS,North America,False,stopped,True
2025-08,SYN-202508-D00602,SYN-202508-P00602,2025-08-22T04:58:00,Store Search,Store Intent,Progress Video H,iOS,APAC,False,active,True
2025-08,SYN-202508-D00603,SYN-202508-P00603,2025-08-22T10:02:00,Social Network,Social Gameplay,Progress Video E,iOS,APAC,False,active,True
2025-08,SYN-202508-D00604,SYN-202508-P00604,2025-08-09T11:11:00,Social Network,Social Gameplay,Playable Puzzle E,iOS,North America,False,active,True
2025-08,SYN-202508-D00605,SYN-202508-P00605,2025-08-15T06:59:00,Game Network,Playable Broad,Playable Puzzle C,iOS,Western Europe,False,active,True
2025-08,SYN-202508-D00606,SYN-202508-P00606,2025-08-05T01:57:00,Social Network,Social Gameplay,Playable Puzzle E,iOS,APAC,False,active,True
2025-08,SYN-202508-D00607,SYN-202508-P00607,2025-08-25T21:16:00,Social Network,Social Gameplay,Progress Video E,iOS,Western Europe,False,active,True
2025-08,SYN-202508-D00608,SYN-202508-P00608,2025-08-01T09:20:00,Game Network,Playable Premium,Playable Puzzle D,iOS,APAC,False,active,True
2025-08,SYN-202508-D00609,SYN-202508-P00609,2025-08-30T19:46:00,Game Network,Playable Broad,Playable Puzzle C,iOS,APAC,False,active,True
2025-08,SYN-202508-D00610,SYN-202508-P00610,2025-08-05T20:24:00,Search Network,Search Value Global,Reward Story A,Android,Western Europe,False,active,True
2025-08,SYN-202508-D00611,SYN-202508-P00611,2025-08-18T19:35:00,Search Network,Search Value Global,Reward Story A,Android,APAC,False,active,True
2025-08,SYN-202508-D00612,SYN-202508-P00612,2025-08-14T14:28:00,Store Search,Store Intent,Reward Story H,iOS,North America,False,active,True
2025-08,SYN-202508-D00613,SYN-202508-P00613,2025-08-13T17:12:00,Search Network,Search Value North,Reward Story B,Android,LATAM,False,active,True
2025-08,SYN-202508-D00614,SYN-202508-P00614,2025-08-09T21:31:00,Game Network,Playable Broad,Reward Story C,iOS,North America,False,active,True
2025-08,SYN-202508-D00615,SYN-202508-P00615,2025-08-06T23:54:00,Game Network,Playable Premium,Progress Video D,iOS,North America,False,active,True
2025-08,SYN-202508-D00616,SYN-202508-P00616,2025-08-28T13:18:00,Social Network,Social Gameplay,Playable Puzzle E,iOS,APAC,False,active,True
2025-08,SYN-202508-D00617,SYN-202508-P00617,2025-08-29T22:55:00,Game Network,Playable Premium,Progress Video D,iOS,North America,False,active,True
2025-08,SYN-202508-D00618,SYN-202508-P00618,2025-08-21T05:52:00,Search Network,Search Value Global,Playable Puzzle A,Android,Western Europe,False,active,True
2025-08,SYN-202508-D00619,SYN-202508-P00619,2025-08-20T06:59:00,Game Network,Playable Broad,Playable Puzzle C,iOS,Western Europe,False,active,True
2025-08,SYN-202508-D00620,SYN-202508-P00620,2025-08-12T17:35:00,Store Search,Store Intent,Progress Video H,iOS,North America,False,active,True
2025-08,SYN-202508-D00621,SYN-202508-P00621,2025-08-02T08:35:00,Store Search,Store Intent,Reward Story H,iOS,LATAM,False,active,True
2025-08,SYN-202508-D00622,SYN-202508-P00622,2025-08-06T07:42:00,Game Network,Playable Premium,Reward Story D,iOS,Western Europe,False,active,True
2025-08,SYN-202508-D00623,SYN-202508-P00623,2025-08-06T02:41:00,Social Network,Social Gameplay,Playable Puzzle E,iOS,APAC,False,active,True
2025-08,SYN-202508-D00624,SYN-202508-P00624,2025-08-06T01:28:00,Store Search,Store Intent,Reward Story H,iOS,APAC,False,active,True
2025-08,SYN-202508-D00625,SYN-202508-P00625,2025-08-08T21:17:00,Search Network,Search Value Global,Playable Puzzle A,Android,North America,False,active,True
2025-08,SYN-202508-D00626,SYN-202508-P00626,2025-08-27T14:52:00,Game Network,Playable Premium,Playable Puzzle D,iOS,APAC,False,active,True
2025-08,SYN-202508-D00627,SYN-202508-P00627,2025-08-03T14:28:00,Search Network,Search Value Global,Playable Puzzle A,Android,North America,False,active,True
2025-08,SYN-202508-D00628,SYN-202508-P00628,2025-08-13T05:35:00,Social Network,Social Lifestyle,Reward Story F,iOS,LATAM,False,stopped,True
2025-08,SYN-202508-D00629,SYN-202508-P00629,2025-08-20T07:01:00,Game Network,Playable Broad,Playable Puzzle C,iOS,APAC,False,active,True
2025-08,SYN-202508-D00630,SYN-202508-P00630,2025-08-02T20:49:00,Social Network,Social Lifestyle,Progress Video F,iOS,APAC,False,stopped,True
2025-08,SYN-202508-D00631,SYN-202508-P00631,2025-08-02T00:06:00,Game Network,Playable Premium,Playable Puzzle D,iOS,APAC,False,active,True
2025-08,SYN-202508-D00632,SYN-202508-P00632,2025-08-05T15:33:00,Store Search,Store Intent,Progress Video H,iOS,APAC,False,active,True
2025-08,SYN-202508-D00633,SYN-202508-P00633,2025-08-02T19:59:00,Social Network,Social Gameplay,Reward Story E,iOS,APAC,False,active,True
2025-08,SYN-202508-D00634,SYN-202508-P00634,2025-08-14T17:39:00,Search Network,Search Value North,Playable Puzzle B,Android,APAC,False,active,True
2025-08,SYN-202508-D00635,SYN-202508-P00635,2025-08-30T02:01:00,Game Network,Playable Broad,Playable Puzzle C,iOS,APAC,False,active,True
2025-08,SYN-202508-D00636,SYN-202508-P00636,2025-08-24T11:15:00,Search Network,Search Value Global,Reward Story A,Android,APAC,False,active,True
2025-08,SYN-202508-D00637,SYN-202508-P00637,2025-08-20T03:59:00,Social Network,Social Gameplay,Reward Story E,iOS,North America,False,active,True
2025-08,SYN-202508-D00638,SYN-202508-P00638,2025-08-04T07:17:00,Discovery Network,Discovery Rewarded,Playable Puzzle G,Android,APAC,False,stopped,True
2025-08,SYN-202508-D00639,SYN-202508-P00639,2025-08-16T20:33:00,Game Network,Playable Broad,Progress Video C,iOS,North America,False,active,True
2025-08,SYN-202508-D00640,SYN-202508-P00640,2025-08-27T08:27:00,Game Network,Playable Broad,Reward Story C,iOS,APAC,False,active,True
2025-08,SYN-202508-D00641,SYN-202508-P00641,2025-08-31T01:28:00,Social Network,Social Gameplay,Playable Puzzle E,iOS,Western Europe,False,active,True
2025-08,SYN-202508-D00642,SYN-202508-P00642,2025-08-01T23:52:00,Game Network,Playable Premium,Progress Video D,iOS,Western Europe,False,active,True
2025-08,SYN-202508-D00643,SYN-202508-P00643,2025-08-30T08:45:00,Game Network,Playable Broad,Reward Story C,iOS,APAC,False,active,True
2025-08,SYN-202508-D00644,SYN-202508-P00644,2025-08-31T10:01:00,Search Network,Search Value Global,Progress Video A,Android,North America,False,active,True
2025-08,SYN-202508-D00645,SYN-202508-P00645,2025-08-11T02:34:00,Social Network,Social Lifestyle,Reward Story F,iOS,APAC,False,stopped,False
2025-08,SYN-202508-D00646,SYN-202508-P00646,2025-08-01T07:56:00,Store Search,Store Intent,Progress Video H,iOS,APAC,False,active,True
2025-08,SYN-202508-D00647,SYN-202508-P00647,2025-08-01T10:00:00,Search Network,Search Value Global,Progress Video A,Android,North America,False,active,True
2025-08,SYN-202508-D00648,SYN-202508-P00648,2025-08-18T12:10:00,Social Network,Social Lifestyle,Progress Video F,iOS,North America,False,stopped,True
2025-08,SYN-202508-D00649,SYN-202508-P00649,2025-08-02T02:11:00,Game Network,Playable Broad,Reward Story C,iOS,Test Market,True,active,True
2025-08,SYN-202508-D00650,SYN-202508-P00650,2025-08-02T08:35:00,Social Network,Social Lifestyle,Reward Story F,iOS,Western Europe,False,stopped,True
2025-08,SYN-202508-D00651,SYN-202508-P00651,2025-08-12T09:35:00,Game Network,Playable Broad,Progress Video C,iOS,Western Europe,False,active,True
2025-08,SYN-202508-D00652,SYN-202508-P00652,2025-08-10T22:45:00,Game Network,Playable Broad,Progress Video C,iOS,APAC,False,active,True
2025-08,SYN-202508-D00653,SYN-202508-P00653,2025-08-04T22:19:00,Discovery Network,Discovery Rewarded,Playable Puzzle G,Android,North America,False,stopped,True
2025-08,SYN-202508-D00654,SYN-202508-P00654,2025-08-22T06:09:00,Game Network,Playable Premium,Playable Puzzle D,iOS,North America,False,active,False
2025-08,SYN-202508-D00655,SYN-202508-P00655,2025-08-30T07:08:00,Game Network,Playable Broad,Reward Story C,iOS,Western Europe,False,active,True
2025-08,SYN-202508-D00656,SYN-202508-P00656,2025-08-24T23:29:00,Game Network,Playable Broad,Progress Video C,iOS,Western Europe,False,active,True
2025-08,SYN-202508-D00657,SYN-202508-P00657,2025-08-08T02:01:00,Discovery Network,Discovery Rewarded,Playable Puzzle G,Android,Western Europe,False,stopped,True
2025-08,SYN-202508-D00658,SYN-202508-P00658,2025-08-14T10:19:00,Social Network,Social Lifestyle,Playable Puzzle F,iOS,Western Europe,False,stopped,True
2025-08,SYN-202508-D00659,SYN-202508-P00659,2025-08-08T07:10:00,Game Network,Playable Premium,Playable Puzzle D,iOS,APAC,False,active,True
2025-08,SYN-202508-D00660,SYN-202508-P00660,2025-08-23T01:40:00,Social Network,Social Gameplay,Playable Puzzle E,iOS,Western Europe,False,active,True
2025-08,SYN-202508-D00661,SYN-202508-P00661,2025-08-02T16:32:00,Search Network,Search Value Global,Playable Puzzle A,Android,Western Europe,False,active,True
2025-08,SYN-202508-D00662,SYN-202508-P00662,2025-08-12T10:11:00,Store Search,Store Intent,Playable Puzzle H,iOS,Western Europe,False,active,True
2025-08,SYN-202508-D00663,SYN-202508-P00663,2025-08-02T08:02:00,Game Network,Playable Premium,Playable Puzzle D,iOS,LATAM,False,active,True
2025-08,SYN-202508-D00664,SYN-202508-P00664,2025-08-04T10:40:00,Discovery Network,Discovery Rewarded,Playable Puzzle G,Android,APAC,False,stopped,True
2025-08,SYN-202508-D00665,SYN-202508-P00665,2025-08-18T14:04:00,Social Network,Social Gameplay,Playable Puzzle E,iOS,APAC,False,active,True
2025-08,SYN-202508-D00666,SYN-202508-P00666,2025-08-27T13:14:00,Game Network,Playable Broad,Progress Video C,iOS,APAC,False,active,True
2025-08,SYN-202508-D00667,SYN-202508-P00667,2025-08-29T13:39:00,Store Search,Store Intent,Progress Video H,iOS,Western Europe,False,active,True
2025-08,SYN-202508-D00668,SYN-202508-P00668,2025-08-03T02:18:00,Discovery Network,Discovery Rewarded,Playable Puzzle G,Android,APAC,False,stopped,True
2025-08,SYN-202508-D00669,SYN-202508-P00669,2025-08-11T19:37:00,Discovery Network,Discovery Rewarded,Playable Puzzle G,Android,North America,False,stopped,False
2025-08,SYN-202508-D00670,SYN-202508-P00670,2025-08-31T06:57:00,Game Network,Playable Premium,Reward Story D,iOS,North America,False,active,True
2025-08,SYN-202508-D00671,SYN-202508-P00671,2025-08-23T08:15:00,Social Network,Social Gameplay,Reward Story E,iOS,APAC,False,active,True
2025-08,SYN-202508-D00672,SYN-202508-P00672,2025-08-12T19:53:00,Game Network,Playable Broad,Progress Video C,iOS,LATAM,False,active,True
2025-08,SYN-202508-D00673,SYN-202508-P00673,2025-08-02T00:09:00,Game Network,Playable Premium,Reward Story D,iOS,Western Europe,False,active,True
2025-08,SYN-202508-D00674,SYN-202508-P00674,2025-08-22T21:52:00,Game Network,Playable Premium,Reward Story D,iOS,North America,False,active,True
2025-08,SYN-202508-D00675,SYN-202508-P00675,2025-08-21T10:13:00,Game Network,Playable Broad,Reward Story C,iOS,North America,False,active,True
2025-08,SYN-202508-D00676,SYN-202508-P00676,2025-08-29T09:33:00,Search Network,Search Value North,Reward Story B,Android,LATAM,False,active,True
2025-08,SYN-202508-D00677,SYN-202508-P00677,2025-08-05T08:24:00,Game Network,Playable Broad,Progress Video C,iOS,APAC,False,active,True
2025-08,SYN-202508-D00678,SYN-202508-P00678,2025-08-21T11:03:00,Social Network,Social Gameplay,Playable Puzzle E,iOS,North America,False,active,True
2025-08,SYN-202508-D00679,SYN-202508-P00679,2025-08-19T02:58:00,Social Network,Social Gameplay,Playable Puzzle E,iOS,North America,False,active,True
2025-08,SYN-202508-D00680,SYN-202508-P00680,2025-08-31T01:46:00,Social Network,Social Gameplay,Progress Video E,iOS,APAC,False,active,True
2025-08,SYN-202508-D00681,SYN-202508-P00681,2025-08-21T15:17:00,Social Network,Social Gameplay,Playable Puzzle E,iOS,LATAM,False,active,True
2025-08,SYN-202508-D00682,SYN-202508-P00682,2025-08-24T11:24:00,Search Network,Search Value Global,Reward Story A,Android,Western Europe,False,active,True
2025-08,SYN-202508-D00683,SYN-202508-P00683,2025-08-28T23:48:00,Social Network,Social Gameplay,Reward Story E,iOS,North America,False,active,True
2025-08,SYN-202508-D00684,SYN-202508-P00684,2025-08-28T10:38:00,Store Search,Store Intent,Playable Puzzle H,iOS,APAC,False,active,True
2025-08,SYN-202508-D00685,SYN-202508-P00685,2025-08-20T01:03:00,Game Network,Playable Broad,Progress Video C,iOS,North America,False,active,True
2025-08,SYN-202508-D00686,SYN-202508-P00686,2025-08-02T12:46:00,Search Network,Search Value North,Reward Story B,Android,APAC,False,active,True
2025-08,SYN-202508-D00687,SYN-202508-P00687,2025-08-02T10:26:00,Social Network,Social Gameplay,Reward Story E,iOS,North America,False,active,True
2025-08,SYN-202508-D00688,SYN-202508-P00688,2025-08-23T01:01:00,Game Network,Playable Premium,Playable Puzzle D,iOS,APAC,False,active,True
2025-08,SYN-202508-D00689,SYN-202508-P00689,2025-08-18T16:11:00,Search Network,Search Value Global,Playable Puzzle A,Android,LATAM,False,active,True
2025-08,SYN-202508-D00690,SYN-202508-P00690,2025-08-04T16:16:00,Social Network,Social Gameplay,Playable Puzzle E,iOS,North America,False,active,True
2025-08,SYN-202508-D00691,SYN-202508-P00691,2025-08-09T05:25:00,Game Network,Playable Premium,Playable Puzzle D,iOS,Western Europe,False,active,True
2025-08,SYN-202508-D00692,SYN-202508-P00692,2025-08-15T09:10:00,Discovery Network,Discovery Rewarded,Reward Story G,Android,APAC,False,stopped,True
2025-08,SYN-202508-D00693,SYN-202508-P00693,2025-08-18T08:46:00,Store Search,Store Intent,Reward Story H,iOS,APAC,False,active,True
2025-08,SYN-202508-D00694,SYN-202508-P00694,2025-08-21T08:34:00,Game Network,Playable Premium,Progress Video D,iOS,North America,False,active,True
2025-08,SYN-202508-D00695,SYN-202508-P00695,2025-08-24T00:54:00,Social Network,Social Gameplay,Playable Puzzle E,iOS,Western Europe,False,active,True
2025-08,SYN-202508-D00696,SYN-202508-P00696,2025-08-14T00:21:00,Search Network,Search Value Global,Reward Story A,Android,North America,False,active,True
2025-08,SYN-202508-D00697,SYN-202508-P00697,2025-08-02T01:43:00,Discovery Network,Discovery Rewarded,Reward Story G,Android,APAC,False,stopped,True
2025-08,SYN-202508-D00698,SYN-202508-P00698,2025-08-11T16:28:00,Social Network,Social Lifestyle,Playable Puzzle F,iOS,APAC,False,stopped,True
2025-08,SYN-202508-D00699,SYN-202508-P00699,2025-08-20T01:45:00,Game Network,Playable Broad,Playable Puzzle C,iOS,North America,False,active,True
2025-08,SYN-202508-D00700,SYN-202508-P00700,2025-08-22T23:04:00,Social Network,Social Gameplay,Progress Video E,iOS,APAC,False,active,True
2025-08,SYN-202508-D00701,SYN-202508-P00701,2025-08-01T15:28:00,Game Network,Playable Broad,Reward Story C,iOS,North America,False,active,True
2025-08,SYN-202508-D00702,SYN-202508-P00702,2025-08-25T03:55:00,Game Network,Playable Premium,Reward Story D,iOS,APAC,False,active,True
2025-08,SYN-202508-D00703,SYN-202508-P00703,2025-08-10T22:51:00,Discovery Network,Discovery Rewarded,Reward Story G,Android,Western Europe,False,stopped,True
2025-08,SYN-202508-D00704,SYN-202508-P00704,2025-08-20T21:19:00,Store Search,Store Intent,Playable Puzzle H,iOS,APAC,False,active,True
2025-08,SYN-202508-D00705,SYN-202508-P00705,2025-08-31T06:23:00,Game Network,Playable Premium,Playable Puzzle D,iOS,North America,False,active,True
2025-08,SYN-202508-D00706,SYN-202508-P00706,2025-08-22T21:24:00,Search Network,Search Value Global,Progress Video A,Android,North America,False,active,True
2025-08,SYN-202508-D00707,SYN-202508-P00707,2025-08-11T11:01:00,Game Network,Playable Premium,Playable Puzzle D,iOS,APAC,False,active,True
2025-08,SYN-202508-D00708,SYN-202508-P00708,2025-08-03T09:19:00,Search Network,Search Value North,Playable Puzzle B,Android,Western Europe,False,active,True
2025-08,SYN-202508-D00709,SYN-202508-P00709,2025-08-01T16:41:00,Store Search,Store Intent,Playable Puzzle H,iOS,North America,False,active,True
2025-08,SYN-202508-D00710,SYN-202508-P00710,2025-08-21T21:18:00,Store Search,Store Intent,Playable Puzzle H,iOS,Test Market,True,active,True
2025-08,SYN-202508-D00711,SYN-202508-P00711,2025-08-07T16:16:00,Game Network,Playable Broad,Playable Puzzle C,iOS,North America,False,active,True
2025-08,SYN-202508-D00712,SYN-202508-P00712,2025-08-19T01:58:00,Game Network,Playable Broad,Playable Puzzle C,iOS,APAC,False,active,True
2025-08,SYN-202508-D00713,SYN-202508-P00713,2025-08-04T00:06:00,Social Network,Social Gameplay,Progress Video E,iOS,LATAM,False,active,True
2025-08,SYN-202508-D00714,SYN-202508-P00714,2025-08-20T19:10:00,Search Network,Search Value North,Reward Story B,Android,North America,False,active,False
2025-08,SYN-202508-D00715,SYN-202508-P00715,2025-08-18T15:39:00,Game Network,Playable Broad,Progress Video C,iOS,LATAM,False,active,True
2025-08,SYN-202508-D00716,SYN-202508-P00716,2025-08-05T22:03:00,Discovery Network,Discovery Rewarded,Playable Puzzle G,Android,North America,False,stopped,True
2025-08,SYN-202508-D00717,SYN-202508-P00717,2025-08-02T12:40:00,Game Network,Playable Premium,Reward Story D,iOS,LATAM,False,active,True
2025-08,SYN-202508-D00718,SYN-202508-P00718,2025-08-05T21:45:00,Social Network,Social Gameplay,Progress Video E,iOS,North America,False,active,True
2025-08,SYN-202508-D00719,SYN-202508-P00719,2025-08-08T09:27:00,Search Network,Search Value Global,Reward Story A,Android,North America,False,active,False
2025-08,SYN-202508-D00720,SYN-202508-P00720,2025-08-19T03:47:00,Social Network,Social Gameplay,Playable Puzzle E,iOS,APAC,False,active,True
2025-08,SYN-202508-D00721,SYN-202508-P00721,2025-08-23T03:21:00,Game Network,Playable Broad,Progress Video C,iOS,North America,False,active,True
2025-08,SYN-202508-D00722,SYN-202508-P00722,2025-08-10T21:02:00,Store Search,Store Intent,Reward Story H,iOS,North America,False,active,True
2025-08,SYN-202508-D00723,SYN-202508-P00723,2025-08-11T15:12:00,Social Network,Social Gameplay,Reward Story E,iOS,North America,False,active,True
2025-08,SYN-202508-D00724,SYN-202508-P00724,2025-08-22T19:49:00,Game Network,Playable Broad,Playable Puzzle C,iOS,North America,False,active,True
2025-08,SYN-202508-D00725,SYN-202508-P00725,2025-08-18T10:54:00,Search Network,Search Value North,Progress Video B,Android,LATAM,False,active,True
2025-08,SYN-202508-D00726,SYN-202508-P00726,2025-08-13T01:08:00,Discovery Network,Discovery Rewarded,Progress Video G,Android,North America,False,stopped,True
2025-08,SYN-202508-D00727,SYN-202508-P00727,2025-08-01T17:45:00,Store Search,Store Intent,Reward Story H,iOS,APAC,False,active,True
2025-08,SYN-202508-D00728,SYN-202508-P00728,2025-08-22T06:58:00,Game Network,Playable Broad,Progress Video C,iOS,Western Europe,False,active,True
2025-08,SYN-202508-D00729,SYN-202508-P00729,2025-08-16T12:58:00,Store Search,Store Intent,Progress Video H,iOS,North America,False,active,True
2025-08,SYN-202508-D00730,SYN-202508-P00730,2025-08-02T02:39:00,Discovery Network,Discovery Rewarded,Playable Puzzle G,Android,Test Market,True,stopped,True
2025-08,SYN-202508-D00731,SYN-202508-P00731,2025-08-04T10:43:00,Store Search,Store Intent,Reward Story H,iOS,North America,False,active,False
2025-08,SYN-202508-D00732,SYN-202508-P00732,2025-08-19T16:07:00,Social Network,Social Gameplay,Playable Puzzle E,iOS,LATAM,False,active,True
2025-08,SYN-202508-D00733,SYN-202508-P00733,2025-08-26T13:20:00,Search Network,Search Value North,Reward Story B,Android,APAC,False,active,True
2025-08,SYN-202508-D00734,SYN-202508-P00734,2025-08-03T18:58:00,Search Network,Search Value North,Reward Story B,Android,Western Europe,False,active,True
2025-08,SYN-202508-D00735,SYN-202508-P00735,2025-08-31T00:43:00,Search Network,Search Value Global,Reward Story A,Android,North America,False,active,True
2025-08,SYN-202508-D00736,SYN-202508-P00736,2025-08-03T16:24:00,Game Network,Playable Broad,Progress Video C,iOS,North America,False,active,True
2025-08,SYN-202508-D00737,SYN-202508-P00737,2025-08-07T08:04:00,Social Network,Social Lifestyle,Reward Story F,iOS,North America,False,stopped,True
2025-08,SYN-202508-D00738,SYN-202508-P00738,2025-08-29T19:26:00,Game Network,Playable Broad,Reward Story C,iOS,APAC,False,active,True
2025-08,SYN-202508-D00739,SYN-202508-P00739,2025-08-11T07:53:00,Search Network,Search Value North,Playable Puzzle B,Android,APAC,False,active,True
2025-08,SYN-202508-D00740,SYN-202508-P00740,2025-08-24T20:56:00,Search Network,Search Value Global,Playable Puzzle A,Android,Test Market,True,active,True
2025-08,SYN-202508-D00741,SYN-202508-P00741,2025-08-29T11:29:00,Game Network,Playable Premium,Reward Story D,iOS,North America,False,active,True
2025-08,SYN-202508-D00742,SYN-202508-P00742,2025-08-27T10:01:00,Game Network,Playable Premium,Reward Story D,iOS,APAC,False,active,False
2025-08,SYN-202508-D00743,SYN-202508-P00743,2025-08-02T03:48:00,Social Network,Social Gameplay,Playable Puzzle E,iOS,North America,False,active,True
2025-08,SYN-202508-D00744,SYN-202508-P00744,2025-08-22T09:40:00,Social Network,Social Gameplay,Progress Video E,iOS,APAC,False,active,True
2025-08,SYN-202508-D00745,SYN-202508-P00745,2025-08-23T23:31:00,Search Network,Search Value Global,Progress Video A,Android,LATAM,False,active,True
2025-08,SYN-202508-D00746,SYN-202508-P00746,2025-08-21T12:14:00,Social Network,Social Gameplay,Progress Video E,iOS,APAC,False,active,True
2025-08,SYN-202508-D00747,SYN-202508-P00747,2025-08-28T00:36:00,Game Network,Playable Broad,Progress Video C,iOS,North America,False,active,False
2025-08,SYN-202508-D00748,SYN-202508-P00748,2025-08-18T20:39:00,Social Network,Social Gameplay,Playable Puzzle E,iOS,Western Europe,False,active,True
2025-08,SYN-202508-D00749,SYN-202508-P00749,2025-08-02T07:33:00,Store Search,Store Intent,Reward Story H,iOS,LATAM,False,active,False
2025-08,SYN-202508-D00750,SYN-202508-P00750,2025-08-15T09:17:00,Game Network,Playable Premium,Playable Puzzle D,iOS,APAC,False,active,True
2025-08,SYN-202508-D00751,SYN-202508-P00751,2025-08-13T13:01:00,Game Network,Playable Broad,Progress Video C,iOS,LATAM,False,active,True
2025-08,SYN-202508-D00752,SYN-202508-P00752,2025-08-07T04:38:00,Game Network,Playable Premium,Playable Puzzle D,iOS,Western Europe,False,active,True
2025-08,SYN-202508-D00753,SYN-202508-P00753,2025-08-02T15:32:00,Store Search,Store Intent,Progress Video H,iOS,North America,False,active,True
2025-08,SYN-202508-D00754,SYN-202508-P00754,2025-08-23T15:36:00,Store Search,Store Intent,Progress Video H,iOS,LATAM,False,active,True
2025-08,SYN-202508-D00755,SYN-202508-P00755,2025-08-04T08:52:00,Game Network,Playable Premium,Progress Video D,iOS,Western Europe,False,active,True
2025-08,SYN-202508-D00756,SYN-202508-P00756,2025-08-15T11:05:00,Social Network,Social Gameplay,Playable Puzzle E,iOS,Western Europe,False,active,True
2025-08,SYN-202508-D00757,SYN-202508-P00757,2025-08-03T20:54:00,Social Network,Social Gameplay,Playable Puzzle E,iOS,APAC,False,active,True
2025-08,SYN-202508-D00758,SYN-202508-P00758,2025-08-09T00:52:00,Discovery Network,Discovery Rewarded,Progress Video G,Android,Western Europe,False,stopped,True
2025-08,SYN-202508-D00759,SYN-202508-P00759,2025-08-09T16:49:00,Social Network,Social Lifestyle,Progress Video F,iOS,LATAM,False,stopped,True
2025-08,SYN-202508-D00760,SYN-202508-P00760,2025-08-09T03:31:00,Social Network,Social Lifestyle,Playable Puzzle F,iOS,Western Europe,False,stopped,True
2025-08,SYN-202508-D00761,SYN-202508-P00761,2025-08-30T17:10:00,Social Network,Social Gameplay,Playable Puzzle E,iOS,Western Europe,False,active,True
2025-08,SYN-202508-D00762,SYN-202508-P00762,2025-08-20T22:20:00,Search Network,Search Value North,Reward Story B,Android,North America,False,active,True
2025-08,SYN-202508-D00763,SYN-202508-P00763,2025-08-12T19:49:00,Game Network,Playable Premium,Playable Puzzle D,iOS,APAC,False,active,True
2025-08,SYN-202508-D00764,SYN-202508-P00764,2025-08-30T11:17:00,Game Network,Playable Premium,Playable Puzzle D,iOS,Western Europe,False,active,True
2025-08,SYN-202508-D00765,SYN-202508-P00765,2025-08-13T05:39:00,Game Network,Playable Premium,Progress Video D,iOS,Western Europe,False,active,True
2025-08,SYN-202508-D00766,SYN-202508-P00766,2025-08-23T06:01:00,Store Search,Store Intent,Playable Puzzle H,iOS,APAC,False,active,True
2025-08,SYN-202508-D00767,SYN-202508-P00767,2025-08-28T18:25:00,Search Network,Search Value Global,Progress Video A,Android,North America,False,active,True
2025-08,SYN-202508-D00768,SYN-202508-P00768,2025-08-27T08:26:00,Search Network,Search Value North,Progress Video B,Android,Test Market,True,active,True
2025-08,SYN-202508-D00769,SYN-202508-P00769,2025-08-05T10:38:00,Discovery Network,Discovery Rewarded,Reward Story G,Android,Western Europe,False,stopped,True
2025-08,SYN-202508-D00770,SYN-202508-P00770,2025-08-25T21:28:00,Store Search,Store Intent,Progress Video H,iOS,North America,False,active,True
2025-08,SYN-202508-D00771,SYN-202508-P00771,2025-08-02T23:15:00,Social Network,Social Gameplay,Reward Story E,iOS,LATAM,False,active,True
2025-08,SYN-202508-D00772,SYN-202508-P00772,2025-08-24T12:41:00,Search Network,Search Value North,Playable Puzzle B,Android,North America,False,active,True
2025-08,SYN-202508-D00773,SYN-202508-P00773,2025-08-29T18:09:00,Game Network,Playable Broad,Reward Story C,iOS,North America,False,active,False
2025-08,SYN-202508-D00774,SYN-202508-P00774,2025-08-01T06:31:00,Game Network,Playable Broad,Reward Story C,iOS,North America,False,active,True
2025-08,SYN-202508-D00775,SYN-202508-P00775,2025-08-20T20:45:00,Search Network,Search Value North,Reward Story B,Android,Test Market,True,active,True
2025-08,SYN-202508-D00776,SYN-202508-P00776,2025-08-20T20:44:00,Social Network,Social Gameplay,Reward Story E,iOS,APAC,False,active,True
2025-08,SYN-202508-D00777,SYN-202508-P00777,2025-08-31T02:07:00,Search Network,Search Value Global,Reward Story A,Android,Test Market,True,active,False
2025-08,SYN-202508-D00778,SYN-202508-P00778,2025-08-31T23:03:00,Store Search,Store Intent,Reward Story H,iOS,APAC,False,active,True
2025-08,SYN-202508-D00779,SYN-202508-P00779,2025-08-03T16:01:00,Store Search,Store Intent,Playable Puzzle H,iOS,North America,False,active,True
2025-08,SYN-202508-D00780,SYN-202508-P00780,2025-08-25T20:24:00,Store Search,Store Intent,Reward Story H,iOS,North America,False,active,True
2025-08,SYN-202508-D00781,SYN-202508-P00781,2025-08-06T07:34:00,Discovery Network,Discovery Rewarded,Reward Story G,Android,Western Europe,False,stopped,True
2025-08,SYN-202508-D00782,SYN-202508-P00782,2025-08-12T01:13:00,Social Network,Social Lifestyle,Reward Story F,iOS,Western Europe,False,stopped,True
2025-08,SYN-202508-D00783,SYN-202508-P00783,2025-08-02T02:31:00,Search Network,Search Value North,Playable Puzzle B,Android,Western Europe,False,active,True
2025-08,SYN-202508-D00784,SYN-202508-P00784,2025-08-15T21:02:00,Social Network,Social Gameplay,Progress Video E,iOS,APAC,False,active,True
2025-08,SYN-202508-D00785,SYN-202508-P00785,2025-08-26T17:09:00,Game Network,Playable Premium,Playable Puzzle D,iOS,North America,False,active,True
2025-08,SYN-202508-D00786,SYN-202508-P00786,2025-08-05T21:43:00,Game Network,Playable Broad,Playable Puzzle C,iOS,North America,False,active,True
2025-08,SYN-202508-D00787,SYN-202508-P00787,2025-08-15T23:39:00,Search Network,Search Value Global,Playable Puzzle A,Android,North America,False,active,True
2025-08,SYN-202508-D00788,SYN-202508-P00788,2025-08-28T18:04:00,Game Network,Playable Premium,Reward Story D,iOS,LATAM,False,active,True
2025-08,SYN-202508-D00789,SYN-202508-P00789,2025-08-02T19:42:00,Discovery Network,Discovery Rewarded,Reward Story G,Android,LATAM,False,stopped,True
2025-08,SYN-202508-D00790,SYN-202508-P00790,2025-08-18T02:47:00,Game Network,Playable Premium,Reward Story D,iOS,Western Europe,False,active,True
2025-08,SYN-202508-D00791,SYN-202508-P00791,2025-08-09T17:49:00,Store Search,Store Intent,Progress Video H,iOS,LATAM,False,active,True
2025-08,SYN-202508-D00792,SYN-202508-P00792,2025-08-27T22:48:00,Game Network,Playable Broad,Playable Puzzle C,iOS,Western Europe,False,active,True
2025-08,SYN-202508-D00793,SYN-202508-P00793,2025-08-19T09:46:00,Social Network,Social Gameplay,Reward Story E,iOS,Western Europe,False,active,True
2025-08,SYN-202508-D00794,SYN-202508-P00794,2025-08-08T15:13:00,Search Network,Search Value Global,Progress Video A,Android,Test Market,True,active,True
2025-08,SYN-202508-D00795,SYN-202508-P00795,2025-08-03T08:36:00,Search Network,Search Value North,Reward Story B,Android,LATAM,False,active,True
2025-08,SYN-202508-D00796,SYN-202508-P00796,2025-08-30T00:38:00,Game Network,Playable Premium,Reward Story D,iOS,APAC,False,active,True
2025-08,SYN-202508-D00797,SYN-202508-P00797,2025-08-01T22:28:00,Social Network,Social Gameplay,Reward Story E,iOS,APAC,False,active,True
2025-08,SYN-202508-D00798,SYN-202508-P00798,2025-08-16T19:52:00,Search Network,Search Value North,Progress Video B,Android,Western Europe,False,active,True
2025-08,SYN-202508-D00799,SYN-202508-P00799,2025-08-07T02:40:00,Social Network,Social Gameplay,Progress Video E,iOS,APAC,False,active,True
2025-08,SYN-202508-D00800,SYN-202508-P00800,2025-08-18T04:36:00,Discovery Network,Discovery Rewarded,Reward Story G,Android,LATAM,False,stopped,True
2025-08,SYN-202508-D00801,SYN-202508-P00801,2025-08-14T01:09:00,Game Network,Playable Premium,Progress Video D,iOS,Western Europe,False,active,True
2025-08,SYN-202508-D00802,SYN-202508-P00802,2025-08-27T04:54:00,Game Network,Playable Premium,Reward Story D,iOS,APAC,False,active,True
2025-08,SYN-202508-D00803,SYN-202508-P00803,2025-08-19T03:24:00,Search Network,Search Value North,Playable Puzzle B,Android,LATAM,False,active,True
2025-08,SYN-202508-D00804,SYN-202508-P00804,2025-08-12T16:12:00,Game Network,Playable Premium,Progress Video D,iOS,Western Europe,False,active,True
2025-08,SYN-202508-D00805,SYN-202508-P00805,2025-08-17T03:51:00,Social Network,Social Gameplay,Progress Video E,iOS,Western Europe,False,active,True
2025-08,SYN-202508-D00806,SYN-202508-P00806,2025-08-26T11:14:00,Store Search,Store Intent,Reward Story H,iOS,APAC,False,active,True
2025-08,SYN-202508-D00807,SYN-202508-P00807,2025-08-26T10:41:00,Search Network,Search Value Global,Playable Puzzle A,Android,Western Europe,False,active,False
2025-08,SYN-202508-D00808,SYN-202508-P00808,2025-08-24T20:15:00,Search Network,Search Value North,Reward Story B,Android,APAC,False,active,True
2025-08,SYN-202508-D00809,SYN-202508-P00809,2025-08-18T01:20:00,Search Network,Search Value Global,Reward Story A,Android,North America,False,active,True
2025-08,SYN-202508-D00810,SYN-202508-P00810,2025-08-26T09:38:00,Social Network,Social Gameplay,Playable Puzzle E,iOS,LATAM,False,active,False
2025-08,SYN-202508-D00811,SYN-202508-P00811,2025-08-09T03:59:00,Game Network,Playable Premium,Reward Story D,iOS,Western Europe,False,active,True
2025-08,SYN-202508-D00812,SYN-202508-P00812,2025-08-13T12:15:00,Game Network,Playable Premium,Playable Puzzle D,iOS,North America,False,active,True
2025-08,SYN-202508-D00813,SYN-202508-P00813,2025-08-05T16:23:00,Social Network,Social Lifestyle,Playable Puzzle F,iOS,Test Market,True,stopped,True
2025-08,SYN-202508-D00814,SYN-202508-P00814,2025-08-12T10:51:00,Game Network,Playable Broad,Reward Story C,iOS,North America,False,active,True
2025-08,SYN-202508-D00815,SYN-202508-P00815,2025-08-12T04:23:00,Search Network,Search Value Global,Progress Video A,Android,LATAM,False,active,True
2025-08,SYN-202508-D00816,SYN-202508-P00816,2025-08-03T18:12:00,Game Network,Playable Broad,Playable Puzzle C,iOS,Test Market,True,active,True
2025-08,SYN-202508-D00817,SYN-202508-P00817,2025-08-16T01:44:00,Game Network,Playable Broad,Reward Story C,iOS,North America,False,active,True
2025-08,SYN-202508-D00818,SYN-202508-P00818,2025-08-30T05:22:00,Social Network,Social Gameplay,Reward Story E,iOS,APAC,False,active,True
2025-08,SYN-202508-D00819,SYN-202508-P00819,2025-08-07T23:04:00,Store Search,Store Intent,Reward Story H,iOS,North America,False,active,True
2025-08,SYN-202508-D00820,SYN-202508-P00820,2025-08-03T16:32:00,Search Network,Search Value Global,Progress Video A,Android,Western Europe,False,active,True
2025-08,SYN-202508-D00821,SYN-202508-P00821,2025-08-22T09:23:00,Store Search,Store Intent,Reward Story H,iOS,Western Europe,False,active,True
2025-08,SYN-202508-D00822,SYN-202508-P00822,2025-08-17T16:17:00,Social Network,Social Lifestyle,Progress Video F,iOS,LATAM,False,stopped,True
2025-08,SYN-202508-D00823,SYN-202508-P00823,2025-08-14T12:38:00,Store Search,Store Intent,Progress Video H,iOS,LATAM,False,active,True
2025-08,SYN-202508-D00824,SYN-202508-P00824,2025-08-17T10:56:00,Game Network,Playable Broad,Reward Story C,iOS,APAC,False,active,True
2025-08,SYN-202508-D00825,SYN-202508-P00825,2025-08-31T08:23:00,Store Search,Store Intent,Playable Puzzle H,iOS,APAC,False,active,True
2025-08,SYN-202508-D00826,SYN-202508-P00826,2025-08-07T16:52:00,Game Network,Playable Premium,Playable Puzzle D,iOS,APAC,False,active,True
2025-08,SYN-202508-D00827,SYN-202508-P00827,2025-08-01T19:06:00,Game Network,Playable Premium,Reward Story D,iOS,North America,False,active,True
2025-08,SYN-202508-D00828,SYN-202508-P00828,2025-08-12T19:02:00,Social Network,Social Gameplay,Progress Video E,iOS,Test Market,True,active,True
2025-08,SYN-202508-D00829,SYN-202508-P00829,2025-08-21T17:05:00,Social Network,Social Gameplay,Reward Story E,iOS,APAC,False,active,True
2025-08,SYN-202508-D00830,SYN-202508-P00830,2025-08-21T04:12:00,Game Network,Playable Premium,Reward Story D,iOS,LATAM,False,active,True
2025-08,SYN-202508-D00831,SYN-202508-P00831,2025-08-14T16:31:00,Social Network,Social Gameplay,Progress Video E,iOS,APAC,False,active,True
2025-08,SYN-202508-D00832,SYN-202508-P00832,2025-08-24T09:02:00,Game Network,Playable Premium,Playable Puzzle D,iOS,Western Europe,False,active,True
2025-08,SYN-202508-D00833,SYN-202508-P00833,2025-08-03T10:17:00,Game Network,Playable Broad,Playable Puzzle C,iOS,APAC,False,active,True
2025-08,SYN-202508-D00834,SYN-202508-P00834,2025-08-15T02:07:00,Search Network,Search Value North,Playable Puzzle B,Android,Test Market,True,active,True
2025-08,SYN-202508-D00835,SYN-202508-P00835,2025-08-27T13:06:00,Game Network,Playable Broad,Reward Story C,iOS,LATAM,False,active,True
2025-08,SYN-202508-D00836,SYN-202508-P00836,2025-08-20T02:40:00,Search Network,Search Value North,Reward Story B,Android,Western Europe,False,active,True
2025-08,SYN-202508-D00837,SYN-202508-P00837,2025-08-07T05:21:00,Search Network,Search Value North,Playable Puzzle B,Android,North America,False,active,True
2025-08,SYN-202508-D00838,SYN-202508-P00838,2025-08-11T09:36:00,Social Network,Social Gameplay,Progress Video E,iOS,Western Europe,False,active,True
2025-08,SYN-202508-D00839,SYN-202508-P00839,2025-08-08T17:12:00,Game Network,Playable Premium,Playable Puzzle D,iOS,LATAM,False,active,True
2025-08,SYN-202508-D00840,SYN-202508-P00840,2025-08-18T07:30:00,Discovery Network,Discovery Rewarded,Reward Story G,Android,Western Europe,False,stopped,True
2025-08,SYN-202508-D00841,SYN-202508-P00841,2025-08-31T05:56:00,Game Network,Playable Broad,Playable Puzzle C,iOS,APAC,False,active,True
2025-08,SYN-202508-D00842,SYN-202508-P00842,2025-08-27T14:51:00,Social Network,Social Gameplay,Playable Puzzle E,iOS,APAC,False,active,True
2025-08,SYN-202508-D00843,SYN-202508-P00843,2025-08-26T03:12:00,Game Network,Playable Broad,Progress Video C,iOS,APAC,False,active,True
2025-08,SYN-202508-D00844,SYN-202508-P00844,2025-08-09T13:34:00,Game Network,Playable Broad,Playable Puzzle C,iOS,Western Europe,False,active,True
2025-08,SYN-202508-D00845,SYN-202508-P00845,2025-08-03T04:14:00,Game Network,Playable Premium,Reward Story D,iOS,APAC,False,active,False
2025-08,SYN-202508-D00846,SYN-202508-P00846,2025-08-28T03:20:00,Game Network,Playable Broad,Playable Puzzle C,iOS,North America,False,active,True
2025-08,SYN-202508-D00847,SYN-202508-P00847,2025-08-17T20:27:00,Search Network,Search Value North,Reward Story B,Android,APAC,False,active,True
2025-08,SYN-202508-D00848,SYN-202508-P00848,2025-08-16T09:19:00,Search Network,Search Value Global,Playable Puzzle A,Android,APAC,False,active,True
2025-08,SYN-202508-D00849,SYN-202508-P00849,2025-08-19T18:25:00,Game Network,Playable Broad,Reward Story C,iOS,North America,False,active,True
2025-08,SYN-202508-D00850,SYN-202508-P00850,2025-08-01T19:41:00,Search Network,Search Value North,Reward Story B,Android,Western Europe,False,active,True
2025-08,SYN-202508-D00851,SYN-202508-P00851,2025-08-29T15:58:00,Store Search,Store Intent,Progress Video H,iOS,Western Europe,False,active,True
2025-08,SYN-202508-D00852,SYN-202508-P00852,2025-08-02T19:05:00,Discovery Network,Discovery Rewarded,Progress Video G,Android,APAC,False,stopped,True
2025-08,SYN-202508-D00853,SYN-202508-P00853,2025-08-20T07:28:00,Search Network,Search Value North,Reward Story B,Android,APAC,False,active,True
2025-08,SYN-202508-D00854,SYN-202508-P00854,2025-08-07T21:04:00,Store Search,Store Intent,Playable Puzzle H,iOS,North America,False,active,True
2025-08,SYN-202508-D00855,SYN-202508-P00855,2025-08-21T23:11:00,Social Network,Social Gameplay,Reward Story E,iOS,Western Europe,False,active,True
2025-08,SYN-202508-D00856,SYN-202508-P00856,2025-08-18T06:16:00,Game Network,Playable Broad,Playable Puzzle C,iOS,North America,False,active,True
2025-08,SYN-202508-D00857,SYN-202508-P00857,2025-08-29T17:50:00,Game Network,Playable Broad,Progress Video C,iOS,Western Europe,False,active,True
2025-08,SYN-202508-D00858,SYN-202508-P00858,2025-08-30T10:28:00,Search Network,Search Value North,Playable Puzzle B,Android,North America,False,active,True
2025-08,SYN-202508-D00859,SYN-202508-P00859,2025-08-25T01:02:00,Game Network,Playable Broad,Reward Story C,iOS,APAC,False,active,True
2025-08,SYN-202508-D00860,SYN-202508-P00860,2025-08-14T10:01:00,Game Network,Playable Premium,Progress Video D,iOS,Western Europe,False,active,True
2025-08,SYN-202508-D00861,SYN-202508-P00861,2025-08-31T15:00:00,Game Network,Playable Broad,Reward Story C,iOS,LATAM,False,active,True
2025-08,SYN-202508-D00862,SYN-202508-P00862,2025-08-13T10:36:00,Search Network,Search Value North,Progress Video B,Android,Test Market,True,active,True
2025-08,SYN-202508-D00863,SYN-202508-P00863,2025-08-28T05:53:00,Store Search,Store Intent,Playable Puzzle H,iOS,North America,False,active,True
2025-08,SYN-202508-D00864,SYN-202508-P00864,2025-08-31T16:41:00,Game Network,Playable Premium,Playable Puzzle D,iOS,North America,False,active,True
2025-08,SYN-202508-D00865,SYN-202508-P00865,2025-08-19T18:43:00,Search Network,Search Value Global,Progress Video A,Android,Western Europe,False,active,True
2025-08,SYN-202508-D00866,SYN-202508-P00866,2025-08-07T00:54:00,Game Network,Playable Premium,Playable Puzzle D,iOS,APAC,False,active,True
2025-08,SYN-202508-D00867,SYN-202508-P00867,2025-08-08T09:56:00,Game Network,Playable Premium,Progress Video D,iOS,APAC,False,active,True
2025-08,SYN-202508-D00868,SYN-202508-P00868,2025-08-02T19:43:00,Game Network,Playable Premium,Reward Story D,iOS,Western Europe,False,active,True
2025-08,SYN-202508-D00869,SYN-202508-P00869,2025-08-10T23:53:00,Game Network,Playable Premium,Progress Video D,iOS,North America,False,active,True
2025-08,SYN-202508-D00870,SYN-202508-P00870,2025-08-09T08:53:00,Search Network,Search Value North,Playable Puzzle B,Android,Western Europe,False,active,True
2025-08,SYN-202508-D00871,SYN-202508-P00871,2025-08-04T03:33:00,Discovery Network,Discovery Rewarded,Progress Video G,Android,North America,False,stopped,True
2025-08,SYN-202508-D00872,SYN-202508-P00872,2025-08-20T19:58:00,Game Network,Playable Broad,Reward Story C,iOS,Western Europe,False,active,True
2025-08,SYN-202508-D00873,SYN-202508-P00873,2025-08-26T10:15:00,Game Network,Playable Premium,Playable Puzzle D,iOS,LATAM,False,active,True
2025-08,SYN-202508-D00874,SYN-202508-P00874,2025-08-03T02:52:00,Social Network,Social Gameplay,Reward Story E,iOS,APAC,False,active,True
2025-08,SYN-202508-D00875,SYN-202508-P00875,2025-08-06T00:14:00,Social Network,Social Gameplay,Reward Story E,iOS,APAC,False,active,True
2025-08,SYN-202508-D00876,SYN-202508-P00876,2025-08-24T09:24:00,Game Network,Playable Broad,Reward Story C,iOS,LATAM,False,active,True
2025-08,SYN-202508-D00877,SYN-202508-P00877,2025-08-16T23:19:00,Social Network,Social Lifestyle,Playable Puzzle F,iOS,Western Europe,False,stopped,True
2025-08,SYN-202508-D00878,SYN-202508-P00878,2025-08-13T16:36:00,Store Search,Store Intent,Playable Puzzle H,iOS,Western Europe,False,active,True
2025-08,SYN-202508-D00879,SYN-202508-P00879,2025-08-29T04:05:00,Game Network,Playable Broad,Progress Video C,iOS,North America,False,active,True
2025-08,SYN-202508-D00880,SYN-202508-P00880,2025-08-08T08:15:00,Search Network,Search Value Global,Progress Video A,Android,North America,False,active,True
2025-08,SYN-202508-D00881,SYN-202508-P00881,2025-08-24T14:10:00,Search Network,Search Value North,Playable Puzzle B,Android,Western Europe,False,active,True
2025-08,SYN-202508-D00882,SYN-202508-P00882,2025-08-19T17:15:00,Store Search,Store Intent,Reward Story H,iOS,APAC,False,active,True
2025-08,SYN-202508-D00883,SYN-202508-P00883,2025-08-28T19:29:00,Social Network,Social Gameplay,Reward Story E,iOS,APAC,False,active,False
2025-08,SYN-202508-D00884,SYN-202508-P00884,2025-08-22T07:11:00,Search Network,Search Value North,Playable Puzzle B,Android,APAC,False,active,True
2025-08,SYN-202508-D00885,SYN-202508-P00885,2025-08-01T07:39:00,Game Network,Playable Broad,Progress Video C,iOS,North America,False,active,True
2025-08,SYN-202508-D00886,SYN-202508-P00886,2025-08-13T02:06:00,Game Network,Playable Broad,Reward Story C,iOS,Western Europe,False,active,True
2025-08,SYN-202508-D00887,SYN-202508-P00887,2025-08-18T06:24:00,Discovery Network,Discovery Rewarded,Reward Story G,Android,LATAM,False,stopped,True
2025-08,SYN-202508-D00888,SYN-202508-P00888,2025-08-20T17:52:00,Store Search,Store Intent,Progress Video H,iOS,APAC,False,active,True
2025-08,SYN-202508-D00889,SYN-202508-P00889,2025-08-27T14:24:00,Game Network,Playable Premium,Progress Video D,iOS,LATAM,False,active,True
2025-08,SYN-202508-D00890,SYN-202508-P00890,2025-08-18T02:31:00,Game Network,Playable Premium,Progress Video D,iOS,North America,False,active,True
2025-08,SYN-202508-D00891,SYN-202508-P00891,2025-08-11T06:02:00,Search Network,Search Value North,Playable Puzzle B,Android,APAC,False,active,True
2025-08,SYN-202508-D00892,SYN-202508-P00892,2025-08-09T19:19:00,Search Network,Search Value Global,Progress Video A,Android,LATAM,False,active,False
2025-08,SYN-202508-D00893,SYN-202508-P00893,2025-08-23T07:47:00,Game Network,Playable Premium,Playable Puzzle D,iOS,APAC,False,active,True
2025-08,SYN-202508-D00894,SYN-202508-P00894,2025-08-20T07:56:00,Game Network,Playable Premium,Playable Puzzle D,iOS,APAC,False,active,True
2025-08,SYN-202508-D00895,SYN-202508-P00895,2025-08-01T15:20:00,Game Network,Playable Broad,Playable Puzzle C,iOS,APAC,False,active,True
2025-08,SYN-202508-D00896,SYN-202508-P00896,2025-08-09T02:27:00,Game Network,Playable Broad,Reward Story C,iOS,North America,False,active,True
2025-08,SYN-202508-D00897,SYN-202508-P00897,2025-08-13T19:00:00,Social Network,Social Lifestyle,Playable Puzzle F,iOS,APAC,False,stopped,True
2025-08,SYN-202508-D00898,SYN-202508-P00898,2025-08-03T20:29:00,Social Network,Social Gameplay,Progress Video E,iOS,North America,False,active,True
2025-08,SYN-202508-D00899,SYN-202508-P00899,2025-08-04T05:02:00,Store Search,Store Intent,Progress Video H,iOS,North America,False,active,True
2025-08,SYN-202508-D00900,SYN-202508-P00900,2025-08-08T03:23:00,Game Network,Playable Premium,Reward Story D,iOS,North America,False,active,True
2025-08,SYN-202508-D00901,SYN-202508-P00901,2025-08-13T15:02:00,Search Network,Search Value Global,Progress Video A,Android,North America,False,active,True
2025-08,SYN-202508-D00902,SYN-202508-P00902,2025-08-29T09:28:00,Game Network,Playable Premium,Reward Story D,iOS,APAC,False,active,True
2025-08,SYN-202508-D00903,SYN-202508-P00903,2025-08-26T21:55:00,Store Search,Store Intent,Playable Puzzle H,iOS,Western Europe,False,active,True
2025-08,SYN-202508-D00904,SYN-202508-P00904,2025-08-21T03:29:00,Store Search,Store Intent,Reward Story H,iOS,APAC,False,active,True
2025-08,SYN-202508-D00905,SYN-202508-P00905,2025-08-13T23:36:00,Social Network,Social Gameplay,Reward Story E,iOS,North America,False,active,True
2025-08,SYN-202508-D00906,SYN-202508-P00906,2025-08-07T12:07:00,Game Network,Playable Broad,Progress Video C,iOS,APAC,False,active,True
2025-08,SYN-202508-D00907,SYN-202508-P00907,2025-08-04T14:04:00,Discovery Network,Discovery Rewarded,Playable Puzzle G,Android,APAC,False,stopped,True
2025-08,SYN-202508-D00908,SYN-202508-P00908,2025-08-18T18:10:00,Game Network,Playable Premium,Playable Puzzle D,iOS,Western Europe,False,active,True
2025-08,SYN-202508-D00909,SYN-202508-P00909,2025-08-28T09:03:00,Social Network,Social Gameplay,Reward Story E,iOS,North America,False,active,True
2025-08,SYN-202508-D00910,SYN-202508-P00910,2025-08-27T22:33:00,Store Search,Store Intent,Reward Story H,iOS,Western Europe,False,active,True
2025-08,SYN-202508-D00911,SYN-202508-P00911,2025-08-17T11:40:00,Discovery Network,Discovery Rewarded,Reward Story G,Android,North America,False,stopped,True
2025-08,SYN-202508-D00912,SYN-202508-P00912,2025-08-02T12:37:00,Search Network,Search Value North,Progress Video B,Android,Western Europe,False,active,True
2025-08,SYN-202508-D00913,SYN-202508-P00913,2025-08-14T07:11:00,Search Network,Search Value Global,Playable Puzzle A,Android,APAC,False,active,True
2025-08,SYN-202508-D00914,SYN-202508-P00914,2025-08-18T16:14:00,Game Network,Playable Premium,Reward Story D,iOS,Test Market,True,active,True
2025-08,SYN-202508-D00915,SYN-202508-P00915,2025-08-01T18:04:00,Game Network,Playable Broad,Reward Story C,iOS,North America,False,active,True
2025-08,SYN-202508-D00916,SYN-202508-P00916,2025-08-21T15:40:00,Game Network,Playable Broad,Progress Video C,iOS,APAC,False,active,True
2025-08,SYN-202508-D00917,SYN-202508-P00917,2025-08-01T18:09:00,Store Search,Store Intent,Progress Video H,iOS,North America,False,active,True
2025-08,SYN-202508-D00918,SYN-202508-P00918,2025-08-25T21:09:00,Social Network,Social Gameplay,Progress Video E,iOS,North America,False,active,True
2025-08,SYN-202508-D00919,SYN-202508-P00919,2025-08-22T11:46:00,Search Network,Search Value North,Progress Video B,Android,North America,False,active,True
2025-08,SYN-202508-D00920,SYN-202508-P00920,2025-08-07T01:56:00,Discovery Network,Discovery Rewarded,Reward Story G,Android,APAC,False,stopped,True
2025-08,SYN-202508-D00921,SYN-202508-P00921,2025-08-11T09:50:00,Social Network,Social Gameplay,Playable Puzzle E,iOS,North America,False,active,True
2025-08,SYN-202508-D00922,SYN-202508-P00922,2025-08-16T19:05:00,Social Network,Social Gameplay,Reward Story E,iOS,Test Market,True,active,True
2025-08,SYN-202508-D00923,SYN-202508-P00923,2025-08-04T11:29:00,Game Network,Playable Broad,Progress Video C,iOS,North America,False,active,True
2025-08,SYN-202508-D00924,SYN-202508-P00924,2025-08-14T23:54:00,Store Search,Store Intent,Reward Story H,iOS,APAC,False,active,True
2025-08,SYN-202508-D00925,SYN-202508-P00925,2025-08-24T12:59:00,Store Search,Store Intent,Progress Video H,iOS,APAC,False,active,True
2025-08,SYN-202508-D00926,SYN-202508-P00926,2025-08-12T08:25:00,Store Search,Store Intent,Playable Puzzle H,iOS,APAC,False,active,False
2025-08,SYN-202508-D00927,SYN-202508-P00927,2025-08-04T13:09:00,Store Search,Store Intent,Reward Story H,iOS,LATAM,False,active,True
2025-08,SYN-202508-D00928,SYN-202508-P00928,2025-08-18T03:50:00,Search Network,Search Value North,Playable Puzzle B,Android,North America,False,active,True
2025-08,SYN-202508-D00929,SYN-202508-P00929,2025-08-10T10:52:00,Social Network,Social Gameplay,Progress Video E,iOS,Western Europe,False,active,True
2025-08,SYN-202508-D00930,SYN-202508-P00930,2025-08-31T23:20:00,Search Network,Search Value North,Playable Puzzle B,Android,APAC,False,active,True
2025-08,SYN-202508-D00931,SYN-202508-P00931,2025-08-04T14:58:00,Game Network,Playable Premium,Progress Video D,iOS,LATAM,False,active,True
2025-08,SYN-202508-D00932,SYN-202508-P00932,2025-08-04T15:47:00,Search Network,Search Value North,Playable Puzzle B,Android,Western Europe,False,active,True
2025-08,SYN-202508-D00933,SYN-202508-P00933,2025-08-19T00:15:00,Social Network,Social Gameplay,Reward Story E,iOS,APAC,False,active,True
2025-08,SYN-202508-D00934,SYN-202508-P00934,2025-08-23T12:21:00,Social Network,Social Gameplay,Progress Video E,iOS,North America,False,active,True
2025-08,SYN-202508-D00935,SYN-202508-P00935,2025-08-29T21:09:00,Game Network,Playable Broad,Reward Story C,iOS,Western Europe,False,active,True
2025-08,SYN-202508-D00936,SYN-202508-P00936,2025-08-16T21:49:00,Social Network,Social Gameplay,Playable Puzzle E,iOS,APAC,False,active,False
2025-08,SYN-202508-D00937,SYN-202508-P00937,2025-08-30T15:15:00,Social Network,Social Gameplay,Reward Story E,iOS,Western Europe,False,active,False
2025-08,SYN-202508-D00938,SYN-202508-P00938,2025-08-13T04:27:00,Game Network,Playable Premium,Playable Puzzle D,iOS,North America,False,active,True
2025-08,SYN-202508-D00939,SYN-202508-P00939,2025-08-19T19:01:00,Game Network,Playable Premium,Progress Video D,iOS,Western Europe,False,active,True
2025-08,SYN-202508-D00940,SYN-202508-P00940,2025-08-31T19:37:00,Game Network,Playable Premium,Progress Video D,iOS,LATAM,False,active,True
2025-08,SYN-202508-D00941,SYN-202508-P00941,2025-08-08T08:10:00,Discovery Network,Discovery Rewarded,Reward Story G,Android,North America,False,stopped,True
2025-08,SYN-202508-D00942,SYN-202508-P00942,2025-08-17T04:24:00,Game Network,Playable Broad,Reward Story C,iOS,Western Europe,False,active,True
2025-08,SYN-202508-D00943,SYN-202508-P00943,2025-08-03T12:55:00,Game Network,Playable Premium,Progress Video D,iOS,North America,False,active,True
2025-08,SYN-202508-D00944,SYN-202508-P00944,2025-08-30T14:28:00,Game Network,Playable Premium,Reward Story D,iOS,North America,False,active,True
2025-08,SYN-202508-D00945,SYN-202508-P00945,2025-08-28T12:10:00,Game Network,Playable Premium,Progress Video D,iOS,Western Europe,False,active,True
2025-08,SYN-202508-D00946,SYN-202508-P00946,2025-08-08T13:00:00,Discovery Network,Discovery Rewarded,Progress Video G,Android,APAC,False,stopped,True
2025-08,SYN-202508-D00947,SYN-202508-P00947,2025-08-09T23:24:00,Game Network,Playable Broad,Playable Puzzle C,iOS,APAC,False,active,True
2025-08,SYN-202508-D00948,SYN-202508-P00948,2025-08-09T20:43:00,Game Network,Playable Broad,Playable Puzzle C,iOS,Western Europe,False,active,True
2025-08,SYN-202508-D00949,SYN-202508-P00949,2025-08-26T01:45:00,Game Network,Playable Broad,Progress Video C,iOS,APAC,False,active,True
2025-08,SYN-202508-D00950,SYN-202508-P00950,2025-08-09T11:13:00,Social Network,Social Lifestyle,Progress Video F,iOS,North America,False,stopped,True
2025-08,SYN-202508-D00951,SYN-202508-P00951,2025-08-11T13:29:00,Social Network,Social Lifestyle,Reward Story F,iOS,LATAM,False,stopped,True
2025-08,SYN-202508-D00952,SYN-202508-P00952,2025-08-24T14:53:00,Social Network,Social Gameplay,Playable Puzzle E,iOS,North America,False,active,True
2025-08,SYN-202508-D00953,SYN-202508-P00953,2025-08-01T14:40:00,Game Network,Playable Broad,Progress Video C,iOS,Western Europe,False,active,True
2025-08,SYN-202508-D00954,SYN-202508-P00954,2025-08-18T17:58:00,Search Network,Search Value Global,Progress Video A,Android,APAC,False,active,True
2025-08,SYN-202508-D00955,SYN-202508-P00955,2025-08-28T17:39:00,Search Network,Search Value Global,Playable Puzzle A,Android,APAC,False,active,True
2025-08,SYN-202508-D00956,SYN-202508-P00956,2025-08-02T02:40:00,Social Network,Social Lifestyle,Progress Video F,iOS,LATAM,False,stopped,True
2025-08,SYN-202508-D00957,SYN-202508-P00957,2025-08-23T01:11:00,Game Network,Playable Broad,Progress Video C,iOS,Western Europe,False,active,True
2025-08,SYN-202508-D00958,SYN-202508-P00958,2025-08-22T08:15:00,Search Network,Search Value North,Reward Story B,Android,North America,False,active,True
2025-08,SYN-202508-D00959,SYN-202508-P00959,2025-08-17T06:29:00,Store Search,Store Intent,Progress Video H,iOS,Western Europe,False,active,True
2025-08,SYN-202508-D00960,SYN-202508-P00960,2025-08-15T04:26:00,Social Network,Social Lifestyle,Playable Puzzle F,iOS,LATAM,False,stopped,True
2025-08,SYN-202508-D00961,SYN-202508-P00961,2025-08-12T20:49:00,Game Network,Playable Premium,Progress Video D,iOS,Western Europe,False,active,True
2025-08,SYN-202508-D00962,SYN-202508-P00962,2025-08-18T15:42:00,Game Network,Playable Broad,Playable Puzzle C,iOS,North America,False,active,True
2025-08,SYN-202508-D00963,SYN-202508-P00963,2025-08-08T18:08:00,Social Network,Social Gameplay,Playable Puzzle E,iOS,North America,False,active,True
2025-08,SYN-202508-D00964,SYN-202508-P00964,2025-08-03T00:27:00,Game Network,Playable Broad,Playable Puzzle C,iOS,APAC,False,active,True
2025-08,SYN-202508-D00965,SYN-202508-P00965,2025-08-06T07:33:00,Search Network,Search Value North,Playable Puzzle B,Android,North America,False,active,True
2025-08,SYN-202508-D00966,SYN-202508-P00966,2025-08-16T04:49:00,Social Network,Social Gameplay,Progress Video E,iOS,North America,False,active,True
2025-08,SYN-202508-D00967,SYN-202508-P00967,2025-08-06T23:14:00,Store Search,Store Intent,Progress Video H,iOS,North America,False,active,True
2025-08,SYN-202508-D00968,SYN-202508-P00968,2025-08-30T12:06:00,Search Network,Search Value Global,Progress Video A,Android,North America,False,active,True
2025-08,SYN-202508-D00969,SYN-202508-P00969,2025-08-24T03:30:00,Game Network,Playable Premium,Playable Puzzle D,iOS,North America,False,active,True
2025-08,SYN-202508-D00970,SYN-202508-P00970,2025-08-03T03:28:00,Search Network,Search Value North,Reward Story B,Android,LATAM,False,active,True
2025-08,SYN-202508-D00971,SYN-202508-P00971,2025-08-13T01:01:00,Search Network,Search Value Global,Progress Video A,Android,Test Market,True,active,True
2025-08,SYN-202508-D00972,SYN-202508-P00972,2025-08-25T05:15:00,Store Search,Store Intent,Playable Puzzle H,iOS,North America,False,active,True
2025-08,SYN-202508-D00973,SYN-202508-P00973,2025-08-03T07:08:00,Social Network,Social Lifestyle,Progress Video F,iOS,North America,False,stopped,True
2025-08,SYN-202508-D00974,SYN-202508-P00974,2025-08-14T13:12:00,Social Network,Social Lifestyle,Reward Story F,iOS,APAC,False,stopped,True
2025-08,SYN-202508-D00975,SYN-202508-P00975,2025-08-30T10:48:00,Search Network,Search Value Global,Playable Puzzle A,Android,LATAM,False,active,True
2025-08,SYN-202508-D00976,SYN-202508-P00976,2025-08-12T14:35:00,Social Network,Social Gameplay,Progress Video E,iOS,Western Europe,False,active,True
2025-08,SYN-202508-D00977,SYN-202508-P00977,2025-08-31T10:34:00,Game Network,Playable Broad,Progress Video C,iOS,North America,False,active,True
2025-08,SYN-202508-D00978,SYN-202508-P00978,2025-08-19T16:28:00,Store Search,Store Intent,Progress Video H,iOS,North America,False,active,True
2025-08,SYN-202508-D00979,SYN-202508-P00979,2025-08-09T15:29:00,Social Network,Social Lifestyle,Reward Story F,iOS,North America,False,stopped,True
2025-08,SYN-202508-D00980,SYN-202508-P00980,2025-08-28T14:02:00,Social Network,Social Gameplay,Progress Video E,iOS,APAC,False,active,False
2025-08,SYN-202508-D00981,SYN-202508-P00981,2025-08-17T10:34:00,Store Search,Store Intent,Reward Story H,iOS,Western Europe,False,active,True
2025-08,SYN-202508-D00982,SYN-202508-P00982,2025-08-02T10:47:00,Game Network,Playable Premium,Playable Puzzle D,iOS,Western Europe,False,active,True
2025-08,SYN-202508-D00983,SYN-202508-P00983,2025-08-09T13:40:00,Search Network,Search Value North,Progress Video B,Android,North America,False,active,True
2025-08,SYN-202508-D00984,SYN-202508-P00984,2025-08-03T19:02:00,Game Network,Playable Premium,Reward Story D,iOS,APAC,False,active,True
2025-08,SYN-202508-D00985,SYN-202508-P00985,2025-08-15T10:40:00,Game Network,Playable Premium,Playable Puzzle D,iOS,North America,False,active,True
2025-08,SYN-202508-D00986,SYN-202508-P00986,2025-08-24T20:33:00,Social Network,Social Gameplay,Progress Video E,iOS,LATAM,False,active,True
2025-08,SYN-202508-D00987,SYN-202508-P00987,2025-08-31T20:45:00,Search Network,Search Value Global,Progress Video A,Android,APAC,False,active,True
2025-08,SYN-202508-D00988,SYN-202508-P00988,2025-08-14T13:24:00,Search Network,Search Value Global,Playable Puzzle A,Android,Test Market,True,active,True
2025-08,SYN-202508-D00989,SYN-202508-P00989,2025-08-08T20:17:00,Game Network,Playable Broad,Reward Story C,iOS,LATAM,False,active,True
2025-08,SYN-202508-D00990,SYN-202508-P00990,2025-08-23T17:12:00,Social Network,Social Gameplay,Playable Puzzle E,iOS,North America,False,active,True
2025-08,SYN-202508-D00991,SYN-202508-P00991,2025-08-01T08:32:00,Game Network,Playable Broad,Playable Puzzle C,iOS,North America,False,active,True
2025-08,SYN-202508-D00992,SYN-202508-P00992,2025-08-19T02:44:00,Game Network,Playable Broad,Progress Video C,iOS,LATAM,False,active,True
2025-08,SYN-202508-D00993,SYN-202508-P00993,2025-08-14T17:17:00,Store Search,Store Intent,Playable Puzzle H,iOS,LATAM,False,active,True
2025-08,SYN-202508-D00994,SYN-202508-P00994,2025-08-11T00:03:00,Search Network,Search Value North,Progress Video B,Android,Western Europe,False,active,True
2025-08,SYN-202508-D00995,SYN-202508-P00995,2025-08-10T19:54:00,Search Network,Search Value North,Playable Puzzle B,Android,North America,False,active,True
2025-08,SYN-202508-D00996,SYN-202508-P00996,2025-08-14T12:05:00,Game Network,Playable Premium,Reward Story D,iOS,Western Europe,False,active,True
2025-08,SYN-202508-D00997,SYN-202508-P00997,2025-08-06T13:06:00,Social Network,Social Gameplay,Progress Video E,iOS,North America,False,active,True
2025-08,SYN-202508-D00998,SYN-202508-P00998,2025-08-03T04:24:00,Search Network,Search Value North,Reward Story B,Android,Western Europe,False,active,True
2025-08,SYN-202508-D00999,SYN-202508-P00999,2025-08-18T04:32:00,Game Network,Playable Broad,Progress Video C,iOS,Western Europe,False,active,True
2025-08,SYN-202508-D01000,SYN-202508-P01000,2025-08-22T07:34:00,Social Network,Social Gameplay,Progress Video E,iOS,North America,False,active,True
2025-08,SYN-202508-D01001,SYN-202508-P01001,2025-08-30T08:35:00,Search Network,Search Value North,Reward Story B,Android,Western Europe,False,active,False
2025-08,SYN-202508-D01002,SYN-202508-P01002,2025-08-02T11:09:00,Search Network,Search Value Global,Playable Puzzle A,Android,North America,False,active,True
2025-08,SYN-202508-D01003,SYN-202508-P01003,2025-08-14T00:46:00,Social Network,Social Lifestyle,Progress Video F,iOS,North America,False,stopped,True
2025-08,SYN-202508-D01004,SYN-202508-P01004,2025-08-24T06:41:00,Social Network,Social Gameplay,Reward Story E,iOS,North America,False,active,True
2025-08,SYN-202508-D01005,SYN-202508-P01005,2025-08-22T06:36:00,Game Network,Playable Premium,Playable Puzzle D,iOS,North America,False,active,True
2025-08,SYN-202508-D01006,SYN-202508-P01006,2025-08-29T17:07:00,Game Network,Playable Broad,Reward Story C,iOS,North America,False,active,True
2025-08,SYN-202508-D01007,SYN-202508-P01007,2025-08-03T04:10:00,Game Network,Playable Broad,Reward Story C,iOS,Western Europe,False,active,True
2025-08,SYN-202508-D01008,SYN-202508-P01008,2025-08-29T10:58:00,Game Network,Playable Premium,Playable Puzzle D,iOS,North America,False,active,True
2025-08,SYN-202508-D01009,SYN-202508-P01009,2025-08-02T05:15:00,Social Network,Social Lifestyle,Progress Video F,iOS,APAC,False,stopped,True
2025-08,SYN-202508-D01010,SYN-202508-P01010,2025-08-03T00:37:00,Game Network,Playable Broad,Reward Story C,iOS,North America,False,active,True
2025-08,SYN-202508-D01011,SYN-202508-P01011,2025-08-03T00:15:00,Search Network,Search Value North,Reward Story B,Android,APAC,False,active,True
2025-08,SYN-202508-D01012,SYN-202508-P01012,2025-08-02T11:37:00,Discovery Network,Discovery Rewarded,Playable Puzzle G,Android,North America,False,stopped,True
2025-08,SYN-202508-D01013,SYN-202508-P01013,2025-08-08T10:14:00,Game Network,Playable Broad,Progress Video C,iOS,APAC,False,active,True
2025-08,SYN-202508-D01014,SYN-202508-P01014,2025-08-22T06:29:00,Social Network,Social Gameplay,Playable Puzzle E,iOS,APAC,False,active,True
2025-08,SYN-202508-D01015,SYN-202508-P01015,2025-08-15T06:05:00,Game Network,Playable Premium,Reward Story D,iOS,North America,False,active,False
2025-08,SYN-202508-D01016,SYN-202508-P01016,2025-08-17T08:11:00,Store Search,Store Intent,Progress Video H,iOS,North America,False,active,True
2025-08,SYN-202508-D01017,SYN-202508-P01017,2025-08-09T15:38:00,Social Network,Social Lifestyle,Progress Video F,iOS,LATAM,False,stopped,True
2025-08,SYN-202508-D01018,SYN-202508-P01018,2025-08-26T21:04:00,Game Network,Playable Broad,Reward Story C,iOS,APAC,False,active,True
2025-08,SYN-202508-D01019,SYN-202508-P01019,2025-08-01T12:22:00,Store Search,Store Intent,Progress Video H,iOS,Western Europe,False,active,True
2025-08,SYN-202508-D01020,SYN-202508-P01020,2025-08-19T21:05:00,Game Network,Playable Premium,Playable Puzzle D,iOS,Western Europe,False,active,True
2025-08,SYN-202508-D01021,SYN-202508-P01021,2025-08-28T14:51:00,Game Network,Playable Premium,Progress Video D,iOS,Test Market,True,active,True
2025-08,SYN-202508-D01022,SYN-202508-P01022,2025-08-09T14:45:00,Social Network,Social Gameplay,Playable Puzzle E,iOS,Western Europe,False,active,True
2025-08,SYN-202508-D01023,SYN-202508-P01023,2025-08-07T09:40:00,Game Network,Playable Broad,Playable Puzzle C,iOS,APAC,False,active,True
2025-08,SYN-202508-D01024,SYN-202508-P01024,2025-08-04T12:52:00,Discovery Network,Discovery Rewarded,Reward Story G,Android,North America,False,stopped,True
2025-08,SYN-202508-D01025,SYN-202508-P01025,2025-08-04T04:31:00,Social Network,Social Gameplay,Progress Video E,iOS,APAC,False,active,True
2025-08,SYN-202508-D01026,SYN-202508-P01026,2025-08-20T23:36:00,Game Network,Playable Broad,Playable Puzzle C,iOS,Western Europe,False,active,True
2025-08,SYN-202508-D01027,SYN-202508-P01027,2025-08-03T12:45:00,Discovery Network,Discovery Rewarded,Reward Story G,Android,Western Europe,False,stopped,True
2025-08,SYN-202508-D01028,SYN-202508-P01028,2025-08-29T09:55:00,Game Network,Playable Broad,Reward Story C,iOS,North America,False,active,True
2025-08,SYN-202508-D01029,SYN-202508-P01029,2025-08-27T07:44:00,Store Search,Store Intent,Reward Story H,iOS,APAC,False,active,True
2025-08,SYN-202508-D01030,SYN-202508-P01030,2025-08-11T03:29:00,Search Network,Search Value Global,Progress Video A,Android,LATAM,False,active,True
2025-08,SYN-202508-D01031,SYN-202508-P01031,2025-08-05T13:50:00,Game Network,Playable Premium,Playable Puzzle D,iOS,APAC,False,active,True
2025-08,SYN-202508-D01032,SYN-202508-P01032,2025-08-13T22:29:00,Game Network,Playable Broad,Progress Video C,iOS,Western Europe,False,active,True
2025-08,SYN-202508-D01033,SYN-202508-P01033,2025-08-30T09:46:00,Game Network,Playable Premium,Reward Story D,iOS,Western Europe,False,active,True
2025-08,SYN-202508-D01034,SYN-202508-P01034,2025-08-05T20:19:00,Discovery Network,Discovery Rewarded,Progress Video G,Android,APAC,False,stopped,True
2025-08,SYN-202508-D01035,SYN-202508-P01035,2025-08-30T02:28:00,Social Network,Social Gameplay,Progress Video E,iOS,Western Europe,False,active,True
2025-08,SYN-202508-D01036,SYN-202508-P01036,2025-08-31T05:07:00,Social Network,Social Gameplay,Reward Story E,iOS,North America,False,active,True
2025-08,SYN-202508-D01037,SYN-202508-P01037,2025-08-14T12:29:00,Social Network,Social Gameplay,Progress Video E,iOS,North America,False,active,True
2025-08,SYN-202508-D01038,SYN-202508-P01038,2025-08-31T22:54:00,Search Network,Search Value Global,Progress Video A,Android,Western Europe,False,active,True
2025-08,SYN-202508-D01039,SYN-202508-P01039,2025-08-03T03:53:00,Game Network,Playable Premium,Playable Puzzle D,iOS,North America,False,active,True
2025-08,SYN-202508-D01040,SYN-202508-P01040,2025-08-03T21:40:00,Game Network,Playable Premium,Reward Story D,iOS,Western Europe,False,active,True
2025-08,SYN-202508-D01041,SYN-202508-P01041,2025-08-04T08:29:00,Social Network,Social Lifestyle,Reward Story F,iOS,LATAM,False,stopped,True
2025-08,SYN-202508-D01042,SYN-202508-P01042,2025-08-11T08:03:00,Social Network,Social Gameplay,Reward Story E,iOS,APAC,False,active,True
2025-08,SYN-202508-D01043,SYN-202508-P01043,2025-08-18T09:32:00,Social Network,Social Gameplay,Reward Story E,iOS,North America,False,active,True
2025-08,SYN-202508-D01044,SYN-202508-P01044,2025-08-06T06:48:00,Social Network,Social Gameplay,Playable Puzzle E,iOS,APAC,False,active,True
2025-08,SYN-202508-D01045,SYN-202508-P01045,2025-08-14T17:56:00,Search Network,Search Value North,Reward Story B,Android,Western Europe,False,active,True
2025-08,SYN-202508-D01046,SYN-202508-P01046,2025-08-12T22:23:00,Store Search,Store Intent,Playable Puzzle H,iOS,APAC,False,active,True
2025-08,SYN-202508-D01047,SYN-202508-P01047,2025-08-06T12:46:00,Discovery Network,Discovery Rewarded,Reward Story G,Android,APAC,False,stopped,True
2025-08,SYN-202508-D01048,SYN-202508-P01048,2025-08-30T21:17:00,Search Network,Search Value Global,Playable Puzzle A,Android,North America,False,active,True
2025-08,SYN-202508-D01049,SYN-202508-P01049,2025-08-12T12:33:00,Game Network,Playable Broad,Playable Puzzle C,iOS,North America,False,active,True
2025-08,SYN-202508-D01050,SYN-202508-P01050,2025-08-08T14:00:00,Social Network,Social Gameplay,Reward Story E,iOS,APAC,False,active,True
2025-08,SYN-202508-D01051,SYN-202508-P01051,2025-08-06T10:06:00,Game Network,Playable Broad,Reward Story C,iOS,LATAM,False,active,True
2025-08,SYN-202508-D01052,SYN-202508-P01052,2025-08-23T06:00:00,Social Network,Social Gameplay,Progress Video E,iOS,APAC,False,active,True
2025-08,SYN-202508-D01053,SYN-202508-P01053,2025-08-31T11:09:00,Game Network,Playable Broad,Reward Story C,iOS,APAC,False,active,True
2025-08,SYN-202508-D01054,SYN-202508-P01054,2025-08-17T14:20:00,Game Network,Playable Broad,Playable Puzzle C,iOS,APAC,False,active,True
2025-08,SYN-202508-D01055,SYN-202508-P01055,2025-08-04T08:32:00,Search Network,Search Value Global,Progress Video A,Android,North America,False,active,True
2025-08,SYN-202508-D01056,SYN-202508-P01056,2025-08-20T00:39:00,Game Network,Playable Premium,Progress Video D,iOS,North America,False,active,True
2025-08,SYN-202508-D01057,SYN-202508-P01057,2025-08-10T01:49:00,Store Search,Store Intent,Playable Puzzle H,iOS,Western Europe,False,active,True
2025-08,SYN-202508-D01058,SYN-202508-P01058,2025-08-09T05:08:00,Social Network,Social Gameplay,Progress Video E,iOS,Western Europe,False,active,True
2025-08,SYN-202508-D01059,SYN-202508-P01059,2025-08-29T11:16:00,Social Network,Social Gameplay,Progress Video E,iOS,APAC,False,active,True
2025-08,SYN-202508-D01060,SYN-202508-P01060,2025-08-10T10:19:00,Game Network,Playable Premium,Reward Story D,iOS,APAC,False,active,True
2025-08,SYN-202508-D01061,SYN-202508-P01061,2025-08-05T09:21:00,Game Network,Playable Broad,Reward Story C,iOS,North America,False,active,True
2025-08,SYN-202508-D01062,SYN-202508-P01062,2025-08-03T21:20:00,Store Search,Store Intent,Reward Story H,iOS,North America,False,active,False
2025-08,SYN-202508-D01063,SYN-202508-P01063,2025-08-29T03:56:00,Search Network,Search Value Global,Progress Video A,Android,Test Market,True,active,True
2025-08,SYN-202508-D01064,SYN-202508-P01064,2025-08-09T07:51:00,Store Search,Store Intent,Progress Video H,iOS,Western Europe,False,active,True
2025-08,SYN-202508-D01065,SYN-202508-P01065,2025-08-14T16:52:00,Social Network,Social Gameplay,Progress Video E,iOS,APAC,False,active,True
2025-08,SYN-202508-D01066,SYN-202508-P01066,2025-08-16T06:04:00,Search Network,Search Value Global,Playable Puzzle A,Android,APAC,False,active,True
2025-08,SYN-202508-D01067,SYN-202508-P01067,2025-08-26T09:23:00,Game Network,Playable Broad,Reward Story C,iOS,LATAM,False,active,True
2025-08,SYN-202508-D01068,SYN-202508-P01068,2025-08-26T01:37:00,Store Search,Store Intent,Playable Puzzle H,iOS,Western Europe,False,active,True
2025-08,SYN-202508-D01069,SYN-202508-P01069,2025-08-12T03:16:00,Social Network,Social Gameplay,Progress Video E,iOS,LATAM,False,active,True
2025-08,SYN-202508-D01070,SYN-202508-P01070,2025-08-29T18:32:00,Game Network,Playable Broad,Reward Story C,iOS,North America,False,active,True
2025-08,SYN-202508-D01071,SYN-202508-P01071,2025-08-05T05:29:00,Store Search,Store Intent,Playable Puzzle H,iOS,Test Market,True,active,True
2025-08,SYN-202508-D01072,SYN-202508-P01072,2025-08-22T22:10:00,Game Network,Playable Premium,Progress Video D,iOS,North America,False,active,True
2025-08,SYN-202508-D01073,SYN-202508-P01073,2025-08-28T15:19:00,Search Network,Search Value North,Reward Story B,Android,Western Europe,False,active,True
2025-08,SYN-202508-D01074,SYN-202508-P01074,2025-08-15T18:00:00,Game Network,Playable Premium,Playable Puzzle D,iOS,Test Market,True,active,True
2025-08,SYN-202508-D01075,SYN-202508-P01075,2025-08-27T15:56:00,Game Network,Playable Broad,Playable Puzzle C,iOS,Western Europe,False,active,False
2025-08,SYN-202508-D01076,SYN-202508-P01076,2025-08-31T20:03:00,Social Network,Social Gameplay,Playable Puzzle E,iOS,North America,False,active,True
2025-08,SYN-202508-D01077,SYN-202508-P01077,2025-08-01T23:07:00,Game Network,Playable Premium,Reward Story D,iOS,APAC,False,active,True
2025-08,SYN-202508-D01078,SYN-202508-P01078,2025-08-22T03:30:00,Game Network,Playable Premium,Reward Story D,iOS,Western Europe,False,active,True
2025-08,SYN-202508-D01079,SYN-202508-P01079,2025-08-04T04:42:00,Search Network,Search Value Global,Reward Story A,Android,APAC,False,active,True
2025-08,SYN-202508-D01080,SYN-202508-P01080,2025-08-20T13:45:00,Game Network,Playable Broad,Reward Story C,iOS,APAC,False,active,True
2025-08,SYN-202508-D01081,SYN-202508-P01081,2025-08-30T16:44:00,Store Search,Store Intent,Reward Story H,iOS,APAC,False,active,False
2025-08,SYN-202508-D01082,SYN-202508-P01082,2025-08-02T11:02:00,Social Network,Social Lifestyle,Playable Puzzle F,iOS,North America,False,stopped,True
2025-08,SYN-202508-D01083,SYN-202508-P01083,2025-08-25T11:24:00,Social Network,Social Gameplay,Progress Video E,iOS,North America,False,active,True
2025-08,SYN-202508-D01084,SYN-202508-P01084,2025-08-26T06:44:00,Store Search,Store Intent,Reward Story H,iOS,APAC,False,active,True
2025-08,SYN-202508-D01085,SYN-202508-P01085,2025-08-10T12:19:00,Social Network,Social Gameplay,Playable Puzzle E,iOS,APAC,False,active,True
2025-08,SYN-202508-D01086,SYN-202508-P01086,2025-08-30T23:28:00,Social Network,Social Gameplay,Reward Story E,iOS,North America,False,active,True
2025-08,SYN-202508-D01087,SYN-202508-P01087,2025-08-23T15:03:00,Social Network,Social Gameplay,Playable Puzzle E,iOS,North America,False,active,True
2025-08,SYN-202508-D01088,SYN-202508-P01088,2025-08-22T04:07:00,Game Network,Playable Broad,Reward Story C,iOS,North America,False,active,True
2025-08,SYN-202508-D01089,SYN-202508-P01089,2025-08-11T03:30:00,Discovery Network,Discovery Rewarded,Playable Puzzle G,Android,Western Europe,False,stopped,True
2025-08,SYN-202508-D01090,SYN-202508-P01090,2025-08-14T16:31:00,Store Search,Store Intent,Progress Video H,iOS,LATAM,False,active,True
2025-08,SYN-202508-D01091,SYN-202508-P01091,2025-08-29T10:01:00,Search Network,Search Value Global,Reward Story A,Android,APAC,False,active,True
2025-08,SYN-202508-D01092,SYN-202508-P01092,2025-08-21T00:19:00,Game Network,Playable Premium,Reward Story D,iOS,Western Europe,False,active,True
2025-08,SYN-202508-D01093,SYN-202508-P01093,2025-08-29T15:26:00,Game Network,Playable Premium,Playable Puzzle D,iOS,North America,False,active,True
2025-08,SYN-202508-D01094,SYN-202508-P01094,2025-08-15T19:42:00,Discovery Network,Discovery Rewarded,Progress Video G,Android,APAC,False,stopped,True
2025-08,SYN-202508-D01095,SYN-202508-P01095,2025-08-06T05:51:00,Search Network,Search Value Global,Progress Video A,Android,LATAM,False,active,False
2025-08,SYN-202508-D01096,SYN-202508-P01096,2025-08-01T13:13:00,Search Network,Search Value North,Reward Story B,Android,North America,False,active,True
2025-08,SYN-202508-D01097,SYN-202508-P01097,2025-08-06T16:31:00,Search Network,Search Value Global,Playable Puzzle A,Android,Western Europe,False,active,True
2025-08,SYN-202508-D01098,SYN-202508-P01098,2025-08-06T23:38:00,Discovery Network,Discovery Rewarded,Progress Video G,Android,North America,False,stopped,True
2025-08,SYN-202508-D01099,SYN-202508-P01099,2025-08-24T04:46:00,Game Network,Playable Premium,Reward Story D,iOS,North America,False,active,True
2025-08,SYN-202508-D01100,SYN-202508-P01100,2025-08-19T12:54:00,Game Network,Playable Broad,Playable Puzzle C,iOS,Test Market,True,active,True
2025-08,SYN-202508-D01101,SYN-202508-P01101,2025-08-08T10:54:00,Search Network,Search Value Global,Playable Puzzle A,Android,APAC,False,active,True
2025-08,SYN-202508-D01102,SYN-202508-P01102,2025-08-24T10:41:00,Search Network,Search Value Global,Progress Video A,Android,APAC,False,active,True
2025-08,SYN-202508-D01103,SYN-202508-P01103,2025-08-10T18:08:00,Search Network,Search Value North,Progress Video B,Android,Test Market,True,active,True
2025-08,SYN-202508-D01104,SYN-202508-P01104,2025-08-02T05:32:00,Game Network,Playable Broad,Reward Story C,iOS,North America,False,active,True
2025-08,SYN-202508-D01105,SYN-202508-P01105,2025-08-23T08:19:00,Search Network,Search Value North,Progress Video B,Android,Western Europe,False,active,True
2025-08,SYN-202508-D01106,SYN-202508-P01106,2025-08-09T08:29:00,Game Network,Playable Broad,Playable Puzzle C,iOS,Western Europe,False,active,True
2025-08,SYN-202508-D01107,SYN-202508-P01107,2025-08-31T17:14:00,Search Network,Search Value North,Playable Puzzle B,Android,North America,False,active,True
2025-08,SYN-202508-D01108,SYN-202508-P01108,2025-08-28T17:52:00,Game Network,Playable Broad,Progress Video C,iOS,APAC,False,active,True
2025-08,SYN-202508-D01109,SYN-202508-P01109,2025-08-14T02:36:00,Search Network,Search Value Global,Playable Puzzle A,Android,Western Europe,False,active,True
2025-08,SYN-202508-D01110,SYN-202508-P01110,2025-08-16T22:27:00,Social Network,Social Lifestyle,Progress Video F,iOS,LATAM,False,stopped,True
2025-08,SYN-202508-D01111,SYN-202508-P01111,2025-08-26T01:00:00,Game Network,Playable Broad,Reward Story C,iOS,North America,False,active,True
2025-08,SYN-202508-D01112,SYN-202508-P01112,2025-08-03T13:03:00,Search Network,Search Value North,Playable Puzzle B,Android,Western Europe,False,active,True
2025-08,SYN-202508-D01113,SYN-202508-P01113,2025-08-29T02:34:00,Game Network,Playable Broad,Reward Story C,iOS,LATAM,False,active,True
2025-08,SYN-202508-D01114,SYN-202508-P01114,2025-08-01T04:11:00,Social Network,Social Gameplay,Playable Puzzle E,iOS,LATAM,False,active,True
2025-08,SYN-202508-D01115,SYN-202508-P01115,2025-08-09T14:54:00,Game Network,Playable Broad,Progress Video C,iOS,Western Europe,False,active,True
2025-08,SYN-202508-D01116,SYN-202508-P01116,2025-08-02T16:00:00,Game Network,Playable Broad,Playable Puzzle C,iOS,LATAM,False,active,True
2025-08,SYN-202508-D01117,SYN-202508-P01117,2025-08-03T14:42:00,Social Network,Social Gameplay,Playable Puzzle E,iOS,North America,False,active,True
2025-08,SYN-202508-D01118,SYN-202508-P01118,2025-08-26T21:19:00,Game Network,Playable Broad,Progress Video C,iOS,APAC,False,active,True
2025-08,SYN-202508-D01119,SYN-202508-P01119,2025-08-16T09:22:00,Search Network,Search Value Global,Playable Puzzle A,Android,APAC,False,active,True
2025-08,SYN-202508-D01120,SYN-202508-P01120,2025-08-05T21:52:00,Store Search,Store Intent,Progress Video H,iOS,North America,False,active,True
2025-08,SYN-202508-D01121,SYN-202508-P01121,2025-08-22T14:03:00,Social Network,Social Gameplay,Playable Puzzle E,iOS,Test Market,True,active,True
2025-08,SYN-202508-D01122,SYN-202508-P01122,2025-08-19T10:48:00,Search Network,Search Value Global,Reward Story A,Android,North America,False,active,True
2025-08,SYN-202508-D01123,SYN-202508-P01123,2025-08-29T05:55:00,Game Network,Playable Broad,Reward Story C,iOS,Test Market,True,active,True
2025-08,SYN-202508-D01124,SYN-202508-P01124,2025-08-22T13:20:00,Search Network,Search Value North,Progress Video B,Android,LATAM,False,active,True
2025-08,SYN-202508-D01125,SYN-202508-P01125,2025-08-20T09:26:00,Game Network,Playable Premium,Progress Video D,iOS,North America,False,active,True
2025-08,SYN-202508-D01126,SYN-202508-P01126,2025-08-17T09:18:00,Game Network,Playable Broad,Playable Puzzle C,iOS,North America,False,active,True
2025-08,SYN-202508-D01127,SYN-202508-P01127,2025-08-21T19:57:00,Search Network,Search Value North,Playable Puzzle B,Android,North America,False,active,True
2025-08,SYN-202508-D01128,SYN-202508-P01128,2025-08-15T23:45:00,Social Network,Social Lifestyle,Reward Story F,iOS,APAC,False,stopped,True
2025-08,SYN-202508-D01129,SYN-202508-P01129,2025-08-03T22:18:00,Social Network,Social Gameplay,Reward Story E,iOS,North America,False,active,True
2025-08,SYN-202508-D01130,SYN-202508-P01130,2025-08-04T09:50:00,Social Network,Social Gameplay,Reward Story E,iOS,North America,False,active,True
2025-08,SYN-202508-D01131,SYN-202508-P01131,2025-08-13T11:19:00,Discovery Network,Discovery Rewarded,Playable Puzzle G,Android,North America,False,stopped,True
2025-08,SYN-202508-D01132,SYN-202508-P01132,2025-08-23T02:56:00,Game Network,Playable Broad,Playable Puzzle C,iOS,North America,False,active,True
2025-08,SYN-202508-D01133,SYN-202508-P01133,2025-08-20T05:43:00,Store Search,Store Intent,Reward Story H,iOS,North America,False,active,True
2025-08,SYN-202508-D01134,SYN-202508-P01134,2025-08-01T00:21:00,Social Network,Social Lifestyle,Progress Video F,iOS,North America,False,stopped,True
2025-08,SYN-202508-D01135,SYN-202508-P01135,2025-08-03T12:18:00,Game Network,Playable Premium,Reward Story D,iOS,LATAM,False,active,True
2025-08,SYN-202508-D01136,SYN-202508-P01136,2025-08-28T06:19:00,Search Network,Search Value Global,Playable Puzzle A,Android,North America,False,active,True
2025-08,SYN-202508-D01137,SYN-202508-P01137,2025-08-13T23:16:00,Game Network,Playable Premium,Playable Puzzle D,iOS,North America,False,active,True
2025-08,SYN-202508-D01138,SYN-202508-P01138,2025-08-28T15:31:00,Search Network,Search Value North,Playable Puzzle B,Android,LATAM,False,active,True
2025-08,SYN-202508-D01139,SYN-202508-P01139,2025-08-02T02:21:00,Game Network,Playable Broad,Playable Puzzle C,iOS,North America,False,active,True
2025-08,SYN-202508-D01140,SYN-202508-P01140,2025-08-07T07:35:00,Social Network,Social Gameplay,Progress Video E,iOS,APAC,False,active,True
2025-08,SYN-202508-D01141,SYN-202508-P01141,2025-08-24T00:30:00,Social Network,Social Gameplay,Reward Story E,iOS,Western Europe,False,active,True
2025-08,SYN-202508-D01142,SYN-202508-P01142,2025-08-26T02:52:00,Search Network,Search Value Global,Progress Video A,Android,APAC,False,active,True
2025-08,SYN-202508-D01143,SYN-202508-P01143,2025-08-01T22:08:00,Social Network,Social Lifestyle,Playable Puzzle F,iOS,APAC,False,stopped,True
2025-08,SYN-202508-D01144,SYN-202508-P01144,2025-08-20T00:28:00,Search Network,Search Value Global,Progress Video A,Android,North America,False,active,True
2025-08,SYN-202508-D01145,SYN-202508-P01145,2025-08-25T07:04:00,Social Network,Social Gameplay,Reward Story E,iOS,North America,False,active,True
2025-08,SYN-202508-D01146,SYN-202508-P01146,2025-08-22T15:06:00,Social Network,Social Gameplay,Progress Video E,iOS,Test Market,True,active,True
2025-08,SYN-202508-D01147,SYN-202508-P01147,2025-08-18T21:03:00,Game Network,Playable Broad,Progress Video C,iOS,APAC,False,active,True
2025-08,SYN-202508-D01148,SYN-202508-P01148,2025-08-05T06:40:00,Store Search,Store Intent,Reward Story H,iOS,APAC,False,active,True
2025-08,SYN-202508-D01149,SYN-202508-P01149,2025-08-06T05:25:00,Game Network,Playable Broad,Progress Video C,iOS,Western Europe,False,active,True
2025-08,SYN-202508-D01150,SYN-202508-P01150,2025-08-09T06:21:00,Game Network,Playable Premium,Reward Story D,iOS,Western Europe,False,active,True
2025-08,SYN-202508-D01151,SYN-202508-P01151,2025-08-13T19:10:00,Social Network,Social Gameplay,Progress Video E,iOS,APAC,False,active,True
2025-08,SYN-202508-D01152,SYN-202508-P01152,2025-08-06T18:57:00,Search Network,Search Value Global,Reward Story A,Android,LATAM,False,active,True
2025-08,SYN-202508-D01153,SYN-202508-P01153,2025-08-05T04:45:00,Social Network,Social Gameplay,Reward Story E,iOS,North America,False,active,True
2025-08,SYN-202508-D01154,SYN-202508-P01154,2025-08-01T11:28:00,Game Network,Playable Premium,Progress Video D,iOS,LATAM,False,active,True
2025-08,SYN-202508-D01155,SYN-202508-P01155,2025-08-28T05:13:00,Social Network,Social Gameplay,Reward Story E,iOS,North America,False,active,True
2025-08,SYN-202508-D01156,SYN-202508-P01156,2025-08-31T09:49:00,Social Network,Social Gameplay,Progress Video E,iOS,LATAM,False,active,True
2025-08,SYN-202508-D01157,SYN-202508-P01157,2025-08-16T15:27:00,Game Network,Playable Broad,Reward Story C,iOS,Western Europe,False,active,True
2025-08,SYN-202508-D01158,SYN-202508-P01158,2025-08-16T14:14:00,Social Network,Social Lifestyle,Reward Story F,iOS,APAC,False,stopped,True
2025-08,SYN-202508-D01159,SYN-202508-P01159,2025-08-03T11:40:00,Game Network,Playable Broad,Reward Story C,iOS,North America,False,active,True
2025-08,SYN-202508-D01160,SYN-202508-P01160,2025-08-26T01:32:00,Search Network,Search Value North,Reward Story B,Android,North America,False,active,True
2025-08,SYN-202508-D01161,SYN-202508-P01161,2025-08-10T22:44:00,Social Network,Social Gameplay,Playable Puzzle E,iOS,APAC,False,active,True
2025-08,SYN-202508-D01162,SYN-202508-P01162,2025-08-04T13:53:00,Social Network,Social Gameplay,Playable Puzzle E,iOS,APAC,False,active,True
2025-08,SYN-202508-D01163,SYN-202508-P01163,2025-08-28T18:47:00,Game Network,Playable Broad,Reward Story C,iOS,North America,False,active,True
2025-08,SYN-202508-D01164,SYN-202508-P01164,2025-08-14T01:14:00,Search Network,Search Value North,Progress Video B,Android,Western Europe,False,active,True
2025-08,SYN-202508-D01165,SYN-202508-P01165,2025-08-13T08:29:00,Game Network,Playable Broad,Playable Puzzle C,iOS,North America,False,active,True
2025-08,SYN-202508-D01166,SYN-202508-P01166,2025-08-30T23:45:00,Game Network,Playable Premium,Playable Puzzle D,iOS,North America,False,active,True
2025-08,SYN-202508-D01167,SYN-202508-P01167,2025-08-29T03:48:00,Game Network,Playable Broad,Progress Video C,iOS,APAC,False,active,True
2025-08,SYN-202508-D01168,SYN-202508-P01168,2025-08-16T21:54:00,Social Network,Social Gameplay,Playable Puzzle E,iOS,Test Market,True,active,True
2025-08,SYN-202508-D01169,SYN-202508-P01169,2025-08-08T14:22:00,Search Network,Search Value North,Progress Video B,Android,Western Europe,False,active,True
2025-08,SYN-202508-D01170,SYN-202508-P01170,2025-08-12T05:46:00,Search Network,Search Value North,Reward Story B,Android,North America,False,active,False
2025-08,SYN-202508-D01171,SYN-202508-P01171,2025-08-12T21:05:00,Discovery Network,Discovery Rewarded,Progress Video G,Android,APAC,False,stopped,True
2025-08,SYN-202508-D01172,SYN-202508-P01172,2025-08-17T02:29:00,Social Network,Social Gameplay,Progress Video E,iOS,North America,False,active,True
2025-08,SYN-202508-D01173,SYN-202508-P01173,2025-08-02T18:16:00,Search Network,Search Value Global,Progress Video A,Android,North America,False,active,True
2025-08,SYN-202508-D01174,SYN-202508-P01174,2025-08-27T05:09:00,Store Search,Store Intent,Playable Puzzle H,iOS,Western Europe,False,active,True
2025-08,SYN-202508-D01175,SYN-202508-P01175,2025-08-11T11:40:00,Game Network,Playable Broad,Progress Video C,iOS,Western Europe,False,active,True
2025-08,SYN-202508-D01176,SYN-202508-P01176,2025-08-23T18:48:00,Game Network,Playable Premium,Reward Story D,iOS,Western Europe,False,active,True
2025-08,SYN-202508-D01177,SYN-202508-P01177,2025-08-20T19:15:00,Game Network,Playable Premium,Playable Puzzle D,iOS,North America,False,active,True
2025-08,SYN-202508-D01178,SYN-202508-P01178,2025-08-14T00:00:00,Social Network,Social Gameplay,Progress Video E,iOS,Western Europe,False,active,True
2025-08,SYN-202508-D01179,SYN-202508-P01179,2025-08-23T14:18:00,Game Network,Playable Premium,Reward Story D,iOS,North America,False,active,True
2025-08,SYN-202508-D01180,SYN-202508-P01180,2025-08-11T14:23:00,Game Network,Playable Premium,Playable Puzzle D,iOS,Western Europe,False,active,True
2025-08,SYN-202508-D01181,SYN-202508-P01181,2025-08-07T07:49:00,Social Network,Social Gameplay,Progress Video E,iOS,LATAM,False,active,True
2025-08,SYN-202508-D01182,SYN-202508-P01182,2025-08-25T01:55:00,Search Network,Search Value Global,Playable Puzzle A,Android,North America,False,active,True
2025-08,SYN-202508-D01183,SYN-202508-P01183,2025-08-02T14:48:00,Game Network,Playable Broad,Playable Puzzle C,iOS,Western Europe,False,active,True
2025-08,SYN-202508-D01184,SYN-202508-P01184,2025-08-09T11:24:00,Search Network,Search Value North,Progress Video B,Android,LATAM,False,active,True
2025-08,SYN-202508-D01185,SYN-202508-P01185,2025-08-18T22:21:00,Game Network,Playable Premium,Playable Puzzle D,iOS,LATAM,False,active,True
2025-08,SYN-202508-D01186,SYN-202508-P01186,2025-08-29T11:06:00,Social Network,Social Gameplay,Playable Puzzle E,iOS,APAC,False,active,True
2025-08,SYN-202508-D01187,SYN-202508-P01187,2025-08-27T17:24:00,Game Network,Playable Premium,Progress Video D,iOS,LATAM,False,active,True
2025-08,SYN-202508-D01188,SYN-202508-P01188,2025-08-09T05:45:00,Social Network,Social Lifestyle,Playable Puzzle F,iOS,APAC,False,stopped,True
2025-08,SYN-202508-D01189,SYN-202508-P01189,2025-08-01T15:44:00,Game Network,Playable Premium,Playable Puzzle D,iOS,Western Europe,False,active,True
2025-08,SYN-202508-D01190,SYN-202508-P01190,2025-08-01T07:44:00,Search Network,Search Value Global,Reward Story A,Android,APAC,False,active,True
2025-08,SYN-202508-D01191,SYN-202508-P01191,2025-08-12T16:34:00,Game Network,Playable Premium,Playable Puzzle D,iOS,North America,False,active,True
2025-08,SYN-202508-D01192,SYN-202508-P01192,2025-08-02T13:51:00,Store Search,Store Intent,Playable Puzzle H,iOS,APAC,False,active,True
2025-08,SYN-202508-D01193,SYN-202508-P01193,2025-08-19T06:54:00,Search Network,Search Value Global,Reward Story A,Android,APAC,False,active,True
2025-08,SYN-202508-D01194,SYN-202508-P01194,2025-08-10T21:20:00,Game Network,Playable Premium,Playable Puzzle D,iOS,North America,False,active,True
2025-08,SYN-202508-D01195,SYN-202508-P01195,2025-08-23T10:06:00,Search Network,Search Value North,Reward Story B,Android,APAC,False,active,True
2025-08,SYN-202508-D01196,SYN-202508-P01196,2025-08-10T11:37:00,Social Network,Social Lifestyle,Progress Video F,iOS,Western Europe,False,stopped,True
2025-08,SYN-202508-D01197,SYN-202508-P01197,2025-08-20T08:50:00,Social Network,Social Gameplay,Reward Story E,iOS,Western Europe,False,active,False
2025-08,SYN-202508-D01198,SYN-202508-P01198,2025-08-16T05:06:00,Game Network,Playable Broad,Playable Puzzle C,iOS,Western Europe,False,active,True
2025-08,SYN-202508-D01199,SYN-202508-P01199,2025-08-09T09:00:00,Search Network,Search Value Global,Progress Video A,Android,Test Market,True,active,True
2025-08,SYN-202508-D01200,SYN-202508-P01200,2025-08-13T01:09:00,Search Network,Search Value North,Reward Story B,Android,Western Europe,False,active,True
2025-08,SYN-202508-D01201,SYN-202508-P01201,2025-08-21T01:19:00,Search Network,Search Value North,Reward Story B,Android,APAC,False,active,True
2025-08,SYN-202508-D01202,SYN-202508-P01202,2025-08-19T19:47:00,Game Network,Playable Broad,Playable Puzzle C,iOS,APAC,False,active,True
2025-08,SYN-202508-D01203,SYN-202508-P01203,2025-08-22T23:18:00,Search Network,Search Value North,Progress Video B,Android,North America,False,active,True
2025-08,SYN-202508-D01204,SYN-202508-P01204,2025-08-12T12:05:00,Social Network,Social Lifestyle,Reward Story F,iOS,APAC,False,stopped,True
2025-08,SYN-202508-D01205,SYN-202508-P01205,2025-08-13T04:44:00,Game Network,Playable Premium,Playable Puzzle D,iOS,North America,False,active,True
2025-08,SYN-202508-D01206,SYN-202508-P01206,2025-08-05T10:19:00,Store Search,Store Intent,Playable Puzzle H,iOS,APAC,False,active,True
2025-08,SYN-202508-D01207,SYN-202508-P01207,2025-08-16T07:18:00,Game Network,Playable Premium,Reward Story D,iOS,North America,False,active,True
2025-08,SYN-202508-D01208,SYN-202508-P01208,2025-08-22T13:05:00,Search Network,Search Value North,Progress Video B,Android,Western Europe,False,active,True
2025-08,SYN-202508-D01209,SYN-202508-P01209,2025-08-17T16:23:00,Game Network,Playable Broad,Playable Puzzle C,iOS,APAC,False,active,True
2025-08,SYN-202508-D01210,SYN-202508-P01210,2025-08-15T05:23:00,Social Network,Social Lifestyle,Progress Video F,iOS,LATAM,False,stopped,True
2025-08,SYN-202508-D01211,SYN-202508-P01211,2025-08-06T08:38:00,Game Network,Playable Broad,Reward Story C,iOS,APAC,False,active,True
2025-08,SYN-202508-D01212,SYN-202508-P01212,2025-08-01T05:20:00,Social Network,Social Gameplay,Playable Puzzle E,iOS,Western Europe,False,active,True
2025-08,SYN-202508-D01213,SYN-202508-P01213,2025-08-05T22:59:00,Game Network,Playable Broad,Progress Video C,iOS,APAC,False,active,True
2025-08,SYN-202508-D01214,SYN-202508-P01214,2025-08-28T12:31:00,Store Search,Store Intent,Reward Story H,iOS,APAC,False,active,True
2025-08,SYN-202508-D01215,SYN-202508-P01215,2025-08-25T23:13:00,Store Search,Store Intent,Reward Story H,iOS,APAC,False,active,True
2025-08,SYN-202508-D01216,SYN-202508-P01216,2025-08-23T12:59:00,Social Network,Social Gameplay,Playable Puzzle E,iOS,APAC,False,active,True
2025-08,SYN-202508-D01217,SYN-202508-P01217,2025-08-25T18:19:00,Search Network,Search Value Global,Progress Video A,Android,APAC,False,active,True
2025-08,SYN-202508-D01218,SYN-202508-P01218,2025-08-17T17:59:00,Game Network,Playable Premium,Progress Video D,iOS,Western Europe,False,active,True
2025-08,SYN-202508-D01219,SYN-202508-P01219,2025-08-31T12:28:00,Game Network,Playable Premium,Reward Story D,iOS,Western Europe,False,active,True
2025-08,SYN-202508-D01220,SYN-202508-P01220,2025-08-16T13:21:00,Search Network,Search Value Global,Progress Video A,Android,APAC,False,active,True
2025-08,SYN-202508-D01221,SYN-202508-P01221,2025-08-14T17:40:00,Discovery Network,Discovery Rewarded,Reward Story G,Android,Western Europe,False,stopped,False
2025-08,SYN-202508-D01222,SYN-202508-P01222,2025-08-28T09:25:00,Social Network,Social Gameplay,Progress Video E,iOS,APAC,False,active,True
2025-08,SYN-202508-D01223,SYN-202508-P01223,2025-08-25T16:05:00,Store Search,Store Intent,Reward Story H,iOS,North America,False,active,True
2025-08,SYN-202508-D01224,SYN-202508-P01224,2025-08-15T03:57:00,Search Network,Search Value Global,Reward Story A,Android,LATAM,False,active,True
2025-08,SYN-202508-D01225,SYN-202508-P01225,2025-08-09T05:34:00,Search Network,Search Value Global,Playable Puzzle A,Android,APAC,False,active,True
2025-08,SYN-202508-D01226,SYN-202508-P01226,2025-08-12T04:06:00,Social Network,Social Lifestyle,Progress Video F,iOS,Western Europe,False,stopped,True
2025-08,SYN-202508-D01227,SYN-202508-P01227,2025-08-06T09:03:00,Discovery Network,Discovery Rewarded,Playable Puzzle G,Android,APAC,False,stopped,True
2025-08,SYN-202508-D01228,SYN-202508-P01228,2025-08-29T13:46:00,Search Network,Search Value North,Progress Video B,Android,North America,False,active,True
2025-08,SYN-202508-D01229,SYN-202508-P01229,2025-08-12T03:04:00,Social Network,Social Lifestyle,Playable Puzzle F,iOS,LATAM,False,stopped,True
2025-08,SYN-202508-D01230,SYN-202508-P01230,2025-08-29T21:05:00,Game Network,Playable Premium,Playable Puzzle D,iOS,APAC,False,active,True
2025-08,SYN-202508-D01231,SYN-202508-P01231,2025-08-14T01:31:00,Store Search,Store Intent,Playable Puzzle H,iOS,LATAM,False,active,True
2025-08,SYN-202508-D01232,SYN-202508-P01232,2025-08-02T17:02:00,Game Network,Playable Broad,Playable Puzzle C,iOS,North America,False,active,True
2025-08,SYN-202508-D01233,SYN-202508-P01233,2025-08-20T18:42:00,Search Network,Search Value North,Playable Puzzle B,Android,North America,False,active,True
2025-08,SYN-202508-D01234,SYN-202508-P01234,2025-08-19T02:53:00,Search Network,Search Value North,Reward Story B,Android,Western Europe,False,active,True
2025-08,SYN-202508-D01235,SYN-202508-P01235,2025-08-31T06:48:00,Game Network,Playable Premium,Progress Video D,iOS,North America,False,active,True
2025-08,SYN-202508-D01236,SYN-202508-P01236,2025-08-27T07:41:00,Game Network,Playable Premium,Progress Video D,iOS,North America,False,active,True
2025-08,SYN-202508-D01237,SYN-202508-P01237,2025-08-04T16:39:00,Search Network,Search Value Global,Reward Story A,Android,North America,False,active,True
2025-08,SYN-202508-D01238,SYN-202508-P01238,2025-08-22T03:49:00,Game Network,Playable Premium,Reward Story D,iOS,APAC,False,active,True
2025-08,SYN-202508-D01239,SYN-202508-P01239,2025-08-31T23:48:00,Search Network,Search Value North,Progress Video B,Android,APAC,False,active,True
2025-08,SYN-202508-D01240,SYN-202508-P01240,2025-08-16T03:35:00,Social Network,Social Lifestyle,Reward Story F,iOS,North America,False,stopped,True
2025-08,SYN-202508-D01241,SYN-202508-P01241,2025-08-20T17:58:00,Search Network,Search Value North,Progress Video B,Android,LATAM,False,active,True
2025-08,SYN-202508-D01242,SYN-202508-P01242,2025-08-28T08:32:00,Store Search,Store Intent,Progress Video H,iOS,North America,False,active,True
2025-08,SYN-202508-D01243,SYN-202508-P01243,2025-08-16T15:10:00,Game Network,Playable Broad,Reward Story C,iOS,Test Market,True,active,True
2025-08,SYN-202508-D01244,SYN-202508-P01244,2025-08-09T07:18:00,Game Network,Playable Broad,Progress Video C,iOS,Western Europe,False,active,True
2025-08,SYN-202508-D01245,SYN-202508-P01245,2025-08-20T21:25:00,Game Network,Playable Premium,Playable Puzzle D,iOS,LATAM,False,active,True
2025-08,SYN-202508-D01246,SYN-202508-P01246,2025-08-16T00:37:00,Search Network,Search Value North,Progress Video B,Android,Western Europe,False,active,True
2025-08,SYN-202508-D01247,SYN-202508-P01247,2025-08-11T22:00:00,Game Network,Playable Broad,Playable Puzzle C,iOS,North America,False,active,True
2025-08,SYN-202508-D01248,SYN-202508-P01248,2025-08-19T23:52:00,Social Network,Social Gameplay,Playable Puzzle E,iOS,Western Europe,False,active,True
2025-08,SYN-202508-D01249,SYN-202508-P01249,2025-08-17T10:56:00,Game Network,Playable Broad,Playable Puzzle C,iOS,APAC,False,active,True
2025-08,SYN-202508-D01250,SYN-202508-P01250,2025-08-20T00:24:00,Game Network,Playable Premium,Playable Puzzle D,iOS,APAC,False,active,True
2025-08,SYN-202508-D01251,SYN-202508-P01251,2025-08-31T20:52:00,Game Network,Playable Premium,Reward Story D,iOS,Western Europe,False,active,True
2025-08,SYN-202508-D01252,SYN-202508-P01252,2025-08-11T15:27:00,Social Network,Social Gameplay,Playable Puzzle E,iOS,Western Europe,False,active,True
2025-08,SYN-202508-D01253,SYN-202508-P01253,2025-08-18T10:01:00,Discovery Network,Discovery Rewarded,Progress Video G,Android,Test Market,True,stopped,True
2025-08,SYN-202508-D01254,SYN-202508-P01254,2025-08-24T16:14:00,Search Network,Search Value North,Progress Video B,Android,Western Europe,False,active,True
2025-08,SYN-202508-D01255,SYN-202508-P01255,2025-08-18T17:51:00,Social Network,Social Lifestyle,Progress Video F,iOS,North America,False,stopped,True
2025-08,SYN-202508-D01256,SYN-202508-P01256,2025-08-23T02:00:00,Social Network,Social Gameplay,Reward Story E,iOS,APAC,False,active,True
2025-08,SYN-202508-D01257,SYN-202508-P01257,2025-08-15T22:55:00,Store Search,Store Intent,Progress Video H,iOS,North America,False,active,True
2025-08,SYN-202508-D01258,SYN-202508-P01258,2025-08-26T07:41:00,Game Network,Playable Broad,Playable Puzzle C,iOS,Western Europe,False,active,True
2025-08,SYN-202508-D01259,SYN-202508-P01259,2025-08-04T09:59:00,Social Network,Social Lifestyle,Reward Story F,iOS,LATAM,False,stopped,True
2025-08,SYN-202508-D01260,SYN-202508-P01260,2025-08-05T14:07:00,Discovery Network,Discovery Rewarded,Reward Story G,Android,APAC,False,stopped,True
2025-08,SYN-202508-D01261,SYN-202508-P01261,2025-08-20T18:42:00,Game Network,Playable Broad,Progress Video C,iOS,Western Europe,False,active,True
2025-08,SYN-202508-D01262,SYN-202508-P01262,2025-08-07T03:07:00,Search Network,Search Value Global,Playable Puzzle A,Android,Western Europe,False,active,True
2025-08,SYN-202508-D01263,SYN-202508-P01263,2025-08-21T17:31:00,Game Network,Playable Premium,Progress Video D,iOS,LATAM,False,active,True
2025-08,SYN-202508-D01264,SYN-202508-P01264,2025-08-22T08:42:00,Search Network,Search Value Global,Progress Video A,Android,APAC,False,active,False
2025-08,SYN-202508-D01265,SYN-202508-P01265,2025-08-31T22:22:00,Search Network,Search Value Global,Reward Story A,Android,Western Europe,False,active,True
2025-08,SYN-202508-D01266,SYN-202508-P01266,2025-08-09T19:02:00,Game Network,Playable Broad,Playable Puzzle C,iOS,APAC,False,active,True
2025-08,SYN-202508-D01267,SYN-202508-P01267,2025-08-23T01:19:00,Game Network,Playable Broad,Playable Puzzle C,iOS,North America,False,active,True
2025-08,SYN-202508-D01268,SYN-202508-P01268,2025-08-14T11:34:00,Social Network,Social Gameplay,Playable Puzzle E,iOS,North America,False,active,True
2025-08,SYN-202508-D01269,SYN-202508-P01269,2025-08-24T03:29:00,Game Network,Playable Premium,Progress Video D,iOS,APAC,False,active,True
2025-08,SYN-202508-D01270,SYN-202508-P01270,2025-08-05T12:46:00,Game Network,Playable Broad,Progress Video C,iOS,North America,False,active,True
2025-08,SYN-202508-D01271,SYN-202508-P01271,2025-08-18T10:59:00,Game Network,Playable Premium,Progress Video D,iOS,APAC,False,active,True
2025-08,SYN-202508-D01272,SYN-202508-P01272,2025-08-18T11:21:00,Game Network,Playable Premium,Playable Puzzle D,iOS,North America,False,active,True
2025-08,SYN-202508-D01273,SYN-202508-P01273,2025-08-16T10:20:00,Game Network,Playable Premium,Playable Puzzle D,iOS,APAC,False,active,True
2025-08,SYN-202508-D01274,SYN-202508-P01274,2025-08-24T18:49:00,Search Network,Search Value Global,Progress Video A,Android,North America,False,active,True
2025-08,SYN-202508-D01275,SYN-202508-P01275,2025-08-26T12:16:00,Game Network,Playable Premium,Progress Video D,iOS,APAC,False,active,True
2025-08,SYN-202508-D01276,SYN-202508-P01276,2025-08-11T09:50:00,Game Network,Playable Broad,Progress Video C,iOS,North America,False,active,True
2025-08,SYN-202508-D01277,SYN-202508-P01277,2025-08-04T03:02:00,Search Network,Search Value North,Progress Video B,Android,APAC,False,active,True
2025-08,SYN-202508-D01278,SYN-202508-P01278,2025-08-07T23:27:00,Discovery Network,Discovery Rewarded,Progress Video G,Android,North America,False,stopped,True
2025-08,SYN-202508-D01279,SYN-202508-P01279,2025-08-09T16:04:00,Game Network,Playable Broad,Progress Video C,iOS,North America,False,active,True
2025-08,SYN-202508-D01280,SYN-202508-P01280,2025-08-24T19:17:00,Game Network,Playable Broad,Reward Story C,iOS,Test Market,True,active,True
2025-08,SYN-202508-D01281,SYN-202508-P01281,2025-08-14T02:57:00,Discovery Network,Discovery Rewarded,Playable Puzzle G,Android,APAC,False,stopped,True
2025-08,SYN-202508-D01282,SYN-202508-P01282,2025-08-12T00:59:00,Search Network,Search Value Global,Progress Video A,Android,Western Europe,False,active,True
2025-08,SYN-202508-D01283,SYN-202508-P01283,2025-08-24T01:51:00,Search Network,Search Value Global,Progress Video A,Android,APAC,False,active,True
2025-08,SYN-202508-D01284,SYN-202508-P01284,2025-08-16T11:56:00,Game Network,Playable Broad,Reward Story C,iOS,APAC,False,active,True
2025-08,SYN-202508-D01285,SYN-202508-P01285,2025-08-17T14:43:00,Game Network,Playable Premium,Progress Video D,iOS,Western Europe,False,active,True
2025-08,SYN-202508-D01286,SYN-202508-P01286,2025-08-05T00:27:00,Store Search,Store Intent,Progress Video H,iOS,North America,False,active,True
2025-08,SYN-202508-D01287,SYN-202508-P01287,2025-08-29T18:35:00,Search Network,Search Value North,Progress Video B,Android,APAC,False,active,True
2025-08,SYN-202508-D01288,SYN-202508-P01288,2025-08-03T04:40:00,Social Network,Social Gameplay,Reward Story E,iOS,Western Europe,False,active,True
2025-08,SYN-202508-D01289,SYN-202508-P01289,2025-08-11T10:39:00,Social Network,Social Gameplay,Progress Video E,iOS,North America,False,active,True
2025-08,SYN-202508-D01290,SYN-202508-P01290,2025-08-16T14:05:00,Social Network,Social Gameplay,Progress Video E,iOS,APAC,False,active,False
2025-08,SYN-202508-D01291,SYN-202508-P01291,2025-08-08T17:19:00,Social Network,Social Gameplay,Playable Puzzle E,iOS,APAC,False,active,True
2025-08,SYN-202508-D01292,SYN-202508-P01292,2025-08-02T04:49:00,Game Network,Playable Broad,Reward Story C,iOS,Western Europe,False,active,True
2025-08,SYN-202508-D01293,SYN-202508-P01293,2025-08-08T02:28:00,Store Search,Store Intent,Playable Puzzle H,iOS,Test Market,True,active,True
2025-08,SYN-202508-D01294,SYN-202508-P01294,2025-08-18T12:25:00,Store Search,Store Intent,Playable Puzzle H,iOS,North America,False,active,True
2025-08,SYN-202508-D01295,SYN-202508-P01295,2025-08-13T08:18:00,Game Network,Playable Broad,Progress Video C,iOS,Western Europe,False,active,True
2025-08,SYN-202508-D01296,SYN-202508-P01296,2025-08-30T00:18:00,Social Network,Social Gameplay,Progress Video E,iOS,APAC,False,active,False
2025-08,SYN-202508-D01297,SYN-202508-P01297,2025-08-17T03:18:00,Social Network,Social Lifestyle,Playable Puzzle F,iOS,North America,False,stopped,True
2025-08,SYN-202508-D01298,SYN-202508-P01298,2025-08-05T16:30:00,Game Network,Playable Broad,Reward Story C,iOS,North America,False,active,True
2025-08,SYN-202508-D01299,SYN-202508-P01299,2025-08-27T07:13:00,Search Network,Search Value Global,Reward Story A,Android,North America,False,active,True
2025-08,SYN-202508-D01300,SYN-202508-P01300,2025-08-07T14:13:00,Store Search,Store Intent,Playable Puzzle H,iOS,LATAM,False,active,True
2025-08,SYN-202508-D01301,SYN-202508-P01301,2025-08-14T00:12:00,Game Network,Playable Premium,Playable Puzzle D,iOS,North America,False,active,True
2025-08,SYN-202508-D01302,SYN-202508-P01302,2025-08-12T06:50:00,Search Network,Search Value Global,Playable Puzzle A,Android,LATAM,False,active,True
2025-08,SYN-202508-D01303,SYN-202508-P01303,2025-08-10T01:08:00,Social Network,Social Lifestyle,Progress Video F,iOS,APAC,False,stopped,True
2025-08,SYN-202508-D01304,SYN-202508-P01304,2025-08-06T23:01:00,Social Network,Social Lifestyle,Progress Video F,iOS,APAC,False,stopped,True
2025-08,SYN-202508-D01305,SYN-202508-P01305,2025-08-23T14:45:00,Search Network,Search Value Global,Playable Puzzle A,Android,North America,False,active,True
2025-08,SYN-202508-D01306,SYN-202508-P01306,2025-08-12T02:42:00,Social Network,Social Gameplay,Reward Story E,iOS,North America,False,active,True
2025-08,SYN-202508-D01307,SYN-202508-P01307,2025-08-16T03:44:00,Discovery Network,Discovery Rewarded,Progress Video G,Android,APAC,False,stopped,True
2025-08,SYN-202508-D01308,SYN-202508-P01308,2025-08-28T16:49:00,Search Network,Search Value Global,Reward Story A,Android,North America,False,active,True
2025-08,SYN-202508-D01309,SYN-202508-P01309,2025-08-26T09:45:00,Game Network,Playable Premium,Progress Video D,iOS,Western Europe,False,active,True
2025-08,SYN-202508-D01310,SYN-202508-P01310,2025-08-03T07:33:00,Social Network,Social Gameplay,Progress Video E,iOS,APAC,False,active,True
2025-08,SYN-202508-D01311,SYN-202508-P01311,2025-08-09T01:27:00,Discovery Network,Discovery Rewarded,Reward Story G,Android,Western Europe,False,stopped,True
2025-08,SYN-202508-D01312,SYN-202508-P01312,2025-08-29T17:00:00,Social Network,Social Gameplay,Playable Puzzle E,iOS,APAC,False,active,True
2025-08,SYN-202508-D01313,SYN-202508-P01313,2025-08-10T12:53:00,Game Network,Playable Premium,Progress Video D,iOS,North America,False,active,True
2025-08,SYN-202508-D01314,SYN-202508-P01314,2025-08-29T17:32:00,Game Network,Playable Premium,Reward Story D,iOS,Western Europe,False,active,True
2025-08,SYN-202508-D01315,SYN-202508-P01315,2025-08-01T10:27:00,Social Network,Social Lifestyle,Reward Story F,iOS,North America,False,stopped,True
2025-08,SYN-202508-D01316,SYN-202508-P01316,2025-08-01T21:49:00,Social Network,Social Gameplay,Reward Story E,iOS,North America,False,active,False
2025-08,SYN-202508-D01317,SYN-202508-P01317,2025-08-23T04:40:00,Game Network,Playable Premium,Progress Video D,iOS,APAC,False,active,True
2025-08,SYN-202508-D01318,SYN-202508-P01318,2025-08-28T16:18:00,Social Network,Social Gameplay,Progress Video E,iOS,Western Europe,False,active,True
2025-08,SYN-202508-D01319,SYN-202508-P01319,2025-08-23T22:27:00,Game Network,Playable Broad,Reward Story C,iOS,APAC,False,active,True
2025-08,SYN-202508-D01320,SYN-202508-P01320,2025-08-20T06:58:00,Store Search,Store Intent,Playable Puzzle H,iOS,APAC,False,active,True
2025-08,SYN-202508-D01321,SYN-202508-P01321,2025-08-15T06:52:00,Game Network,Playable Broad,Playable Puzzle C,iOS,Western Europe,False,active,True
2025-08,SYN-202508-D01322,SYN-202508-P01322,2025-08-16T04:24:00,Search Network,Search Value Global,Reward Story A,Android,APAC,False,active,True
2025-08,SYN-202508-D01323,SYN-202508-P01323,2025-08-28T14:57:00,Store Search,Store Intent,Progress Video H,iOS,Western Europe,False,active,True
2025-08,SYN-202508-D01324,SYN-202508-P01324,2025-08-08T06:47:00,Social Network,Social Gameplay,Progress Video E,iOS,APAC,False,active,False
2025-08,SYN-202508-D01325,SYN-202508-P01325,2025-08-21T02:49:00,Game Network,Playable Broad,Reward Story C,iOS,Western Europe,False,active,True
2025-08,SYN-202508-D01326,SYN-202508-P01326,2025-08-17T03:57:00,Game Network,Playable Broad,Reward Story C,iOS,APAC,False,active,True
2025-08,SYN-202508-D01327,SYN-202508-P01327,2025-08-10T03:53:00,Game Network,Playable Premium,Progress Video D,iOS,Western Europe,False,active,True
2025-08,SYN-202508-D01328,SYN-202508-P01328,2025-08-02T06:20:00,Social Network,Social Lifestyle,Reward Story F,iOS,Western Europe,False,stopped,True
2025-08,SYN-202508-D01329,SYN-202508-P01329,2025-08-06T15:50:00,Game Network,Playable Broad,Progress Video C,iOS,Western Europe,False,active,True
2025-08,SYN-202508-D01330,SYN-202508-P01330,2025-08-14T10:25:00,Social Network,Social Lifestyle,Progress Video F,iOS,Western Europe,False,stopped,True
2025-08,SYN-202508-D01331,SYN-202508-P01331,2025-08-20T09:46:00,Game Network,Playable Broad,Playable Puzzle C,iOS,North America,False,active,True
2025-08,SYN-202508-D01332,SYN-202508-P01332,2025-08-15T16:24:00,Discovery Network,Discovery Rewarded,Progress Video G,Android,Western Europe,False,stopped,True
2025-08,SYN-202508-D01333,SYN-202508-P01333,2025-08-13T01:00:00,Store Search,Store Intent,Progress Video H,iOS,North America,False,active,True
2025-08,SYN-202508-D01334,SYN-202508-P01334,2025-08-30T12:00:00,Store Search,Store Intent,Playable Puzzle H,iOS,APAC,False,active,True
2025-08,SYN-202508-D01335,SYN-202508-P01335,2025-08-26T03:12:00,Search Network,Search Value North,Progress Video B,Android,LATAM,False,active,True
2025-08,SYN-202508-D01336,SYN-202508-P01336,2025-08-17T20:48:00,Game Network,Playable Broad,Reward Story C,iOS,APAC,False,active,True
2025-08,SYN-202508-D01337,SYN-202508-P01337,2025-08-09T18:23:00,Store Search,Store Intent,Playable Puzzle H,iOS,North America,False,active,True
2025-08,SYN-202508-D01338,SYN-202508-P01338,2025-08-02T11:33:00,Social Network,Social Gameplay,Reward Story E,iOS,LATAM,False,active,True
2025-08,SYN-202508-D01339,SYN-202508-P01339,2025-08-26T21:10:00,Store Search,Store Intent,Playable Puzzle H,iOS,North America,False,active,False
2025-08,SYN-202508-D01340,SYN-202508-P01340,2025-08-19T20:40:00,Game Network,Playable Premium,Playable Puzzle D,iOS,North America,False,active,True
2025-08,SYN-202508-D01341,SYN-202508-P01341,2025-08-31T05:27:00,Social Network,Social Gameplay,Reward Story E,iOS,North America,False,active,True
2025-08,SYN-202508-D01342,SYN-202508-P01342,2025-08-22T01:55:00,Social Network,Social Gameplay,Playable Puzzle E,iOS,APAC,False,active,True
2025-08,SYN-202508-D01343,SYN-202508-P01343,2025-08-19T21:35:00,Game Network,Playable Broad,Progress Video C,iOS,North America,False,active,True
2025-08,SYN-202508-D01344,SYN-202508-P01344,2025-08-14T19:05:00,Search Network,Search Value Global,Progress Video A,Android,Test Market,True,active,True
2025-08,SYN-202508-D01345,SYN-202508-P01345,2025-08-16T14:10:00,Discovery Network,Discovery Rewarded,Playable Puzzle G,Android,North America,False,stopped,True
2025-08,SYN-202508-D01346,SYN-202508-P01346,2025-08-22T18:47:00,Search Network,Search Value Global,Progress Video A,Android,Western Europe,False,active,True
2025-08,SYN-202508-D01347,SYN-202508-P01347,2025-08-03T02:02:00,Social Network,Social Lifestyle,Playable Puzzle F,iOS,North America,False,stopped,True
2025-08,SYN-202508-D01348,SYN-202508-P01348,2025-08-15T18:40:00,Social Network,Social Gameplay,Reward Story E,iOS,Western Europe,False,active,True
2025-08,SYN-202508-D01349,SYN-202508-P01349,2025-08-17T23:47:00,Game Network,Playable Broad,Reward Story C,iOS,LATAM,False,active,True
2025-08,SYN-202508-D01350,SYN-202508-P01350,2025-08-08T15:30:00,Social Network,Social Lifestyle,Playable Puzzle F,iOS,Test Market,True,stopped,True
2025-08,SYN-202508-D01351,SYN-202508-P01351,2025-08-22T18:42:00,Game Network,Playable Premium,Reward Story D,iOS,APAC,False,active,True
2025-08,SYN-202508-D01352,SYN-202508-P01352,2025-08-16T12:04:00,Search Network,Search Value North,Playable Puzzle B,Android,APAC,False,active,True
2025-08,SYN-202508-D01353,SYN-202508-P01353,2025-08-15T14:47:00,Search Network,Search Value Global,Reward Story A,Android,Western Europe,False,active,True
2025-08,SYN-202508-D01354,SYN-202508-P01354,2025-08-30T18:34:00,Game Network,Playable Broad,Reward Story C,iOS,LATAM,False,active,True
2025-08,SYN-202508-D01355,SYN-202508-P01355,2025-08-26T21:15:00,Game Network,Playable Broad,Reward Story C,iOS,APAC,False,active,True
2025-08,SYN-202508-D01356,SYN-202508-P01356,2025-08-24T12:10:00,Social Network,Social Gameplay,Playable Puzzle E,iOS,APAC,False,active,True
2025-08,SYN-202508-D01357,SYN-202508-P01357,2025-08-07T13:13:00,Discovery Network,Discovery Rewarded,Reward Story G,Android,Western Europe,False,stopped,True
2025-08,SYN-202508-D01358,SYN-202508-P01358,2025-08-13T22:18:00,Store Search,Store Intent,Reward Story H,iOS,Western Europe,False,active,True
2025-08,SYN-202508-D01359,SYN-202508-P01359,2025-08-12T03:30:00,Game Network,Playable Premium,Playable Puzzle D,iOS,Western Europe,False,active,True
2025-08,SYN-202508-D01360,SYN-202508-P01360,2025-08-30T05:10:00,Game Network,Playable Broad,Playable Puzzle C,iOS,Western Europe,False,active,True
2025-08,SYN-202508-D01361,SYN-202508-P01361,2025-08-02T02:40:00,Game Network,Playable Broad,Playable Puzzle C,iOS,North America,False,active,True
2025-08,SYN-202508-D01362,SYN-202508-P01362,2025-08-24T21:18:00,Game Network,Playable Broad,Progress Video C,iOS,LATAM,False,active,True
2025-08,SYN-202508-D01363,SYN-202508-P01363,2025-08-10T12:36:00,Social Network,Social Gameplay,Reward Story E,iOS,Western Europe,False,active,True
2025-08,SYN-202508-D01364,SYN-202508-P01364,2025-08-24T15:38:00,Game Network,Playable Broad,Progress Video C,iOS,North America,False,active,True
2025-08,SYN-202508-D01365,SYN-202508-P01365,2025-08-08T19:35:00,Search Network,Search Value North,Reward Story B,Android,APAC,False,active,True
2025-08,SYN-202508-D01366,SYN-202508-P01366,2025-08-22T15:31:00,Social Network,Social Gameplay,Progress Video E,iOS,APAC,False,active,True
2025-08,SYN-202508-D01367,SYN-202508-P01367,2025-08-13T01:42:00,Store Search,Store Intent,Reward Story H,iOS,Western Europe,False,active,True
2025-08,SYN-202508-D01368,SYN-202508-P01368,2025-08-19T01:16:00,Social Network,Social Gameplay,Reward Story E,iOS,LATAM,False,active,True
2025-08,SYN-202508-D01369,SYN-202508-P01369,2025-08-11T18:43:00,Search Network,Search Value North,Playable Puzzle B,Android,APAC,False,active,False
2025-08,SYN-202508-D01370,SYN-202508-P01370,2025-08-26T00:19:00,Search Network,Search Value Global,Playable Puzzle A,Android,Western Europe,False,active,False
2025-08,SYN-202508-D01371,SYN-202508-P01371,2025-08-04T05:24:00,Social Network,Social Gameplay,Progress Video E,iOS,North America,False,active,True
2025-08,SYN-202508-D01372,SYN-202508-P01372,2025-08-24T00:47:00,Game Network,Playable Broad,Progress Video C,iOS,LATAM,False,active,True
2025-08,SYN-202508-D01373,SYN-202508-P01373,2025-08-30T06:27:00,Game Network,Playable Broad,Playable Puzzle C,iOS,Test Market,True,active,True
2025-08,SYN-202508-D01374,SYN-202508-P01374,2025-08-23T18:04:00,Social Network,Social Gameplay,Reward Story E,iOS,LATAM,False,active,True
2025-08,SYN-202508-D01375,SYN-202508-P01375,2025-08-17T19:50:00,Game Network,Playable Premium,Reward Story D,iOS,Western Europe,False,active,True
2025-08,SYN-202508-D01376,SYN-202508-P01376,2025-08-12T09:25:00,Search Network,Search Value North,Progress Video B,Android,APAC,False,active,True
2025-08,SYN-202508-D01377,SYN-202508-P01377,2025-08-09T18:31:00,Discovery Network,Discovery Rewarded,Reward Story G,Android,APAC,False,stopped,False
2025-08,SYN-202508-D01378,SYN-202508-P01378,2025-08-19T12:38:00,Search Network,Search Value North,Playable Puzzle B,Android,Western Europe,False,active,True
2025-08,SYN-202508-D01379,SYN-202508-P01379,2025-08-10T11:13:00,Search Network,Search Value Global,Playable Puzzle A,Android,APAC,False,active,True
2025-08,SYN-202508-D01380,SYN-202508-P01380,2025-08-16T19:23:00,Game Network,Playable Premium,Progress Video D,iOS,North America,False,active,True
2025-08,SYN-202508-D01381,SYN-202508-P01381,2025-08-04T14:08:00,Social Network,Social Lifestyle,Progress Video F,iOS,Test Market,True,stopped,True
2025-08,SYN-202508-D01382,SYN-202508-P01382,2025-08-05T16:52:00,Discovery Network,Discovery Rewarded,Playable Puzzle G,Android,North America,False,stopped,True
2025-08,SYN-202508-D01383,SYN-202508-P01383,2025-08-21T20:19:00,Search Network,Search Value North,Playable Puzzle B,Android,APAC,False,active,True
2025-08,SYN-202508-D01384,SYN-202508-P01384,2025-08-14T01:49:00,Game Network,Playable Premium,Reward Story D,iOS,APAC,False,active,True
2025-08,SYN-202508-D01385,SYN-202508-P01385,2025-08-19T01:22:00,Social Network,Social Gameplay,Reward Story E,iOS,North America,False,active,True
2025-08,SYN-202508-D01386,SYN-202508-P01386,2025-08-14T14:51:00,Search Network,Search Value Global,Progress Video A,Android,APAC,False,active,True
2025-08,SYN-202508-D01387,SYN-202508-P01387,2025-08-27T04:30:00,Social Network,Social Gameplay,Playable Puzzle E,iOS,Western Europe,False,active,True
2025-08,SYN-202508-D01388,SYN-202508-P01388,2025-08-07T09:30:00,Search Network,Search Value North,Reward Story B,Android,North America,False,active,False
2025-08,SYN-202508-D01389,SYN-202508-P01389,2025-08-04T07:15:00,Social Network,Social Gameplay,Playable Puzzle E,iOS,Test Market,True,active,True
2025-08,SYN-202508-D01390,SYN-202508-P01390,2025-08-19T20:23:00,Search Network,Search Value Global,Playable Puzzle A,Android,LATAM,False,active,True
2025-08,SYN-202508-D01391,SYN-202508-P01391,2025-08-09T23:44:00,Social Network,Social Gameplay,Playable Puzzle E,iOS,North America,False,active,True
2025-08,SYN-202508-D01392,SYN-202508-P01392,2025-08-22T23:46:00,Social Network,Social Gameplay,Reward Story E,iOS,APAC,False,active,True
2025-08,SYN-202508-D01393,SYN-202508-P01393,2025-08-11T05:30:00,Game Network,Playable Premium,Reward Story D,iOS,Test Market,True,active,True
2025-08,SYN-202508-D01394,SYN-202508-P01394,2025-08-01T10:48:00,Store Search,Store Intent,Reward Story H,iOS,Western Europe,False,active,True
2025-08,SYN-202508-D01395,SYN-202508-P01395,2025-08-02T15:42:00,Social Network,Social Lifestyle,Playable Puzzle F,iOS,Western Europe,False,stopped,True
2025-08,SYN-202508-D01396,SYN-202508-P01396,2025-08-17T14:47:00,Game Network,Playable Premium,Playable Puzzle D,iOS,APAC,False,active,True
2025-08,SYN-202508-D01397,SYN-202508-P01397,2025-08-31T21:47:00,Search Network,Search Value Global,Progress Video A,Android,APAC,False,active,True
2025-08,SYN-202508-D01398,SYN-202508-P01398,2025-08-10T19:29:00,Game Network,Playable Broad,Reward Story C,iOS,North America,False,active,True
2025-08,SYN-202508-D01399,SYN-202508-P01399,2025-08-01T11:12:00,Discovery Network,Discovery Rewarded,Playable Puzzle G,Android,North America,False,stopped,True
2025-08,SYN-202508-D01400,SYN-202508-P01400,2025-08-26T15:10:00,Store Search,Store Intent,Playable Puzzle H,iOS,APAC,False,active,True
2025-08,SYN-202508-D01401,SYN-202508-P01401,2025-08-28T03:43:00,Social Network,Social Gameplay,Progress Video E,iOS,LATAM,False,active,True
2025-08,SYN-202508-D01402,SYN-202508-P01402,2025-08-26T21:12:00,Search Network,Search Value Global,Playable Puzzle A,Android,Test Market,True,active,True
2025-08,SYN-202508-D01403,SYN-202508-P01403,2025-08-14T20:13:00,Game Network,Playable Premium,Reward Story D,iOS,Western Europe,False,active,True
2025-08,SYN-202508-D01404,SYN-202508-P01404,2025-08-31T01:03:00,Game Network,Playable Premium,Progress Video D,iOS,Western Europe,False,active,True
2025-08,SYN-202508-D01405,SYN-202508-P01405,2025-08-05T02:38:00,Discovery Network,Discovery Rewarded,Playable Puzzle G,Android,Western Europe,False,stopped,True
2025-08,SYN-202508-D01406,SYN-202508-P01406,2025-08-02T12:31:00,Game Network,Playable Premium,Progress Video D,iOS,Western Europe,False,active,True
2025-08,SYN-202508-D01407,SYN-202508-P01407,2025-08-06T16:11:00,Game Network,Playable Premium,Playable Puzzle D,iOS,Test Market,True,active,True
2025-08,SYN-202508-D01408,SYN-202508-P01408,2025-08-25T23:19:00,Store Search,Store Intent,Reward Story H,iOS,APAC,False,active,True
2025-08,SYN-202508-D01409,SYN-202508-P01409,2025-08-29T18:12:00,Game Network,Playable Broad,Playable Puzzle C,iOS,Test Market,True,active,True
2025-08,SYN-202508-D01410,SYN-202508-P01410,2025-08-18T15:53:00,Search Network,Search Value Global,Progress Video A,Android,APAC,False,active,False
2025-08,SYN-202508-D01411,SYN-202508-P01411,2025-08-02T21:06:00,Game Network,Playable Broad,Playable Puzzle C,iOS,LATAM,False,active,True
2025-08,SYN-202508-D01412,SYN-202508-P01412,2025-08-27T18:18:00,Game Network,Playable Broad,Playable Puzzle C,iOS,APAC,False,active,True
2025-08,SYN-202508-D01413,SYN-202508-P01413,2025-08-10T19:09:00,Discovery Network,Discovery Rewarded,Reward Story G,Android,North America,False,stopped,False
2025-08,SYN-202508-D01414,SYN-202508-P01414,2025-08-10T12:47:00,Discovery Network,Discovery Rewarded,Playable Puzzle G,Android,Western Europe,False,stopped,True
2025-08,SYN-202508-D01415,SYN-202508-P01415,2025-08-15T11:22:00,Social Network,Social Gameplay,Playable Puzzle E,iOS,Western Europe,False,active,True
2025-08,SYN-202508-D01416,SYN-202508-P01416,2025-08-28T02:16:00,Social Network,Social Gameplay,Progress Video E,iOS,North America,False,active,True
2025-08,SYN-202508-D01417,SYN-202508-P01417,2025-08-17T06:23:00,Game Network,Playable Premium,Playable Puzzle D,iOS,Test Market,True,active,True
2025-08,SYN-202508-D01418,SYN-202508-P01418,2025-08-15T17:21:00,Discovery Network,Discovery Rewarded,Playable Puzzle G,Android,APAC,False,stopped,True
2025-08,SYN-202508-D01419,SYN-202508-P01419,2025-08-16T00:51:00,Game Network,Playable Premium,Playable Puzzle D,iOS,Western Europe,False,active,True
2025-08,SYN-202508-D01420,SYN-202508-P01420,2025-08-15T06:38:00,Discovery Network,Discovery Rewarded,Progress Video G,Android,LATAM,False,stopped,False
2025-08,SYN-202508-D01421,SYN-202508-P01421,2025-08-29T06:22:00,Game Network,Playable Broad,Playable Puzzle C,iOS,Western Europe,False,active,True
2025-08,SYN-202508-D01422,SYN-202508-P01422,2025-08-01T17:12:00,Search Network,Search Value Global,Reward Story A,Android,North America,False,active,True
2025-08,SYN-202508-D01423,SYN-202508-P01423,2025-08-15T20:34:00,Discovery Network,Discovery Rewarded,Progress Video G,Android,North America,False,stopped,True
2025-08,SYN-202508-D01424,SYN-202508-P01424,2025-08-05T03:13:00,Search Network,Search Value North,Progress Video B,Android,APAC,False,active,True
2025-08,SYN-202508-D01425,SYN-202508-P01425,2025-08-24T22:55:00,Social Network,Social Gameplay,Reward Story E,iOS,LATAM,False,active,True
2025-08,SYN-202508-D01426,SYN-202508-P01426,2025-08-04T02:03:00,Discovery Network,Discovery Rewarded,Reward Story G,Android,Western Europe,False,stopped,True
2025-08,SYN-202508-D01427,SYN-202508-P01427,2025-08-24T20:54:00,Game Network,Playable Premium,Reward Story D,iOS,Test Market,True,active,False
2025-08,SYN-202508-D01428,SYN-202508-P01428,2025-08-24T21:40:00,Game Network,Playable Premium,Playable Puzzle D,iOS,APAC,False,active,True
2025-08,SYN-202508-D01429,SYN-202508-P01429,2025-08-16T08:34:00,Discovery Network,Discovery Rewarded,Reward Story G,Android,North America,False,stopped,False
2025-08,SYN-202508-D01430,SYN-202508-P01430,2025-08-14T15:05:00,Search Network,Search Value North,Playable Puzzle B,Android,North America,False,active,True
2025-08,SYN-202508-D01431,SYN-202508-P01431,2025-08-19T17:28:00,Social Network,Social Gameplay,Playable Puzzle E,iOS,APAC,False,active,True
2025-08,SYN-202508-D01432,SYN-202508-P01432,2025-08-31T03:11:00,Search Network,Search Value North,Progress Video B,Android,North America,False,active,True
2025-08,SYN-202508-D01433,SYN-202508-P01433,2025-08-11T03:06:00,Social Network,Social Lifestyle,Progress Video F,iOS,APAC,False,stopped,True
2025-08,SYN-202508-D01434,SYN-202508-P01434,2025-08-06T10:00:00,Store Search,Store Intent,Playable Puzzle H,iOS,Western Europe,False,active,True
2025-08,SYN-202508-D01435,SYN-202508-P01435,2025-08-25T11:08:00,Search Network,Search Value Global,Reward Story A,Android,APAC,False,active,False
2025-08,SYN-202508-D01436,SYN-202508-P01436,2025-08-03T15:18:00,Social Network,Social Gameplay,Playable Puzzle E,iOS,APAC,False,active,True
2025-08,SYN-202508-D01437,SYN-202508-P01437,2025-08-22T05:21:00,Store Search,Store Intent,Progress Video H,iOS,APAC,False,active,True
2025-08,SYN-202508-D01438,SYN-202508-P01438,2025-08-31T19:13:00,Store Search,Store Intent,Playable Puzzle H,iOS,LATAM,False,active,True
2025-08,SYN-202508-D01439,SYN-202508-P01439,2025-08-16T18:04:00,Social Network,Social Lifestyle,Playable Puzzle F,iOS,Western Europe,False,stopped,True
2025-08,SYN-202508-D01440,SYN-202508-P01440,2025-08-14T22:22:00,Game Network,Playable Broad,Playable Puzzle C,iOS,APAC,False,active,True
2025-08,SYN-202508-D01441,SYN-202508-P01441,2025-08-03T21:31:00,Search Network,Search Value North,Progress Video B,Android,North America,False,active,True
2025-08,SYN-202508-D01442,SYN-202508-P01442,2025-08-27T17:55:00,Store Search,Store Intent,Reward Story H,iOS,Western Europe,False,active,True
2025-08,SYN-202508-D01443,SYN-202508-P01443,2025-08-23T01:18:00,Game Network,Playable Premium,Progress Video D,iOS,Western Europe,False,active,True
2025-08,SYN-202508-D01444,SYN-202508-P01444,2025-08-04T12:22:00,Search Network,Search Value Global,Reward Story A,Android,North America,False,active,True
2025-08,SYN-202508-D01445,SYN-202508-P01445,2025-08-12T02:50:00,Game Network,Playable Broad,Progress Video C,iOS,APAC,False,active,True
2025-08,SYN-202508-D01446,SYN-202508-P01446,2025-08-14T05:44:00,Game Network,Playable Broad,Progress Video C,iOS,APAC,False,active,True
2025-08,SYN-202508-D01447,SYN-202508-P01447,2025-08-19T22:35:00,Store Search,Store Intent,Reward Story H,iOS,Western Europe,False,active,True
2025-08,SYN-202508-D01448,SYN-202508-P01448,2025-08-28T21:56:00,Game Network,Playable Broad,Reward Story C,iOS,LATAM,False,active,True
2025-08,SYN-202508-D01449,SYN-202508-P01449,2025-08-16T12:41:00,Discovery Network,Discovery Rewarded,Progress Video G,Android,APAC,False,stopped,True
2025-08,SYN-202508-D01450,SYN-202508-P01450,2025-08-16T06:53:00,Social Network,Social Lifestyle,Reward Story F,iOS,North America,False,stopped,True
2025-08,SYN-202508-D01451,SYN-202508-P01451,2025-08-06T06:31:00,Store Search,Store Intent,Reward Story H,iOS,APAC,False,active,True
2025-08,SYN-202508-D01452,SYN-202508-P01452,2025-08-06T03:48:00,Search Network,Search Value Global,Playable Puzzle A,Android,Test Market,True,active,True
2025-08,SYN-202508-D01453,SYN-202508-P01453,2025-08-29T22:44:00,Game Network,Playable Broad,Playable Puzzle C,iOS,Western Europe,False,active,True
2025-08,SYN-202508-D01454,SYN-202508-P01454,2025-08-18T13:41:00,Discovery Network,Discovery Rewarded,Playable Puzzle G,Android,North America,False,stopped,True
2025-08,SYN-202508-D01455,SYN-202508-P01455,2025-08-03T02:18:00,Game Network,Playable Broad,Playable Puzzle C,iOS,North America,False,active,True
2025-08,SYN-202508-D01456,SYN-202508-P01456,2025-08-08T04:46:00,Store Search,Store Intent,Progress Video H,iOS,LATAM,False,active,True
2025-08,SYN-202508-D01457,SYN-202508-P01457,2025-08-21T08:20:00,Social Network,Social Gameplay,Progress Video E,iOS,North America,False,active,True
2025-08,SYN-202508-D01458,SYN-202508-P01458,2025-08-28T00:21:00,Game Network,Playable Premium,Playable Puzzle D,iOS,LATAM,False,active,True
2025-08,SYN-202508-D01459,SYN-202508-P01459,2025-08-14T00:40:00,Game Network,Playable Broad,Progress Video C,iOS,North America,False,active,True
2025-08,SYN-202508-D01460,SYN-202508-P01460,2025-08-21T07:35:00,Social Network,Social Gameplay,Playable Puzzle E,iOS,Western Europe,False,active,True
2025-08,SYN-202508-D01461,SYN-202508-P01461,2025-08-09T02:28:00,Game Network,Playable Broad,Playable Puzzle C,iOS,North America,False,active,True
2025-08,SYN-202508-D01462,SYN-202508-P01462,2025-08-19T22:53:00,Social Network,Social Gameplay,Reward Story E,iOS,LATAM,False,active,True
2025-08,SYN-202508-D01463,SYN-202508-P01463,2025-08-20T18:47:00,Search Network,Search Value Global,Reward Story A,Android,North America,False,active,True
2025-08,SYN-202508-D01464,SYN-202508-P01464,2025-08-29T05:30:00,Social Network,Social Gameplay,Progress Video E,iOS,Western Europe,False,active,True
2025-08,SYN-202508-D01465,SYN-202508-P01465,2025-08-17T09:43:00,Game Network,Playable Premium,Progress Video D,iOS,Western Europe,False,active,True
2025-08,SYN-202508-D01466,SYN-202508-P01466,2025-08-08T23:41:00,Social Network,Social Gameplay,Reward Story E,iOS,Western Europe,False,active,True
2025-08,SYN-202508-D01467,SYN-202508-P01467,2025-08-25T21:59:00,Social Network,Social Gameplay,Playable Puzzle E,iOS,North America,False,active,True
2025-08,SYN-202508-D01468,SYN-202508-P01468,2025-08-02T13:39:00,Social Network,Social Lifestyle,Playable Puzzle F,iOS,APAC,False,stopped,True
2025-08,SYN-202508-D01469,SYN-202508-P01469,2025-08-04T21:20:00,Store Search,Store Intent,Playable Puzzle H,iOS,North America,False,active,True
2025-08,SYN-202508-D01470,SYN-202508-P01470,2025-08-09T17:12:00,Social Network,Social Lifestyle,Progress Video F,iOS,Western Europe,False,stopped,True
2025-08,SYN-202508-D01471,SYN-202508-P01471,2025-08-04T17:16:00,Game Network,Playable Premium,Progress Video D,iOS,LATAM,False,active,True
2025-08,SYN-202508-D01472,SYN-202508-P01472,2025-08-13T17:16:00,Discovery Network,Discovery Rewarded,Playable Puzzle G,Android,LATAM,False,stopped,True
2025-08,SYN-202508-D01473,SYN-202508-P01473,2025-08-06T10:20:00,Social Network,Social Lifestyle,Reward Story F,iOS,Western Europe,False,stopped,False
2025-08,SYN-202508-D01474,SYN-202508-P01474,2025-08-07T18:36:00,Game Network,Playable Broad,Progress Video C,iOS,APAC,False,active,True
2025-08,SYN-202508-D01475,SYN-202508-P01475,2025-08-18T05:16:00,Social Network,Social Gameplay,Progress Video E,iOS,Test Market,True,active,True
2025-08,SYN-202508-D01476,SYN-202508-P01476,2025-08-25T10:34:00,Social Network,Social Gameplay,Progress Video E,iOS,North America,False,active,True
2025-08,SYN-202508-D01477,SYN-202508-P01477,2025-08-18T22:38:00,Game Network,Playable Premium,Playable Puzzle D,iOS,Western Europe,False,active,True
2025-08,SYN-202508-D01478,SYN-202508-P01478,2025-08-04T19:30:00,Game Network,Playable Premium,Reward Story D,iOS,Western Europe,False,active,False
2025-08,SYN-202508-D01479,SYN-202508-P01479,2025-08-20T08:36:00,Search Network,Search Value Global,Reward Story A,Android,APAC,False,active,True
2025-08,SYN-202508-D01480,SYN-202508-P01480,2025-08-15T07:10:00,Game Network,Playable Broad,Progress Video C,iOS,APAC,False,active,True
2025-08,SYN-202508-D01481,SYN-202508-P01481,2025-08-16T14:28:00,Game Network,Playable Premium,Progress Video D,iOS,North America,False,active,True
2025-08,SYN-202508-D01482,SYN-202508-P01482,2025-08-03T09:55:00,Search Network,Search Value Global,Reward Story A,Android,LATAM,False,active,True
2025-08,SYN-202508-D01483,SYN-202508-P01483,2025-08-17T06:37:00,Search Network,Search Value North,Progress Video B,Android,APAC,False,active,True
2025-08,SYN-202508-D01484,SYN-202508-P01484,2025-08-26T16:37:00,Game Network,Playable Broad,Reward Story C,iOS,North America,False,active,True
2025-08,SYN-202508-D01485,SYN-202508-P01485,2025-08-21T12:26:00,Game Network,Playable Premium,Progress Video D,iOS,APAC,False,active,True
2025-08,SYN-202508-D01486,SYN-202508-P01486,2025-08-19T13:21:00,Store Search,Store Intent,Playable Puzzle H,iOS,Western Europe,False,active,True
2025-08,SYN-202508-D01487,SYN-202508-P01487,2025-08-02T20:07:00,Game Network,Playable Broad,Playable Puzzle C,iOS,APAC,False,active,True
2025-08,SYN-202508-D01488,SYN-202508-P01488,2025-08-05T14:33:00,Game Network,Playable Broad,Playable Puzzle C,iOS,LATAM,False,active,True
2025-08,SYN-202508-D01489,SYN-202508-P01489,2025-08-02T12:18:00,Game Network,Playable Premium,Playable Puzzle D,iOS,APAC,False,active,True
2025-08,SYN-202508-D01490,SYN-202508-P01490,2025-08-08T08:38:00,Game Network,Playable Premium,Reward Story D,iOS,North America,False,active,True
2025-08,SYN-202508-D01491,SYN-202508-P01491,2025-08-18T13:47:00,Store Search,Store Intent,Reward Story H,iOS,Western Europe,False,active,True
2025-08,SYN-202508-D01492,SYN-202508-P01492,2025-08-12T18:44:00,Game Network,Playable Premium,Reward Story D,iOS,LATAM,False,active,False
2025-08,SYN-202508-D01493,SYN-202508-P01493,2025-08-30T19:06:00,Game Network,Playable Premium,Playable Puzzle D,iOS,APAC,False,active,True
2025-08,SYN-202508-D01494,SYN-202508-P01494,2025-08-05T15:00:00,Discovery Network,Discovery Rewarded,Progress Video G,Android,APAC,False,stopped,True
2025-08,SYN-202508-D01495,SYN-202508-P01495,2025-08-26T14:37:00,Game Network,Playable Premium,Playable Puzzle D,iOS,North America,False,active,True
2025-08,SYN-202508-D01496,SYN-202508-P01496,2025-08-14T14:40:00,Social Network,Social Gameplay,Progress Video E,iOS,North America,False,active,True
2025-08,SYN-202508-D01497,SYN-202508-P01497,2025-08-19T13:33:00,Game Network,Playable Broad,Progress Video C,iOS,APAC,False,active,True
2025-08,SYN-202508-D01498,SYN-202508-P01498,2025-08-13T07:26:00,Store Search,Store Intent,Progress Video H,iOS,North America,False,active,False
2025-08,SYN-202508-D01499,SYN-202508-P01499,2025-08-21T13:17:00,Game Network,Playable Premium,Playable Puzzle D,iOS,North America,False,active,True
2025-08,SYN-202508-D01500,SYN-202508-P01500,2025-08-22T12:35:00,Social Network,Social Gameplay,Progress Video E,iOS,Western Europe,False,active,True
2025-08,SYN-202508-D01501,SYN-202508-P01501,2025-08-06T21:38:00,Game Network,Playable Premium,Reward Story D,iOS,APAC,False,active,True
2025-08,SYN-202508-D01502,SYN-202508-P01502,2025-08-11T18:46:00,Social Network,Social Gameplay,Playable Puzzle E,iOS,Western Europe,False,active,True
2025-08,SYN-202508-D01503,SYN-202508-P01503,2025-08-21T07:03:00,Game Network,Playable Broad,Progress Video C,iOS,APAC,False,active,True
2025-08,SYN-202508-D01504,SYN-202508-P01504,2025-08-15T09:50:00,Game Network,Playable Premium,Reward Story D,iOS,North America,False,active,True
2025-08,SYN-202508-D01505,SYN-202508-P01505,2025-08-14T14:22:00,Game Network,Playable Broad,Reward Story C,iOS,APAC,False,active,True
2025-08,SYN-202508-D01506,SYN-202508-P01506,2025-08-11T17:22:00,Game Network,Playable Premium,Playable Puzzle D,iOS,APAC,False,active,True
2025-08,SYN-202508-D01507,SYN-202508-P01507,2025-08-15T03:39:00,Game Network,Playable Premium,Progress Video D,iOS,APAC,False,active,True
2025-08,SYN-202508-D01508,SYN-202508-P01508,2025-08-14T04:12:00,Game Network,Playable Broad,Reward Story C,iOS,APAC,False,active,False
2025-08,SYN-202508-D01509,SYN-202508-P01509,2025-08-15T16:31:00,Store Search,Store Intent,Progress Video H,iOS,APAC,False,active,True
2025-08,SYN-202508-D01510,SYN-202508-P01510,2025-08-06T09:33:00,Game Network,Playable Broad,Progress Video C,iOS,Western Europe,False,active,True
2025-08,SYN-202508-D01511,SYN-202508-P01511,2025-08-05T06:41:00,Search Network,Search Value North,Progress Video B,Android,North America,False,active,True
2025-08,SYN-202508-D01512,SYN-202508-P01512,2025-08-13T00:20:00,Social Network,Social Gameplay,Playable Puzzle E,iOS,North America,False,active,True
2025-08,SYN-202508-D01513,SYN-202508-P01513,2025-08-06T01:31:00,Game Network,Playable Premium,Playable Puzzle D,iOS,Western Europe,False,active,True
2025-08,SYN-202508-D01514,SYN-202508-P01514,2025-08-06T00:42:00,Social Network,Social Gameplay,Playable Puzzle E,iOS,North America,False,active,True
2025-08,SYN-202508-D01515,SYN-202508-P01515,2025-08-14T10:07:00,Social Network,Social Lifestyle,Playable Puzzle F,iOS,APAC,False,stopped,True
2025-08,SYN-202508-D01516,SYN-202508-P01516,2025-08-20T02:48:00,Game Network,Playable Broad,Playable Puzzle C,iOS,North America,False,active,True
2025-08,SYN-202508-D01517,SYN-202508-P01517,2025-08-31T01:15:00,Search Network,Search Value Global,Playable Puzzle A,Android,APAC,False,active,True
2025-08,SYN-202508-D01518,SYN-202508-P01518,2025-08-26T11:19:00,Game Network,Playable Broad,Playable Puzzle C,iOS,North America,False,active,True
2025-08,SYN-202508-D01519,SYN-202508-P01519,2025-08-14T03:08:00,Search Network,Search Value Global,Playable Puzzle A,Android,LATAM,False,active,True
2025-08,SYN-202508-D01520,SYN-202508-P01520,2025-08-15T00:53:00,Discovery Network,Discovery Rewarded,Playable Puzzle G,Android,North America,False,stopped,True
2025-08,SYN-202508-D01521,SYN-202508-P01521,2025-08-18T14:30:00,Game Network,Playable Broad,Progress Video C,iOS,Western Europe,False,active,True
2025-08,SYN-202508-D01522,SYN-202508-P01522,2025-08-15T08:09:00,Social Network,Social Lifestyle,Progress Video F,iOS,LATAM,False,stopped,True
2025-08,SYN-202508-D01523,SYN-202508-P01523,2025-08-11T20:29:00,Social Network,Social Gameplay,Reward Story E,iOS,Western Europe,False,active,True
2025-08,SYN-202508-D01524,SYN-202508-P01524,2025-08-31T02:09:00,Search Network,Search Value North,Progress Video B,Android,APAC,False,active,True
2025-08,SYN-202508-D01525,SYN-202508-P01525,2025-08-31T01:04:00,Social Network,Social Gameplay,Playable Puzzle E,iOS,Western Europe,False,active,True
2025-08,SYN-202508-D01526,SYN-202508-P01526,2025-08-02T20:48:00,Social Network,Social Gameplay,Playable Puzzle E,iOS,Western Europe,False,active,True
2025-08,SYN-202508-D01527,SYN-202508-P01527,2025-08-22T10:58:00,Search Network,Search Value North,Progress Video B,Android,North America,False,active,True
2025-08,SYN-202508-D01528,SYN-202508-P01528,2025-08-24T03:22:00,Social Network,Social Gameplay,Reward Story E,iOS,APAC,False,active,True
2025-08,SYN-202508-D01529,SYN-202508-P01529,2025-08-12T04:37:00,Game Network,Playable Broad,Reward Story C,iOS,APAC,False,active,True
2025-08,SYN-202508-D01530,SYN-202508-P01530,2025-08-20T19:27:00,Social Network,Social Gameplay,Progress Video E,iOS,APAC,False,active,True
2025-08,SYN-202508-D01531,SYN-202508-P01531,2025-08-01T07:10:00,Game Network,Playable Broad,Progress Video C,iOS,APAC,False,active,False
2025-08,SYN-202508-D01532,SYN-202508-P01532,2025-08-11T13:03:00,Search Network,Search Value North,Reward Story B,Android,LATAM,False,active,True
2025-08,SYN-202508-D01533,SYN-202508-P01533,2025-08-30T17:58:00,Social Network,Social Gameplay,Reward Story E,iOS,APAC,False,active,True
2025-08,SYN-202508-D01534,SYN-202508-P01534,2025-08-08T14:03:00,Search Network,Search Value North,Playable Puzzle B,Android,Test Market,True,active,True
2025-08,SYN-202508-D01535,SYN-202508-P01535,2025-08-11T12:09:00,Discovery Network,Discovery Rewarded,Progress Video G,Android,Western Europe,False,stopped,True
2025-08,SYN-202508-D01536,SYN-202508-P01536,2025-08-17T20:37:00,Store Search,Store Intent,Progress Video H,iOS,Western Europe,False,active,False
2025-08,SYN-202508-D01537,SYN-202508-P01537,2025-08-16T22:14:00,Game Network,Playable Broad,Progress Video C,iOS,Western Europe,False,active,True
2025-08,SYN-202508-D01538,SYN-202508-P01538,2025-08-01T00:55:00,Game Network,Playable Broad,Reward Story C,iOS,Test Market,True,active,True
2025-08,SYN-202508-D01539,SYN-202508-P01539,2025-08-19T14:57:00,Social Network,Social Gameplay,Progress Video E,iOS,APAC,False,active,True
2025-08,SYN-202508-D01540,SYN-202508-P01540,2025-08-07T06:28:00,Search Network,Search Value Global,Playable Puzzle A,Android,Western Europe,False,active,True
2025-08,SYN-202508-D01541,SYN-202508-P01541,2025-08-17T12:09:00,Social Network,Social Gameplay,Reward Story E,iOS,APAC,False,active,True
2025-08,SYN-202508-D01542,SYN-202508-P01542,2025-08-26T05:07:00,Social Network,Social Gameplay,Progress Video E,iOS,LATAM,False,active,True
2025-08,SYN-202508-D01543,SYN-202508-P01543,2025-08-30T00:17:00,Game Network,Playable Premium,Progress Video D,iOS,North America,False,active,True
2025-08,SYN-202508-D01544,SYN-202508-P01544,2025-08-20T16:46:00,Game Network,Playable Broad,Playable Puzzle C,iOS,North America,False,active,True
2025-08,SYN-202508-D01545,SYN-202508-P01545,2025-08-04T23:59:00,Store Search,Store Intent,Reward Story H,iOS,North America,False,active,True
2025-08,SYN-202508-D01546,SYN-202508-P01546,2025-08-11T09:33:00,Game Network,Playable Premium,Progress Video D,iOS,Test Market,True,active,True
2025-08,SYN-202508-D01547,SYN-202508-P01547,2025-08-04T05:41:00,Game Network,Playable Premium,Playable Puzzle D,iOS,Western Europe,False,active,True
2025-08,SYN-202508-D01548,SYN-202508-P01548,2025-08-13T01:52:00,Social Network,Social Lifestyle,Progress Video F,iOS,APAC,False,stopped,True
2025-08,SYN-202508-D01549,SYN-202508-P01549,2025-08-01T17:20:00,Store Search,Store Intent,Playable Puzzle H,iOS,APAC,False,active,True
2025-08,SYN-202508-D01550,SYN-202508-P01550,2025-08-23T20:36:00,Store Search,Store Intent,Reward Story H,iOS,Western Europe,False,active,True
2025-08,SYN-202508-D01551,SYN-202508-P01551,2025-08-28T21:20:00,Search Network,Search Value Global,Reward Story A,Android,Western Europe,False,active,False
2025-08,SYN-202508-D01552,SYN-202508-P01552,2025-08-14T16:27:00,Game Network,Playable Broad,Progress Video C,iOS,North America,False,active,True
2025-08,SYN-202508-D01553,SYN-202508-P01553,2025-08-02T10:21:00,Game Network,Playable Premium,Progress Video D,iOS,Western Europe,False,active,True
2025-08,SYN-202508-D01554,SYN-202508-P01554,2025-08-21T09:08:00,Game Network,Playable Premium,Progress Video D,iOS,North America,False,active,True
2025-08,SYN-202508-D01555,SYN-202508-P01555,2025-08-08T17:50:00,Game Network,Playable Premium,Playable Puzzle D,iOS,North America,False,active,True
2025-08,SYN-202508-D01556,SYN-202508-P01556,2025-08-18T02:23:00,Search Network,Search Value Global,Progress Video A,Android,APAC,False,active,True
2025-08,SYN-202508-D01557,SYN-202508-P01557,2025-08-12T07:24:00,Discovery Network,Discovery Rewarded,Playable Puzzle G,Android,North America,False,stopped,False
2025-08,SYN-202508-D01558,SYN-202508-P01558,2025-08-30T03:45:00,Search Network,Search Value Global,Progress Video A,Android,LATAM,False,active,True
2025-08,SYN-202508-D01559,SYN-202508-P01559,2025-08-31T00:23:00,Search Network,Search Value Global,Reward Story A,Android,APAC,False,active,True
2025-08,SYN-202508-D01560,SYN-202508-P01560,2025-08-01T02:15:00,Search Network,Search Value North,Reward Story B,Android,APAC,False,active,True
2025-08,SYN-202508-D01561,SYN-202508-P01561,2025-08-16T03:42:00,Social Network,Social Lifestyle,Playable Puzzle F,iOS,North America,False,stopped,True
2025-08,SYN-202508-D01562,SYN-202508-P01562,2025-08-29T19:13:00,Game Network,Playable Broad,Progress Video C,iOS,LATAM,False,active,True
2025-08,SYN-202508-D01563,SYN-202508-P01563,2025-08-08T08:12:00,Game Network,Playable Broad,Progress Video C,iOS,Western Europe,False,active,True
2025-08,SYN-202508-D01564,SYN-202508-P01564,2025-08-23T11:17:00,Social Network,Social Gameplay,Progress Video E,iOS,APAC,False,active,True
2025-08,SYN-202508-D01565,SYN-202508-P01565,2025-08-28T13:11:00,Game Network,Playable Premium,Progress Video D,iOS,APAC,False,active,True
2025-08,SYN-202508-D01566,SYN-202508-P01566,2025-08-27T02:14:00,Social Network,Social Gameplay,Playable Puzzle E,iOS,North America,False,active,True
2025-08,SYN-202508-D01567,SYN-202508-P01567,2025-08-23T10:09:00,Search Network,Search Value Global,Progress Video A,Android,APAC,False,active,True
2025-08,SYN-202508-D01568,SYN-202508-P01568,2025-08-29T01:15:00,Store Search,Store Intent,Progress Video H,iOS,North America,False,active,True
2025-08,SYN-202508-D01569,SYN-202508-P01569,2025-08-23T17:07:00,Game Network,Playable Premium,Reward Story D,iOS,North America,False,active,True
2025-08,SYN-202508-D01570,SYN-202508-P01570,2025-08-19T16:14:00,Game Network,Playable Premium,Playable Puzzle D,iOS,APAC,False,active,True
2025-08,SYN-202508-D01571,SYN-202508-P01571,2025-08-20T04:35:00,Social Network,Social Gameplay,Reward Story E,iOS,North America,False,active,True
2025-08,SYN-202508-D01572,SYN-202508-P01572,2025-08-07T18:28:00,Discovery Network,Discovery Rewarded,Playable Puzzle G,Android,Test Market,True,stopped,True
2025-08,SYN-202508-D01573,SYN-202508-P01573,2025-08-20T18:06:00,Game Network,Playable Broad,Progress Video C,iOS,Western Europe,False,active,True
2025-08,SYN-202508-D01574,SYN-202508-P01574,2025-08-24T02:13:00,Search Network,Search Value Global,Reward Story A,Android,APAC,False,active,True
2025-08,SYN-202508-D01575,SYN-202508-P01575,2025-08-03T17:26:00,Store Search,Store Intent,Playable Puzzle H,iOS,APAC,False,active,True
2025-08,SYN-202508-D01576,SYN-202508-P01576,2025-08-20T11:52:00,Social Network,Social Gameplay,Progress Video E,iOS,Western Europe,False,active,True
2025-08,SYN-202508-D01577,SYN-202508-P01577,2025-08-27T21:58:00,Game Network,Playable Broad,Progress Video C,iOS,Western Europe,False,active,True
2025-08,SYN-202508-D01578,SYN-202508-P01578,2025-08-19T09:26:00,Search Network,Search Value Global,Progress Video A,Android,North America,False,active,True
2025-08,SYN-202508-D01579,SYN-202508-P01579,2025-08-10T21:47:00,Social Network,Social Lifestyle,Reward Story F,iOS,North America,False,stopped,True
2025-08,SYN-202508-D01580,SYN-202508-P01580,2025-08-01T10:22:00,Social Network,Social Lifestyle,Progress Video F,iOS,APAC,False,stopped,True
2025-08,SYN-202508-D01581,SYN-202508-P01581,2025-08-04T13:28:00,Search Network,Search Value Global,Progress Video A,Android,APAC,False,active,True
2025-08,SYN-202508-D01582,SYN-202508-P01582,2025-08-19T20:17:00,Social Network,Social Gameplay,Reward Story E,iOS,Test Market,True,active,True
2025-08,SYN-202508-D01583,SYN-202508-P01583,2025-08-23T06:58:00,Game Network,Playable Premium,Reward Story D,iOS,LATAM,False,active,False
2025-08,SYN-202508-D01584,SYN-202508-P01584,2025-08-04T00:28:00,Search Network,Search Value North,Playable Puzzle B,Android,North America,False,active,True
2025-08,SYN-202508-D01585,SYN-202508-P01585,2025-08-24T02:45:00,Game Network,Playable Broad,Reward Story C,iOS,APAC,False,active,True
2025-08,SYN-202508-D01586,SYN-202508-P01586,2025-08-03T14:08:00,Search Network,Search Value Global,Reward Story A,Android,North America,False,active,True
2025-08,SYN-202508-D01587,SYN-202508-P01587,2025-08-01T22:10:00,Game Network,Playable Premium,Reward Story D,iOS,LATAM,False,active,True
2025-08,SYN-202508-D01588,SYN-202508-P01588,2025-08-18T09:40:00,Game Network,Playable Broad,Playable Puzzle C,iOS,APAC,False,active,True
2025-08,SYN-202508-D01589,SYN-202508-P01589,2025-08-03T11:56:00,Social Network,Social Gameplay,Playable Puzzle E,iOS,North America,False,active,True
2025-08,SYN-202508-D01590,SYN-202508-P01590,2025-08-02T19:06:00,Store Search,Store Intent,Progress Video H,iOS,APAC,False,active,True
2025-08,SYN-202508-D01591,SYN-202508-P01591,2025-08-21T00:16:00,Game Network,Playable Premium,Playable Puzzle D,iOS,Western Europe,False,active,True
2025-08,SYN-202508-D01592,SYN-202508-P01592,2025-08-15T09:08:00,Game Network,Playable Broad,Playable Puzzle C,iOS,APAC,False,active,False
2025-08,SYN-202508-D01593,SYN-202508-P01593,2025-08-17T05:02:00,Game Network,Playable Premium,Reward Story D,iOS,Western Europe,False,active,True
2025-08,SYN-202508-D01594,SYN-202508-P01594,2025-08-01T19:33:00,Discovery Network,Discovery Rewarded,Playable Puzzle G,Android,Western Europe,False,stopped,False
2025-08,SYN-202508-D01595,SYN-202508-P01595,2025-08-22T11:49:00,Game Network,Playable Broad,Playable Puzzle C,iOS,APAC,False,active,True
2025-08,SYN-202508-D01596,SYN-202508-P01596,2025-08-06T09:19:00,Social Network,Social Gameplay,Playable Puzzle E,iOS,North America,False,active,True
2025-08,SYN-202508-D01597,SYN-202508-P01597,2025-08-17T11:28:00,Store Search,Store Intent,Playable Puzzle H,iOS,APAC,False,active,True
2025-08,SYN-202508-D01598,SYN-202508-P01598,2025-08-16T08:18:00,Game Network,Playable Broad,Playable Puzzle C,iOS,Western Europe,False,active,True
2025-08,SYN-202508-D01599,SYN-202508-P01599,2025-08-23T20:08:00,Game Network,Playable Broad,Playable Puzzle C,iOS,LATAM,False,active,False
2025-08,SYN-202508-D01600,SYN-202508-P01600,2025-08-19T18:19:00,Social Network,Social Gameplay,Playable Puzzle E,iOS,North America,False,active,True
